asof0,asof1,cp,K,T,price0_pde,delta0_pde,price0_bsm,delta0_bsm,S0,S1,T1,price1_pde,price1_bsm,pnl_pde,pnl_bsm,m,T_bucket,m_bucket,pair
2025-09-03,2025-09-04,C,6405.0,0.005479452054794521,53.29138221408013,0.7884640319217889,59.500000001864464,0.7286691293728224,6448.26,6502.08,0.049315068493150684,145.5917617266598,169.7013182223327,40.814865801969546,44.033027457154915,0.9927923738665426,<1.0%,0.98-1.00,2025-09-03→2025-09-04
2025-09-03,2025-09-04,P,6405.0,0.005479452054794521,6.814734922753439,-0.21153596807818664,13.150000001336139,-0.2729791225558872,6448.26,6502.08,0.049315068493150684,37.572529439819114,43.627002877995665,31.534865801967943,34.841736375957765,0.9927923738665426,<1.0%,0.98-1.00,2025-09-03→2025-09-04
2025-09-03,2025-09-04,C,6410.0,0.005479452054794521,49.45751909876756,0.7551326245306723,55.60000000000491,0.709027232596182,6448.26,6502.08,0.049315068493150684,142.59018724339734,165.20532196437034,42.45876214775943,44.94015434167368,0.99356738742928,<1.0%,0.98-1.00,2025-09-03→2025-09-04
2025-09-03,2025-09-04,P,6410.0,0.005479452054794521,7.978360763497489,-0.24486737546927434,14.25000000000341,-0.29252261189369144,6448.26,6502.08,0.049315068493150684,39.562415352899045,44.1194101878707,33.12876214775628,35.69356697211839,0.99356738742928,<1.0%,0.98-1.00,2025-09-03→2025-09-04
2025-09-03,2025-09-04,C,6415.0,0.005479452054794521,45.7540194265175,0.7288913396182636,51.899999761188155,0.687549306689724,6448.26,6502.08,0.049315068493150684,139.45437452099569,161.05253700167668,44.021068101745264,46.24609631395926,0.9943424009920173,<1.0%,0.98-1.00,2025-09-03→2025-09-04
2025-09-03,2025-09-04,P,6415.0,0.005479452054794521,9.27235004730203,-0.2711086603816903,15.449999774492653,-0.3132662719442065,6448.26,6502.08,0.049315068493150684,41.41806302683883,44.65883016644807,34.291068101742496,36.5599907560371,0.9943424009920173,<1.0%,0.98-1.00,2025-09-03→2025-09-04
2025-09-03,2025-09-04,C,6420.0,0.005479452054794521,42.07285393045754,0.7052755213832418,48.1999999968084,0.6656116309016756,6448.26,6502.08,0.049315068493150684,136.65245281752004,156.62258744033534,45.142071439154144,47.27678202487202,0.9951174145547547,<1.0%,0.98-1.00,2025-09-03→2025-09-04
2025-09-03,2025-09-04,P,6420.0,0.005479452054794521,10.588673507301332,-0.29472447861672774,16.7499999969873,-0.3351673589107142,6448.26,6502.08,0.049315068493150684,43.60760171970425,45.226006634415626,35.312071439152206,37.48870725657454,0.9951174145547547,<1.0%,0.98-1.00,2025-09-03→2025-09-04
2025-09-03,2025-09-04,C,6425.0,0.005479452054794521,38.542476104045775,0.6648284721573875,44.59999999998308,0.6425516346721953,6448.26,6502.08,0.049315068493150684,133.99628528380484,152.20190107650706,46.91893162848959,48.11787102194262,0.995892428117492,<1.0%,0.98-1.00,2025-09-03→2025-09-04
2025-09-03,2025-09-04,P,6425.0,0.005479452054794521,12.055784636944626,-0.335171527842565,18.14999999998372,-0.35818888030233487,6448.26,6502.08,0.049315068493150684,45.9428945823317,45.8029446114806,37.03893162848675,38.27772553787156,0.995892428117492,<1.0%,0.98-1.00,2025-09-03→2025-09-04
2025-09-03,2025-09-04,C,6430.0,0.005479452054794521,35.340985893590805,0.6243995574465255,41.050000021963115,0.6185973725567493,6448.26,6502.08,0.010958904109589041,86.45911770215466,91.9408762611829,6.79481581822818,7.1070894089959396,0.9966674416802294,<1.0%,0.98-1.00,2025-09-03→2025-09-04
2025-09-03,2025-09-04,P,6430.0,0.005479452054794521,13.851783382547325,-0.37560044255341085,19.650000020517837,-0.3823010905209738,6448.26,6502.08,0.010958904109589041,12.480962720604014,13.436384445737076,7.514815818224463,7.875444691838698,0.9966674416802294,<1.0%,0.98-1.00,2025-09-03→2025-09-04
2025-09-03,2025-09-04,C,6435.0,0.005479452054794521,32.11479720489197,0.6090453408474252,37.70000000015216,0.5931745902978943,6448.26,6502.08,0.010958904109589041,82.69328431507874,87.71688518488736,6.521179755591746,7.375343550167496,0.9974424552429667,<1.0%,0.98-1.00,2025-09-03→2025-09-04
2025-09-03,2025-09-04,P,6435.0,0.005479452054794521,15.623083649904228,-0.3909546591524796,21.200000000152613,-0.4073278708311543,6448.26,6502.08,0.010958904109589041,13.713653318769389,14.101158707115246,7.291179755586338,8.172386008132605,0.9974424552429667,<1.0%,0.98-1.00,2025-09-03→2025-09-04
2025-09-03,2025-09-04,C,6440.0,0.005479452054794521,28.94319431976647,0.5637477932156854,34.400000000000546,0.5668885945259814,6448.26,6502.08,0.010958904109589041,78.98926462402677,83.4588413519923,7.859093769131967,7.690055842611834,0.9982174688057041,<1.0%,0.98-1.00,2025-09-03→2025-09-04
2025-09-03,2025-09-04,P,6440.0,0.005479452054794521,17.448969720836253,-0.4362522067842912,22.90000000000009,-0.4336138666030671,6448.26,6502.08,0.010958904109589041,15.008157612954415,14.84311487421951,8.629093769130428,8.48709830057695,0.9982174688057041,<1.0%,0.98-1.00,2025-09-03→2025-09-04
2025-09-03,2025-09-04,C,6445.0,0.005479452054794521,26.247384839127612,0.5195426731652577,31.199999988944455,0.5395384049665887,6448.26,6502.08,0.010958904109589041,75.39815972030648,79.21631629813874,9.088213330245978,8.012043044698352,0.9989924823684414,<1.0%,0.98-1.00,2025-09-03→2025-09-04
2025-09-03,2025-09-04,P,6445.0,0.005479452054794521,19.75064919625396,-0.48045732683472286,24.799999989282696,-0.4610893966781418,6448.26,6502.08,0.010958904109589041,16.415576694476627,15.716766986413859,9.808213330244644,8.765831329217455,0.9989924823684414,<1.0%,0.98-1.00,2025-09-03→2025-09-04
2025-09-03,2025-09-04,C,6450.0,0.005479452054794521,23.494002232793406,0.4969111512649637,28.199999932170613,0.5110815227038175,6448.26,6502.08,0.010958904109589041,71.90005796961525,75.10093814330867,9.006241838919799,8.243592448080694,0.9997674959311788,<1.0%,0.98-1.00,2025-09-03→2025-09-04
2025-09-03,2025-09-04,P,6450.0,0.005479452054794521,21.994755545975284,-0.5030888487349654,26.699999932170613,-0.4894209384252313,6448.26,6502.08,0.010958904109589041,17.91599892902307,16.485211665535644,9.826241838915692,9.090634906045807,0.9997674959311788,<1.0%,0.98-1.00,2025-09-03→2025-09-04
2025-09-03,2025-09-04,C,6455.0,0.005479452054794521,20.804575908021356,0.4567562789399874,25.29999999996062,0.48172117081312515,6448.26,6502.08,0.010958904109589041,68.41113849800321,70.99183183289733,9.817377067450018,8.473766586837751,1.0005425094939162,<1.0%,1.00-1.02,2025-09-03→2025-09-04
2025-09-03,2025-09-04,P,6455.0,0.005479452054794521,24.30281817726109,-0.5432437210599596,28.79999999996062,-0.5187812903159238,6448.26,6502.08,0.010958904109589041,19.425603442650917,17.376105355123855,10.687377067446864,9.370809044802868,1.0005425094939162,<1.0%,1.00-1.02,2025-09-03→2025-09-04
2025-09-03,2025-09-04,C,6460.0,0.005479452054794521,18.449307891352582,0.4112152996820199,22.54999978850583,0.4515192180678047,6448.26,6502.08,0.010958904109589041,65.00399372169869,66.94339171245429,10.868392571113809,8.699235683590882,1.0013175230566536,<1.0%,1.00-1.02,2025-09-03→2025-09-04
2025-09-03,2025-09-04,P,6460.0,0.005479452054794521,26.945039116649834,-0.5887847003178953,31.099999791951177,-0.548883724762122,6448.26,6502.08,0.010958904109589041,21.016982651587355,18.390434274038398,11.738392571108953,9.590922066697242,1.0013175230566536,<1.0%,1.00-1.02,2025-09-03→2025-09-04
2025-09-03,2025-09-04,C,6465.0,0.005479452054794521,16.241222989822255,0.37437155982787584,19.9500000000171,0.4205991760543507,6448.26,6502.08,0.010958904109589041,61.75757741737387,62.95187990148952,11.451322650063826,8.963352344754963,1.002092536619391,<1.0%,1.00-1.02,2025-09-03→2025-09-04
2025-09-03,2025-09-04,P,6465.0,0.005479452054794521,29.73444317117469,-0.6256284401720421,33.50000000001728,-0.5797423386501546,6448.26,6502.08,0.010958904109589041,22.769090332501534,19.401169693080192,12.321322650059123,9.851732666151147,1.002092536619391,<1.0%,1.00-1.02,2025-09-03→2025-09-04
2025-09-03,2025-09-04,C,6470.0,0.005479452054794521,14.065208188951573,0.3491293278124619,17.55000001112876,0.38930980944177374,6448.26,6502.08,0.010958904109589041,58.47343473790544,59.081035624375545,11.2098595771334,9.04734605584385,1.0028675501821283,<1.0%,1.00-1.02,2025-09-03→2025-09-04
2025-09-03,2025-09-04,P,6470.0,0.005479452054794521,32.55591732636221,-0.6508706721874897,36.10000001071148,-0.6109667588990929,6448.26,6502.08,0.010958904109589041,24.483471638273688,20.533034775639862,12.179859577130507,10.032230963949004,1.0028675501821283,<1.0%,1.00-1.02,2025-09-03→2025-09-04
2025-09-03,2025-09-04,C,6475.0,0.005479452054794521,12.042224672152216,0.3057483402524588,15.299999999955617,0.35768520774861384,6448.26,6502.08,0.010958904109589041,55.26529382622003,55.26520533182429,10.544624327612755,7.749382118969702,1.0036425637448656,<1.0%,1.00-1.02,2025-09-03→2025-09-04
2025-09-03,2025-09-04,P,6475.0,0.005479452054794521,35.53042276561956,-0.6942516597474958,38.89999999996053,-0.6422279016869649,6448.26,6502.08,0.010958904109589041,26.27385471182942,21.791386404373952,12.864624327610017,10.064705668792257,1.0036425637448656,<1.0%,1.00-1.02,2025-09-03→2025-09-04
2025-09-03,2025-09-04,C,6480.0,0.005479452054794521,10.410495746887467,0.26303337366960633,13.199999962097081,0.3258605479859483,6448.26,6502.08,0.010958904109589041,52.23028801282959,51.501193829957174,12.443543829101861,9.062185307396355,1.004417577307603,<1.0%,1.00-1.02,2025-09-03→2025-09-04
2025-09-03,2025-09-04,P,6480.0,0.005479452054794521,38.89618279641117,-0.7369666263303453,41.79999996699189,-0.6739037395828072,6448.26,6502.08,0.010958904109589041,28.23737288367806,23.03508420426715,13.563543829098972,10.169499264346495,1.004417577307603,<1.0%,1.00-1.02,2025-09-03→2025-09-04
2025-09-03,2025-09-04,C,6485.0,0.005479452054794521,8.780580307031311,0.24701337470650583,11.300000000005411,0.29442395468713156,6448.26,6502.08,0.010958904109589041,49.135622418687966,47.86480264033662,11.60574017329593,9.054102758738667,1.0051925908703403,<1.0%,1.00-1.02,2025-09-03→2025-09-04
2025-09-03,2025-09-04,P,6485.0,0.005479452054794521,42.26375631261154,-0.7529866252934759,44.900000000004184,-0.7051833434040709,6448.26,6502.08,0.010958904109589041,30.141231274776256,24.40790467273382,12.725740173294653,10.152967542006884,1.0051925908703403,<1.0%,1.00-1.02,2025-09-03→2025-09-04
2025-09-03,2025-09-04,C,6490.0,0.005479452054794521,7.2379918900441025,0.20956711546434773,9.600000040476061,0.26377337617056573,6448.26,6502.08,0.010958904109589041,46.109184888255996,44.368408580191044,11.821097845708868,8.90371689450023,1.0059676044330776,<1.0%,1.00-1.02,2025-09-03→2025-09-04
2025-09-03,2025-09-04,P,6490.0,0.005479452054794521,45.71865685167935,-0.7904328845355836,48.200000030748924,-0.7356696071509891,6448.26,6502.08,0.010958904109589041,32.113317729582484,25.922464212743762,12.991097845704871,10.043738256866014,1.0059676044330776,<1.0%,1.00-1.02,2025-09-03→2025-09-04
2025-09-03,2025-09-04,C,6495.0,0.005479452054794521,6.056346175505752,0.17394115260852136,8.099999986583043,0.23434866136497096,6448.26,6502.08,0.010958904109589041,43.193159430849406,41.030292355226265,11.23848716660943,7.987355045337329,1.006742617995815,<1.0%,1.00-1.02,2025-09-03→2025-09-04
2025-09-03,2025-09-04,P,6495.0,0.005479452054794521,49.534500093199654,-0.826058847391418,51.64999998894291,-0.7655373937893885,6448.26,6502.08,0.010958904109589041,34.19581625741757,27.505991670993353,13.15848716660588,9.901222533744665,1.006742617995815,<1.0%,1.00-1.02,2025-09-03→2025-09-04
2025-09-03,2025-09-04,C,6500.0,0.005479452054794521,4.949554200945533,0.1510006433793305,6.8000000001277385,0.20663730534400748,6448.26,6502.08,0.010958904109589041,40.352121021035266,37.876907634632516,11.323145373324476,8.328780226385577,1.0075176315585523,<1.0%,1.00-1.02,2025-09-03→2025-09-04
2025-09-03,2025-09-04,P,6500.0,0.005479452054794521,53.425197074696754,-0.8489993566206372,55.30000000012751,-0.7938651557850389,6448.26,6502.08,0.010958904109589041,36.35330183284141,29.26118115685904,12.543145373322446,9.575822684350562,1.0075176315585523,<1.0%,1.00-1.02,2025-09-03→2025-09-04
2025-09-03,2025-09-04,C,6505.0,0.005479452054794521,3.9319078335949973,0.12899677763410025,5.5499999945911895,0.1787796844391366,6448.26,6502.08,0.010958904109589041,37.48672148679443,34.62079407624651,10.757393427732762,8.078077383485718,1.0082926451212897,<1.0%,1.00-1.02,2025-09-03→2025-09-04
2025-09-03,2025-09-04,P,6505.0,0.005479452054794521,57.40503966340151,-0.8710032223658201,59.14999999769407,-0.8201194543363793,6448.26,6502.08,0.010958904109589041,38.486426283842306,31.22209453421783,11.977393427728181,9.238829032383698,1.0082926451212897,<1.0%,1.00-1.02,2025-09-03→2025-09-04
2025-09-03,2025-09-04,C,6510.0,0.005479452054794521,3.091875690256767,0.10247431835246225,4.5500000105336085,0.15410887742912302,6448.26,6502.08,0.010958904109589041,34.70271781103215,31.695512267669983,10.434832186270512,7.655860216764642,1.009067658684027,<1.0%,1.00-1.02,2025-09-03→2025-09-04
2025-09-03,2025-09-04,P,6510.0,0.005479452054794521,61.56249647612085,-0.8975256816475005,63.100000005940274,-0.8454928170058144,6448.26,6502.08,0.010958904109589041,40.70094659331992,33.19947556995521,11.654832186268209,8.854423411252675,1.009067658684027,<1.0%,1.00-1.02,2025-09-03→2025-09-04
2025-09-03,2025-09-04,C,6515.0,0.005479452054794521,2.4473560196786703,0.0787312325871492,3.7000000000106184,0.13157597509314592,6448.26,6502.08,0.010958904109589041,32.0792773621003,28.93348334034681,9.962685062159652,7.118581020486924,1.0098426722467644,<1.0%,1.00-1.02,2025-09-03→2025-09-04
2025-09-03,2025-09-04,P,6515.0,0.005479452054794521,65.9154657616002,-0.9212687674127507,67.25000000000455,-0.8679272174556533,6448.26,6502.08,0.010958904109589041,43.07603012962845,35.45051289801904,11.132685062153968,8.261842843463,1.0098426722467644,<1.0%,1.00-1.02,2025-09-03→2025-09-04
2025-09-03,2025-09-04,C,6520.0,0.005479452054794521,1.8619266357201831,0.06891717861049126,2.9750000000001364,0.11105546812553999,6448.26,6502.08,0.010958904109589041,29.386640904363524,26.306578009344776,8.76587744718338,6.49799470548347,1.0106176858095017,<1.0%,1.00-1.02,2025-09-03→2025-09-04
2025-09-03,2025-09-04,P,6520.0,0.005479452054794521,70.32752533369892,-0.9310828213894765,71.44999999999982,-0.8900015822940688,6448.26,6502.08,0.010958904109589041,45.38191765713047,37.61623924701098,10.160877447181363,7.9498851590665325,1.0106176858095017,<1.0%,1.00-1.02,2025-09-03→2025-09-04
2025-09-03,2025-09-04,C,6405.0,0.0136986301369863,63.69783448871406,0.6886729330187912,64.59992982136919,0.7005655590639416,6448.26,6502.08,0.049315068493150684,145.5917617266598,138.42441019089893,41.08562274492886,40.445561611178874,0.9927000665678118,1.0-2.0%,0.98-1.00,2025-09-03→2025-09-04
2025-09-03,2025-09-04,P,6405.0,0.0136986301369863,16.62596573527375,-0.31132706698116713,17.600030111131446,-0.3005878043313459,6448.26,6502.08,0.049315068493150684,37.572529439819114,27.572263171891564,32.455622744926316,31.877635629112945,0.9927000665678118,1.0-2.0%,0.98-1.00,2025-09-03→2025-09-04
2025-09-03,2025-09-04,C,6410.0,0.0136986301369863,60.2588401106665,0.6626880270609407,60.84993150822811,0.6827422888087422,6448.26,6502.08,0.049315068493150684,142.59018724339734,134.20792871160393,42.18413038358036,41.104810016313685,0.9934750080717679,1.0-2.0%,0.98-1.00,2025-09-03→2025-09-04
2025-09-03,2025-09-04,P,6410.0,0.0136986301369863,18.18399565952307,-0.3373119729390578,18.800031772224884,-0.3181075098811779,6448.26,6502.08,0.049315068493150684,39.562415352899045,28.266017532020896,33.554130383579995,32.5205461818049,0.9934750080717679,1.0-2.0%,0.98-1.00,2025-09-03→2025-09-04
2025-09-03,2025-09-04,C,6415.0,0.0136986301369863,56.88218261008306,0.6417499805360586,57.09993343042697,0.6645128542052021,6448.26,6502.08,0.049315068493150684,139.45437452099569,129.87579021880265,43.511016047549525,42.28591818667623,0.9942499495757241,1.0-2.0%,0.98-1.00,2025-09-03→2025-09-04
2025-09-03,2025-09-04,P,6415.0,0.0136986301369863,19.804362461241862,-0.35825001946386853,20.050033687400173,-0.33631200753448126,6448.26,6502.08,0.049315068493150684,41.41806302683883,28.933089866671935,34.3810160475453,33.200312245505685,0.9942499495757241,1.0-2.0%,0.98-1.00,2025-09-03→2025-09-04
2025-09-03,2025-09-04,C,6420.0,0.0136986301369863,53.52690259450213,0.6239963101582062,53.29993529017338,0.6459722129371958,6448.26,6502.08,0.049315068493150684,136.65245281752004,125.33831528290193,44.41651858728554,43.23377549972032,0.9950248910796802,1.0-2.0%,0.98-1.00,2025-09-03→2025-09-04
2025-09-03,2025-09-04,P,6420.0,0.0136986301369863,21.44610674796168,-0.37600368984176175,21.400035605734956,-0.3554386102893729,6448.26,6502.08,0.049315068493150684,43.60760171970425,29.65435862761865,35.03651858728351,33.92970600577395,0.9950248910796802,1.0-2.0%,0.98-1.00,2025-09-03→2025-09-04
2025-09-03,2025-09-04,C,6425.0,0.0136986301369863,50.286353821415275,0.5956549878180415,49.899937428572684,0.625322457112154,6448.26,6502.08,0.049315068493150684,133.99628528380484,121.36599184676106,45.34184855563317,43.74514535822405,0.9957998325836364,1.0-2.0%,0.98-1.00,2025-09-03→2025-09-04
2025-09-03,2025-09-04,P,6425.0,0.0136986301369863,23.202582277172688,-0.404345012181922,22.850037677992987,-0.37544794244016494,6448.26,6502.08,0.049315068493150684,45.9428945823317,30.42226198938124,36.06184855563092,34.50660826212956,0.9957998325836364,1.0-2.0%,0.98-1.00,2025-09-03→2025-09-04
2025-09-03,2025-09-04,C,6430.0,0.0136986301369863,47.241169235164904,0.5673304819724135,46.44993945234182,0.6044385507585704,6448.26,6502.08,0.010958904109589041,86.45911770215466,81.9252718017242,4.466273460244867,2.4691171981739117,0.9965747740875924,1.0-2.0%,0.98-1.00,2025-09-03→2025-09-04
2025-09-03,2025-09-04,P,6430.0,0.0136986301369863,25.154421993223067,-0.4326695180275585,24.40003970074895,-0.39630239733558154,6448.26,6502.08,0.010958904109589041,12.480962720604014,6.776789908191176,5.836273460243074,3.878995024600883,0.9965747740875924,1.0-2.0%,0.98-1.00,2025-09-03→2025-09-04
2025-09-03,2025-09-04,C,6435.0,0.0136986301369863,44.16392360931032,0.5550728581806297,43.04994161264449,0.58285796587345,6448.26,6502.08,0.010958904109589041,82.69328431507874,77.52052464866665,4.075978772718674,2.580584276691095,0.9973497155915486,1.0-2.0%,0.98-1.00,2025-09-03→2025-09-04
2025-09-03,2025-09-04,P,6435.0,0.0136986301369863,27.074200669670304,-0.44492714181927534,26.000041858029817,-0.4178523939121417,6448.26,6502.08,0.010958904109589041,13.713653318769389,7.373130889016693,5.395978772713267,3.9388158403513422,0.9973497155915486,1.0-2.0%,0.98-1.00,2025-09-03→2025-09-04
2025-09-03,2025-09-04,C,6440.0,0.0136986301369863,41.14363611294418,0.5251592444437239,39.799944592916745,0.5603501324550454,6448.26,6502.08,0.010958904109589041,78.98926462402677,73.20011697816517,4.535929464038933,2.641955871269616,0.9981246570955048,1.0-2.0%,0.98-1.00,2025-09-03→2025-09-04
2025-09-03,2025-09-04,P,6440.0,0.0136986301369863,29.050937475603885,-0.4748407555562421,27.700044826796784,-0.44024536148690574,6448.26,6502.08,0.010958904109589041,15.008157612954415,8.022741991967905,5.905929464036813,4.0440053552251385,0.9981246570955048,1.0-2.0%,0.98-1.00,2025-09-03→2025-09-04
2025-09-03,2025-09-04,C,6445.0,0.0136986301369863,38.4151968587183,0.4957650916502449,36.59994618796054,0.537136745958058,6448.26,6502.08,0.010958904109589041,75.39815972030648,68.90433986659446,4.9679227673839605,2.7413003325374703,0.9988995985994609,1.0-2.0%,0.98-1.00,2025-09-03→2025-09-04
2025-09-03,2025-09-04,P,6445.0,0.0136986301369863,31.31952252367554,-0.5042349083497467,29.600046431598457,-0.46355489666191274,6448.26,6502.08,0.010958904109589041,16.415576694476627,8.791867216169749,6.287922767383218,4.098524538344009,0.9988995985994609,1.0-2.0%,0.98-1.00,2025-09-03→2025-09-04
2025-09-03,2025-09-04,C,6450.0,0.0136986301369863,35.61003735639696,0.479223912288136,33.599948511484854,0.513096103098229,6448.26,6502.08,0.010958904109589041,71.90005796961525,64.73188250564363,4.558169040652668,2.735167731253476,0.999674540103417,1.0-2.0%,0.98-1.00,2025-09-03→2025-09-04
2025-09-03,2025-09-04,P,6450.0,0.0136986301369863,33.51138732365641,-0.5207760877117901,31.500048745363983,-0.4874993908437214,6448.26,6502.08,0.010958904109589041,17.91599892902307,9.55450751944636,5.978169040648389,4.187217215208943,0.999674540103417,1.0-2.0%,0.98-1.00,2025-09-03→2025-09-04
2025-09-03,2025-09-04,C,6455.0,0.0136986301369863,32.87028762783892,0.4525897615974355,30.69995178348654,0.4884158775671804,6448.26,6502.08,0.010958904109589041,68.41113849800321,60.621872608869126,4.641619030826156,2.7134574693344966,1.0004494816073732,1.0-2.0%,1.00-1.02,2025-09-03→2025-09-04
2025-09-03,2025-09-04,P,6455.0,0.0136986301369863,35.76866189739792,-0.5474102384025046,33.60005201736658,-0.5121796163747698,6448.26,6502.08,0.010958904109589041,19.425603442650917,10.44449762267186,6.1116190308226415,4.215506953289967,1.0004494816073732,1.0-2.0%,1.00-1.02,2025-09-03→2025-09-04
2025-09-03,2025-09-04,C,6460.0,0.0136986301369863,30.343184234330007,0.42253966577001667,27.899953589040706,0.463112398610721,6448.26,6502.08,0.010958904109589041,65.00399372169869,56.575408570131,4.908915188257826,2.72529070677113,1.0012244231113292,1.0-2.0%,1.00-1.02,2025-09-03→2025-09-04
2025-09-03,2025-09-04,P,6460.0,0.0136986301369863,38.238582806189854,-0.5774603342299416,35.800053822919836,-0.5374830953312292,6448.26,6502.08,0.010958904109589041,21.016982651587355,11.398033583933511,6.428915188255289,4.277340190726598,1.0012244231113292,1.0-2.0%,1.00-1.02,2025-09-03→2025-09-04
2025-09-03,2025-09-04,C,6465.0,0.0136986301369863,27.867082948555222,0.3975547709290548,25.1999562043261,0.43719477522032363,6448.26,6502.08,0.010958904109589041,61.75757741737387,52.5932185019592,4.953602228598385,2.820177197642309,1.0019993646152854,1.0-2.0%,1.00-1.02,2025-09-03→2025-09-04
2025-09-03,2025-09-04,P,6465.0,0.0136986301369863,40.75950582271494,-0.6024452290708726,38.150056427272375,-0.5632915707592826,6448.26,6502.08,0.010958904109589041,22.769090332501534,12.454513101876273,6.423602228594191,4.316352338264426,1.0019993646152854,1.0-2.0%,1.00-1.02,2025-09-03→2025-09-04
2025-09-03,2025-09-04,C,6470.0,0.0136986301369863,25.42322878889985,0.37924407692937817,22.69995883131196,0.41097236958173383,6448.26,6502.08,0.010958904109589041,58.47343473790544,48.7566449698561,4.439083779660976,2.731467069111204,1.0027743061192416,1.0-2.0%,1.00-1.02,2025-09-03→2025-09-04
2025-09-03,2025-09-04,P,6470.0,0.0136986301369863,43.312675965358565,-0.620755923070533,40.600059065192454,-0.5896231243602132,6448.26,6502.08,0.010958904109589041,24.483471638273688,13.579269983658833,6.0590837796559,4.383516553066503,1.0027743061192416,1.0-2.0%,1.00-1.02,2025-09-03→2025-09-04
2025-09-03,2025-09-04,C,6475.0,0.0136986301369863,23.0894735510606,0.3494569430155714,20.29996153156253,0.38431897530125386,6448.26,6502.08,0.010958904109589041,55.26529382622003,44.99241344162692,3.192227326902046,1.3159527492866268,1.0035492476231977,1.0-2.0%,1.00-1.02,2025-09-03→2025-09-04
2025-09-03,2025-09-04,P,6475.0,0.0136986301369863,45.97594502982056,-0.6505430569843885,43.20006176544348,-0.6162765186406924,6448.26,6502.08,0.010958904109589041,26.27385471182942,14.815038455429658,6.212227326899594,4.3680022332418815,1.0035492476231977,1.0-2.0%,1.00-1.02,2025-09-03→2025-09-04
2025-09-03,2025-09-04,C,6480.0,0.0136986301369863,20.985336025415545,0.31966169364281904,18.049964189118782,0.3574852013885146,6448.26,6502.08,0.010958904109589041,52.23028801282959,41.34535569493437,4.545807648143569,2.5101464612702458,1.004324189127154,1.0-2.0%,1.00-1.02,2025-09-03→2025-09-04
2025-09-03,2025-09-04,P,6480.0,0.0136986301369863,48.86883180647667,-0.6803383063571381,45.950064422998366,-0.6431102925534373,6448.26,6502.08,0.010958904109589041,28.23737288367806,16.167980708735286,6.365807648140969,4.362195945225803,1.004324189127154,1.0-2.0%,1.00-1.02,2025-09-03→2025-09-04
2025-09-03,2025-09-04,C,6485.0,0.0136986301369863,18.86771909639058,0.3064490761015023,15.94996686313607,0.3306203359334603,6448.26,6502.08,0.010958904109589041,49.135622418687966,37.82206268999971,3.7569107242172386,2.4560135200612656,1.00509913063111,1.0-2.0%,1.00-1.02,2025-09-03→2025-09-04
2025-09-03,2025-09-04,P,6485.0,0.0136986301369863,51.74823917975145,-0.693550923898489,48.900067067489545,-0.669670672440096,6448.26,6502.08,0.010958904109589041,30.141231274776256,17.69201871661562,5.526910724216485,4.241675590725777,1.00509913063111,1.0-2.0%,1.00-1.02,2025-09-03→2025-09-04
2025-09-03,2025-09-04,C,6490.0,0.0136986301369863,16.84171014906363,0.27836687178764746,13.999969558719613,0.3038831215541011,6448.26,6502.08,0.010958904109589041,46.109184888255996,34.42964282487901,3.7182949603888975,2.3450103979583723,1.005874072135066,1.0-2.0%,1.00-1.02,2025-09-03→2025-09-04
2025-09-03,2025-09-04,P,6490.0,0.0136986301369863,54.719254534723994,-0.7216331282122779,52.000069720539614,-0.6959930384144285,6448.26,6502.08,0.010958904109589041,32.113317729582484,19.352285998171737,5.488294960384586,4.108345327464335,1.005874072135066,1.0-2.0%,1.00-1.02,2025-09-03→2025-09-04
2025-09-03,2025-09-04,C,6495.0,0.0136986301369863,15.061846860404039,0.2503382689573481,12.199972208327836,0.27744390916955175,6448.26,6502.08,0.010958904109589041,43.193159430849406,31.175849961698532,3.026794364715597,1.5679688084948058,1.0066490136390223,1.0-2.0%,1.00-1.02,2025-09-03→2025-09-04
2025-09-03,2025-09-04,P,6495.0,0.0136986301369863,57.93641554836623,-0.7496617310426346,55.20007235813864,-0.7223146369780791,6448.26,6502.08,0.010958904109589041,34.19581625741757,21.104375835383962,5.4967943647143755,4.024973762160002,1.0066490136390223,1.0-2.0%,1.00-1.02,2025-09-03→2025-09-04
2025-09-03,2025-09-04,C,6500.0,0.0136986301369863,13.29486221159511,0.23079075816793984,10.59997447694991,0.251968949206443,6448.26,6502.08,0.010958904109589041,40.352121021035266,28.125471804455174,3.2288413954015454,2.0890311537093105,1.0074239551429784,1.0-2.0%,1.00-1.02,2025-09-03→2025-09-04
2025-09-03,2025-09-04,P,6500.0,0.0136986301369863,61.16645520185702,-0.7692092418319773,58.50007471082972,-0.7486265447355054,6448.26,6502.08,0.010958904109589041,36.35330183284141,22.948096818258364,5.048841395396792,3.941080637664683,1.0074239551429784,1.0-2.0%,1.00-1.02,2025-09-03→2025-09-04
2025-09-03,2025-09-04,C,6505.0,0.0136986301369863,11.659929090081603,0.2114378350048086,9.099977040264775,0.22676320352413942,6448.26,6502.08,0.010958904109589041,37.48672148679443,25.179309585063947,2.770415720041264,1.9456043863308832,1.0081988966469346,1.0-2.0%,1.00-1.02,2025-09-03→2025-09-04
2025-09-03,2025-09-04,P,6505.0,0.0136986301369863,64.5285463826437,-0.7885621649951651,62.30007710004338,-0.7706034229519974,6448.26,6502.08,0.010958904109589041,38.486426283842306,25.35889203870147,4.390415720039556,3.423876223276274,1.0081988966469346,1.0-2.0%,1.00-1.02,2025-09-03→2025-09-04
2025-09-03,2025-09-04,C,6510.0,0.0136986301369863,10.149944121008385,0.18619891473766703,7.799979657328322,0.20308309098561803,6448.26,6502.08,0.010958904109589041,34.70271781103215,22.4650056555638,2.678774408818814,1.7700680431540956,1.0089738381508906,1.0-2.0%,1.00-1.02,2025-09-03→2025-09-04
2025-09-03,2025-09-04,P,6510.0,0.0136986301369863,68.01558571587152,-0.8138010852622843,65.90007964809865,-0.795092657190685,6448.26,6502.08,0.010958904109589041,40.70094659331992,27.540816423805154,4.348774408815906,3.3418868100024355,1.0089738381508906,1.0-2.0%,1.00-1.02,2025-09-03→2025-09-04
2025-09-03,2025-09-04,C,6515.0,0.0136986301369863,8.784459845714077,0.16189310069134744,6.599981961828917,0.18002521401945643,6448.26,6502.08,0.010958904109589041,32.0792773621003,19.872607081903425,2.5869133207917265,1.611042981472906,1.0097487796548468,1.0-2.0%,1.00-1.02,2025-09-03→2025-09-04
2025-09-03,2025-09-04,P,6515.0,0.0136986301369863,71.64712574287493,-0.8381068993085469,69.80008179644756,-0.8165467405114043,6448.26,6502.08,0.010958904109589041,43.07603012962845,30.098979673966824,4.10691332078575,2.946545574323544,1.0097487796548468,1.0-2.0%,1.00-1.02,2025-09-03→2025-09-04
2025-09-03,2025-09-04,C,6520.0,0.0136986301369863,7.539352986875742,0.15102925721869614,5.549984132199256,0.15841554015985543,6448.26,6502.08,0.010958904109589041,29.386640904363524,17.477152712934185,1.7716053764898163,1.374075628596625,1.010523721158803,1.0-2.0%,1.00-1.02,2025-09-03→2025-09-04
2025-09-03,2025-09-04,P,6520.0,0.0136986301369863,75.39904318633893,-0.8489707427812322,73.45008436607895,-0.8421799537820905,6448.26,6502.08,0.010958904109589041,45.38191765713047,32.299777726736465,3.7416053764856656,3.3761251125518683,1.010523721158803,1.0-2.0%,1.00-1.02,2025-09-03→2025-09-04
2025-09-03,2025-09-04,C,6405.0,0.01643835616438356,67.88656317852012,0.665857412381885,69.55605769081558,0.6808227311982757,6448.26,6502.08,0.049315068493150684,145.5917617266598,140.4785231867918,37.36355406560715,36.558120606909,0.9925986845596892,1.0-2.0%,0.98-1.00,2025-09-03→2025-09-04
2025-09-03,2025-09-04,P,6405.0,0.01643835616438356,20.16095687738212,-0.33414258761808263,21.89714972577167,-0.3203088974772962,6448.26,6502.08,0.049315068493150684,37.572529439819114,29.940019432421423,29.383554065605107,28.639024862227988,0.9925986845596892,1.0-2.0%,0.98-1.00,2025-09-03→2025-09-04
2025-09-03,2025-09-04,C,6410.0,0.01643835616438356,64.49926290389557,0.6420938017217728,65.70592033939829,0.6653796897898802,6448.26,6502.08,0.049315068493150684,142.59018724339734,136.04314943914687,38.44251159133436,37.18926509550883,0.993373546920782,1.0-2.0%,0.98-1.00,2025-09-03→2025-09-04
2025-09-03,2025-09-04,P,6410.0,0.01643835616438356,21.77017057129588,-0.3579061982781706,23.097010917398165,-0.33591513474287593,6448.26,6502.08,0.049315068493150684,39.562415352899045,30.583228315173983,30.36251159133104,29.178952551861485,0.993373546920782,1.0-2.0%,0.98-1.00,2025-09-03→2025-09-04
2025-09-03,2025-09-04,C,6415.0,0.01643835616438356,61.15435837736638,0.6227226641071468,62.15576917369253,0.6483908809363871,6448.26,6502.08,0.049315068493150684,139.45437452099569,131.99635418443995,39.48506621775354,38.10360278800383,0.9941484092818745,1.0-2.0%,0.98-1.00,2025-09-03→2025-09-04
2025-09-03,2025-09-04,P,6415.0,0.01643835616438356,23.421780013306197,-0.37727733589277423,24.446863475222926,-0.3524853983868872,6448.26,6502.08,0.049315068493150684,41.41806302683883,31.37677752968807,31.005066217749,29.670764141182165,0.9941484092818745,1.0-2.0%,0.98-1.00,2025-09-03→2025-09-04
2025-09-03,2025-09-04,C,6420.0,0.01643835616438356,57.83043444414545,0.6064333350456886,58.55561685667999,0.6312521270988443,6448.26,6502.08,0.049315068493150684,136.65245281752004,127.77620130310606,40.11175790784123,38.7760105195404,0.9949232716429672,1.0-2.0%,0.98-1.00,2025-09-03→2025-09-04
2025-09-03,2025-09-04,P,6420.0,0.01643835616438356,25.09437004862549,-0.3935666649542798,25.896709930068027,-0.3697611759727602,6448.26,6502.08,0.049315068493150684,43.60760171970425,32.23537670131964,31.481757907839228,30.20054649085385,0.9949232716429672,1.0-2.0%,0.98-1.00,2025-09-03→2025-09-04
2025-09-03,2025-09-04,C,6425.0,0.01643835616438356,54.61147437256126,0.5809186391171621,55.05545787839446,0.6134055675179659,6448.26,6502.08,0.049315068493150684,133.99628528380484,123.61650415420627,40.984958842714505,39.236512356183255,0.9956981340040598,1.0-2.0%,0.98-1.00,2025-09-03→2025-09-04
2025-09-03,2025-09-04,P,6425.0,0.01643835616438356,26.871923945578164,-0.4190813608828063,27.296553768805552,-0.3872921252099323,6448.26,6502.08,0.049315068493150684,45.9428945823317,32.917644996604395,32.40495884271251,30.69406217879844,0.9956981340040598,1.0-2.0%,0.98-1.00,2025-09-03→2025-09-04
2025-09-03,2025-09-04,C,6430.0,0.01643835616438356,51.554543583157844,0.5552285556999121,51.60529413703125,0.5950046746156494,6448.26,6502.08,0.0136986301369863,89.9755049315409,85.88974530661471,3.3675991322308825,1.226848412185916,0.9964729963651525,1.0-2.0%,0.98-1.00,2025-09-03→2025-09-04
2025-09-03,2025-09-04,P,6430.0,0.01643835616438356,28.81150712471569,-0.44477144430005194,28.89638901479566,-0.405806846644473,6448.26,6502.08,0.0136986301369863,15.256563500034158,10.062607720861934,5.337599132228668,3.2405244864054197,0.9964729963651525,1.0-2.0%,0.98-1.00,2025-09-03→2025-09-04
2025-09-03,2025-09-04,C,6435.0,0.01643835616438356,48.45721629763307,0.5436170789349837,48.2051251914595,0.5760179930042145,6448.26,6502.08,0.0136986301369863,86.28365242168768,81.59287987905918,4.84252881171933,3.098711616513338,0.9972478587262452,1.0-2.0%,0.98-1.00,2025-09-03→2025-09-04
2025-09-03,2025-09-04,P,6435.0,0.01643835616438356,30.710693807729875,-0.4563829210649173,30.546219475819726,-0.4248602428484706,6448.26,6502.08,0.0136986301369863,16.562658936188356,10.80060406901589,5.012528811713715,3.3159782701045657,0.9972478587262452,1.0-2.0%,0.98-1.00,2025-09-03→2025-09-04
2025-09-03,2025-09-04,C,6440.0,0.01643835616438356,45.42442539782758,0.5170066582296647,45.00494857864578,0.5562101071589023,6448.26,6502.08,0.0136986301369863,82.6508406127262,77.42586732318978,3.6247016540795833,1.5147720327080307,0.9980227210873378,1.0-2.0%,0.98-1.00,2025-09-03→2025-09-04
2025-09-03,2025-09-04,P,6440.0,0.01643835616438356,32.67441687646325,-0.48299334177030534,32.29604389271208,-0.4445528557725718,6448.26,6502.08,0.0136986301369863,17.92779507323472,11.600658414088457,5.594701654077696,3.525834697679688,0.9980227210873378,1.0-2.0%,0.98-1.00,2025-09-03→2025-09-04
2025-09-03,2025-09-04,C,6445.0,0.01643835616438356,42.641166216512296,0.4904350478115684,41.854768102501566,0.5358871792605872,6448.26,6502.08,0.0136986301369863,79.12858870002779,73.28868541306383,3.9547857267815196,1.5085520121953415,0.9987975834484305,1.0-2.0%,0.98-1.00,2025-09-03→2025-09-04
2025-09-03,2025-09-04,P,6445.0,0.01643835616438356,34.88767166368823,-0.509564952188392,34.14586364463548,-0.46484968334200866,6448.26,6502.08,0.0136986301369863,19.403491106546113,12.464534690406936,5.874785726779113,3.4682099574667724,0.9987975834484305,1.0-2.0%,0.98-1.00,2025-09-03→2025-09-04
2025-09-03,2025-09-04,C,6450.0,0.01643835616438356,39.75953036184257,0.4749978060726086,38.75458210445913,0.5150044875582938,6448.26,6502.08,0.0136986301369863,75.67848743168798,69.17986462981844,3.7856180771723373,1.632458479612776,0.9995724458095231,1.0-2.0%,0.98-1.00,2025-09-03→2025-09-04
2025-09-03,2025-09-04,P,6450.0,0.01643835616438356,37.00254977755715,-0.5250021939273095,36.09567778809787,-0.485716842377342,6448.26,6502.08,0.0136986301369863,20.951337784217507,13.393950372548943,5.655618077167645,3.541280456748403,0.9995724458095231,1.0-2.0%,0.98-1.00,2025-09-03→2025-09-04
2025-09-03,2025-09-04,C,6455.0,0.01643835616438356,36.95554544289508,0.4512591626227065,35.854391424438745,0.4935588651576508,6448.26,6502.08,0.0136986301369863,72.23227814144161,65.21238715777326,3.8632318676460677,1.586661877215377,1.0003473081706158,1.0-2.0%,1.00-1.02,2025-09-03→2025-09-04
2025-09-03,2025-09-04,P,6455.0,0.01643835616438356,39.195078827149125,-0.5487408373772187,38.09548731485029,-0.5071388275702463,6448.26,6502.08,0.0136986301369863,22.503076439980028,14.35222861652528,5.933231867641748,3.6942116998305075,1.0003473081706158,1.0-2.0%,1.00-1.02,2025-09-03→2025-09-04
2025-09-03,2025-09-04,C,6460.0,0.01643835616438356,34.32786376776723,0.42406937575629594,32.95419580106591,0.471569149380638,6448.26,6502.08,0.0136986301369863,68.86812343313764,61.23688500720982,4.326586196796274,1.7701483803341986,1.0011221705317084,1.0-2.0%,1.00-1.02,2025-09-03→2025-09-04
2025-09-03,2025-09-04,P,6460.0,0.01643835616438356,41.56391112056066,-0.5759306242436287,40.2452921118811,-0.5290813253665237,6448.26,6502.08,0.0136986301369863,24.136869677686345,15.41631229935615,6.296586196791932,3.775156931226153,1.0011221705317084,1.0-2.0%,1.00-1.02,2025-09-03→2025-09-04
2025-09-03,2025-09-04,C,6465.0,0.01643835616438356,31.72530929816017,0.40107629082680324,30.203995579014645,0.4491144243297438,6448.26,6502.08,0.0136986301369863,65.64131661135929,57.36971112878655,4.464074027701567,1.8786616825733198,1.0018970328928012,1.0-2.0%,1.00-1.02,2025-09-03→2025-09-04
2025-09-03,2025-09-04,P,6465.0,0.01643835616438356,43.95787061949294,-0.5989237091731187,42.545092885813574,-0.5514253095881133,6448.26,6502.08,0.0136986301369863,25.908010801917627,16.591460172304323,6.334074027697071,3.7777101620321005,1.0018970328928012,1.0-2.0%,1.00-1.02,2025-09-03→2025-09-04
2025-09-03,2025-09-04,C,6470.0,0.01643835616438356,29.160094812948884,0.3843696785927482,27.65379414425024,0.42642847358560393,6448.26,6502.08,0.0136986301369863,62.371105063406155,53.65864089351453,4.0632238981384035,1.7996195516229214,1.0026718952538938,1.0-2.0%,1.00-1.02,2025-09-03→2025-09-04
2025-09-03,2025-09-04,P,6470.0,0.01643835616438356,46.38917010282104,-0.6156303214071889,44.84488903397869,-0.5743816548271179,6448.26,6502.08,0.0136986301369863,27.63574719997465,17.75606789854328,6.083223898134722,3.8632206627953174,1.0026718952538938,1.0-2.0%,1.00-1.02,2025-09-03→2025-09-04
2025-09-03,2025-09-04,C,6475.0,0.01643835616438356,26.690011538705335,0.3572866119785412,25.103587056191373,0.40315458041464164,6448.26,6502.08,0.0136986301369863,59.17342509478595,49.93822780168921,4.370834543315016,1.902220482084104,1.0034467576149864,1.0-2.0%,1.00-1.02,2025-09-03→2025-09-04
2025-09-03,2025-09-04,P,6475.0,0.01643835616438356,48.915600797116916,-0.6427133880214091,47.39468426015446,-0.5973955110318907,6448.26,6502.08,0.0136986301369863,29.436015177364425,19.122052537320997,6.390834543312042,3.951826403736174,1.0034467576149864,1.0-2.0%,1.00-1.02,2025-09-03→2025-09-04
2025-09-03,2025-09-04,C,6480.0,0.01643835616438356,24.406815670297288,0.3296310403113385,22.753379680270882,0.37984002076648554,6448.26,6502.08,0.0136986301369863,56.132115477667554,46.38255622576344,4.709257410443861,2.007010082347861,1.0042216199760792,1.0-2.0%,1.00-1.02,2025-09-03→2025-09-04
2025-09-03,2025-09-04,P,6480.0,0.01643835616438356,51.628918897247075,-0.6703689596886019,50.044477208682565,-0.6206733704358905,6448.26,6502.08,0.0136986301369863,31.392653506254725,20.568067550642354,6.579257410440359,3.90464079685945,1.0042216199760792,1.0-2.0%,1.00-1.02,2025-09-03→2025-09-04
2025-09-03,2025-09-04,C,6485.0,0.01643835616438356,22.10699761214338,0.31686018679812816,20.50317004182898,0.35628787968403364,6448.26,6502.08,0.0136986301369863,53.02254382618825,42.90810526820087,4.146584746524837,2.024586315405415,1.0049964823371718,1.0-2.0%,1.00-1.02,2025-09-03→2025-09-04
2025-09-03,2025-09-04,P,6485.0,0.01643835616438356,54.32561480763312,-0.6831398132018748,52.79426791794049,-0.6441866746530763,6448.26,6502.08,0.0136986301369863,33.281029800782825,22.09542914835356,6.016584746524703,3.920126829828387,1.0049964823371718,1.0-2.0%,1.00-1.02,2025-09-03→2025-09-04
2025-09-03,2025-09-04,C,6490.0,0.01643835616438356,19.919655129071465,0.2912378085371815,18.40296093345296,0.33278820562312733,6448.26,6502.08,0.0136986301369863,49.97522942766186,39.56538736374205,4.125581144528979,1.889338773363388,1.0057713446982643,1.0-2.0%,1.00-1.02,2025-09-03→2025-09-04
2025-09-03,2025-09-04,P,6490.0,0.01643835616438356,57.13478629310076,-0.7087621914627583,55.894068482039984,-0.6665997208530808,6448.26,6502.08,0.0136986301369863,35.23166334826753,23.952265953043025,5.845581144525447,3.5763969763126227,1.0057713446982643,1.0-2.0%,1.00-1.02,2025-09-03→2025-09-04
2025-09-03,2025-09-04,C,6495.0,0.01643835616438356,17.92798741293407,0.26456136780807427,16.402751322019185,0.30918632223012926,6448.26,6502.08,0.0136986301369863,47.03192135191931,36.30998955078758,4.511307184569519,2.109592137574534,1.006546207059357,1.0-2.0%,1.00-1.02,2025-09-03→2025-09-04
2025-09-03,2025-09-04,P,6495.0,0.01643835616438356,60.13963254550264,-0.7354386321918862,58.89386101684704,-0.6899880023678008,6448.26,6502.08,0.0136986301369863,37.286303218536595,25.70733907697877,6.031307184567105,3.5851542874348397,1.006546207059357,1.0-2.0%,1.00-1.02,2025-09-03→2025-09-04
2025-09-03,2025-09-04,C,6500.0,0.01643835616438356,15.932711469200452,0.24533534362183185,14.602546546598433,0.286214693154373,6448.26,6502.08,0.0136986301369863,44.143330476268524,33.25057707893029,4.246051806273076,2.045925214431726,1.0073210694204497,1.0-2.0%,1.00-1.02,2025-09-03→2025-09-04
2025-09-03,2025-09-04,P,6500.0,0.01643835616438356,63.14087057031014,-0.7546646563780997,61.843642437008384,-0.714482999573532,6448.26,6502.08,0.0136986301369863,39.395660288894035,27.390418537680944,6.116051806269105,3.9534750370472835,1.0073210694204497,1.0-2.0%,1.00-1.02,2025-09-03→2025-09-04
2025-09-03,2025-09-04,C,6505.0,0.01643835616438356,14.117982539753005,0.22737502908346002,12.902343491664169,0.26338686248446347,6448.26,6502.08,0.0136986301369863,41.23013917835245,30.290128244864263,3.912675934728247,1.9745190610862515,1.0080959317815423,1.0-2.0%,1.00-1.02,2025-09-03→2025-09-04
2025-09-03,2025-09-04,P,6505.0,0.01643835616438356,66.32265560940134,-0.7726249709165024,65.39345688240519,-0.7353414248210529,6448.26,6502.08,0.0136986301369863,41.48041693698874,29.710637766157106,5.4826759347259255,3.476075483868847,1.0080959317815423,1.0-2.0%,1.00-1.02,2025-09-03→2025-09-04
2025-09-03,2025-09-04,C,6510.0,0.01643835616438356,12.387346152018532,0.2026558337611108,11.352145961716815,0.24119365286973773,6448.26,6502.08,0.0136986301369863,38.393444183631686,27.48930950870772,3.993063026977076,1.918957602550785,1.008870794142635,1.0-2.0%,1.00-1.02,2025-09-03→2025-09-04
2025-09-03,2025-09-04,P,6510.0,0.01643835616438356,69.58853319020587,-0.7973441662388328,68.8932653621032,-0.7568620784519566,6448.26,6502.08,0.0136986301369863,43.64166988827736,31.981206645678867,5.5130630269737395,3.3343170622840788,1.008870794142635,1.0-2.0%,1.00-1.02,2025-09-03→2025-09-04
2025-09-03,2025-09-04,C,6515.0,0.01643835616438356,10.777449479130409,0.1781300807165814,9.901951510172466,0.21933911535071526,6448.26,6502.08,0.0136986301369863,35.694343280400425,24.796714448890725,4.113039055833642,1.8951688118245702,1.0096456565037277,1.0-2.0%,1.00-1.02,2025-09-03→2025-09-04
2025-09-03,2025-09-04,P,6515.0,0.01643835616438356,72.97515048585669,-0.8218699192833722,72.49307826514178,-0.7779320610830448,6448.26,6502.08,0.0136986301369863,45.94051693105532,34.36657256190074,5.583039055830845,3.2183035274892404,1.0096456565037277,1.0-2.0%,1.00-1.02,2025-09-03→2025-09-04
2025-09-03,2025-09-04,C,6520.0,0.01643835616438356,9.335418804831795,0.16740475432943322,8.601765510546556,0.19843345653402145,6448.26,6502.08,0.0136986301369863,32.924326884935894,22.279616987887948,3.3902761219899507,1.7203113693390222,1.0104205188648203,1.0-2.0%,1.00-1.02,2025-09-03→2025-09-04
2025-09-03,2025-09-04,P,6520.0,0.01643835616438356,76.52963378009525,-0.8325952456704777,76.19289506531823,-0.7984799682044699,6448.26,6502.08,0.0136986301369863,48.16844848160067,36.870177878575305,4.960276121984869,3.1241918887643365,1.0104205188648203,1.0-2.0%,1.00-1.02,2025-09-03→2025-09-04
2025-09-03,2025-09-04,C,6405.0,0.019178082191780823,72.30131782604774,0.6441365427914619,73.64660175634344,0.6684083071842499,6448.26,6502.08,0.049315068493150684,145.5917617266598,141.23152034921895,34.4325712669637,33.12626490734386,0.9925008599972927,1.0-2.0%,0.98-1.00,2025-09-03→2025-09-04
2025-09-03,2025-09-04,P,6405.0,0.019178082191780823,23.944913312189843,-0.35586345720851537,25.301690745231554,-0.3325701632470499,6448.26,6502.08,0.049315068493150684,37.572529439819114,30.902496133043996,27.15257126696219,25.898926185956125,0.9925008599972927,1.0-2.0%,0.98-1.00,2025-09-03→2025-09-04
2025-09-03,2025-09-04,C,6410.0,0.019178082191780823,68.98038634498593,0.6220717735154755,69.94667668645343,0.6536707051256687,6448.26,6502.08,0.049315068493150684,142.59018724339734,137.01036604218461,35.27009714939727,33.569442650136686,0.9932756459926068,1.0-2.0%,0.98-1.00,2025-09-03→2025-09-04
2025-09-03,2025-09-04,P,6410.0,0.019178082191780823,25.620003373271494,-0.37792822648448193,26.551764749074664,-0.34712562007482745,6448.26,6502.08,0.049315068493150684,39.562415352899045,31.607768129415945,27.99009714939471,26.332300872427115,0.9932756459926068,1.0-2.0%,0.98-1.00,2025-09-03→2025-09-04
2025-09-03,2025-09-04,C,6415.0,0.019178082191780823,65.68066901305438,0.6037471465111891,66.3467553952446,0.6383001576925312,6448.26,6502.08,0.049315068493150684,139.45437452099569,132.86413634208384,36.30632857476799,34.44668551298817,0.9940504319879208,1.0-2.0%,0.98-1.00,2025-09-03→2025-09-04
2025-09-03,2025-09-04,P,6415.0,0.019178082191780823,27.316307583484615,-0.3962528534887341,27.90184270838199,-0.36234619234339066,6448.26,6502.08,0.049315068493150684,41.41806302683883,32.38840676279847,28.576328574763554,26.75147207192118,0.9940504319879208,1.0-2.0%,0.98-1.00,2025-09-03→2025-09-04
2025-09-03,2025-09-04,C,6420.0,0.019178082191780823,62.39974553150054,0.588540568719099,62.74683468235571,0.6226018323412639,6448.26,6502.08,0.049315068493150684,136.65245281752004,128.64321967861179,36.874746591538276,35.04156938339337,0.9948252179832349,1.0-2.0%,0.98-1.00,2025-09-03→2025-09-04
2025-09-03,2025-09-04,P,6420.0,0.019178082191780823,29.031405644073857,-0.41145943128089346,29.401923418543447,-0.37832716188449533,6448.26,6502.08,0.049315068493150684,43.60760171970425,33.313666342751276,28.94474659153757,27.161567852623435,0.9948252179832349,1.0-2.0%,0.98-1.00,2025-09-03→2025-09-04
2025-09-03,2025-09-04,C,6425.0,0.019178082191780823,59.214632432756005,0.565331338587172,59.246917623580885,0.6062793997951365,6448.26,6502.08,0.049315068493150684,133.99628528380484,124.49049406533595,37.62386735723857,35.42004270302593,0.9956000039785489,1.0-2.0%,0.98-1.00,2025-09-03→2025-09-04
2025-09-03,2025-09-04,P,6425.0,0.019178082191780823,30.842314087471728,-0.43466866141280586,30.902006269636786,-0.39463168318519765,6448.26,6502.08,0.049315068493150684,45.9428945823317,34.160936891591064,29.643867357237085,27.489077189027224,0.9956000039785489,1.0-2.0%,0.98-1.00,2025-09-03→2025-09-04
2025-09-03,2025-09-04,C,6430.0,0.019178082191780823,56.15758118060567,0.5416073412533527,55.84700358773489,0.5893700899835101,6448.26,6502.08,0.01643835616438356,93.8876807084853,89.45367999880364,3.500692893744713,0.9301017570876553,0.996374789973863,1.0-2.0%,0.98-1.00,2025-09-03→2025-09-04
2025-09-03,2025-09-04,P,6430.0,0.019178082191780823,32.781284377466534,-0.4583926587466089,32.50209213805692,-0.41152215301825423,6448.26,6502.08,0.01643835616438356,18.465263051837113,12.97147204141379,5.4206928937423555,2.898122275442322,0.996374789973863,1.0-2.0%,0.98-1.00,2025-09-03→2025-09-04
2025-09-03,2025-09-04,C,6435.0,0.019178082191780823,53.04231326413656,0.5302794377776352,52.54709234362463,0.5719120646276857,6448.26,6502.08,0.01643835616438356,90.20687439010054,85.30313688044498,4.960360658807829,2.7196926817381204,0.997149575969177,1.0-2.0%,0.98-1.00,2025-09-03→2025-09-04
2025-09-03,2025-09-04,P,6435.0,0.019178082191780823,34.66203800314146,-0.46972056222226416,34.15218040624768,-0.4288842605728143,6448.26,6502.08,0.01643835616438356,19.78185765284657,13.78530053574491,5.1803606588021225,2.982550904028745,0.997149575969177,1.0-2.0%,0.98-1.00,2025-09-03→2025-09-04
2025-09-03,2025-09-04,C,6440.0,0.019178082191780823,50.007634193298244,0.5065909636520181,49.24718289183102,0.5540557107453414,6448.26,6502.08,0.01643835616438356,86.58140639850578,81.14607720242384,5.385274336248543,2.830721647685891,0.997924361964491,1.0-2.0%,0.98-1.00,2025-09-03→2025-09-04
2025-09-03,2025-09-04,P,6440.0,0.019178082191780823,36.62338047444733,-0.4934090363479479,35.90227124097737,-0.44679647238693077,6448.26,6502.08,0.01643835616438356,21.153790580647858,14.665529340266403,5.605274336246406,3.096586143864478,0.997924361964491,1.0-2.0%,0.98-1.00,2025-09-03→2025-09-04
2025-09-03,2025-09-04,C,6445.0,0.019178082191780823,47.170316429744915,0.48221450235967767,46.097276907733885,0.5356084154581424,6448.26,6502.08,0.01643835616438356,83.05999855904082,77.09357219320009,3.9972154830022966,1.1235550800429408,0.9986991479598051,1.0-2.0%,0.98-1.00,2025-09-03→2025-09-04
2025-09-03,2025-09-04,P,6445.0,0.019178082191780823,38.782084253037254,-0.5177854976402971,37.65236479501755,-0.4651534385258554,6448.26,6502.08,0.01643835616438356,22.62978366057777,15.537557654858347,6.117215483000642,3.2845580614614,0.9986991479598051,1.0-2.0%,0.98-1.00,2025-09-03→2025-09-04
2025-09-03,2025-09-04,C,6450.0,0.019178082191780823,44.214796528444154,0.46745113680281397,43.0473727869462,0.5166833162000182,6448.26,6502.08,0.01643835616438356,79.59419727850968,73.11097837247962,3.8917798172726847,1.2421039221151702,0.9994739339551191,1.0-2.0%,0.98-1.00,2025-09-03→2025-09-04
2025-09-03,2025-09-04,P,6450.0,0.019178082191780823,40.82258589388002,-0.5325488631971051,39.60246078602495,-0.48410104130909043,6448.26,6502.08,0.01643835616438356,24.16138329944533,16.554000898079266,5.9117798172680445,3.3043180432551047,0.9994739339551191,1.0-2.0%,0.98-1.00,2025-09-03→2025-09-04
2025-09-03,2025-09-04,C,6455.0,0.019178082191780823,41.35314623377351,0.4463813132094507,39.997471698724894,0.4972941812900088,6448.26,6502.08,0.01643835616438356,76.1284293582269,69.11978871742394,5.775757723067507,3.035627162971881,1.000248719950433,1.0-2.0%,1.00-1.02,2025-09-03→2025-09-04
2025-09-03,2025-09-04,P,6455.0,0.019178082191780823,42.95695714135257,-0.5536186867904718,41.60255976134749,-0.5035021439104913,6448.26,6502.08,0.01643835616438356,25.69301629855757,17.601952372725464,5.995757723063029,3.298485385262495,1.000248719950433,1.0-2.0%,1.00-1.02,2025-09-03→2025-09-04
2025-09-03,2025-09-04,C,6460.0,0.019178082191780823,38.62095615680827,0.4215800793545517,37.14757245984947,0.4774748536453283,6448.26,6502.08,0.01643835616438356,72.74409402457763,65.28025025765783,4.510560129138145,1.502303376808566,1.0010235059457473,1.0-2.0%,1.00-1.02,2025-09-03→2025-09-04
2025-09-03,2025-09-04,P,6460.0,0.019178082191780823,45.22078860653227,-0.5784199206453795,43.75266052247116,-0.5233214715551725,6448.26,6502.08,0.01643835616438356,27.306081884304486,18.762413912957527,6.430560129134157,3.4651615990992326,1.0010235059457473,1.0-2.0%,1.00-1.02,2025-09-03→2025-09-04
2025-09-03,2025-09-04,C,6465.0,0.019178082191780823,35.88788995248273,0.4001057577250242,34.34767532274191,0.45722389512761935,6448.26,6502.08,0.01643835616438356,69.47974964199007,61.47351554786201,6.666308119239311,3.5922099642316567,1.0017982919410613,1.0-2.0%,1.00-1.02,2025-09-03→2025-09-04
2025-09-03,2025-09-04,P,6465.0,0.019178082191780823,47.48374394435026,-0.599894242274906,45.952763385364506,-0.5435724300728803,6448.26,6502.08,0.01643835616438356,29.03913842111253,19.95567920316398,6.336308119235262,3.3050681865222558,1.0017982919410613,1.0-2.0%,1.00-1.02,2025-09-03→2025-09-04
2025-09-03,2025-09-04,C,6470.0,0.019178082191780823,33.19788643011259,0.3849239913556389,31.697779888443165,0.436674621596196,6448.26,6502.08,0.01643835616438356,66.16919039424408,57.78483662216058,4.433390785239631,1.6481718656928592,1.0025730779363753,1.0-2.0%,1.00-1.02,2025-09-03→2025-09-04
2025-09-03,2025-09-04,P,6470.0,0.019178082191780823,49.78976196412417,-0.6150760086443106,48.25286840391891,-0.564210790353306,6448.26,6502.08,0.01643835616438356,30.72598009276261,21.223440227295214,6.353390785236613,3.6158247368147656,1.0025730779363753,1.0-2.0%,1.00-1.02,2025-09-03→2025-09-04
2025-09-03,2025-09-04,C,6475.0,0.019178082191780823,30.582443810109012,0.36033711740423136,29.09788647593905,0.4157093816927466,6448.26,6502.08,0.01643835616438356,62.92941558267487,54.129865732958024,4.65665634130437,1.6765210772964956,1.0033478639316893,1.0-2.0%,1.00-1.02,2025-09-03→2025-09-04
2025-09-03,2025-09-04,P,6475.0,0.019178082191780823,52.170340886263794,-0.6396628825957087,50.6529751365083,-0.5852045692012359,6448.26,6502.08,0.01643835616438356,32.48360620058852,22.56718565587471,6.626656341300858,3.6957099144103474,1.0033478639316893,1.0-2.0%,1.00-1.02,2025-09-03→2025-09-04
2025-09-03,2025-09-04,C,6480.0,0.019178082191780823,28.106555746886578,0.3344909464415296,26.6979932142126,0.3947156753003308,6448.26,6502.08,0.01643835616438356,59.83319645465046,50.64481558627767,4.897697262516978,1.6564023553363114,1.0041226499270033,1.0-2.0%,1.00-1.02,2025-09-03→2025-09-04
2025-09-03,2025-09-04,P,6480.0,0.019178082191780823,54.690474365184244,-0.6655090535584116,53.15308352427337,-0.6065226538480056,6448.26,6502.08,0.01643835616438356,34.384787991960124,23.98832882912984,6.86769726251352,3.6930492300994864,1.0041226499270033,1.0-2.0%,1.00-1.02,2025-09-03→2025-09-04
2025-09-03,2025-09-04,C,6485.0,0.019178082191780823,25.603010337469616,0.3220689615887755,24.298102840805768,0.37319852604461157,6448.26,6502.08,0.01643835616438356,56.67025464574373,47.14907755378681,4.566248487292199,1.8144553282791165,1.0048974359223175,1.0-2.0%,1.00-1.02,2025-09-03→2025-09-04
2025-09-03,2025-09-04,P,6485.0,0.019178082191780823,57.1829504979121,-0.6779310384112326,55.8531918176991,-0.6277763801979342,6448.26,6502.08,0.01643835616438356,36.219247102450716,25.583559441805846,6.386248487292342,3.686924782252639,1.0048974359223175,1.0-2.0%,1.00-1.02,2025-09-03→2025-09-04
2025-09-03,2025-09-04,C,6490.0,0.019178082191780823,23.236530730385066,0.298992734049278,22.09821116791136,0.35184417620306424,6448.26,6502.08,0.01643835616438356,53.563909515432535,43.83207849851988,4.758211053467946,1.913746436751186,1.0056722219176315,1.0-2.0%,1.00-1.02,2025-09-03→2025-09-04
2025-09-03,2025-09-04,P,6490.0,0.019178082191780823,59.81249243296983,-0.7010072659506394,58.65330030296445,-0.6491631051065249,6448.26,6502.08,0.01643835616438356,38.110302891536726,27.264999420100594,6.628211053463215,3.837958316832978,1.0056722219176315,1.0-2.0%,1.00-1.02,2025-09-03→2025-09-04
2025-09-03,2025-09-04,C,6495.0,0.019178082191780823,21.001974890091123,0.27360722935286247,19.99832018181769,0.33039745801026227,6448.26,6502.08,0.01643835616438356,50.558220061795126,40.603153739134086,4.974458916229024,1.9180088098877839,1.0064470079129455,1.0-2.0%,1.00-1.02,2025-09-03→2025-09-04
2025-09-03,2025-09-04,P,6495.0,0.019178082191780823,62.57395813481982,-0.726392770647087,61.80340330169747,-0.6694258598769339,6448.26,6502.08,0.01643835616438356,40.10201435729348,29.288828207845654,6.494458916226016,3.428499778576395,1.0064470079129455,1.0-2.0%,1.00-1.02,2025-09-03→2025-09-04
2025-09-03,2025-09-04,C,6500.0,0.019178082191780823,18.744060099889467,0.25465648641505767,18.048428491130608,0.30917792582558923,6448.26,6502.08,0.01643835616438356,47.60177771105467,37.51671146987928,4.844387901141671,1.9100440320668781,1.0072217939082595,1.0-2.0%,1.00-1.02,2025-09-03→2025-09-04
2025-09-03,2025-09-04,P,6500.0,0.019178082191780823,65.31206488676376,-0.7453435135848796,62.40358490174458,-0.7051424429055922,6448.26,6502.08,0.01643835616438356,42.142972925948506,28.60603105442351,8.764387901138004,6.600766277178774,1.0072217939082595,1.0-2.0%,1.00-1.02,2025-09-03→2025-09-04
2025-09-03,2025-09-04,C,6505.0,0.019178082191780823,16.712501702785797,0.2381823757942227,16.198535652606097,0.28802020036679016,6448.26,6502.08,0.01643835616438356,44.62057481203494,34.52556402809023,4.481024534755004,1.798752816259439,1.0079965799035735,1.0-2.0%,1.00-1.02,2025-09-03→2025-09-04
2025-09-03,2025-09-04,P,6505.0,0.019178082191780823,68.27652803180352,-0.761817624205728,67.90362050524709,-0.7121447186407007,6448.26,6502.08,0.01643835616438356,44.1591709463268,33.11681633339094,6.151024534752047,3.4776287572423,1.0079965799035735,1.0-2.0%,1.00-1.02,2025-09-03→2025-09-04
2025-09-03,2025-09-04,C,6510.0,0.019178082191780823,14.715928933255324,0.2140909311015262,14.498640882766267,0.2673266611361527,6448.26,6502.08,0.01643835616438356,41.71373727173324,31.688385316123913,4.727626088115922,1.8624790976523382,1.0087713658988877,1.0-2.0%,1.00-1.02,2025-09-03→2025-09-04
2025-09-03,2025-09-04,P,6510.0,0.019178082191780823,71.2759768044167,-0.7859090688984078,71.20372534801027,-0.7327628241949246,6448.26,6502.08,0.01643835616438356,46.249734325421045,35.28363470481099,6.347626088112079,3.487295198170621,1.0087713658988877,1.0-2.0%,1.00-1.02,2025-09-03→2025-09-04
2025-09-03,2025-09-04,C,6515.0,0.019178082191780823,12.814940935589277,0.1894711196943866,12.89874484936172,0.24687269484320384,6448.26,6502.08,0.01643835616438356,38.93419406819441,28.955050825741637,4.852664338048168,1.7633115635388403,1.0095461518942017,1.0-2.0%,1.00-1.02,2025-09-03→2025-09-04
2025-09-03,2025-09-04,P,6515.0,0.019178082191780823,74.37101034889349,-0.8105288803055382,74.60382891485551,-0.7531373845541152,6448.26,6502.08,0.01643835616438356,48.46759204127836,37.55459297303287,6.472664338043835,3.3838540367022674,1.0095461518942017,1.0-2.0%,1.00-1.02,2025-09-03→2025-09-04
2025-09-03,2025-09-04,C,6520.0,0.019178082191780823,11.120848817030113,0.17872755585355238,11.398847022631571,0.22671753969638553,6448.26,6502.08,0.01643835616438356,36.085265629570436,26.328261951793138,4.330882943961864,1.748062013540597,1.0103209378895157,1.0-2.0%,1.00-1.02,2025-09-03→2025-09-04
2025-09-03,2025-09-04,P,6520.0,0.019178082191780823,77.67293977247907,-0.821272444146372,78.2039263864408,-0.7723450267901194,6448.26,6502.08,0.01643835616438356,50.6160645220502,40.05420073257619,4.150882943957498,1.5176093418440004,1.0103209378895157,1.0-2.0%,1.00-1.02,2025-09-03→2025-09-04
2025-09-03,2025-09-04,C,6405.0,0.021917808219178082,76.70093101863799,0.6271545467096785,79.90975020730457,0.6529881796657709,6448.26,6502.08,0.049315068493150684,145.5917617266598,145.3462911378092,29.096542296085282,27.70617617038839,0.9923593833590179,2.0-3.0%,0.98-1.00,2025-09-03→2025-09-04
2025-09-03,2025-09-04,P,6405.0,0.021917808219178082,27.432248357255748,-0.3728454532903115,30.744797620768622,-0.3483796608713586,6448.26,6502.08,0.049315068493150684,37.572529439819114,34.72772089635305,22.616542296084454,21.299793348096415,0.9923593833590179,2.0-3.0%,0.98-1.00,2025-09-03→2025-09-04
2025-09-03,2025-09-04,C,6410.0,0.021917808219178082,73.42956371867581,0.6063958557925379,76.30955078069155,0.6395878834623336,6448.26,6502.08,0.049315068493150684,142.59018724339734,141.24977681933797,29.763775041245765,27.977380112057368,0.9931340589119914,2.0-3.0%,0.98-1.00,2025-09-03→2025-09-04
2025-09-03,2025-09-04,P,6410.0,0.021917808219178082,29.156190438510833,-0.39360414420741907,32.094600676238315,-0.36161194884940984,6448.26,6502.08,0.049315068493150684,39.562415352899045,35.562086795364166,23.28377504124318,21.561955087075134,0.9931340589119914,2.0-3.0%,0.98-1.00,2025-09-03→2025-09-04
2025-09-03,2025-09-04,C,6415.0,0.021917808219178082,70.16167010939894,0.5887257964668505,72.70934637097707,0.6259394443037826,6448.26,6502.08,0.049315068493150684,139.45437452099569,137.09684502259188,30.764777634154292,28.76193910757062,0.9939087344649647,2.0-3.0%,0.98-1.00,2025-09-03→2025-09-04
2025-09-03,2025-09-04,P,6415.0,0.021917808219178082,30.883606210451166,-0.4112742035330951,33.49439667287379,-0.37523474962569825,6448.26,6502.08,0.049315068493150684,41.41806302683883,36.409074326308655,23.784777634151055,21.84513422485497,0.9939087344649647,2.0-3.0%,0.98-1.00,2025-09-03→2025-09-04
2025-09-03,2025-09-04,C,6420.0,0.021917808219178082,66.91055498416546,0.574347892939775,69.20913502283884,0.611790584083979,6448.26,6502.08,0.049315068493150684,136.65245281752004,133.02294963994427,31.188596401981503,29.173430764600447,0.9946834100179383,2.0-3.0%,0.98-1.00,2025-09-03→2025-09-04
2025-09-03,2025-09-04,P,6420.0,0.021917808219178082,32.62780046643527,-0.42565210706019574,34.99418573100229,-0.3893565826039279,6448.26,6502.08,0.049315068493150684,43.60760171970425,37.33523752033989,24.108596401979614,22.15517127574329,0.9946834100179383,2.0-3.0%,0.98-1.00,2025-09-03→2025-09-04
2025-09-03,2025-09-04,C,6425.0,0.021917808219178082,63.75022159545835,0.5529623721985514,65.90891411369921,0.5969971503417499,6448.26,6502.08,0.049315068493150684,133.99628528380484,129.1638269434925,31.639565128274118,29.26961336860718,0.9954580855709118,2.0-3.0%,0.98-1.00,2025-09-03→2025-09-04
2025-09-03,2025-09-04,P,6425.0,0.021917808219178082,34.462776458944504,-0.4470376278013995,36.5439692706982,-0.40385202925408353,6448.26,6502.08,0.049315068493150684,45.9428945823317,38.269474504957316,24.659565128271193,22.33531621445466,0.9954580855709118,2.0-3.0%,0.98-1.00,2025-09-03→2025-09-04
2025-09-03,2025-09-04,C,6430.0,0.021917808219178082,60.689498927910975,0.5305629506017795,62.40869444946475,0.5822868407357172,6448.26,6502.08,0.019178082191780823,98.43104608586852,94.95212262331006,2.895101998612379,0.11132223160386445,0.9962327611238851,2.0-3.0%,0.98-1.00,2025-09-03→2025-09-04
2025-09-03,2025-09-04,P,6430.0,0.021917808219178082,36.39736317261441,-0.46943704939816944,38.193746011761505,-0.4188031433479273,6448.26,6502.08,0.019178082191780823,22.187105762426327,17.60683076198984,4.715101998609338,1.9899851749853212,0.9962327611238851,2.0-3.0%,0.98-1.00,2025-09-03→2025-09-04
2025-09-03,2025-09-04,C,6435.0,0.021917808219178082,57.553563158859816,0.5192313049632526,59.10846538073247,0.5669466184097224,6448.26,6502.08,0.019178082191780823,94.73851288297007,90.89717279446722,2.8049711668778876,0.23693299718889804,0.9970074366768586,2.0-3.0%,0.98-1.00,2025-09-03→2025-09-04
2025-09-03,2025-09-04,P,6435.0,0.021917808219178082,38.256736784779015,-0.4807686950366571,39.84351829461093,-0.4340528283216897,6448.26,6502.08,0.019178082191780823,23.4913346588119,18.514192867535712,4.624971166872744,2.1107232202732114,0.9970074366768586,2.0-3.0%,0.98-1.00,2025-09-03→2025-09-04
2025-09-03,2025-09-04,C,6440.0,0.021917808219178082,54.52412763603819,0.4979788609245447,55.95822934413263,0.5511477082217102,6448.26,6502.08,0.019178082191780823,91.09639553273388,86.95518232766881,3.248777705041146,0.38723034350771357,0.9977821122298322,2.0-3.0%,0.98-1.00,2025-09-03→2025-09-04
2025-09-03,2025-09-04,P,6440.0,0.021917808219178082,40.22261064317345,-0.5020211390754262,41.593283825562594,-0.44974663476522736,6448.26,6502.08,0.019178082191780823,24.84597940785408,19.49348990177168,4.968777705039294,2.1553638830644033,0.9977821122298322,2.0-3.0%,0.98-1.00,2025-09-03→2025-09-04
2025-09-03,2025-09-04,C,6445.0,0.021917808219178082,51.63570786853619,0.4751226686017848,52.70799009895654,0.5351180734096419,6448.26,6502.08,0.019178082191780823,87.54452577430992,82.92801937872173,5.278897975852075,2.0499452890932233,0.9985567877828057,2.0-3.0%,0.98-1.00,2025-09-03→2025-09-04
2025-09-03,2025-09-04,P,6445.0,0.021917808219178082,42.329500256889304,-0.5248773313981834,43.44304349142794,-0.4658493247719676,6448.26,6502.08,0.019178082191780823,26.290871748712775,20.546456839375878,5.448897975850073,2.2720106592271563,0.9985567877828057,2.0-3.0%,0.98-1.00,2025-09-03→2025-09-04
2025-09-03,2025-09-04,C,6450.0,0.021917808219178082,48.629489573042946,0.46058392160177736,49.657743243456935,0.5186258824922462,6448.26,6502.08,0.019178082191780823,84.03983069900572,79.0556860979641,3.5613733393924782,0.4375550042674625,0.999331463335779,2.0-3.0%,0.98-1.00,2025-09-03→2025-09-04
2025-09-03,2025-09-04,P,6450.0,0.021917808219178082,44.31859134261208,-0.5394160783981456,45.29279722501542,-0.48230173578264846,6448.26,6502.08,0.019178082191780823,27.78293877269135,21.59252432280209,5.581373339388048,2.5074794198220047,0.999331463335779,2.0-3.0%,0.98-1.00,2025-09-03→2025-09-04
2025-09-03,2025-09-04,C,6455.0,0.021917808219178082,45.73831092457654,0.44175005389153665,46.6074923641313,0.5017853757883275,6448.26,6502.08,0.019178082191780823,80.53349419074539,75.176679385856,5.97501209955762,2.7439110750723543,1.0001061388887527,2.0-3.0%,1.00-1.02,2025-09-03→2025-09-04
2025-09-03,2025-09-04,P,6455.0,0.021917808219178082,46.42272207536224,-0.5582499461084067,47.292546180179215,-0.49915362887090653,6448.26,6502.08,0.019178082191780823,29.27336436371126,22.754694815303765,5.795012099554292,2.614448305832049,1.0001061388887527,2.0-3.0%,1.00-1.02,2025-09-03→2025-09-04
2025-09-03,2025-09-04,C,6460.0,0.021917808219178082,42.92660371402564,0.41870804102217096,43.75723609749821,0.48462366124013556,6448.26,6502.08,0.019178082191780823,77.10217649115309,71.45912850124023,4.115133232186885,0.5675545520560519,1.000880814441726,2.0-3.0%,1.00-1.02,2025-09-03→2025-09-04
2025-09-03,2025-09-04,P,6460.0,0.021917808219178082,48.60632424602849,-0.5812919589777675,49.392289542658546,-0.5163401541265,6448.26,6502.08,0.019178082191780823,30.83880876340198,23.994331819268155,6.135133232183282,2.639427095088081,1.000880814441726,2.0-3.0%,1.00-1.02,2025-09-03→2025-09-04
2025-09-03,2025-09-04,C,6465.0,0.021917808219178082,40.09967656768493,0.39817117180883105,40.806973324811224,0.46702687313087266,6448.26,6502.08,0.019178082191780823,73.77918117545228,67.64789034707701,4.470427533248834,0.7646136880965742,1.0016554899946994,2.0-3.0%,1.00-1.02,2025-09-03→2025-09-04
2025-09-03,2025-09-04,P,6465.0,0.021917808219178082,50.774706480904484,-0.6018288281910996,51.59202845974687,-0.5338238762089186,6448.26,6502.08,0.019178082191780823,32.51257554698247,25.31327173921227,6.190427533244801,2.5304010175638396,1.0016554899946994,2.0-3.0%,1.00-1.02,2025-09-03→2025-09-04
2025-09-03,2025-09-04,C,6470.0,0.021917808219178082,37.330069761886946,0.38425524045431825,38.05670630011991,0.4491800687020123,6448.26,6502.08,0.019178082191780823,70.41226474545685,64.00155672481742,4.3193829587487045,0.8251287024578282,1.002430165547673,2.0-3.0%,1.00-1.02,2025-09-03→2025-09-04
2025-09-03,2025-09-04,P,6470.0,0.021917808219178082,53.00040905632444,-0.6157447595456306,53.79176108231968,-0.55169462381978,6448.26,6502.08,0.019178082191780823,34.14242121626868,26.62417542319963,6.089382958745659,2.6422046539804,1.002430165547673,2.0-3.0%,1.00-1.02,2025-09-03→2025-09-04
2025-09-03,2025-09-04,C,6475.0,0.021917808219178082,34.61332247590204,0.36173700315624124,35.356435148955825,0.4309850676232285,6448.26,6502.08,0.019178082191780823,67.11434903185597,60.39072445667125,4.6813144901312,0.9543836605179656,1.0032048411006464,2.0-3.0%,1.00-1.02,2025-09-03→2025-09-04
2025-09-03,2025-09-04,P,6475.0,0.021917808219178082,55.278971151554316,-0.63826299684369,56.09149024188446,-0.5698684534095313,6448.26,6502.08,0.019178082191780823,35.8412676019499,28.01431370774253,6.6013144901272085,2.9203201625008077,1.0032048411006464,2.0-3.0%,1.00-1.02,2025-09-03→2025-09-04
2025-09-03,2025-09-04,C,6480.0,0.021917808219178082,31.990486675221835,0.33722361966086045,32.90616425470762,0.4128433785996315,6448.26,6502.08,0.019178082191780823,63.9457052265183,57.000540666913366,4.95062478985259,0.8807693637679535,1.0039795166536198,2.0-3.0%,1.00-1.02,2025-09-03→2025-09-04
2025-09-03,2025-09-04,P,6480.0,0.021917808219178082,57.651444732092045,-0.6627763803391058,58.59121807075644,-0.5880956260595998,6448.26,6502.08,0.019178082191780823,37.669385895895154,29.578556096362263,6.820624789850477,2.8013065945274853,1.0039795166536198,2.0-3.0%,1.00-1.02,2025-09-03→2025-09-04
2025-09-03,2025-09-04,C,6485.0,0.021917808219178082,29.332312799455515,0.3249949349203143,30.405886114236182,0.3942159441537356,6448.26,6502.08,0.019178082191780823,60.72567169584348,53.55633911919722,4.758772602588781,1.0332978856460642,1.0047541922065935,2.0-3.0%,1.00-1.02,2025-09-03→2025-09-04
2025-09-03,2025-09-04,P,6485.0,0.021917808219178082,59.988580237541974,-0.6750050650796812,61.090939930282275,-0.6067230605054994,6448.26,6502.08,0.019178082191780823,39.44611446450257,31.13435454864475,6.7287726025882435,3.0538351164058,1.0047541922065935,2.0-3.0%,1.00-1.02,2025-09-03→2025-09-04
2025-09-03,2025-09-04,C,6490.0,0.021917808219178082,26.841121404934047,0.30441516912851546,28.105609864001053,0.37570337056272723,6448.26,6502.08,0.019178082191780823,57.55908307900318,50.29423625481331,5.066375597503381,1.2296445963141238,1.0055288677595668,2.0-3.0%,1.00-1.02,2025-09-03→2025-09-04
2025-09-03,2025-09-04,P,6490.0,0.021917808219178082,62.49269822423714,-0.6955848308714172,63.84066596548746,-0.625082318353215,6448.26,6502.08,0.019178082191780823,41.27628794694377,32.921073561512,6.68637559749947,2.8919303737698527,1.0055288677595668,2.0-3.0%,1.00-1.02,2025-09-03→2025-09-04
2025-09-03,2025-09-04,C,6495.0,0.021917808219178082,24.405819038110216,0.28020003768927687,25.85532975466549,0.3569570518514145,6448.26,6502.08,0.019178082191780823,54.48745200089071,47.073134874499374,5.369633971563196,1.2385714693569696,1.0063035433125402,2.0-3.0%,1.00-1.02,2025-09-03→2025-09-04
2025-09-03,2025-09-04,P,6495.0,0.021917808219178082,65.05270523862993,-0.7197999623106869,66.59038622900334,-0.643803956137541,6448.26,6502.08,0.019178082191780823,43.201418968112534,34.70117443913114,7.089633971560964,2.9995289193222803,1.0063035433125402,2.0-3.0%,1.00-1.02,2025-09-03→2025-09-04
2025-09-03,2025-09-04,C,6500.0,0.021917808219178082,21.927546705116974,0.261511930987677,23.855058021958484,0.3387592497030993,6448.26,6502.08,0.019178082191780823,51.471975121849226,44.0965847990542,5.275427874243302,1.1179771809792953,1.0070782188655139,2.0-3.0%,1.00-1.02,2025-09-03→2025-09-04
2025-09-03,2025-09-04,P,6500.0,0.021917808219178082,67.56974228685387,-0.7384880690122418,69.5901148582243,-0.6619775318682307,6448.26,6502.08,0.019178082191780823,45.18270418835378,36.72586099122873,6.945427874238646,2.827630765147987,1.0070782188655139,2.0-3.0%,1.00-1.02,2025-09-03→2025-09-04
2025-09-03,2025-09-04,C,6505.0,0.021917808219178082,19.722843360246785,0.24684846835193222,21.654767615970513,0.31932500603100056,6448.26,6502.08,0.019178082191780823,48.44111102285676,40.90510840192019,5.164615433299083,1.263928175411646,1.0078528944184872,2.0-3.0%,1.00-1.02,2025-09-03→2025-09-04
2025-09-03,2025-09-04,P,6505.0,0.021917808219178082,70.36034832320111,-0.7531515316480315,72.58983860601347,-0.680466720174955,6448.26,6502.08,0.019178082191780823,47.14860218864356,38.74617386530963,6.734615433296838,2.8227188798158807,1.0078528944184872,2.0-3.0%,1.00-1.02,2025-09-03→2025-09-04
2025-09-03,2025-09-04,C,6510.0,0.021917808219178082,17.48712316208037,0.22369265199009628,19.754491048155387,0.3007883383695837,6448.26,6502.08,0.019178082191780823,45.485217522455024,38.01648346972706,5.460861469893084,1.3115716289490926,1.0086275699714609,2.0-3.0%,1.00-1.02,2025-09-03→2025-09-04
2025-09-03,2025-09-04,P,6510.0,0.021917808219178082,73.11993750625071,-0.7763073480098542,75.73956783355607,-0.6986125663960119,6448.26,6502.08,0.019178082191780823,49.189470787522424,40.91848469088791,6.930861469890125,2.7493283234331543,1.0086275699714609,2.0-3.0%,1.00-1.02,2025-09-03→2025-09-04
2025-09-03,2025-09-04,C,6515.0,0.021917808219178082,15.310083948716281,0.19931026952200795,17.954216285598477,0.2823871225479578,6448.26,6502.08,0.019178082191780823,42.65146994309685,35.228044517310536,5.823121294325587,1.3519250644689915,1.0094022455244342,2.0-3.0%,1.00-1.02,2025-09-03→2025-09-04
2025-09-03,2025-09-04,P,6515.0,0.021917808219178082,75.93820767410335,-0.8006897304779361,78.88929138263848,-0.7171268103306208,6448.26,6502.08,0.019178082191780823,51.35248530744792,43.083476640801564,7.34312129432228,2.8457649319937914,1.0094022455244342,2.0-3.0%,1.00-1.02,2025-09-03→2025-09-04
2025-09-03,2025-09-04,C,6520.0,0.021917808219178082,13.372524200961328,0.189008464194165,16.403958542323835,0.26512234930024114,6448.26,6502.08,0.019178082191780823,39.768023449263495,32.71365680572035,5.127564457070099,1.0311151606611038,1.0101769210774076,2.0-3.0%,1.00-1.02,2025-09-03→2025-09-04
2025-09-03,2025-09-04,P,6520.0,0.021917808219178082,78.99595730756539,-0.8109915358057748,82.18902170182173,-0.735190482422805,6448.26,6502.08,0.019178082191780823,53.46580091289532,45.405658468566344,6.897564457066565,2.817951763995154,1.0101769210774076,2.0-3.0%,1.00-1.02,2025-09-03→2025-09-04
2025-09-03,2025-09-04,C,6405.0,0.024657534246575342,81.0645448703583,0.6193128968903819,84.7768495668206,0.6503407419787862,6448.26,6502.08,0.049315068493150684,145.5917617266598,148.18845916507235,24.618579889359815,22.948661266701905,0.9920059715155422,2.0-3.0%,0.98-1.00,2025-09-03→2025-09-04
2025-09-03,2025-09-04,P,6405.0,0.024657534246575342,29.516970755165126,-0.3806871031095915,33.312504386522505,-0.3513457922407958,6448.26,6502.08,0.049315068493150684,37.572529439819114,34.44260410484867,20.488579889358103,18.90943053839953,0.9920059715155422,2.0-3.0%,0.98-1.00,2025-09-03→2025-09-04
2025-09-03,2025-09-04,C,6410.0,0.024657534246575342,77.76354931196428,0.5996764632476096,81.17729656321035,0.6377957211064795,6448.26,6502.08,0.049315068493150684,142.59018724339734,144.09211746784058,25.225412748013824,23.173834290049456,0.99278037118105,2.0-3.0%,0.98-1.00,2025-09-03→2025-09-04
2025-09-03,2025-09-04,P,6410.0,0.024657534246575342,31.209505583877537,-0.4003235367523536,34.762954398695,-0.36397648776472297,6448.26,6502.08,0.049315068493150684,39.562415352899045,35.41071209178972,20.995412748011557,19.039214571497286,0.99278037118105,2.0-3.0%,0.98-1.00,2025-09-03→2025-09-04
2025-09-03,2025-09-04,C,6415.0,0.024657534246575342,74.45701799700157,0.582600870878005,77.5777505444139,0.6250283721874804,6448.26,6502.08,0.049315068493150684,139.45437452099569,139.94990808039802,26.194421129345947,23.910973008869995,0.9935547708465579,2.0-3.0%,0.98-1.00,2025-09-03→2025-09-04
2025-09-03,2025-09-04,P,6415.0,0.024657534246575342,32.89650465602352,-0.4173991291219413,36.16340682316286,-0.3766992207406144,6448.26,6502.08,0.049315068493150684,41.41806302683883,36.2686377920013,21.46442112934276,19.27395206025976,0.9935547708465579,2.0-3.0%,0.98-1.00,2025-09-03→2025-09-04
2025-09-03,2025-09-04,C,6420.0,0.024657534246575342,71.17099767155966,0.5689973203778574,74.07822097495,0.6118095917261451,6448.26,6502.08,0.049315068493150684,136.65245281752004,135.88896970224232,26.576564217263897,24.272407773299065,0.9943291705120656,2.0-3.0%,0.98-1.00,2025-09-03→2025-09-04
2025-09-03,2025-09-04,P,6420.0,0.024657534246575342,34.604014717689694,-0.4310026796221294,37.66387558487759,-0.3898709993626948,6448.26,6502.08,0.049315068493150684,43.60760171970425,37.208060819477396,21.746564217262883,19.532857185700127,0.9943291705120656,2.0-3.0%,0.98-1.00,2025-09-03→2025-09-04
2025-09-03,2025-09-04,C,6425.0,0.024657534246575342,67.97410625356062,0.5490041698417614,70.57870031470384,0.5983418928100878,6448.26,6502.08,0.049315068493150684,133.99628528380484,131.77854318940354,27.152595579116564,24.497239328961257,0.9951035701775734,2.0-3.0%,0.98-1.00,2025-09-03→2025-09-04
2025-09-03,2025-09-04,P,6425.0,0.024657534246575342,36.40065368679793,-0.450995830158166,39.16435322203688,-0.40329084819281436,6448.26,6502.08,0.049315068493150684,45.9428945823317,38.09813525609047,22.272595579112362,19.70511344973715,0.9951035701775734,2.0-3.0%,0.98-1.00,2025-09-03→2025-09-04
2025-09-03,2025-09-04,C,6430.0,0.024657534246575342,64.85608173254802,0.5275273469991916,67.079189955125,0.5845849111521202,6448.26,6502.08,0.021917808219178082,102.76818265684952,99.44926920813214,4.808478184503667,1.7376400817930637,0.9958779698430813,2.0-3.0%,0.98-1.00,2025-09-03→2025-09-04
2025-09-03,2025-09-04,P,6430.0,0.024657534246575342,38.2761595528929,-0.47247265300075675,40.76484621390773,-0.4171418806589371,6448.26,6502.08,0.021917808219178082,24.05093268651767,20.118718529242187,4.778478184500592,1.8005760170638752,0.9958779698430813,2.0-3.0%,0.98-1.00,2025-09-03→2025-09-04
2025-09-03,2025-09-04,C,6435.0,0.024657534246575342,61.66369200148193,0.5163003571155845,63.87970412310551,0.5701391308841229,6448.26,6502.08,0.021917808219178082,99.04359556942205,95.52298969040476,4.41271478003938,1.5151119758166587,0.9966523695085892,2.0-3.0%,0.98-1.00,2025-09-03→2025-09-04
2025-09-03,2025-09-04,P,6435.0,0.024657534246575342,40.0773002089342,-0.4836996428843269,42.31534711689028,-0.43121523524112665,6448.26,6502.08,0.021917808219178082,25.32118444048225,20.995531921566453,4.782714780034336,1.9580039606773134,0.9966523695085892,2.0-3.0%,0.98-1.00,2025-09-03→2025-09-04
2025-09-03,2025-09-04,C,6440.0,0.024657534246575342,58.600477201170975,0.4968013574190708,60.63022426934231,0.5555175853036965,6448.26,6502.08,0.021917808219178082,95.36777845462187,91.55301677649186,4.81215094370576,1.6520435589552172,0.997426769174097,2.0-3.0%,0.98-1.00,2025-09-03→2025-09-04
2025-09-03,2025-09-04,P,6440.0,0.024657534246575342,42.007615795730906,-0.5031986425808946,44.1158683895178,-0.4458682359160634,6448.26,6502.08,0.021917808219178082,26.64020616707309,22.066872250337838,5.032150943703602,1.9466284570024008,0.997426769174097,2.0-3.0%,0.98-1.00,2025-09-03→2025-09-04
2025-09-03,2025-09-04,C,6445.0,0.024657534246575342,55.637390516862695,0.47491361497241674,57.43075657507825,0.540569726253011,6448.26,6502.08,0.021917808219178082,91.77331088088408,87.6181574632119,5.790149242184665,2.256537333063097,0.9982011688396049,2.0-3.0%,0.98-1.00,2025-09-03→2025-09-04
2025-09-03,2025-09-04,P,6445.0,0.024657534246575342,44.038059498530316,-0.5250863850275553,45.81639747527424,-0.46072587273025006,6448.26,6502.08,0.021917808219178082,28.040577434728686,23.050617746621583,5.4601492421828794,1.9962664703419257,0.9982011688396049,2.0-3.0%,0.98-1.00,2025-09-03→2025-09-04
2025-09-03,2025-09-04,C,6450.0,0.024657534246575342,52.57134650381048,0.4605243089114383,54.18129934657463,0.5253204742761473,6448.26,6502.08,0.021917808219178082,88.22272388158446,83.63426288075789,5.964581694386524,2.4772520744579083,0.9989755685051127,2.0-3.0%,0.98-1.00,2025-09-03→2025-09-04
2025-09-03,2025-09-04,P,6450.0,0.024657534246575342,45.96554587258552,-0.5394756910884886,47.76694259669466,-0.4760409251042099,6448.26,6502.08,0.021917808219178082,29.484829276819394,24.2346098911446,5.434581694382299,2.020522589108438,0.9989755685051127,2.0-3.0%,0.98-1.00,2025-09-03→2025-09-04
2025-09-03,2025-09-04,C,6455.0,0.024657534246575342,49.64299612355599,0.443254539579801,51.181856727873765,0.5096607218570982,6448.26,6502.08,0.021917808219178082,84.67292142917822,79.85277467583,5.894040679815241,2.3200599496511245,0.9997499681706206,2.0-3.0%,0.98-1.00,2025-09-03→2025-09-04
2025-09-03,2025-09-04,P,6455.0,0.024657534246575342,48.03072587943786,-0.556745460420165,49.56749762807067,-0.4916348771261628,6448.26,6502.08,0.021917808219178082,30.929865665805615,25.28523495923855,5.7640406798131245,2.259789086929942,0.9997499681706206,2.0-3.0%,0.98-1.00,2025-09-03→2025-09-04
2025-09-03,2025-09-04,C,6460.0,0.024657534246575342,46.75944245136734,0.4213016341336301,48.2324245836312,0.49370625821029396,6448.26,6502.08,0.021917808219178082,81.1957594595132,76.10821470396513,6.2255460509281555,2.328729183122128,1.0005243678361284,2.0-3.0%,1.00-1.02,2025-09-03→2025-09-04
2025-09-03,2025-09-04,P,6460.0,0.024657534246575342,50.14070259435745,-0.5786983658663161,51.71806444276808,-0.5075599632731637,6448.26,6502.08,0.021917808219178082,32.447542537533046,26.62744912830476,5.6955460509249605,1.8668772233615165,1.0005243678361284,2.0-3.0%,1.00-1.02,2025-09-03→2025-09-04
2025-09-03,2025-09-04,C,6465.0,0.024657534246575342,43.858013838923384,0.4012716476792477,45.18300672031546,0.47735167300165965,6448.26,6502.08,0.021917808219178082,77.81843584733949,72.26779197812084,6.503559921902998,2.408932959050812,1.0012987675016363,2.0-3.0%,1.00-1.02,2025-09-03→2025-09-04
2025-09-03,2025-09-04,P,6465.0,0.024657534246575342,52.232804369021146,-0.5987283523206786,53.818642062531126,-0.5237874893850415,6448.26,6502.08,0.021917808219178082,34.06505776675058,27.920912149563264,6.3735599218987495,2.340242678702783,1.0012987675016363,2.0-3.0%,1.00-1.02,2025-09-03→2025-09-04
2025-09-03,2025-09-04,C,6470.0,0.024657534246575342,41.039454163783304,0.388257582386202,42.4335952236961,0.4608164650183967,6448.26,6502.08,0.021917808219178082,74.40431201439132,68.68316575849622,4.753976915974711,0.8488578527100152,1.0020731671671441,2.0-3.0%,1.00-1.02,2025-09-03→2025-09-04
2025-09-03,2025-09-04,P,6470.0,0.024657534246575342,54.4077750809893,-0.6117424176137287,55.91923267269431,-0.5403820307205153,6448.26,6502.08,0.021917808219178082,35.64577277519247,29.205474838642658,6.173976915970691,2.333360893377968,1.0020731671671441,2.0-3.0%,1.00-1.02,2025-09-03→2025-09-04
2025-09-03,2025-09-04,C,6475.0,0.024657534246575342,38.261314352212075,0.367099702986368,39.834189264970064,0.4441467772890323,6448.26,6502.08,0.021917808219178082,71.0632778372109,65.22853174456668,6.64269398527378,2.49602044630441,1.002847566832652,2.0-3.0%,1.00-1.02,2025-09-03→2025-09-04
2025-09-03,2025-09-04,P,6475.0,0.024657534246575342,56.62316565652454,-0.6329002970135803,58.21983016516606,-0.5571488216942296,6448.26,6502.08,0.021917808219178082,37.29957743940464,30.66099202797568,6.662693985270703,2.585749583583276,1.002847566832652,2.0-3.0%,1.00-1.02,2025-09-03→2025-09-04
2025-09-03,2025-09-04,C,6480.0,0.024657534246575342,35.5441611954992,0.34331472150589143,37.18479544357888,0.4270985753477599,6448.26,6502.08,0.021917808219178082,67.83913128525231,61.72192468410185,5.072801688553021,0.5635546747836813,1.0036219664981598,2.0-3.0%,1.00-1.02,2025-09-03→2025-09-04
2025-09-03,2025-09-04,P,6480.0,0.024657534246575342,58.89954288691964,-0.6566852784940537,60.52043936963992,-0.5742820919407009,6448.26,6502.08,0.021917808219178082,39.07026972883889,32.10775126374165,6.892801688549774,2.4578621882483525,1.0036219664981598,2.0-3.0%,1.00-1.02,2025-09-03→2025-09-04
2025-09-03,2025-09-04,C,6485.0,0.024657534246575342,32.80089230061045,0.33121040362368287,34.535416676035766,0.4096454714030014,6448.26,6502.08,0.021917808219178082,64.57675985394819,58.20479909765527,4.974256076973489,0.7528807290905881,1.0043963661636675,2.0-3.0%,1.00-1.02,2025-09-03→2025-09-04
2025-09-03,2025-09-04,P,6485.0,0.024657534246575342,61.149804379138516,-0.6687895963763296,62.921057576231306,-0.5916501275802607,6448.26,6502.08,0.021917808219178082,40.80273713892608,33.63725938106427,6.694256076973865,2.5426098663694603,1.0043963661636675,2.0-3.0%,1.00-1.02,2025-09-03→2025-09-04
2025-09-03,2025-09-04,C,6490.0,0.024657534246575342,30.259222450835754,0.3124956331187979,32.23602419917415,0.392578233426914,6448.26,6502.08,0.021917808219178082,61.378362215825355,55.01281779613237,6.681485025546387,2.3714394769636016,1.0051707658291753,2.0-3.0%,1.00-1.02,2025-09-03→2025-09-04
2025-09-03,2025-09-04,P,6490.0,0.024657534246575342,63.60166491647125,-0.6875043668811358,65.52167396415007,-0.6089665182065737,6448.26,6502.08,0.021917808219178082,42.599178342193554,35.348246670457684,6.901485025542534,2.674578009877621,1.0051707658291753,2.0-3.0%,1.00-1.02,2025-09-03→2025-09-04
2025-09-03,2025-09-04,C,6495.0,0.024657534246575342,27.711516103815153,0.2890191021483166,29.886647214909317,0.37508122625342116,6448.26,6502.08,0.021917808219178082,58.26970890409503,51.76655503651591,5.344991922377682,0.7131284030409795,1.0059451654946832,2.0-3.0%,1.00-1.02,2025-09-03→2025-09-04
2025-09-03,2025-09-04,P,6495.0,0.024657534246575342,66.04748895655828,-0.7109808978516383,68.17229848132138,-0.6265054459009844,6448.26,6502.08,0.021917808219178082,44.485363871855476,37.0999566436567,7.364991922374962,2.8185230983907985,1.0059451654946832,2.0-3.0%,1.00-1.02,2025-09-03→2025-09-04
2025-09-03,2025-09-04,C,6500.0,0.024657534246575342,25.110645252720385,0.27045386299123797,27.637272469082745,0.35750953051144496,6448.26,6502.08,0.021917808219178082,55.218307485853465,48.61064200763121,5.444173093811651,0.7588370678741363,1.006719565160191,2.0-3.0%,1.00-1.02,2025-09-03→2025-09-04
2025-09-03,2025-09-04,P,6500.0,0.024657534246575342,68.44014849257165,-0.7295461370086777,70.9229252754867,-0.6441206773660287,6448.26,6502.08,0.021917808219178082,46.428801295005364,38.94191210007648,7.364173093806812,2.7665748558394725,1.006719565160191,2.0-3.0%,1.00-1.02,2025-09-03→2025-09-04
2025-09-03,2025-09-04,C,6505.0,0.024657534246575342,22.838994115382004,0.2574468410449835,25.337919358393265,0.339335997492115,6448.26,6502.08,0.021917808219178082,52.177215472989396,45.391971967811514,5.394211014959064,0.9869366149744678,1.0074939648256989,2.0-3.0%,1.00-1.02,2025-09-03→2025-09-04
2025-09-03,2025-09-04,P,6505.0,0.024657534246575342,71.16202774234081,-0.7425531589549853,74.17349979396113,-0.6602603663218146,6448.26,6502.08,0.021917808219178082,48.3825481235326,41.2896316359429,6.614211014957085,2.1852129154398625,1.0074939648256989,2.0-3.0%,1.00-1.02,2025-09-03→2025-09-04
2025-09-03,2025-09-04,C,6510.0,0.024657534246575342,20.485406465496112,0.23527355701481906,23.438525050260978,0.3223169493820527,6448.26,6502.08,0.021917808219178082,49.224991904595484,42.57818697194125,5.537577161462506,0.852901784258016,1.0082683644912067,2.0-3.0%,1.00-1.02,2025-09-03→2025-09-04
2025-09-03,2025-09-04,P,6510.0,0.024657534246575342,73.80197047956392,-0.7647264429851361,77.07412832733462,-0.6779207537309371,6448.26,6502.08,0.021917808219178082,50.425163396531026,43.27487209015544,6.957577161459795,2.2856949657988253,1.0082683644912067,2.0-3.0%,1.00-1.02,2025-09-03→2025-09-04
2025-09-03,2025-09-04,C,6515.0,0.024657534246575342,18.144477665369635,0.21110555304351147,21.389166051328402,0.30431297505890736,6448.26,6502.08,0.021917808219178082,46.38151064118464,39.59777438107676,6.138299135198274,1.1218756823296943,1.0090427641567146,2.0-3.0%,1.00-1.02,2025-09-03→2025-09-04
2025-09-03,2025-09-04,P,6515.0,0.024657534246575342,76.45457206654355,-0.7888944469564259,80.02476480634232,-0.6957983363841191,6448.26,6502.08,0.021917808219178082,52.576520974511645,45.300781747570454,7.508299135194605,2.4978664641930877,1.0090427641567146,2.0-3.0%,1.00-1.02,2025-09-03→2025-09-04
2025-09-03,2025-09-04,C,6520.0,0.024657534246575342,16.078482227230307,0.2015565910771092,19.639769144791217,0.28737069239179375,6448.26,6502.08,0.021917808219178082,43.510511768925845,36.933099932482946,5.552224268230042,0.9337093354737434,1.0098171638222224,2.0-3.0%,1.00-1.02,2025-09-03→2025-09-04
2025-09-03,2025-09-04,P,6520.0,0.024657534246575342,79.38210701551155,-0.7984434089228507,83.32535445756548,-0.7123629399038852,6448.26,6502.08,0.021917808219178082,54.700360943645045,47.697678481012645,6.872224268227583,2.239373425626887,1.0098171638222224,2.0-3.0%,1.00-1.02,2025-09-03→2025-09-04
2025-09-03,2025-09-04,C,6405.0,0.03287671232876712,86.01919303625182,0.593435353841559,87.80127176010637,0.6401677602676844,6448.26,6502.08,0.049315068493150684,145.5917617266598,139.3725859135693,23.011309256247458,20.4961711423934,0.9921077498613894,3.0-4.0%,0.98-1.00,2025-09-03→2025-09-04
2025-09-03,2025-09-04,P,6405.0,0.03287671232876712,35.127912157455846,-0.40656464615838106,36.999283084757735,-0.36136278359407026,6448.26,6502.08,0.049315068493150684,37.572529439819114,30.818579992975174,18.181309256243946,15.748545013032754,0.9921077498613894,3.0-4.0%,0.98-1.00,2025-09-03→2025-09-04
2025-09-03,2025-09-04,C,6410.0,0.03287671232876712,82.83950318372821,0.5762473346113407,84.25124748201142,0.628219511157603,6448.26,6502.08,0.049315068493150684,142.59018724339734,135.32300755089545,23.4363684512178,20.63922590949798,0.9928822289791579,3.0-4.0%,0.98-1.00,2025-09-03→2025-09-04
2025-09-03,2025-09-04,P,6410.0,0.03287671232876712,36.9422650208739,-0.42375266538857026,38.2992595100759,-0.3729733669167813,6448.26,6502.08,0.049315068493150684,39.562415352899045,31.605255665258483,18.706368451212732,15.973426607461064,0.9928822289791579,3.0-4.0%,0.98-1.00,2025-09-03→2025-09-04
2025-09-03,2025-09-04,C,6415.0,0.03287671232876712,79.56847685248856,0.5597861003183304,80.65122346949329,0.6161673459194534,6448.26,6502.08,0.049315068493150684,139.45437452099569,131.19025599092402,24.37231208086762,21.337873442615198,0.9936567080969263,3.0-4.0%,0.98-1.00,2025-09-03→2025-09-04
2025-09-03,2025-09-04,P,6415.0,0.03287671232876712,38.66528140557695,-0.44021389968156555,39.699235497557765,-0.3850255321549304,6448.26,6502.08,0.049315068493150684,41.41806302683883,32.472504105287726,19.142312080861725,16.17207414057824,0.9936567080969263,3.0-4.0%,0.98-1.00,2025-09-03→2025-09-04
2025-09-03,2025-09-04,C,6420.0,0.03287671232876712,76.33520162655019,0.5471306369864027,77.25119838024557,0.6035367740386686,6448.26,6502.08,0.049315068493150684,136.65245281752004,127.24792818606784,24.603429117391975,21.56765082123904,0.9944311872146948,3.0-4.0%,0.98-1.00,2025-09-03→2025-09-04
2025-09-03,2025-09-04,P,6420.0,0.03287671232876712,40.426048895579875,-0.4528693630135291,41.199210736679106,-0.3974907400944468,6448.26,6502.08,0.049315068493150684,43.60760171970425,33.419838659437346,19.373429117388003,16.39295163188301,0.9944311872146948,3.0-4.0%,0.98-1.00,2025-09-03→2025-09-04
2025-09-03,2025-09-04,C,6425.0,0.03287671232876712,73.32105943436943,0.5306883934419608,73.551173770883,0.5911433492247766,6448.26,6502.08,0.049315068493150684,133.99628528380484,122.94306458136998,25.188350664953823,21.934664944722694,0.9952056663324632,3.0-4.0%,0.98-1.00,2025-09-03→2025-09-04
2025-09-03,2025-09-04,P,6425.0,0.03287671232876712,42.40594941934074,-0.46931160655792636,42.69918551142109,-0.4101943389063265,6448.26,6502.08,0.049315068493150684,45.9428945823317,34.33610269066094,19.708350664947456,16.526659319938368,0.9952056663324632,3.0-4.0%,0.98-1.00,2025-09-03→2025-09-04
2025-09-03,2025-09-04,C,6430.0,0.03287671232876712,70.24054472695069,0.5107335513759385,70.25114747372663,0.577899503893712,6448.26,6502.08,0.030136986301369864,105.8271960633766,102.70816219124208,5.112320264947137,1.4974487004405823,0.9959801454502317,3.0-4.0%,0.98-1.00,2025-09-03→2025-09-04
2025-09-03,2025-09-04,P,6430.0,0.03287671232876712,44.31947742786372,-0.4892664486239697,44.29915950179202,-0.42329337418067314,6448.26,6502.08,0.030136986301369864,27.742261597112165,23.51867580719704,5.282320264941909,1.7316493984037074,0.9959801454502317,3.0-4.0%,0.98-1.00,2025-09-03→2025-09-04
2025-09-03,2025-09-04,C,6435.0,0.03287671232876712,67.0668702720137,0.4991171083633996,66.90112192758716,0.564485343909824,6448.26,6502.08,0.030136986301369864,102.15396244037069,98.70344421018217,5.087517227881968,1.5693987907734268,0.9967546245680001,3.0-4.0%,0.98-1.00,2025-09-03→2025-09-04
2025-09-03,2025-09-04,P,6435.0,0.03287671232876712,46.13984568886806,-0.50088289163646,45.99913386743083,-0.43675713131146304,6448.26,6502.08,0.030136986301369864,29.064358507181694,24.555711077096475,5.107517227874133,1.656268807182812,0.9967546245680001,3.0-4.0%,0.98-1.00,2025-09-03→2025-09-04
2025-09-03,2025-09-04,C,6440.0,0.03287671232876712,64.21365358146033,0.4839035682149927,63.60109348893411,0.5507522897540944,6448.26,6502.08,0.030136986301369864,98.54162482532077,94.733127627459,5.806309958669235,2.2085117654347997,0.9975291036857686,3.0-4.0%,0.98-1.00,2025-09-03→2025-09-04
2025-09-03,2025-09-04,P,6440.0,0.03287671232876712,48.280671714256016,-0.5160964317849259,47.69910544293862,-0.45047824169782347,6448.26,6502.08,0.030136986301369864,30.44735142520639,25.585924719584682,5.176309958664561,1.6447389681767248,0.9975291036857686,3.0-4.0%,0.98-1.00,2025-09-03→2025-09-04
2025-09-03,2025-09-04,C,6445.0,0.03287671232876712,61.390340490314024,0.464939073716257,60.40106560640697,0.5366699994324595,6448.26,6502.08,0.030136986301369864,95.00725197519976,90.83988381061954,6.626979052591182,2.766420630545184,0.998303582803537,3.0-4.0%,0.98-1.00,2025-09-03→2025-09-04
2025-09-03,2025-09-04,P,6445.0,0.03287671232876712,50.451401339051785,-0.5350609262836628,49.59907748486239,-0.46459825641950175,6448.26,6502.08,0.030136986301369864,31.9083091081581,26.778957633626078,5.4469790525865704,1.654678160497447,0.998303582803537,3.0-4.0%,0.98-1.00,2025-09-03→2025-09-04
2025-09-03,2025-09-04,C,6450.0,0.03287671232876712,58.324199746701886,0.4501975124338923,57.301035991773915,0.5222707610464368,6448.26,6502.08,0.030136986301369864,91.50946242410097,87.02521734962284,6.120369880808056,2.2413876404809336,0.9990780619213055,3.0-4.0%,0.98-1.00,2025-09-03→2025-09-04
2025-09-03,2025-09-04,P,6450.0,0.03287671232876712,52.37930331138013,-0.5498024875659756,51.29904803655654,-0.4789098881510041,6448.26,6502.08,0.030136986301369864,33.40585009013496,27.792303668323257,5.640369880800652,1.8249301802869056,0.9990780619213055,3.0-4.0%,0.98-1.00,2025-09-03→2025-09-04
2025-09-03,2025-09-04,C,6455.0,0.03287671232876712,55.49059127728422,0.43563387330802156,54.20100786695457,0.5075857664567652,6448.26,6502.08,0.030136986301369864,88.03558725965576,83.20262433044172,6.054184938562408,2.1817340492970416,0.999852541039074,3.0-4.0%,0.98-1.00,2025-09-03→2025-09-04
2025-09-03,2025-09-04,P,6455.0,0.03287671232876712,54.539737557903095,-0.5643661266918832,53.2490198950195,-0.4936071116176198,6448.26,6502.08,0.030136986301369864,34.92730545876443,29.013137946396455,5.674184938556994,1.8659347472601517,0.999852541039074,3.0-4.0%,0.98-1.00,2025-09-03→2025-09-04
2025-09-03,2025-09-04,C,6460.0,0.03287671232876712,53.029843717584605,0.41969289576589963,51.20097808918899,0.49259664140835235,6448.26,6502.08,0.030136986301369864,84.6450997735051,79.45927065299475,6.162128349879403,2.238448759402619,1.0006270201568424,3.0-4.0%,1.00-1.02,2025-09-03→2025-09-04
2025-09-03,2025-09-04,P,6460.0,0.03287671232876712,57.073032714146635,-0.5803071042339853,55.24899011725438,-0.5085962366660327,6448.26,6502.08,0.030136986301369864,36.532148505689335,30.269784268949934,5.8821283498729215,2.0226494573657305,1.0006270201568424,3.0-4.0%,1.00-1.02,2025-09-03→2025-09-04
2025-09-03,2025-09-04,C,6465.0,0.03287671232876712,50.113985905370015,0.40009612954130114,48.300947795172306,0.47733673478196964,6448.26,6502.08,0.030136986301369864,81.33673552807178,75.7967028589569,6.416826308087291,2.2597369340345352,1.001401499274611,3.0-4.0%,1.00-1.02,2025-09-03→2025-09-04
2025-09-03,2025-09-04,P,6465.0,0.03287671232876712,59.15121761787392,-0.5999038704585838,57.298959763910716,-0.5238860171021276,6448.26,6502.08,0.030136986301369864,38.21911479333059,31.561867542966866,6.136826308080806,2.045545440436353,1.001401499274611,3.0-4.0%,1.00-1.02,2025-09-03→2025-09-04
2025-09-03,2025-09-04,C,6470.0,0.03287671232876712,47.32623632922044,0.3879897208099848,45.450916899803815,0.46179576987037385,6448.26,6502.08,0.030136986301369864,78.02078629371516,72.17048395314941,6.218393226006725,2.2461516655766083,1.0021759783923794,3.0-4.0%,1.00-1.02,2025-09-03→2025-09-04
2025-09-03,2025-09-04,P,6470.0,0.03287671232876712,61.357510757665274,-0.6120102791899134,59.54892901756466,-0.5393521114237426,6448.26,6502.08,0.030136986301369864,39.89849609204802,33.027053822285325,5.888393226000964,1.977930636825672,1.0021759783923794,3.0-4.0%,1.00-1.02,2025-09-03→2025-09-04
2025-09-03,2025-09-04,C,6475.0,0.03287671232876712,45.208758015133824,0.37552646181255395,42.85088506136162,0.44620533407674584,6448.26,6502.08,0.030136986301369864,74.80474950171843,68.7672746588114,5.889165825248458,2.085228919989671,1.0029504575101478,3.0-4.0%,1.00-1.02,2025-09-03→2025-09-04
2025-09-03,2025-09-04,P,6475.0,0.03287671232876712,64.23407515952087,-0.6244735381873399,61.69889657327485,-0.5552303360143594,6448.26,6502.08,0.030136986301369864,41.677789833125736,34.390604387759595,5.859165825242449,2.132496684292665,1.0029504575101478,3.0-4.0%,1.00-1.02,2025-09-03→2025-09-04
2025-09-03,2025-09-04,C,6480.0,0.03287671232876712,42.51058409694169,0.3534443606501133,40.10085406651433,0.4301325161958672,6448.26,6502.08,0.030136986301369864,71.69052409914545,65.21513487654556,6.327624509811006,2.2002679783385553,1.0037249366279162,3.0-4.0%,1.00-1.02,2025-09-03→2025-09-04
2025-09-03,2025-09-04,P,6480.0,0.03287671232876712,66.52994395726995,-0.646555639349786,64.04886578814376,-0.5712146845496261,6448.26,6502.08,0.030136986301369864,43.558894963628006,35.93050942374521,6.2476245098052985,2.192774322460714,1.0037249366279162,3.0-4.0%,1.00-1.02,2025-09-03→2025-09-04
2025-09-03,2025-09-04,C,6485.0,0.03287671232876712,39.70419781869634,0.3403694063422073,37.50082189289424,0.4139290092585657,6448.26,6502.08,0.030136986301369864,68.56113458941844,61.79426443842476,6.2313185506625,2.2723407217041114,1.0044994157456848,3.0-4.0%,1.00-1.02,2025-09-03→2025-09-04
2025-09-03,2025-09-04,P,6485.0,0.03287671232876712,68.71760039496557,-0.6596305936577659,66.44883354658077,-0.5874524121838859,6448.26,6502.08,0.030136986301369864,45.42483598697433,37.508010457895125,6.151318550660768,2.2666888237365654,1.0044994157456848,3.0-4.0%,1.00-1.02,2025-09-03→2025-09-04
2025-09-03,2025-09-04,C,6490.0,0.03287671232876712,37.87541677793202,0.3312516913424993,35.00078941649235,0.3975710800217722,6448.26,6502.08,0.030136986301369864,65.54491082865131,58.45956324683448,5.772033971946783,2.2027244732283364,1.0052738948634532,3.0-4.0%,1.00-1.02,2025-09-03→2025-09-04
2025-09-03,2025-09-04,P,6490.0,0.03287671232876712,71.88286207014258,-0.6687483086573758,68.99880122240256,-0.6037337198238104,6448.26,6502.08,0.030136986301369864,47.40394275928087,39.22083798838321,5.792033971939766,2.2929488009172942,1.0052738948634532,3.0-4.0%,1.00-1.02,2025-09-03→2025-09-04
2025-09-03,2025-09-04,C,6495.0,0.03287671232876712,35.68169689214095,0.3132955888762599,32.60075678096746,0.38109703979232684,6448.26,6502.08,0.030136986301369864,62.622112133114776,55.212809905650374,5.888431406679782,2.239357318377081,1.0060483739812216,3.0-4.0%,1.00-1.02,2025-09-03→2025-09-04
2025-09-03,2025-09-04,P,6495.0,0.03287671232876712,74.68318490029407,-0.686704411123651,71.59876855190987,-0.620226157923423,6448.26,6502.08,0.030136986301369864,49.47647459681891,40.97318579970761,5.908431406674701,2.330571819438447,1.0060483739812216,3.0-4.0%,1.00-1.02,2025-09-03→2025-09-04
2025-09-03,2025-09-04,C,6500.0,0.03287671232876712,32.92785381105747,0.2939897470385514,30.450724725423242,0.36499306560303296,6448.26,6502.08,0.030136986301369864,59.749985747069005,52.20907372758984,4.377471814385249,0.5560732092448717,1.00682285309899,3.0-4.0%,1.00-1.02,2025-09-03→2025-09-04
2025-09-03,2025-09-04,P,6500.0,0.03287671232876712,76.92338453515242,-0.7060102529613334,74.398736163369,-0.6364970048864677,6448.26,6502.08,0.030136986301369864,51.59967874384861,42.917457436330096,5.9974718143787555,2.256268802989503,1.00682285309899,3.0-4.0%,1.00-1.02,2025-09-03→2025-09-04
2025-09-03,2025-09-04,C,6505.0,0.03287671232876712,30.61631130829831,0.28273571633898653,28.15069124301317,0.3481307794108534,6448.26,6502.08,0.030136986301369864,56.96229028871558,49.042762622651026,4.183163746635826,0.6636014521079687,1.0075973322167586,3.0-4.0%,1.00-1.02,2025-09-03→2025-09-04
2025-09-03,2025-09-04,P,6505.0,0.03287671232876712,79.60588474833366,-0.7172642836609208,77.19870327107674,-0.6530620986635345,6448.26,6502.08,0.030136986301369864,53.8073138185702,44.85327623860621,5.753163746630548,2.2978021500712345,1.0075973322167586,3.0-4.0%,1.00-1.02,2025-09-03→2025-09-04
2025-09-03,2025-09-04,C,6510.0,0.03287671232876712,29.788837879673544,0.27784755421048823,26.150659100295343,0.33195228825459466,6448.26,6502.08,0.030136986301369864,54.29459515124038,46.17862958527303,3.4462446323916023,0.5343278461378098,1.008371811334527,3.0-4.0%,1.00-1.02,2025-09-03→2025-09-04
2025-09-03,2025-09-04,P,6510.0,0.03287671232876712,83.77245403565244,-0.7221524457894017,80.49867335757881,-0.6681198145177095,6448.26,6502.08,0.030136986301369864,56.13494921416847,47.307351022564944,4.766244632385387,1.8582084173429294,1.008371811334527,3.0-4.0%,1.00-1.02,2025-09-03→2025-09-04
2025-09-03,2025-09-04,C,6515.0,0.03287671232876712,27.238488358001728,0.25412132747279687,24.050625122338488,0.3150752164240271,6448.26,6502.08,0.030136986301369864,51.715544288754344,43.198233716021605,3.8731901554141466,0.5926518520589532,1.0091462904522954,3.0-4.0%,1.00-1.02,2025-09-03→2025-09-04
2025-09-03,2025-09-04,P,6515.0,0.03287671232876712,86.21614722992081,-0.7458786725271047,83.29863887606916,-0.6852819715646266,6448.26,6502.08,0.030136986301369864,58.55122888475673,49.22534665797548,5.4431901554085655,2.1818757096080077,1.0091462904522954,3.0-4.0%,1.00-1.02,2025-09-03→2025-09-04
2025-09-03,2025-09-04,C,6520.0,0.03287671232876712,24.87754577086683,0.2435149137616209,22.300594425269537,0.2993704871417686,6448.26,6502.08,0.030136986301369864,49.15742565792741,40.588256599736724,3.5440273413496364,0.537880382030103,1.0099207695700638,3.0-4.0%,1.00-1.02,2025-09-03→2025-09-04
2025-09-03,2025-09-04,P,6520.0,0.03287671232876712,88.84924735872748,-0.756485086238283,86.39860690930982,-0.7015927532428841,6448.26,6502.08,0.030136986301369864,60.98844078700377,51.4540228613987,5.114027341344162,2.1597219795318097,1.0099207695700638,3.0-4.0%,1.00-1.02,2025-09-03→2025-09-04
2025-09-03,2025-09-04,C,6405.0,0.03561643835616438,89.30939371474317,0.5872968818260902,91.20335036151437,0.6348489425654097,6448.26,6502.08,0.049315068493150684,145.5917617266598,140.0835473099305,19.941681820119992,17.382429911129833,0.9920304127426104,3.0-4.0%,0.98-1.00,2025-09-03→2025-09-04
2025-09-03,2025-09-04,P,6405.0,0.03561643835616438,37.919422986418894,-0.41270311817372046,39.79806606228749,-0.36652385456672354,6448.26,6502.08,0.049315068493150684,37.572529439819114,31.611178408420074,15.711681820109515,13.226313852780955,0.9920304127426104,3.0-4.0%,0.98-1.00,2025-09-03→2025-09-04
2025-09-03,2025-09-04,C,6410.0,0.03561643835616438,86.37575017491633,0.5728832971674823,87.55329116003986,0.6236731063005241,6448.26,6502.08,0.049315068493150684,142.59018724339734,135.9330780286291,20.31742094644626,17.583913418905965,0.9928048314879208,3.0-4.0%,0.98-1.00,2025-09-03→2025-09-04
2025-09-03,2025-09-04,P,6410.0,0.03561643835616438,39.97943286522908,-0.42711670283230624,41.14800690936818,-0.3776911908433505,6448.26,6502.08,0.049315068493150684,39.562415352899045,32.46089230092548,16.037420946434594,13.377339891189013,0.9928048314879208,3.0-4.0%,0.98-1.00,2025-09-03→2025-09-04
2025-09-03,2025-09-04,C,6415.0,0.03561643835616438,83.12441463944492,0.5567405522646315,83.95323052892627,0.6121902862001584,6448.26,6502.08,0.049315068493150684,139.45437452099569,131.81141852825567,21.236223477117697,18.251918796707656,0.9935792502332311,3.0-4.0%,0.98-1.00,2025-09-03→2025-09-04
2025-09-03,2025-09-04,P,6415.0,0.03561643835616438,41.721750748391166,-0.44325944773516535,42.597945880091174,-0.3892495628663084,6448.26,6502.08,0.049315068493150684,41.41806302683883,33.392293156576216,16.40622347710647,13.499411473464601,0.9935792502332311,3.0-4.0%,0.98-1.00,2025-09-03→2025-09-04
2025-09-03,2025-09-04,C,6420.0,0.03561643835616438,79.8970006665655,0.5442845265579855,80.40316830881648,0.6004005196024141,6448.26,6502.08,0.049315068493150684,136.65245281752004,127.71778306430406,21.606606780649383,18.58644403499825,0.9943536689785416,3.0-4.0%,0.98-1.00,2025-09-03→2025-09-04
2025-09-03,2025-09-04,P,6420.0,0.03561643835616438,43.487990194147066,-0.455715473441835,44.0478837568935,-0.40102099152409715,6448.26,6502.08,0.049315068493150684,43.60760171970425,34.29912261385971,16.676606780639432,13.732949763826799,0.9943536689785416,3.0-4.0%,0.98-1.00,2025-09-03→2025-09-04
2025-09-03,2025-09-04,C,6425.0,0.03561643835616438,77.1988069930759,0.5313740009442474,76.85310481762826,0.5883691487105703,6448.26,6502.08,0.049315068493150684,133.99628528380484,123.59802124423368,21.851451269180764,18.78397241639728,0.995128087723852,3.0-4.0%,0.98-1.00,2025-09-03→2025-09-04
2025-09-03,2025-09-04,P,6425.0,0.03561643835616438,45.783449939293334,-0.4686259990555489,45.54782001831336,-0.4130992515318828,6448.26,6502.08,0.049315068493150684,45.9428945823317,35.23320472819,16.821451269169508,13.833001717445814,0.995128087723852,3.0-4.0%,0.98-1.00,2025-09-03→2025-09-04
2025-09-03,2025-09-04,C,6430.0,0.03561643835616438,74.17264245032158,0.5124030399321015,73.5530384114195,0.5757852877481493,6448.26,6502.08,0.03287671232876712,107.87620629603616,105.75360081133476,4.622468390854451,1.2112358133947758,0.9959025064691623,3.0-4.0%,0.98-1.00,2025-09-03→2025-09-04
2025-09-03,2025-09-04,P,6430.0,0.03561643835616438,47.75093881517509,-0.4875969600676849,47.14775436013451,-0.42554135043006935,6448.26,6502.08,0.03287671232876712,29.211832065453343,26.087970772941844,4.692468390842656,1.3526354801462048,0.9959025064691623,3.0-4.0%,0.98-1.00,2025-09-03→2025-09-04
2025-09-03,2025-09-04,C,6435.0,0.03561643835616438,70.98277227691372,0.5005404235195491,70.20297028014511,0.5630432001892466,6448.26,6502.08,0.03287671232876712,104.28073948257817,101.77960547727344,5.260914406178031,1.897014965814929,0.9966769252144727,3.0-4.0%,0.98-1.00,2025-09-03→2025-09-04
2025-09-03,2025-09-04,P,6435.0,0.03561643835616438,49.55472206039997,-0.49945957648021744,48.747686522806816,-0.4382277292951939,6448.26,6502.08,0.03287671232876712,30.611245209826556,27.07196108801054,4.780914406165156,1.4854163906672042,0.9966769252144727,3.0-4.0%,0.98-1.00,2025-09-03→2025-09-04
2025-09-03,2025-09-04,C,6440.0,0.03561643835616438,68.41603394401214,0.4886368219074373,66.90290232679763,0.5500092171383972,6448.26,6502.08,0.03287671232876712,100.760504480463,97.84107335916178,5.201566244941866,1.8985039336116216,0.9974513439597831,3.0-4.0%,0.98-1.00,2025-09-03→2025-09-04
2025-09-03,2025-09-04,P,6440.0,0.03561643835616438,51.98163714613468,-0.5113631780923689,50.44761856945979,-0.45126171234604384,6448.26,6502.08,0.03287671232876712,32.08589016553972,28.13342896990025,4.77156624493114,1.5369053584639438,0.9974513439597831,3.0-4.0%,0.98-1.00,2025-09-03→2025-09-04
2025-09-03,2025-09-04,C,6445.0,0.03561643835616438,65.8036463179237,0.4721800924416635,63.702831926598265,0.536657010850147,6448.26,6502.08,0.03287671232876712,97.32299976553871,93.98138812194065,5.387267424789805,1.917119676045239,0.9982257627050936,3.0-4.0%,0.98-1.00,2025-09-03→2025-09-04
2025-09-03,2025-09-04,P,6445.0,0.03561643835616438,54.362902938682694,-0.5278199075581471,52.24754816925906,-0.46461391863429324,6448.26,6502.08,0.03287671232876712,33.643265408446254,29.273743732677758,4.9572674247793245,1.5555211008975292,0.9982257627050936,3.0-4.0%,0.98-1.00,2025-09-03→2025-09-04
2025-09-03,2025-09-04,C,6450.0,0.03561643835616438,62.71472360358364,0.45738609831466737,60.502759048281405,0.5230410797525202,6448.26,6502.08,0.03287671232876712,93.92353785507693,90.1140035723547,3.6834801887047313,0.14992908771951008,0.9990001814504039,3.0-4.0%,0.98-1.00,2025-09-03→2025-09-04
2025-09-03,2025-09-04,P,6450.0,0.03561643835616438,56.267633642975284,-0.5426139016850997,54.19747512728327,-0.4782652028927181,6448.26,6502.08,0.03287671232876712,35.23868345581493,30.538368696107227,5.253480188691906,1.7902332196859483,0.9990001814504039,3.0-4.0%,0.98-1.00,2025-09-03→2025-09-04
2025-09-03,2025-09-04,C,6455.0,0.03561643835616438,59.86887332607854,0.4433643849556112,57.45268662829449,0.5091221059365169,6448.26,6502.08,0.03287671232876712,90.57390364502646,86.37077146435058,5.438128801689132,1.8990482584968085,0.9997746001957143,3.0-4.0%,0.98-1.00,2025-09-03→2025-09-04
2025-09-03,2025-09-04,P,6455.0,0.03561643835616438,58.41543678410429,-0.5566356150441961,55.99740287095619,-0.49214882354792355,6448.26,6502.08,0.03287671232876712,36.88392920359399,31.663127075086777,5.108128801678472,1.6374496833491001,0.9997746001957143,3.0-4.0%,0.98-1.00,2025-09-03→2025-09-04
2025-09-03,2025-09-04,C,6460.0,0.03561643835616438,58.039345410591665,0.43349978053974053,54.4526117825576,0.4949431764627805,6448.26,6502.08,0.03287671232876712,87.31743279839168,82.66462036341,5.2690418113513005,1.962158242773306,1.0005490189410247,3.0-4.0%,1.00-1.02,2025-09-03→2025-09-04
2025-09-03,2025-09-04,P,6460.0,0.03561643835616438,61.579562287255584,-0.566500219460032,57.94732795760319,-0.5063405801605884,6448.26,6502.08,0.03287671232876712,38.622338314789296,32.911848001261205,5.13904181133875,1.9012500242427102,1.0005490189410247,3.0-4.0%,1.00-1.02,2025-09-03→2025-09-04
2025-09-03,2025-09-04,C,6465.0,0.03561643835616438,55.11454626486706,0.41439624749381515,51.452535441669625,0.4804732524513557,6448.26,6502.08,0.03287671232876712,84.14036751850165,78.94960274525283,5.6471939598829906,2.090929553068179,1.0013234376863351,3.0-4.0%,1.00-1.02,2025-09-03→2025-09-04
2025-09-03,2025-09-04,P,6465.0,0.03561643835616438,63.64841656016588,-0.5856037525059712,60.04725182093034,-0.5207717985875214,6448.26,6502.08,0.03287671232876712,40.440152992729125,34.28769048316917,5.217193959871203,1.7279381999802546,1.0013234376863351,3.0-4.0%,1.00-1.02,2025-09-03→2025-09-04
2025-09-03,2025-09-04,C,6470.0,0.03561643835616438,52.27922316961739,0.40228524615388456,48.65245811633167,0.46582272489080934,6448.26,6502.08,0.03287671232876712,80.98473610697422,75.40898259584128,5.449008051998046,2.0294209463767707,1.0020978564316454,3.0-4.0%,1.00-1.02,2025-09-03→2025-09-04
2025-09-03,2025-09-04,P,6470.0,0.03561643835616438,65.80674688354875,-0.5977147538459343,62.14717415083942,-0.5354876196781482,6448.26,6502.08,0.03287671232876712,42.279401539031916,35.65497188514746,5.169008051988001,1.8199436910777713,1.0020978564316454,3.0-4.0%,1.00-1.02,2025-09-03→2025-09-04
2025-09-03,2025-09-04,C,6475.0,0.03561643835616438,50.893429938814045,0.3965865266570772,45.85237894948932,0.4508944342741943,6448.26,6502.08,0.03287671232876712,77.95220615303109,71.86012376642748,5.0057131353162205,2.0828615473629952,1.0028722751769559,3.0-4.0%,1.00-1.02,2025-09-03→2025-09-04
2025-09-03,2025-09-04,P,6475.0,0.03561643835616438,69.41460707138428,-0.6034134733427053,64.34709490619343,-0.5504300083494751,6448.26,6502.08,0.03287671232876712,44.24175154291808,37.105451105209795,4.7257131353042325,1.8741430493685947,1.0028722751769559,3.0-4.0%,1.00-1.02,2025-09-03→2025-09-04
2025-09-03,2025-09-04,C,6480.0,0.03561643835616438,48.25540884177302,0.3758545344185414,43.20229991941642,0.4358419407823055,6448.26,6502.08,0.03287671232876712,75.01807765843833,68.44379535972166,3.4715089575942137,0.24298674709644885,1.0036466939222664,3.0-4.0%,1.00-1.02,2025-09-03→2025-09-04
2025-09-03,2025-09-04,P,6480.0,0.03561643835616438,71.77023939297695,-0.624145465581272,66.64701544366653,-0.5655651132334448,6448.26,6502.08,0.03287671232876712,46.302503006155995,38.64070483856494,5.091508957583869,1.9387143942238296,1.0036466939222664,3.0-4.0%,1.00-1.02,2025-09-03→2025-09-04
2025-09-03,2025-09-04,C,6485.0,0.03561643835616438,45.3839547939375,0.36275116411118014,40.552218940802504,0.42049653013954286,6448.26,6502.08,0.03287671232876712,72.08675832499509,65.01848066521052,5.176732347536394,2.0688767478899273,1.0044211126675766,3.0-4.0%,1.00-1.02,2025-09-03→2025-09-04
2025-09-03,2025-09-04,P,6485.0,0.03561643835616438,73.89243876377505,-0.6372488358886927,69.04693474420492,-0.5808576319157035,6448.26,6502.08,0.03287671232876712,48.36606363054278,40.262386731618335,4.99673234752926,1.961757749702997,1.0044211126675766,3.0-4.0%,1.00-1.02,2025-09-03→2025-09-04
2025-09-03,2025-09-04,C,6490.0,0.03561643835616438,44.17150763028263,0.35924636337027516,38.002137166462944,0.40500014339851437,6448.26,6502.08,0.03287671232876712,69.32559658947964,61.67987821511042,4.515360723411899,2.0528922822920777,1.005195531412887,3.0-4.0%,1.00-1.02,2025-09-03→2025-09-04
2025-09-03,2025-09-04,P,6490.0,0.03561643835616438,77.67364501875632,-0.640753636629499,71.6968549709004,-0.5959748406899212,6448.26,6502.08,0.03287671232876712,50.59978185285743,42.119856402120604,4.235360723399452,1.8253659259313864,1.005195531412887,3.0-4.0%,1.00-1.02,2025-09-03→2025-09-04
2025-09-03,2025-09-04,C,6495.0,0.03561643835616438,42.26196624781835,0.3444168401723071,35.60205541416053,0.3895046461208435,6448.26,6502.08,0.03287671232876712,66.65491795671406,58.479712954705974,4.413485661926526,1.9868599457763096,1.0059699501581973,3.0-4.0%,1.00-1.02,2025-09-03→2025-09-04
2025-09-03,2025-09-04,P,6495.0,0.03561643835616438,80.75775705492813,-0.6555831598275007,74.04677044123218,-0.6119967662946318,6448.26,6502.08,0.03287671232876712,52.923983177921585,43.67205279054451,4.383485661915898,2.0376659619769057,1.0059699501581973,3.0-4.0%,1.00-1.02,2025-09-03→2025-09-04
2025-09-03,2025-09-04,C,6500.0,0.03561643835616438,39.45994306153266,0.3257642287573523,33.30197366683615,0.3739666726367383,6448.26,6502.08,0.03287671232876712,64.02713890433753,55.37144890446689,2.6673692082793963,0.07311367869085927,1.0067443689035078,3.0-4.0%,1.00-1.02,2025-09-03→2025-09-04
2025-09-03,2025-09-04,P,6500.0,0.03561643835616438,82.9493872872762,-0.6742357712424374,76.74668852864215,-0.6275679405032177,6448.26,6502.08,0.03287671232876712,55.29108408337615,45.56213013638944,4.587369208267781,2.075706557882995,1.0067443689035078,3.0-4.0%,1.00-1.02,2025-09-03→2025-09-04
2025-09-03,2025-09-04,C,6505.0,0.03561643835616438,37.024572850790975,0.31428018865935475,31.00188982940972,0.3581299470656071,6448.26,6502.08,0.03287671232876712,61.5794072665858,52.253695174584664,2.8354402463536204,0.47544624892913134,1.0075187876488183,3.0-4.0%,1.00-1.02,2025-09-03→2025-09-04
2025-09-03,2025-09-04,P,6505.0,0.03561643835616438,85.50767049516878,-0.6857198113404829,79.49660528391632,-0.6432903303022264,6448.26,6502.08,0.03287671232876712,57.83823240345427,47.49433918489649,4.3554402463445925,2.0718855768656397,1.0075187876488183,3.0-4.0%,1.00-1.02,2025-09-03→2025-09-04
2025-09-03,2025-09-04,C,6510.0,0.03561643835616438,37.182181953914395,0.3174943547356791,28.90180786652627,0.3425983405479754,6448.26,6502.08,0.03287671232876712,59.26229479076322,49.333575657528854,1.6624538281258445,0.3113573117080648,1.0082932063941286,3.0-4.0%,1.00-1.02,2025-09-03→2025-09-04
2025-09-03,2025-09-04,P,6510.0,0.03561643835616438,90.65893301693042,-0.6825056452641128,82.59652674085191,-0.6581739497403015,6448.26,6502.08,0.03287671232876712,60.515999885461724,49.78370975476628,3.032453828114363,1.7229219750228495,1.0082932063941286,3.0-4.0%,1.00-1.02,2025-09-03→2025-09-04
2025-09-03,2025-09-04,C,6515.0,0.03561643835616438,34.64800210810406,0.29526330734201134,26.801724356122122,0.32678318152746244,6448.26,6502.08,0.03287671232876712,57.010746261957365,46.4045397142354,2.058928798853035,0.3625291701920652,1.009067625139439,3.0-4.0%,1.00-1.02,2025-09-03→2025-09-04
2025-09-03,2025-09-04,P,6515.0,0.03561643835616438,93.11840658975215,-0.7047366926577662,85.49644353120766,-0.673933113554006,6448.26,6502.08,0.03287671232876712,63.25933131448522,51.85753635722676,3.4789287988407693,1.821080171476403,1.009067625139439,3.0-4.0%,1.00-1.02,2025-09-03→2025-09-04
2025-09-03,2025-09-04,C,6520.0,0.03561643835616438,32.16134629359274,0.2847856384386416,24.85164133447165,0.3112310046641007,6448.26,6502.08,0.03287671232876712,54.82382883485541,43.6266685115138,1.7728369392323948,0.3495473289781934,1.0098420438847493,3.0-4.0%,1.00-1.02,2025-09-03→2025-09-04
2025-09-03,2025-09-04,P,6520.0,0.03561643835616438,95.62540419387524,-0.7152143615611655,88.49635979734376,-0.6896320989842487,6448.26,6502.08,0.03287671232876712,66.0672938452134,54.028100480921694,3.242836939221718,1.865999567332068,1.0098420438847493,3.0-4.0%,1.00-1.02,2025-09-03→2025-09-04
