asof0,asof1,cp,K,T,price0_pde,delta0_pde,price0_bsm,delta0_bsm,S0,S1,T1,price1_pde,price1_bsm,pnl_pde,pnl_bsm,m,T_bucket,m_bucket,pair
2025-09-04,2025-09-05,C,6430.0,0.010958904109589041,86.45911770215466,0.7698861595071117,81.44999997399646,0.8269378547315241,6502.08,6481.5,0.00821917808219178,146.09121886376596,61.54981810414483,-11.305742837343702,-10.131618949625299,0.9886223862238622,1.0-2.0%,0.98-1.00,2025-09-04→2025-09-05
2025-09-04,2025-09-05,P,6430.0,0.010958904109589041,12.480962720604014,-0.23011384049282202,6.950000089314926,-0.1673712974453437,6502.08,6481.5,0.00821917808219178,95.82710756937107,8.11644464667279,-8.585742837342261,-7.294501301425162,0.9886223862238622,1.0-2.0%,0.98-1.00,2025-09-04→2025-09-05
2025-09-04,2025-09-05,C,6435.0,0.010958904109589041,82.69328431507874,0.7512820813262913,77.00000045359047,0.8143188063519298,6502.08,6481.5,0.00821917808219178,133.1129021434996,57.33992802838566,-11.93861476630498,-10.641318965277343,0.9893911439114391,1.0-2.0%,0.98-1.00,2025-09-04→2025-09-05
2025-09-04,2025-09-05,P,6435.0,0.010958904109589041,13.713653318769389,-0.24871791867366969,7.449999999040756,-0.1796091506231381,6502.08,6481.5,0.00821917808219178,87.84975188232055,8.85577344144258,-9.018614766304104,-7.596356319824169,0.9893911439114391,1.0-2.0%,0.98-1.00,2025-09-04→2025-09-05
2025-09-04,2025-09-05,C,6440.0,0.010958904109589041,78.98926462402677,0.735009690967942,72.60000000109176,0.8006718330930686,6502.08,6481.5,0.00821917808219178,122.04840724502651,53.209951328602074,-12.3735005598798,-11.0221736749447,0.990159901599016,1.0-2.0%,0.98-1.00,2025-09-04→2025-09-05
2025-09-04,2025-09-05,P,6440.0,0.010958904109589041,15.008157612954415,-0.2649903090320501,8.05000001901044,-0.19351064051926745,6502.08,6481.5,0.00821917808219178,81.78621801706186,9.725811819399269,-9.453500559879572,-7.982448981886511,0.990159901599016,1.0-2.0%,0.98-1.00,2025-09-04→2025-09-05
2025-09-04,2025-09-05,C,6445.0,0.010958904109589041,75.39815972030648,0.7119485870245752,68.25000000000091,0.7859701412747614,6502.08,6481.5,0.00821917808219178,141.45396899743218,49.16292418825651,-12.848098079034294,-11.324734492565469,0.9909286592865929,1.0-2.0%,0.98-1.00,2025-09-04→2025-09-05
2025-09-04,2025-09-05,P,6445.0,0.010958904109589041,16.415576694476627,-0.2880514129753797,8.750000000010004,-0.20902944066088427,6502.08,6481.5,0.00821917808219178,106.1927408026682,10.729622046897248,-10.028098079033292,-8.401825888800982,0.9909286592865929,1.0-2.0%,0.98-1.00,2025-09-04→2025-09-05
2025-09-04,2025-09-05,C,6450.0,0.010958904109589041,71.90005796961525,0.688874874053527,63.9499999683203,0.7701785499957184,6502.08,6481.5,0.00821917808219178,130.64241323942534,45.20209200667978,-13.272955091978467,-11.599725441088173,0.9916974169741697,1.0-2.0%,0.98-1.00,2025-09-04→2025-09-05
2025-09-04,2025-09-05,P,6450.0,0.010958904109589041,17.91599892902307,-0.31112512594647623,9.449999851109624,-0.22508624345589986,6502.08,6481.5,0.00821917808219178,100.38214607787539,11.770392917539539,-10.552955091978458,-8.782274890322402,0.9916974169741697,1.0-2.0%,0.98-1.00,2025-09-04→2025-09-05
2025-09-04,2025-09-05,C,6455.0,0.010958904109589041,68.41113849800321,0.674308888880714,59.69999999993615,0.7532512347165785,6502.08,6481.5,0.00821917808219178,113.83884137711081,41.330974792324014,-13.572723066834957,-11.948089589532872,0.9924661746617466,1.0-2.0%,0.98-1.00,2025-09-04→2025-09-05
2025-09-04,2025-09-05,P,6455.0,0.010958904109589041,19.425603442650917,-0.32569111111923177,10.249999999699412,-0.24278104715894255,6502.08,6481.5,0.00821917808219178,88.57953524878614,12.951284409631626,-10.852723066833766,-9.14643395053102,0.9924661746617466,1.0-2.0%,0.98-1.00,2025-09-04→2025-09-05
2025-09-04,2025-09-05,C,6460.0,0.010958904109589041,65.00399372169869,0.648910271155178,55.55000001100325,0.7346951266989913,6502.08,6481.5,0.00821917808219178,135.63078431927707,37.60233412897742,-13.945426619626481,-12.17997429253481,0.9932349323493235,1.0-2.0%,0.98-1.00,2025-09-04→2025-09-05
2025-09-04,2025-09-05,P,6460.0,0.010958904109589041,21.016982651587355,-0.3510897288448006,11.150000028657132,-0.2620753751220344,6502.08,6481.5,0.00821917808219178,115.37243922412401,14.275098149070345,-11.275426619625971,-9.443511220011448,0.9932349323493235,1.0-2.0%,0.98-1.00,2025-09-04→2025-09-05
2025-09-04,2025-09-05,C,6465.0,0.010958904109589041,61.75757741737387,0.6242050754842902,51.55000000002383,0.7141366357992904,6502.08,6481.5,0.00821917808219178,129.62643892658042,34.06748171933805,-15.15385954653335,-13.303068035250652,0.9940036900369004,1.0-2.0%,0.98-1.00,2025-09-04→2025-09-05
2025-09-04,2025-09-05,P,6465.0,0.010958904109589041,22.769090332501534,-0.3757949245156797,12.150000000068076,-0.2829323660634259,6502.08,6481.5,0.00821917808219178,114.36905486462997,15.74441422458267,-11.633859546532662,-9.722748093585285,0.9940036900369004,1.0-2.0%,0.98-1.00,2025-09-04→2025-09-05
2025-09-04,2025-09-05,C,6470.0,0.010958904109589041,58.47343473790544,0.6060919219759022,47.55000058533369,0.6927875847067675,6502.08,6481.5,0.00821917808219178,113.7082404968726,30.58406073226024,-15.126628245735974,-13.342431506734773,0.9947724477244773,1.0-2.0%,0.98-1.00,2025-09-04→2025-09-05
2025-09-04,2025-09-05,P,6470.0,0.010958904109589041,24.483471638273688,-0.3939080780240515,13.250000296933194,-0.30532068260282386,6502.08,6481.5,0.00821917808219178,103.45181746816125,17.36165236960551,-11.70662824573495,-9.883499647966094,0.9947724477244773,1.0-2.0%,0.98-1.00,2025-09-04→2025-09-05
2025-09-04,2025-09-05,C,6475.0,0.010958904109589041,55.26529382622003,0.5819187080544206,42.29999995519756,0.6789363311590668,6502.08,6481.5,0.00821917808219178,125.16920306866776,25.97618911176778,-13.724112988240062,-11.72749030474645,0.9955412054120542,1.0-2.0%,0.98-1.00,2025-09-04→2025-09-05
2025-09-04,2025-09-05,P,6475.0,0.010958904109589041,26.27385471182942,-0.4180812919454872,14.399999989700973,-0.32889226061577476,6502.08,6481.5,0.00821917808219178,119.9137410731386,19.082015186470016,-11.704112988238096,-9.86860272347262,0.9955412054120542,1.0-2.0%,0.98-1.00,2025-09-04→2025-09-05
2025-09-04,2025-09-05,C,6480.0,0.010958904109589041,52.23028801282959,0.5557216474595865,39.79999999996562,0.645402906007547,6502.08,6481.5,0.00821917808219178,130.55117429889,24.030761263227305,-14.913248495281747,-13.067608194364727,0.996309963099631,1.0-2.0%,0.98-1.00,2025-09-04→2025-09-05
2025-09-04,2025-09-05,P,6480.0,0.010958904109589041,28.23737288367806,-0.4442783525403934,15.699999999960255,-0.354336217135605,6502.08,6481.5,0.00821917808219178,130.2966733365602,21.002972483931444,-11.643248495281263,-9.792239348650725,0.996309963099631,1.0-2.0%,0.98-1.00,2025-09-04→2025-09-05
2025-09-04,2025-09-05,C,6485.0,0.010958904109589041,49.135622418687966,0.5318251453232301,36.200000020362495,0.6185500907076749,6502.08,6481.5,0.00821917808219178,117.02054858928248,21.10467764584837,-14.405038509247964,-12.620239133236097,0.9970787207872078,1.0-2.0%,0.98-1.00,2025-09-04→2025-09-05
2025-09-04,2025-09-05,P,6485.0,0.010958904109589041,30.141231274776256,-0.46817485467674647,17.10000002200195,-0.3812895931337708,6502.08,6481.5,0.00821917808219178,121.76700866019596,23.07899372991642,-11.18503850924741,-9.396939826692975,0.9970787207872078,1.0-2.0%,0.98-1.00,2025-09-04→2025-09-05
2025-09-04,2025-09-05,C,6490.0,0.010958904109589041,46.109184888255996,0.5120474173922059,32.70000000007167,0.5901670067191617,6502.08,6481.5,0.00821917808219178,98.80799117288358,18.335904077469877,-13.662064150068442,-12.054363001719699,0.9978474784747847,1.0-2.0%,0.98-1.00,2025-09-04→2025-09-05
2025-09-04,2025-09-05,P,6490.0,0.010958904109589041,32.113317729582484,-0.4879525826077472,18.650000000074215,-0.4099547971288544,6502.08,6481.5,0.00821917808219178,108.55541227702524,25.3565695544371,-10.492064150067401,-8.886869724911794,0.9978474784747847,1.0-2.0%,0.98-1.00,2025-09-04→2025-09-05
2025-09-04,2025-09-05,C,6495.0,0.010958904109589041,43.193159430849406,0.4845303209569983,28.70000049742839,0.5616163385011387,6502.08,6481.5,0.00821917808219178,131.24364146623876,15.216397837977183,-12.128365994705012,-10.541935753646609,0.9986162361623616,1.0-2.0%,0.98-1.00,2025-09-04→2025-09-05
2025-09-04,2025-09-05,P,6495.0,0.010958904109589041,34.19581625741757,-0.5154696790429555,20.34999933371273,-0.4402106015634721,6502.08,6481.5,0.00821917808219178,145.9920236035486,27.83443760765431,-9.658365994703987,-8.109534180176224,0.9986162361623616,1.0-2.0%,0.98-1.00,2025-09-04→2025-09-05
2025-09-04,2025-09-05,C,6500.0,0.010958904109589041,40.352121021035266,0.45733379281922615,26.249999999708052,0.5283026703209422,6502.08,6481.5,0.00821917808219178,121.94493317532977,13.487261526164275,-11.83807054378036,-10.377531044795047,0.9993849938499385,1.0-2.0%,0.98-1.00,2025-09-04→2025-09-05
2025-09-04,2025-09-05,P,6500.0,0.010958904109589041,36.35330183284141,-0.5426662071807442,22.149999999697684,-0.47189113126351034,6502.08,6481.5,0.00821917808219178,141.6942763458543,30.469707045817813,-9.468070543779673,-8.011519481403006,0.9993849938499385,1.0-2.0%,0.98-1.00,2025-09-04→2025-09-05
2025-09-04,2025-09-05,C,6505.0,0.010958904109589041,37.48672148679443,0.4401902064937127,23.24999999574129,0.49526955139873513,6502.08,6481.5,0.00821917808219178,105.07036309936454,11.358135171530648,-10.440885550359425,-9.307352632214068,1.0001537515375154,1.0-2.0%,1.00-1.02,2025-09-04→2025-09-05
2025-09-04,2025-09-05,P,6505.0,0.010958904109589041,38.486426283842306,-0.5598097935062248,24.24999999574129,-0.5050257387238102,6502.08,6481.5,0.00821917808219178,129.8206673031367,33.42274595204253,-8.170885550358065,-7.043429702935976,1.0001537515375154,1.0-2.0%,1.00-1.02,2025-09-04→2025-09-05
2025-09-04,2025-09-05,C,6510.0,0.010958904109589041,34.70271781103215,0.41190147697747387,20.499999979575477,0.46114676428450807,6502.08,6481.5,0.00821917808219178,127.94258714484161,9.497627806287483,-9.273067603803618,-8.259599591024857,1.0009225092250922,1.0-2.0%,1.00-1.02,2025-09-04→2025-09-05
2025-09-04,2025-09-05,P,6510.0,0.010958904109589041,40.70094659331992,-0.5880985230224719,26.44999997918876,-0.5392399907592528,6502.08,6481.5,0.00821917808219178,157.69385238177944,36.52456963621262,-6.90306760380243,-5.897559009825384,1.0009225092250922,1.0-2.0%,1.00-1.02,2025-09-04→2025-09-05
2025-09-04,2025-09-05,C,6515.0,0.010958904109589041,32.0792773621003,0.3845288046292719,17.90000000000373,0.4261443477321286,6502.08,6481.5,0.00821917808219178,126.14072406093833,7.81960407934298,-8.011397200729611,-7.154949323672824,1.0016912669126692,1.0-2.0%,1.00-1.02,2025-09-04→2025-09-05
2025-09-04,2025-09-05,P,6515.0,0.010958904109589041,43.07603012962845,-0.6154711953707208,28.800000000003365,-0.5744919412849046,6502.08,6481.5,0.00821917808219178,160.8929503310802,39.81270080127251,-5.5663972007293925,-4.723044151643297,1.0016912669126692,1.0-2.0%,1.00-1.02,2025-09-04→2025-09-05
2025-09-04,2025-09-05,C,6520.0,0.010958904109589041,29.386640904363524,0.36242801744056724,15.45000000738537,0.3903573135996329,6502.08,6481.5,0.00821917808219178,111.49286741147836,6.319706394924424,-6.541231401073152,-5.966446486119583,1.002460024600246,1.0-2.0%,1.00-1.02,2025-09-04→2025-09-05
2025-09-04,2025-09-05,P,6520.0,0.010958904109589041,45.38191765713047,-0.6375719825593884,31.500000007069502,-0.6096839980939579,6502.08,6481.5,0.00821917808219178,151.2460547148405,43.41809053656016,-4.371231401072167,-3.7972966807736093,1.002460024600246,1.0-2.0%,1.00-1.02,2025-09-04→2025-09-05
2025-09-04,2025-09-05,C,6525.0,0.010958904109589041,26.777718248996106,0.3385169042998178,13.29999999993106,0.35489819275370793,6502.08,6481.5,0.00821917808219178,113.36974089198182,5.088133968232341,-5.308322109509775,-4.971195193128717,1.003228782287823,1.0-2.0%,1.00-1.02,2025-09-04→2025-09-05
2025-09-04,2025-09-05,P,6525.0,0.010958904109589041,47.77151898700076,-0.6614830957001056,34.29999999993106,-0.6453970973688342,6502.08,6481.5,0.00821917808219178,158.1238892285541,47.15274474874332,-2.3133221095081193,-1.9822722638505574,1.003228782287823,1.0-2.0%,1.00-1.02,2025-09-04→2025-09-05
2025-09-04,2025-09-05,C,6530.0,0.010958904109589041,24.317066622746555,0.3109494920717299,11.349999900356579,0.3198157436539364,6502.08,6481.5,0.00821917808219178,128.78435272808733,4.040996079957495,-4.250659453163822,-4.068191995602013,1.0039975399753998,1.0-2.0%,1.00-1.02,2025-09-04→2025-09-05
2025-09-04,2025-09-05,P,6530.0,0.010958904109589041,50.30939134599388,-0.6890505079282183,36.99999982650752,-0.6835760772216951,6502.08,6481.5,0.00821917808219178,178.53946209785937,50.89965691118596,-0.8806594531626857,-0.7679956692224383,1.0039975399753998,1.0-2.0%,1.00-1.02,2025-09-04→2025-09-05
2025-09-04,2025-09-05,C,6535.0,0.010958904109589041,21.88138558196591,0.28387078722403325,9.60000000006994,0.2855314637809364,6502.08,6481.5,0.00821917808219178,117.48951540425236,3.1649938244117948,-3.2579391989294164,-3.223762475388349,1.0047662976629765,1.0-2.0%,1.00-1.02,2025-09-04→2025-09-05
2025-09-04,2025-09-05,P,6535.0,0.010958904109589041,52.872234290451885,-0.7161292127759264,40.15000000030068,-0.719661508430089,6502.08,6481.5,0.00821917808219178,172.24558580723664,54.98478437796075,0.21206080107148928,0.13936615650882267,1.0047662976629765,1.0-2.0%,1.00-1.02,2025-09-04→2025-09-05
2025-09-04,2025-09-05,C,6540.0,0.010958904109589041,19.504768778612828,0.265101381580182,7.949999719157404,0.2512377295298211,6502.08,6481.5,0.00821917808219178,100.18755468644612,2.395315591751114,-2.119213567079873,-2.4045275262762997,1.0055350553505535,1.0-2.0%,1.00-1.02,2025-09-04→2025-09-05
2025-09-04,2025-09-05,P,6540.0,0.010958904109589041,55.49414147233739,-0.734898618419773,43.49999999971533,-0.7549600666013835,6502.08,6481.5,0.00821917808219178,159.94458612266803,59.235995269137675,1.3757864329211245,0.962921829343582,1.0055350553505535,1.0-2.0%,1.00-1.02,2025-09-04→2025-09-05
2025-09-04,2025-09-05,C,6545.0,0.010958904109589041,17.226909628496937,0.23786127809220775,6.70000011866432,0.2212544065129139,6502.08,6481.5,0.00821917808219178,127.98780439216155,1.869045428116351,-1.5298148968623817,-1.8715843139642478,1.0063038130381303,1.0-2.0%,1.00-1.02,2025-09-04→2025-09-05
2025-09-04,2025-09-05,P,6545.0,0.010958904109589041,58.21480630746271,-0.7621387219077782,47.10000000000946,-0.788194928377629,6502.08,6481.5,0.00821917808219178,192.74579686153473,63.660210670308516,2.115185103137984,1.5789483739884567,1.0063038130381303,1.0-2.0%,1.00-1.02,2025-09-04→2025-09-05
2025-09-04,2025-09-05,C,6550.0,0.010958904109589041,15.123804171565375,0.21137255042276748,5.4500001990329565,0.1906573726029504,6502.08,6481.5,0.00821917808219178,122.65637011126486,1.3761873693547386,-0.8749529122994604,-1.3012712718312942,1.0070725707257073,1.0-2.0%,1.00-1.02,2025-09-04→2025-09-05
2025-09-04,2025-09-05,P,6550.0,0.010958904109589041,61.110224835771255,-0.788627449577143,50.84999999668253,-0.8202699619799506,6502.08,6481.5,0.00821917808219178,192.41532361386825,68.19450587130268,2.7200470877024507,2.068844182452672,1.0070725707257073,1.0-2.0%,1.00-1.02,2025-09-04→2025-09-05
2025-09-04,2025-09-05,C,6555.0,0.010958904109589041,13.048093146352933,0.19118543551758316,4.400000000041928,0.1625971691670586,6502.08,6481.5,0.00821917808219178,107.41570225929335,1.002041270854761,-0.2654037370481528,-0.8537502585419459,1.007841328413284,1.0-2.0%,1.00-1.02,2025-09-04→2025-09-05
2025-09-04,2025-09-05,P,6555.0,0.010958904109589041,64.03303779579781,-0.8088145644823765,54.800000203335,-0.8498611027656524,6502.08,6481.5,0.00821917808219178,182.1756167951272,72.84636052926362,3.35459626295275,2.509858505082935,1.007841328413284,1.0-2.0%,1.00-1.02,2025-09-04→2025-09-05
2025-09-04,2025-09-05,C,6560.0,0.010958904109589041,11.090505861741654,0.1671089461078386,3.54999979227955,0.13778538834115778,6502.08,6481.5,0.04657534246575343,196.48692512257216,15.894056636585674,25.489102110899307,24.88562329206102,1.0086100861008611,1.0-2.0%,1.00-1.02,2025-09-04→2025-09-05
2025-09-04,2025-09-05,P,6560.0,0.010958904109589041,67.07397449642772,-0.8328910538921562,58.89999966993673,-0.87740900010397,6502.08,6481.5,0.04657534246575343,267.40076402824104,84.2595952026868,21.95910211089948,21.042922777860355,1.0086100861008611,1.0-2.0%,1.00-1.02,2025-09-04→2025-09-05
2025-09-04,2025-09-05,C,6430.0,0.0136986301369863,89.9755049315409,0.7451961384742933,84.84969551028917,0.8005291460571027,6502.08,6481.5,0.010958904109589041,169.73566278696964,65.61164962173825,-10.063863470199088,-8.925110174144876,0.9885084555355348,1.0-2.0%,0.98-1.00,2025-09-04→2025-09-05
2025-09-04,2025-09-05,P,6430.0,0.0136986301369863,15.256563500034158,-0.25480386152562345,10.300076722360927,-0.20170883525967867,6502.08,6481.5,0.010958904109589041,118.84041655950129,12.184718582217783,-7.843863470197313,-6.751167829644173,0.9885084555355348,1.0-2.0%,0.98-1.00,2025-09-04→2025-09-05
2025-09-04,2025-09-05,C,6435.0,0.0136986301369863,86.28365242168768,0.7272204101372143,82.29970587568187,0.7730879698710784,6502.08,6481.5,0.010958904109589041,155.90509949844926,63.31808094715052,-12.183803959376181,-11.239849580053262,0.9892771246300415,1.0-2.0%,0.98-1.00,2025-09-04→2025-09-05
2025-09-04,2025-09-05,P,6435.0,0.0136986301369863,16.562658936188356,-0.27277958986274403,11.00008162726499,-0.2146051512503773,6502.08,6481.5,0.010958904109589041,110.01032353050574,13.139012160341736,-8.213803959375253,-7.01657401273275,0.9892771246300415,1.0-2.0%,0.98-1.00,2025-09-04→2025-09-05
2025-09-04,2025-09-05,C,6440.0,0.0136986301369863,82.6508406127262,0.7114467445653353,76.44970610183373,0.7725158059424868,6502.08,6481.5,0.010958904109589041,144.08644429779696,57.746179689588644,-10.658425996845434,-9.40162471370366,0.990045793724548,1.0-2.0%,0.98-1.00,2025-09-04→2025-09-05
2025-09-04,2025-09-05,P,6440.0,0.0136986301369863,17.92779507323472,-0.288553255434646,11.900087273878626,-0.2295475689837021,6502.08,6481.5,0.010958904109589041,103.19213858938906,14.318058240680557,-8.638425996844994,-7.424088969684574,0.990045793724548,1.0-2.0%,0.98-1.00,2025-09-04→2025-09-05
2025-09-04,2025-09-05,C,6445.0,0.0136986301369863,79.12858870002779,0.6896184529274139,72.19971154778705,0.7583619922338803,6502.08,6481.5,0.010958904109589041,166.0569364389979,53.80082478821805,-11.057652238753858,-9.642910199826783,0.9908144628190547,1.0-2.0%,0.98-1.00,2025-09-04→2025-09-05
2025-09-04,2025-09-05,P,6445.0,0.0136986301369863,19.403491106546113,-0.310381547072542,12.60009251569204,-0.2432323873533202,6502.08,6481.5,0.010958904109589041,130.16310099013577,15.322061159798977,-8.837652238752892,-7.455722531731311,0.9908144628190547,1.0-2.0%,0.98-1.00,2025-09-04→2025-09-05
2025-09-04,2025-09-05,C,6450.0,0.0136986301369863,75.67848743168798,0.6678616898644875,68.09971764361308,0.7425708506365435,6502.08,6481.5,0.010958904109589041,154.6894827980458,50.03344055238722,-11.305406422588893,-9.767891893899986,0.9915831319135614,1.0-2.0%,0.98-1.00,2025-09-04→2025-09-05
2025-09-04,2025-09-05,P,6450.0,0.0136986301369863,20.951337784217507,-0.33213831013548945,13.500098562032235,-0.25895326496063986,6502.08,6481.5,0.010958904109589041,123.79611760873192,16.553903723432995,-9.13540642258835,-7.62925819288995,0.9915831319135614,1.0-2.0%,0.98-1.00,2025-09-04→2025-09-05
2025-09-04,2025-09-05,C,6455.0,0.0136986301369863,72.23227814144161,0.6536411570617302,63.99972374281697,0.7263037361248081,6502.08,6481.5,0.010958904109589041,136.48017374077924,46.29587358664958,-12.29806498766964,-10.802669110551502,0.992351801008068,1.0-2.0%,0.98-1.00,2025-09-04→2025-09-05
2025-09-04,2025-09-05,P,6455.0,0.0136986301369863,22.503076439980028,-0.3463588429382079,14.500104919489786,-0.27584086362007443,6502.08,6481.5,0.010958904109589041,110.58727881103017,17.914329656784957,-9.278064987668294,-7.826804973301112,0.992351801008068,1.0-2.0%,0.98-1.00,2025-09-04→2025-09-05
2025-09-04,2025-09-05,C,6460.0,0.0136986301369863,68.86812343313764,0.6299650261356488,60.099730643439216,0.7081589001344856,6502.08,6481.5,0.010958904109589041,160.86051288871255,42.78773631638478,-12.685319762128392,-11.076089835232336,0.9931204701025746,1.0-2.0%,0.98-1.00,2025-09-04→2025-09-05
2025-09-04,2025-09-05,P,6460.0,0.0136986301369863,24.136869677686345,-0.37003497386432377,15.550111647285576,-0.29353031191980705,6502.08,6481.5,0.010958904109589041,139.9680882185064,19.355171718037127,-9.515319762127756,-7.940853819309608,0.9931204701025746,1.0-2.0%,0.98-1.00,2025-09-04→2025-09-05
2025-09-04,2025-09-05,C,6465.0,0.0136986301369863,65.64131661135929,0.6069210608537975,56.2497375123512,0.6892272788450231,6502.08,6481.5,0.010958904109589041,154.65784020296317,39.36143160062102,-12.809564567628893,-11.115702601369476,0.9938891391970812,1.0-2.0%,0.98-1.00,2025-09-04→2025-09-05
2025-09-04,2025-09-05,P,6465.0,0.0136986301369863,25.908010801917627,-0.3930789391461354,16.650118411453377,-0.3120581858068824,6502.08,6481.5,0.010958904109589041,138.76588579229076,20.87846092169457,-9.689564567627436,-8.022157463905614,0.9938891391970812,1.0-2.0%,0.98-1.00,2025-09-04→2025-09-05
2025-09-04,2025-09-05,C,6470.0,0.0136986301369863,62.371105063406155,0.5896217041882605,52.399745253387664,0.6697284706754514,6502.08,6481.5,0.010958904109589041,137.60826789955917,35.97093655953768,-12.71558532780564,-11.066988073499257,0.9946578082915879,1.0-2.0%,0.98-1.00,2025-09-04→2025-09-05
2025-09-04,2025-09-05,P,6470.0,0.0136986301369863,27.63574719997465,-0.41037829581167673,17.800126072066632,-0.3314709982305021,6502.08,6481.5,0.010958904109589041,126.71678374841419,22.486467273932703,-9.59558532780428,-7.971673143583711,0.9946578082915879,1.0-2.0%,0.98-1.00,2025-09-04→2025-09-05
2025-09-04,2025-09-05,C,6475.0,0.0136986301369863,59.17342509478595,0.5671396282319413,48.69975321533002,0.6488153015326629,6502.08,6481.5,0.010958904109589041,150.37126635556794,32.76305687280046,-12.778266450986692,-11.097381094457848,0.9954264773860946,1.0-2.0%,0.98-1.00,2025-09-04→2025-09-05
2025-09-04,2025-09-05,P,6475.0,0.0136986301369863,29.436015177364425,-0.4328603717679589,19.200134171123864,-0.3527475208760156,6502.08,6481.5,0.010958904109589041,144.480252463966,24.371842902141907,-9.658266450984563,-8.009543979628376,0.9954264773860946,1.0-2.0%,0.98-1.00,2025-09-04→2025-09-05
2025-09-04,2025-09-05,C,6480.0,0.0136986301369863,56.132115477667554,0.5428777437894615,45.19976181738821,0.6264159154889078,6502.08,6481.5,0.010958904109589041,156.10472670655363,29.783639308253896,-12.777576032812924,-11.058360459238324,0.9961951464806011,1.0-2.0%,0.98-1.00,2025-09-04→2025-09-05
2025-09-04,2025-09-05,P,6480.0,0.0136986301369863,31.392653506254725,-0.4571222562105094,20.550142479287842,-0.37438762025983174,6502.08,6481.5,0.010958904109589041,155.2141830745093,26.248509061079403,-9.607576032812249,-7.90489722494731,0.9961951464806011,1.0-2.0%,0.98-1.00,2025-09-04→2025-09-05
2025-09-04,2025-09-05,C,6485.0,0.0136986301369863,53.02254382618825,0.520654837571282,41.69977048389137,0.6034182818806718,6502.08,6481.5,0.010958904109589041,141.6965235323694,26.844386428566395,-12.53492344278306,-10.831651758895822,0.9969638155751078,1.0-2.0%,0.98-1.00,2025-09-04→2025-09-05
2025-09-04,2025-09-05,P,6485.0,0.0136986301369863,33.281029800782825,-0.479345162428701,22.05015112367346,-0.39731397274649405,6502.08,6481.5,0.010958904109589041,145.8064501598788,28.307773091269155,-9.364923442782631,-7.676721559122818,0.9969638155751078,1.0-2.0%,0.98-1.00,2025-09-04→2025-09-05
2025-09-04,2025-09-05,C,6490.0,0.0136986301369863,49.97522942766186,0.5019621985852973,38.19977953263697,0.5796251492452619,6502.08,6481.5,0.010958904109589041,121.87330299137152,23.950448326218066,-12.019617953114619,-10.421314428532554,0.9977324846696144,1.0-2.0%,0.98-1.00,2025-09-04→2025-09-05
2025-09-04,2025-09-05,P,6490.0,0.0136986301369863,35.23166334826753,-0.49803780141465553,23.600160191233044,-0.4211563702798981,6502.08,6481.5,0.010958904109589041,130.9836998784072,30.457491395695342,-8.899617953113577,-7.317398100360274,0.9977324846696144,1.0-2.0%,0.98-1.00,2025-09-04→2025-09-05
2025-09-04,2025-09-05,C,6495.0,0.0136986301369863,47.03192135191931,0.476605542011596,35.14978901956556,0.5540553261339922,6502.08,6481.5,0.010958904109589041,156.98071348836913,21.50743834133982,-11.891457945401388,-10.297541388162479,0.9985011537641211,1.0-2.0%,0.98-1.00,2025-09-04→2025-09-05
2025-09-04,2025-09-05,P,6495.0,0.0136986301369863,37.286303218536595,-0.5233944579883585,25.35016950218369,-0.4462729121413486,6502.08,6481.5,0.010958904109589041,171.0915806349303,32.834205197264055,-8.52145794540038,-6.934296531868922,0.9985011537641211,1.0-2.0%,0.98-1.00,2025-09-04→2025-09-05
2025-09-04,2025-09-05,C,6500.0,0.0136986301369863,44.143330476268524,0.45156646449186844,32.04979916977845,0.5279968887453661,6502.08,6481.5,0.010958904109589041,147.0588831150906,19.06176797517128,-11.456762160757377,-9.883824029620401,0.9992698228586278,1.0-2.0%,0.98-1.00,2025-09-04→2025-09-05
2025-09-04,2025-09-05,P,6500.0,0.0136986301369863,39.395660288894035,-0.5484335355080959,27.350179702190417,-0.47245287097016225,6502.08,6481.5,0.010958904109589041,166.17022052119674,35.47631812742884,-8.136762160756575,-6.573080084565905,0.9992698228586278,1.0-2.0%,0.98-1.00,2025-09-04→2025-09-05
2025-09-04,2025-09-05,C,6505.0,0.0136986301369863,41.23013917835245,0.4350683905197116,29.04980940737778,0.501082324264464,6502.08,6481.5,0.010958904109589041,128.80403286696912,16.749582953790195,-10.696292523104367,-9.337725766637366,1.0000384919531344,1.0-2.0%,1.00-1.02,2025-09-04→2025-09-05
2025-09-04,2025-09-05,P,6505.0,0.0136986301369863,41.48041693698874,-0.5649316094802276,29.300189924881124,-0.49932825503977357,6502.08,6481.5,0.010958904109589041,152.91584053260996,38.12073454080519,-8.47629252310304,-7.126175488718502,1.0000384919531344,1.0-2.0%,1.00-1.02,2025-09-04→2025-09-05
2025-09-04,2025-09-05,C,6510.0,0.0136986301369863,38.393444183631686,0.4090672222778449,26.249819931354523,0.4734115314116043,6502.08,6481.5,0.010958904109589041,153.61448023038002,14.653547049470944,-10.131396565521982,-8.80719068354922,1.000807161047641,1.0-2.0%,1.00-1.02,2025-09-04→2025-09-05
2025-09-04,2025-09-05,P,6510.0,0.0136986301369863,43.64166988827736,-0.5909327777221282,31.500200448857868,-0.5269990478926332,6502.08,6481.5,0.010958904109589041,182.72675815556576,41.02469863648548,-7.811396565521353,-6.4956404056303505,1.000807161047641,1.0-2.0%,1.00-1.02,2025-09-04→2025-09-05
2025-09-04,2025-09-05,C,6515.0,0.0136986301369863,35.694343280400425,0.38381604903579347,23.5998300485453,0.4451622166012005,6502.08,6481.5,0.010958904109589041,151.58005296588738,12.726726326583957,-9.301065710843401,-8.038561582347329,1.0015758301421476,1.0-2.0%,1.00-1.02,2025-09-04→2025-09-05
2025-09-04,2025-09-05,P,6515.0,0.0136986301369863,45.94051693105532,-0.61618395096419,33.8502105660491,-0.5552483627030381,6502.08,6481.5,0.010958904109589041,185.69280115065658,44.097877913598495,-7.081065710842976,-5.827011304428476,1.0015758301421476,1.0-2.0%,1.00-1.02,2025-09-04→2025-09-05
2025-09-04,2025-09-05,C,6520.0,0.0136986301369863,32.924326884935894,0.3630672177120596,20.999841709053726,0.41615846726967254,6502.08,6481.5,0.010958904109589041,135.84415931806376,10.887910788698491,-8.328076659485841,-7.23545874359017,1.0023444992366544,1.0-2.0%,1.00-1.02,2025-09-04→2025-09-05
2025-09-04,2025-09-05,P,6520.0,0.0136986301369863,48.16844848160067,-0.6369327822878927,36.35022210583247,-0.5839347228738406,6502.08,6481.5,0.010958904109589041,174.95737776235327,47.33633735008698,-6.208076659484787,-5.117376596743599,1.0023444992366544,1.0-2.0%,1.00-1.02,2025-09-04→2025-09-05
2025-09-04,2025-09-05,C,6525.0,0.0136986301369863,30.23108492025282,0.34072406995231025,18.699852707978607,0.38728310926557963,6502.08,6481.5,0.010958904109589041,138.11186434133467,9.327308205112331,-7.537898640381479,-6.579713611314398,1.003113168331161,1.0-2.0%,1.00-1.02,2025-09-04→2025-09-05
2025-09-04,2025-09-05,P,6525.0,0.0136986301369863,50.47315446292774,-0.6592759300476194,38.200234498721784,-0.6164446343462932,6502.08,6481.5,0.010958904109589041,182.2255530451434,50.14237258774574,-3.1678986403799616,-2.286430574846669,1.003113168331161,1.0-2.0%,1.00-1.02,2025-09-04→2025-09-05
2025-09-04,2025-09-05,C,6530.0,0.0136986301369863,27.67086333673575,0.3151899571006026,16.49986379061238,0.35810409223589384,6502.08,6481.5,0.010958904109589041,154.44218478009887,7.884350712239666,-6.713390682869621,-5.83021778178533,1.0038818374256675,1.0-2.0%,1.00-1.02,2025-09-04→2025-09-05
2025-09-04,2025-09-05,P,6530.0,0.0136986301369863,52.91088082541974,-0.6848100428993401,40.95024603110778,-0.6468365767068753,6502.08,6481.5,0.010958904109589041,203.5563437434732,53.68631151093905,-2.0933906828683693,-1.311896748627447,1.0038818374256675,1.0-2.0%,1.00-1.02,2025-09-04→2025-09-05
2025-09-04,2025-09-05,C,6535.0,0.0136986301369863,25.119217575134996,0.2900821268186415,14.449874863576042,0.3289367802959746,6502.08,6481.5,0.010958904109589041,142.36233091793756,6.592501632991571,-5.830109830072378,-5.0304810615088655,1.004650506520174,1.0-2.0%,1.00-1.02,2025-09-04→2025-09-05
2025-09-04,2025-09-05,P,6535.0,0.0136986301369863,55.357183009829235,-0.7099178731813243,43.750257862855506,-0.6781362211686702,6502.08,6481.5,0.010958904109589041,196.47696014087433,57.318476583533084,-1.1601098300715993,-0.5060434316511806,1.004650506520174,1.0-2.0%,1.00-1.02,2025-09-04→2025-09-05
2025-09-04,2025-09-05,C,6540.0,0.0136986301369863,22.61946551741418,0.27200491351559586,12.499886065522787,0.29954174582038795,6502.08,6481.5,0.010958904109589041,123.52823243639644,5.413428285965892,-4.827138879849057,-4.260430871016439,1.0054191756146809,1.0-2.0%,1.00-1.02,2025-09-04→2025-09-05
2025-09-04,2025-09-05,P,6540.0,0.0136986301369863,57.85537889811912,-0.727995086484404,46.95026913781021,-0.7075855648868986,6502.08,6481.5,0.010958904109589041,182.6433319188648,61.26717182232369,0.26786112015101793,0.6878890746276785,1.0054191756146809,1.0-2.0%,1.00-1.02,2025-09-04→2025-09-05
2025-09-04,2025-09-05,C,6545.0,0.0136986301369863,20.209547150441235,0.24654042725481928,10.749896991312653,0.2708333250320685,6502.08,6481.5,0.010958904109589041,153.69763576289714,4.408146300366525,-4.0761980070958375,-3.5762501708400505,1.0061878447091874,1.0-2.0%,1.00-1.02,2025-09-04→2025-09-05
2025-09-04,2025-09-05,P,6545.0,0.0136986301369863,60.44340847715463,-0.7534595727451836,50.3002801623752,-0.7364683455752767,6502.08,6481.5,0.010958904109589041,217.81320550492924,65.34976902396556,0.8938019929041818,1.243481448060864,1.0061878447091874,1.0-2.0%,1.00-1.02,2025-09-04→2025-09-05
2025-09-04,2025-09-05,C,6550.0,0.0136986301369863,17.947264139037408,0.22165785869050564,9.249907280903926,0.24376327509834672,6502.08,6481.5,0.010958904109589041,147.93355132906396,3.594585479400166,-3.4632812681494105,-3.008351798476043,1.006956513803694,1.0-2.0%,1.00-1.02,2025-09-04→2025-09-05
2025-09-04,2025-09-05,P,6550.0,0.0136986301369863,63.17907341176076,-0.7783421413094254,53.050294085012865,-0.7737336195265809,6502.08,6481.5,0.010958904109589041,217.04959133061544,69.1383129966016,1.2317187318520837,1.326562110143021,1.006956513803694,1.0-2.0%,1.00-1.02,2025-09-04→2025-09-05
2025-09-04,2025-09-05,C,6555.0,0.0136986301369863,15.701945964634834,0.20217236233481353,7.899917175544488,0.21775116152164833,6502.08,6481.5,0.010958904109589041,131.48474604698373,2.900059292582,-2.8142927831495523,-2.4936810958844937,1.0077251828982008,1.0-2.0%,1.00-1.02,2025-09-04→2025-09-05
2025-09-04,2025-09-05,P,6555.0,0.0136986301369863,65.93170318336584,-0.7978276376651636,56.50030626370153,-0.8051106327523732,6502.08,6481.5,0.010958904109589041,205.6012563080806,73.39299033676252,3.080707216850989,2.9308231779562206,1.0077251828982008,1.0-2.0%,1.00-1.02,2025-09-04→2025-09-05
2025-09-04,2025-09-05,C,6560.0,0.0136986301369863,13.563892199267192,0.17908386613089067,6.649926949088467,0.1923597028755744,6502.08,6481.5,0.04657534246575343,196.48692512257216,19.73710404113035,22.63554596497372,22.908762685179312,1.0084938519927074,1.0-2.0%,1.00-1.02,2025-09-04→2025-09-05
2025-09-04,2025-09-05,P,6560.0,0.0136986301369863,68.79159736400916,-0.8209161338691202,60.250317078474836,-0.8336251978853553,6502.08,6481.5,0.04657534246575343,267.40076402824104,85.37241658894254,20.855545964973565,20.59399342751945,1.0084938519927074,1.0-2.0%,1.00-1.02,2025-09-04→2025-09-05
2025-09-04,2025-09-05,C,6430.0,0.01643835616438356,93.8876807084853,0.7186256876551567,88.50904463997904,0.777215737272595,6502.08,6481.5,0.0136986301369863,186.41463067876643,69.81993120558309,-10.460683348056929,-9.254900126930051,0.9884002630455717,1.0-2.0%,0.98-1.00,2025-09-04→2025-09-05
2025-09-04,2025-09-05,P,6430.0,0.01643835616438356,18.465263051837113,-0.28137431234477056,13.247383750279596,-0.22477667674088223,6502.08,6481.5,0.0136986301369863,134.86535550254473,15.713623780617354,-7.390683348055357,-6.2259040073273395,0.9884002630455717,1.0-2.0%,0.98-1.00,2025-09-04→2025-09-05
2025-09-04,2025-09-05,C,6435.0,0.01643835616438356,90.20687439010054,0.7017367018598855,86.05876111479029,0.7528491966407612,6502.08,6481.5,0.0136986301369863,172.94621272705558,67.63606163908662,-12.408258675723603,-11.356363533133184,0.9891688480090597,1.0-2.0%,0.98-1.00,2025-09-04→2025-09-05
2025-09-04,2025-09-05,P,6435.0,0.01643835616438356,19.78185765284657,-0.2982632981401097,14.047237547580835,-0.23735117863916372,6502.08,6481.5,0.0136986301369863,126.39689923419371,16.769280695803445,-7.638258675723436,-6.384687256393972,0.9891688480090597,1.0-2.0%,0.98-1.00,2025-09-04→2025-09-05
2025-09-04,2025-09-05,C,6440.0,0.01643835616438356,86.58140639850578,0.6868592695821428,81.90861288086217,0.7400936981369234,6502.08,6481.5,0.0136986301369863,161.13716130465815,63.75655110466323,-12.564436231999553,-11.468871692342173,0.9899374329725477,1.0-2.0%,0.98-1.00,2025-09-04→2025-09-05
2025-09-04,2025-09-05,P,6440.0,0.01643835616438356,21.153790580647858,-0.3131407304178535,14.947080040503806,-0.2509285877040351,6502.08,6481.5,0.0136986301369863,119.58780949517177,17.94509087797701,-7.844436231999401,-6.564110334949023,0.9899374329725477,1.0-2.0%,0.98-1.00,2025-09-04→2025-09-05
2025-09-04,2025-09-05,C,6445.0,0.01643835616438356,83.05999855904082,0.6666135850713445,76.05857995650149,0.7372679549429504,6502.08,6481.5,0.0136986301369863,183.50999780153737,58.199638622455495,-11.08109241923179,-9.627025487274146,0.9907060179360356,1.0-2.0%,0.98-1.00,2025-09-04→2025-09-05
2025-09-04,2025-09-05,P,6445.0,0.01643835616438356,22.62978366057777,-0.3333864149286275,15.896914037677789,-0.2651490801606485,6502.08,6481.5,0.0136986301369863,146.96060767544583,19.19141339876387,-8.11109241923113,-6.7067680697061265,0.9907060179360356,1.0-2.0%,0.98-1.00,2025-09-04→2025-09-05
2025-09-04,2025-09-05,C,6450.0,0.01643835616438356,79.59419727850968,0.6464496624808813,72.10840199216636,0.7219784911627818,6502.08,6481.5,0.0136986301369863,172.7942589339915,54.569003714701466,-11.3460659461435,-9.791682651869994,0.9914746028995237,1.0-2.0%,0.98-1.00,2025-09-04→2025-09-05
2025-09-04,2025-09-05,P,6450.0,0.01643835616438356,24.16138329944533,-0.35355033751907866,16.846744348127686,-0.27972818910970365,6502.08,6481.5,0.0136986301369863,141.24483049125269,20.459482721837503,-8.276065946142616,-6.756806131877682,0.9914746028995237,1.0-2.0%,0.98-1.00,2025-09-04→2025-09-05
2025-09-04,2025-09-05,C,6455.0,0.01643835616438356,76.1284293582269,0.6329076791182097,69.8081183358754,0.6976048298513622,6502.08,6481.5,0.0136986301369863,155.02420048885577,52.59123532695685,-13.024759963747302,-11.693292601659028,0.9922431878630117,1.0-2.0%,0.98-1.00,2025-09-04→2025-09-05
2025-09-04,2025-09-05,P,6455.0,0.01643835616438356,25.69301629855757,-0.36709232088171534,17.796569664312074,-0.2947373983224649,6502.08,6481.5,0.0136986301369863,128.47473372949884,21.75128296028697,-8.204759963745676,-6.715695657476309,0.9922431878630117,1.0-2.0%,0.98-1.00,2025-09-04→2025-09-05
2025-09-04,2025-09-05,C,6460.0,0.01643835616438356,72.74409402457763,0.6110715968426879,64.35802358477122,0.689494355774244,6502.08,6481.5,0.0136986301369863,178.9091927871249,47.52586649196746,-11.624146536977523,-10.010206158166104,0.9930117728264997,1.0-2.0%,0.98-1.00,2025-09-04→2025-09-05
2025-09-04,2025-09-05,P,6460.0,0.01643835616438356,27.306081884304486,-0.3889284031572899,19.04637092086773,-0.31178826179240793,6502.08,6481.5,0.0136986301369863,157.35968771116526,23.364536619887986,-8.504146536976997,-6.9166024276877325,0.9930117728264997,1.0-2.0%,0.98-1.00,2025-09-04→2025-09-05
2025-09-04,2025-09-05,C,6465.0,0.01643835616438356,69.47974964199007,0.5897618251931247,62.55772124617488,0.6634855046584857,6502.08,6481.5,0.0136986301369863,173.44762633709547,46.0622887707209,-13.762701637525534,-12.245468314128413,0.9937803577899876,1.0-2.0%,0.98-1.00,2025-09-04→2025-09-05
2025-09-04,2025-09-05,P,6465.0,0.01643835616438356,29.03913842111253,-0.41023817480682023,19.996184947644906,-0.32779215157803554,6502.08,6481.5,0.0136986301369863,156.89808294452646,24.709036601633215,-8.392701637524329,-6.695962479475947,0.9937803577899876,1.0-2.0%,0.98-1.00,2025-09-04→2025-09-05
2025-09-04,2025-09-05,C,6470.0,0.01643835616438356,66.16919039424408,0.5734514513763197,56.857612270520804,0.6541232165738827,6502.08,6481.5,0.0136986301369863,157.24942678542268,40.83018753188753,-11.698369130675383,-10.03814420290954,0.9945489427534757,1.0-2.0%,0.98-1.00,2025-09-04→2025-09-05
2025-09-04,2025-09-05,P,6470.0,0.01643835616438356,30.72598009276261,-0.4265485486236345,21.49596359707266,-0.34681263114880334,6502.08,6481.5,0.0136986301369863,145.69984507620728,26.618010634100756,-8.528369130674367,-6.887403949042348,0.9945489427534757,1.0-2.0%,0.98-1.00,2025-09-04→2025-09-05
2025-09-04,2025-09-05,C,6475.0,0.01643835616438356,62.92941558267487,0.5526294827989943,53.157395741933215,0.635487679930355,6502.08,6481.5,0.0136986301369863,168.814952140253,37.57338555066144,-11.626885243996739,-9.92166354703334,0.9953175277169637,1.0-2.0%,0.98-1.00,2025-09-04→2025-09-05
2025-09-04,2025-09-05,P,6475.0,0.01643835616438356,32.48360620058852,-0.4473705172009636,22.845745483265546,-0.36558194331418314,6502.08,6481.5,0.0136986301369863,162.26533211442072,28.408196490544924,-8.506885243995798,-6.823676393405863,0.9953175277169637,1.0-2.0%,0.98-1.00,2025-09-04→2025-09-05
2025-09-04,2025-09-05,C,6480.0,0.01643835616438356,59.83319645465046,0.5301844365054185,49.60716584035572,0.6157632107273668,6502.08,6481.5,0.0136986301369863,174.52000912586826,34.49078628367988,-11.638804296718527,-9.877593123230836,0.9960861126804517,1.0-2.0%,0.98-1.00,2025-09-04→2025-09-05
2025-09-04,2025-09-05,P,6480.0,0.01643835616438356,34.384787991960124,-0.4698155634945628,24.195520176620448,-0.38491396378392884,6502.08,6481.5,0.0136986301369863,172.9703507834331,30.22920047308753,-8.368804296718068,-6.621529374673226,0.9960861126804517,1.0-2.0%,0.98-1.00,2025-09-04→2025-09-05
2025-09-04,2025-09-05,C,6485.0,0.01643835616438356,56.67025464574373,0.5095199258182315,46.20692492081798,0.5950634613677442,6502.08,6481.5,0.0136986301369863,161.04461789147211,31.580872404641923,-11.464079926660837,-9.70359396505187,0.9968546976439397,1.0-2.0%,0.98-1.00,2025-09-04→2025-09-05
2025-09-04,2025-09-05,P,6485.0,0.01643835616438356,36.219247102450716,-0.49048007418173456,25.745281085201896,-0.40545662510237074,6502.08,6481.5,0.0136986301369863,164.4949212323701,32.27187708195288,-8.24407992666006,-6.494297344606759,0.9968546976439397,1.0-2.0%,0.98-1.00,2025-09-04→2025-09-05
2025-09-04,2025-09-05,C,6490.0,0.01643835616438356,53.563909515432535,0.4919001610450286,42.956674081160145,0.5735101502863063,6502.08,6481.5,0.0136986301369863,142.05470851490142,28.841724013619114,-11.32669468569335,-9.647161107107863,0.9976232826074277,1.0-2.0%,0.98-1.00,2025-09-04→2025-09-05
2025-09-04,2025-09-05,P,6490.0,0.01643835616438356,38.110302891536726,-0.5080998389548943,27.545029102638182,-0.4271081798693925,6502.08,6481.5,0.0136986301369863,150.5049735391736,34.578903477081894,-8.10669468569169,-6.439886341712068,0.9976232826074277,1.0-2.0%,0.98-1.00,2025-09-04→2025-09-05
2025-09-04,2025-09-05,C,6495.0,0.01643835616438356,50.558220061795126,0.4684100449522643,39.70641699552152,0.5514321248857433,6502.08,6481.5,0.0136986301369863,174.60430585310522,26.134606574951704,-11.110121274882438,-9.401526869851446,0.9983918675709157,1.0-2.0%,0.98-1.00,2025-09-04→2025-09-05
2025-09-04,2025-09-05,P,6495.0,0.01643835616438356,40.10201435729348,-0.5315899550477104,29.194773941126186,-0.4490206363821696,6502.08,6481.5,0.0136986301369863,188.05453256078155,36.78012975320871,-7.740121274881837,-6.040844696745012,0.9983918675709157,1.0-2.0%,0.98-1.00,2025-09-04→2025-09-05
2025-09-04,2025-09-05,C,6500.0,0.01643835616438356,47.60177771105467,0.44519103232563095,36.6061509903011,0.5285636256609366,6502.08,6481.5,0.0136986301369863,165.3823673789852,23.59780049367282,-10.837968554738547,-9.122160583897962,0.9991604525344037,1.0-2.0%,0.98-1.00,2025-09-04→2025-09-05
2025-09-04,2025-09-05,P,6500.0,0.01643835616438356,42.142972925948506,-0.5548089676743634,31.044507952158256,-0.4718878546768998,6502.08,6481.5,0.0136986301369863,183.8325557700433,39.19934815728038,-7.517968554738356,-5.811452049250562,0.9991604525344037,1.0-2.0%,0.98-1.00,2025-09-04→2025-09-05
2025-09-04,2025-09-05,C,6505.0,0.01643835616438356,44.62057481203494,0.42935296294637226,33.50587708236708,0.5050280142391907,6502.08,6481.5,0.0136986301369863,147.97915019780388,21.09701218213877,-10.263916022563691,-8.706523466957492,0.9999290374978917,1.0-2.0%,0.98-1.00,2025-09-04→2025-09-05
2025-09-04,2025-09-05,P,6505.0,0.01643835616438356,44.1591709463268,-0.5706470370535588,33.04423324675099,-0.4954920722309259,6502.08,6481.5,0.0136986301369863,171.4293002722251,41.78801685945018,-6.993916022562198,-5.447226846512418,0.9999290374978917,1.0-2.0%,0.98-1.00,2025-09-04→2025-09-05
2025-09-04,2025-09-05,C,6510.0,0.01643835616438356,41.71373727173324,0.4052235220263934,30.755596129285095,0.4808868033204597,6502.08,6481.5,0.0136986301369863,170.8468709700515,18.93850755414087,-10.010499916696855,-8.453349587664976,1.0006976224613797,1.0-2.0%,1.00-1.02,2025-09-04→2025-09-05
2025-09-04,2025-09-05,P,6510.0,0.01643835616438356,46.249734325421045,-0.5947764779735168,35.243951860971265,-0.5196704210472717,6502.08,6481.5,0.0136986301369863,199.29698272785473,44.58645568368274,-6.190499916694936,-4.644817265152817,1.0006976224613797,1.0-2.0%,1.00-1.02,2025-09-04→2025-09-05
2025-09-04,2025-09-05,C,6515.0,0.01643835616438356,38.93419406819441,0.38169115693575584,27.955307766761507,0.4561167730300962,6502.08,6481.5,0.0136986301369863,169.07157965973616,16.771434818278976,-9.494795990262174,-7.9631168110406545,1.0014662074248677,1.0-2.0%,1.00-1.02,2025-09-04→2025-09-05
2025-09-04,2025-09-05,P,6515.0,0.01643835616438356,48.46759204127836,-0.6183088430642287,37.443663046070014,-0.5444792132728558,6502.08,6481.5,0.0136986301369863,202.52165310093613,47.42031784006031,-5.724795990261782,-4.2053822091553315,1.0014662074248677,1.0-2.0%,1.00-1.02,2025-09-04→2025-09-05
2025-09-04,2025-09-05,C,6520.0,0.01643835616438356,36.085265629570436,0.3620726645934287,25.35501510887434,0.4309618305994659,6502.08,6481.5,0.0136986301369863,154.1474204763347,14.80954096749224,-8.898544562667265,-7.480805526263024,1.0022347923883557,1.0-2.0%,1.00-1.02,2025-09-04→2025-09-05
2025-09-04,2025-09-05,P,6520.0,0.01643835616438356,50.6160645220502,-0.637927335406516,38.143321195117096,-0.5738597088417645,6502.08,6481.5,0.0136986301369863,192.59745560087316,49.06898158274362,-3.5285445626660525,-2.2100328079634703,1.0022347923883557,1.0-2.0%,1.00-1.02,2025-09-04→2025-09-05
2025-09-04,2025-09-05,C,6525.0,0.01643835616438356,33.3091363245382,0.3410212629977034,22.8547172001563,0.4053633829912148,6502.08,6481.5,0.0136986301369863,155.68517132031036,12.966055302663335,-8.23178240750729,-6.90762157804083,1.0030033773518436,1.0-2.0%,1.00-1.02,2025-09-04→2025-09-05
2025-09-04,2025-09-05,P,6525.0,0.01643835616438356,52.8373361364129,-0.6589787370022325,40.5430005091207,-0.601415356870643,6502.08,6481.5,0.0136986301369863,199.13516812823804,52.185422598990044,-2.8617824075058955,-1.6771280443977847,1.0030033773518436,1.0-2.0%,1.00-1.02,2025-09-04→2025-09-05
2025-09-04,2025-09-05,C,6530.0,0.01643835616438356,30.65590856345319,0.3171075357087822,20.504416685869728,0.37953510717126104,6502.08,6481.5,0.0136986301369863,171.25091865292154,11.27931457963291,-7.573926915113285,-6.289167494415475,1.0037719623153318,1.0-2.0%,1.00-1.02,2025-09-04→2025-09-05
2025-09-04,2025-09-05,P,6530.0,0.01643835616438356,55.18150929472534,-0.6828924642911824,43.24268199532435,-0.6288037234168476,6502.08,6481.5,0.0136986301369863,219.70087714425014,55.58031247708732,-1.4039269151124856,-0.2907806279186804,1.0037719623153318,1.0-2.0%,1.00-1.02,2025-09-04→2025-09-05
2025-09-04,2025-09-05,C,6535.0,0.01643835616438356,28.005535450147825,0.2935790974199215,18.354117976748057,0.3538734984416852,6502.08,6481.5,0.0136986301369863,159.87464084422905,9.783022207081785,-7.008142175098038,-5.767283402070145,1.0045405472788198,1.0-2.0%,1.00-1.02,2025-09-04→2025-09-05
2025-09-04,2025-09-05,P,6535.0,0.01643835616438356,57.52853710081696,-0.7064209025800623,45.84234542523245,-0.6577048461128413,6502.08,6481.5,0.0136986301369863,213.32456101891833,58.94319458355403,-0.6881421750976298,0.3144342669977753,1.0045405472788198,1.0-2.0%,1.00-1.02,2025-09-04→2025-09-05
2025-09-04,2025-09-05,C,6540.0,0.01643835616438356,25.40107971284876,0.27612888992567,16.303817771031845,0.32807972371363925,6502.08,6481.5,0.0136986301369863,141.73627041208388,8.395731297259772,-6.2672674453297335,-5.19811928597333,1.0053091322423078,1.0-2.0%,1.00-1.02,2025-09-04→2025-09-05
2025-09-04,2025-09-05,P,6540.0,0.01643835616438356,59.92148228291315,-0.7238711100743015,49.342063071238044,-0.6819536430568293,6502.08,6481.5,0.0136986301369863,200.18615227013422,63.00013373299225,-0.4472674453290768,0.41539402589049956,1.0053091322423078,1.0-2.0%,1.00-1.02,2025-09-04→2025-09-05
2025-09-04,2025-09-05,C,6545.0,0.01643835616438356,22.879734978720435,0.25209338611934723,14.35351626950819,0.3021695811029353,6502.08,6481.5,0.0136986301369863,170.05396803303174,7.11612518627976,-5.611918113663853,-4.581350020901614,1.0060777172057958,1.0-2.0%,1.00-1.02,2025-09-04→2025-09-05
2025-09-04,2025-09-05,P,6545.0,0.01643835616438356,62.39753846818044,-0.7479066138806415,52.49175098389151,-0.708785261418291,6502.08,6481.5,0.0136986301369863,233.50381157448098,66.82991790943925,0.15808188633644882,0.9631993200116202,1.0060777172057958,1.0-2.0%,1.00-1.02,2025-09-04→2025-09-05
2025-09-04,2025-09-05,C,6550.0,0.01643835616438356,20.488601422635327,0.22855700321367278,12.60322300836583,0.2769696645685029,6502.08,6481.5,0.0136986301369863,164.7089162688085,6.011018377755363,-5.046296873862631,-4.04996430318023,1.0068463021692837,1.0-2.0%,1.00-1.02,2025-09-04→2025-09-05
2025-09-04,2025-09-05,P,6550.0,0.01643835616438356,65.00380583149152,-0.771442996786285,55.59142263995818,-0.7370037342400103,6502.08,6481.5,0.0136986301369863,233.15872149361468,70.66461470930335,0.8237031261383052,1.5324631493406375,1.0068463021692837,1.0-2.0%,1.00-1.02,2025-09-04→2025-09-05
2025-09-04,2025-09-05,C,6555.0,0.01643835616438356,18.107217784842433,0.20974091831488537,11.002936250347148,0.2523699471575644,6502.08,6481.5,0.0136986301369863,148.95226629485862,5.038022342240083,-4.383531901079674,-3.506226487497343,1.0076148871327717,1.0-2.0%,1.00-1.02,2025-09-04→2025-09-05
2025-09-04,2025-09-05,P,6555.0,0.01643835616438356,67.61982311309363,-0.7902590816850885,59.04112007277945,-0.7629989540879296,6502.08,6481.5,0.0136986301369863,222.40203320305778,74.7669853155885,1.3864680989209432,1.9474815248704704,1.0076148871327717,1.0-2.0%,1.00-1.02,2025-09-04→2025-09-05
2025-09-04,2025-09-05,C,6560.0,0.01643835616438356,15.823215894685264,0.18755626857181595,9.452647467033785,0.22753053031599701,6502.08,6481.5,0.04657534246575343,196.48692512257216,21.697910553293468,20.00990800720796,20.832578313903205,1.0083834720962597,1.0-2.0%,1.00-1.02,2025-09-04→2025-09-05
2025-09-04,2025-09-05,P,6560.0,0.01643835616438356,70.33322214233387,-0.8124437314281697,62.39079220556414,-0.7911732215042518,6502.08,6481.5,0.04657534246575343,267.40076402824104,87.56855578847808,18.87990800720832,19.31765510144255,1.0083834720962597,1.0-2.0%,1.00-1.02,2025-09-04→2025-09-05
2025-09-04,2025-09-05,C,6430.0,0.019178082191780823,98.43104608586852,0.6884767136765789,93.8450177578743,0.749346451578384,6502.08,6481.5,0.01643835616438356,199.68194245594316,75.60777846685505,-10.031149232536045,-8.7784500265169,0.9882739153742429,1.0-2.0%,0.98-1.00,2025-09-04→2025-09-05
2025-09-04,2025-09-05,P,6430.0,0.019178082191780823,22.187105762426327,-0.31152328632337506,17.651675055849637,-0.25186375422471036,6502.08,6481.5,0.01643835616438356,147.2566112763312,20.608583237155244,-6.811149232535034,-5.583356061944519,0.9882739153742429,1.0-2.0%,0.98-1.00,2025-09-04→2025-09-05
2025-09-04,2025-09-05,C,6435.0,0.019178082191780823,94.73851288297007,0.672733884659816,89.8450998368071,0.736936044881438,6502.08,6481.5,0.01643835616438356,187.07297680870275,71.8557590503051,-10.25513665370103,-8.933856196340052,0.989042402089153,1.0-2.0%,0.98-1.00,2025-09-04→2025-09-05
2025-09-04,2025-09-05,P,6435.0,0.019178082191780823,23.4913346588119,-0.32726611534012,18.601755232949472,-0.26397919560241645,6502.08,6481.5,0.01643835616438356,139.64692608695876,21.806081044976736,-6.985136653699646,-5.682691845497711,0.989042402089153,1.0-2.0%,0.98-1.00,2025-09-04→2025-09-05
2025-09-04,2025-09-05,C,6440.0,0.019178082191780823,91.09639553273388,0.6588163551927912,85.99518891186472,0.7235370980257645,6502.08,6481.5,0.01643835616438356,175.51895077961225,68.26871578555529,-10.491559410132401,-9.159606522629817,0.9898108888040629,1.0-2.0%,0.98-1.00,2025-09-04→2025-09-05
2025-09-04,2025-09-05,P,6440.0,0.019178082191780823,24.84597940785408,-0.341183644807201,19.55183749418893,-0.27635323688142927,6502.08,6481.5,0.01643835616438356,133.09218051573433,23.01893706196188,-7.021559410132172,-5.687349615019794,0.9898108888040629,1.0-2.0%,0.98-1.00,2025-09-04→2025-09-05
2025-09-04,2025-09-05,C,6445.0,0.019178082191780823,87.54452577430992,0.6402340013377154,83.54532160928738,0.7035804267091276,6502.08,6481.5,0.01643835616438356,196.65407802344913,66.08603683184992,-12.223984252469863,-10.920314818326204,0.9905793755189729,1.0-2.0%,0.98-1.00,2025-09-04→2025-09-05
2025-09-04,2025-09-05,P,6445.0,0.019178082191780823,26.290871748712775,-0.35976599866223263,20.65192655386818,-0.2897474366069834,6502.08,6481.5,0.01643835616438356,159.22658821745858,24.39773167543899,-7.30398425246872,-5.863002245371695,0.9905793755189729,1.0-2.0%,0.98-1.00,2025-09-04→2025-09-05
2025-09-04,2025-09-05,C,6450.0,0.019178082191780823,84.03983069900572,0.6217079739804393,77.99536237104985,0.6974656913630595,6502.08,6481.5,0.01643835616438356,186.78384389611642,60.8434138241887,-10.605249895482602,-9.046156071748285,0.9913478622338828,1.0-2.0%,0.98-1.00,2025-09-04→2025-09-05
2025-09-04,2025-09-05,P,6450.0,0.019178082191780823,27.78293877269135,-0.3782920260195256,21.85202060441611,-0.303851300762715,6502.08,6481.5,0.01643835616438356,154.35563454797642,25.892253148669624,-7.485249895481813,-5.953259769696655,0.9913478622338828,1.0-2.0%,0.98-1.00,2025-09-04→2025-09-05
2025-09-04,2025-09-05,C,6455.0,0.019178082191780823,80.53349419074539,0.6089539098222075,76.34551427755832,0.6746013344572865,6502.08,6481.5,0.01643835616438356,170.02995693582858,59.46930541816346,-12.817728535859008,-11.466704536869086,0.9921163489487929,1.0-2.0%,0.98-1.00,2025-09-04→2025-09-05
2025-09-04,2025-09-05,P,6455.0,0.019178082191780823,29.27336436371126,-0.39104609017774483,23.052115703617346,-0.31820828218574415,6502.08,6481.5,0.01643835616438356,142.6010280455651,27.403754574531376,-7.447728535857962,-5.948726447382594,0.9921163489487929,1.0-2.0%,0.98-1.00,2025-09-04→2025-09-05
2025-09-04,2025-09-05,C,6460.0,0.019178082191780823,77.10217649115309,0.5890211517081858,70.39555587720588,0.6683464492139759,6502.08,6481.5,0.01643835616438356,191.86221221073583,53.886377787970105,-10.727944697845587,-9.095430075176433,0.9928848356637028,1.0-2.0%,0.98-1.00,2025-09-04→2025-09-05
2025-09-04,2025-09-05,P,6460.0,0.019178082191780823,30.83880876340198,-0.4109788482917966,24.252213301487245,-0.3328735043561681,6502.08,6481.5,0.01643835616438356,169.4325637783375,28.933646390420563,-7.557944697845146,-5.950536719649916,0.9928848356637028,1.0-2.0%,0.98-1.00,2025-09-04→2025-09-05
2025-09-04,2025-09-05,C,6465.0,0.019178082191780823,73.77918117545228,0.5695003192589866,66.69565848763614,0.6529151720599151,6502.08,6481.5,0.01643835616438356,187.11043612850233,50.534619002827185,-10.779683429650097,-9.063005759006995,0.9936533223786128,1.0-2.0%,0.98-1.00,2025-09-04→2025-09-05
2025-09-04,2025-09-05,P,6465.0,0.019178082191780823,32.51257554698247,-0.4304996807409701,25.402312107987655,-0.3477328277154866,6502.08,6481.5,0.01643835616438356,169.68006815397734,30.434776552694984,-7.459683429649132,-5.756341594384686,0.9936533223786128,1.0-2.0%,0.98-1.00,2025-09-04→2025-09-05
2025-09-04,2025-09-05,C,6470.0,0.019178082191780823,70.41226474545685,0.5543009669771953,63.04576502880445,0.6369615719030844,6502.08,6481.5,0.01643835616438356,171.9176251933357,47.2518456157195,-10.692486099609354,-8.991330850234563,0.9944218090935228,1.0-2.0%,0.98-1.00,2025-09-04→2025-09-05
2025-09-04,2025-09-05,P,6470.0,0.019178082191780823,34.14242121626868,-0.44569903302275093,26.75241864915779,-0.36368642787231886,6502.08,6481.5,0.01643835616438356,159.48653767670848,32.15200316558821,-7.372486099608182,-5.684666685612295,0.9944218090935228,1.0-2.0%,0.98-1.00,2025-09-04→2025-09-05
2025-09-04,2025-09-05,C,6475.0,0.019178082191780823,67.11434903185597,0.5352165920371464,59.4958751679892,0.6203321291364161,6502.08,6481.5,0.01643835616438356,181.5018964355576,44.086947470997984,-10.685242535875568,-8.933564782372605,0.9951902958084328,1.0-2.0%,0.98-1.00,2025-09-04→2025-09-05
2025-09-04,2025-09-05,P,6475.0,0.019178082191780823,35.8412676019499,-0.46478340796279444,28.35253150950348,-0.3807253746288184,6502.08,6481.5,0.01643835616438356,174.07008937677546,34.1312159057984,-7.565242535874276,-5.835328209861054,0.9951902958084328,1.0-2.0%,0.98-1.00,2025-09-04→2025-09-05
2025-09-04,2025-09-05,C,6480.0,0.019178082191780823,63.9457052265183,0.5146586299937658,55.99598916925106,0.603182750727669,6502.08,6481.5,0.01643835616438356,187.78577114073798,40.99202523821805,-10.608325394728341,-8.786498990024619,0.9959587825233428,1.0-2.0%,0.98-1.00,2025-09-04→2025-09-05
2025-09-04,2025-09-05,P,6480.0,0.019178082191780823,37.669385895895154,-0.48534137000619526,29.752643568584062,-0.3975823908000729,6502.08,6481.5,0.01643835616438356,185.3532445398149,35.93982830675486,-7.338325394727457,-5.532245602665466,0.9959587825233428,1.0-2.0%,0.98-1.00,2025-09-04→2025-09-05
2025-09-04,2025-09-05,C,6485.0,0.019178082191780823,60.72567169584348,0.4956302467797911,52.64610809011219,0.5852976316082114,6502.08,6481.5,0.01643835616438356,175.19184477234583,38.062453723582166,-10.549929521271935,-8.704574741503054,0.9967272692382527,1.0-2.0%,0.98-1.00,2025-09-04→2025-09-05
2025-09-04,2025-09-05,P,6485.0,0.019178082191780823,39.44611446450257,-0.504369753220164,31.50276362320801,-0.4156379841284505,6502.08,6481.5,0.01643835616438356,177.75859862932057,38.10423860443461,-7.379929521270938,-5.553829713363481,0.9967272692382527,1.0-2.0%,0.98-1.00,2025-09-04→2025-09-05
2025-09-04,2025-09-05,C,6490.0,0.019178082191780823,57.55908307900318,0.47923406659019707,49.54623220248277,0.5666319873593574,6502.08,6481.5,0.01643835616438356,157.18158727711455,35.389978509190314,-10.587362909573775,-8.788713700144463,0.9974957559531628,1.0-2.0%,0.98-1.00,2025-09-04→2025-09-05
2025-09-04,2025-09-05,P,6490.0,0.019178082191780823,41.27628794694377,-0.5207659334097389,33.10288434704489,-0.433794112497644,6502.08,6481.5,0.01643835616438356,164.74762159194555,40.14990583439112,-7.117362909572387,-5.327482835201481,0.9974957559531628,1.0-2.0%,0.98-1.00,2025-09-04→2025-09-05
2025-09-04,2025-09-05,C,6495.0,0.019178082191780823,54.48745200089071,0.45768720029982674,46.29635708887963,0.5478402629583026,6502.08,6481.5,0.01643835616438356,187.32386304215024,32.59963271186007,-10.330797417829595,-8.47544738831817,0.9982642426680728,1.0-2.0%,0.98-1.00,2025-09-04→2025-09-05
2025-09-04,2025-09-05,P,6495.0,0.019178082191780823,43.201418968112534,-0.5423127997001239,34.95301036745059,-0.4527564607517275,6502.08,6481.5,0.01643835616438356,199.88917781483752,42.453545268421294,-7.0107974178285115,-5.16772796227052,0.9982642426680728,1.0-2.0%,0.98-1.00,2025-09-04→2025-09-05
2025-09-04,2025-09-05,C,6500.0,0.019178082191780823,51.471975121849226,0.4363609780738921,43.196486079830265,0.5284505090168722,6502.08,6481.5,0.01643835616438356,178.83693649306076,29.972772860764508,-10.219691071239335,-8.324488524432812,0.9990327293829827,1.0-2.0%,0.98-1.00,2025-09-04→2025-09-05
2025-09-04,2025-09-05,P,6500.0,0.019178082191780823,45.18270418835378,-0.5636390219260787,36.803139333123454,-0.47214232180474214,6502.08,6481.5,0.01643835616438356,196.40153172360604,44.78150957327489,-6.799691071238655,-4.9166889827415545,0.9990327293829827,1.0-2.0%,0.98-1.00,2025-09-04→2025-09-05
2025-09-04,2025-09-05,C,6505.0,0.019178082191780823,48.44111102285676,0.4213904887180927,40.096618211649,0.508578714548017,6502.08,6481.5,0.01643835616438356,162.31970028866598,27.371806592598205,-9.777783742181686,-7.983450054601851,0.9998012160978927,1.0-2.0%,0.98-1.00,2025-09-04→2025-09-05
2025-09-04,2025-09-05,P,6505.0,0.019178082191780823,47.14860218864356,-0.5786095112818329,38.80327183200097,-0.49206928522738536,6502.08,6481.5,0.01643835616438356,184.88357597712587,47.27196414246691,-6.507783742180074,-4.726785889979549,0.9998012160978927,1.0-2.0%,0.98-1.00,2025-09-04→2025-09-05
2025-09-04,2025-09-05,C,6510.0,0.019178082191780823,45.485217522455024,0.39925211317668646,37.24675270950547,0.4882214159060871,6502.08,6481.5,0.01643835616438356,182.8754162422274,25.022396731109893,-9.633391510823824,-7.802403260652765,1.0005697028128027,1.0-2.0%,1.00-1.02,2025-09-04→2025-09-05
2025-09-04,2025-09-05,P,6510.0,0.019178082191780823,49.189470787522424,-0.6007478868232412,40.90340647755556,-0.5124497925856187,6502.08,6481.5,0.01643835616438356,210.438572388543,49.87802451961352,-6.2633915108222595,-4.446216731411996,1.0005697028128027,1.0-2.0%,1.00-1.02,2025-09-04→2025-09-05
2025-09-04,2025-09-05,C,6515.0,0.019178082191780823,42.65146994309685,0.3775558594441082,34.49689134747041,0.467500237122066,6502.08,6481.5,0.01643835616438356,181.67840946259304,22.786602843329092,-9.379900412640279,-7.528845120027913,1.0013381895277127,1.0-2.0%,1.00-1.02,2025-09-04→2025-09-05
2025-09-04,2025-09-05,P,6515.0,0.019178082191780823,51.35248530744792,-0.6224441405558878,43.15354530168224,-0.5331980023493754,6502.08,6481.5,0.01643835616438356,214.24084606676956,52.642871554000976,-6.059900412640118,-4.2232148883501,1.0013381895277127,1.0-2.0%,1.00-1.02,2025-09-04→2025-09-05
2025-09-04,2025-09-05,C,6520.0,0.019178082191780823,39.768023449263495,0.35927031347026767,31.697032150677387,0.4462176746146117,6502.08,6481.5,0.01643835616438356,167.52394056643288,20.533928564276266,-8.85621694878192,-7.066840256431327,1.0021066762426227,1.0-2.0%,1.00-1.02,2025-09-04→2025-09-05
2025-09-04,2025-09-05,P,6520.0,0.019178082191780823,53.46580091289532,-0.6407296865296781,45.4536852557776,-0.5543515471688777,6502.08,6481.5,0.01643835616438356,205.0856576284633,55.477282421968994,-4.236216948780733,-2.4585548407354665,1.0021066762426227,1.0-2.0%,1.00-1.02,2025-09-04→2025-09-05
2025-09-04,2025-09-05,C,6525.0,0.019178082191780823,36.962745400200205,0.3398328195844151,29.24717387838109,0.4250109323466839,6502.08,6481.5,0.01643835616438356,167.67262335723942,18.609766601377487,-8.606240572952762,-6.853275012305275,1.0028751629575328,1.0-2.0%,1.00-1.02,2025-09-04→2025-09-05
2025-09-04,2025-09-05,P,6525.0,0.019178082191780823,55.65728496311408,-0.6601671804155275,46.15385458523997,-0.5797113186622267,6502.08,6481.5,0.01643835616438356,210.23362087717052,56.986743527883846,-2.2362405729515054,-0.5804589380685812,1.0028751629575328,1.0-2.0%,1.00-1.02,2025-09-04→2025-09-05
2025-09-04,2025-09-05,C,6530.0,0.019178082191780823,34.269792967193396,0.3177620233909951,26.597321317824026,0.40283740426295944,6502.08,6481.5,0.01643835616438356,182.9845726401254,16.543158933223822,-8.110457558613348,-6.359606220268326,1.0036436496724426,1.0-2.0%,1.00-1.02,2025-09-04→2025-09-05
2025-09-04,2025-09-05,P,6530.0,0.019178082191780823,57.96109462938977,-0.6822379766089584,48.654007108810674,-0.6026491548538592,6502.08,6481.5,0.01643835616438356,230.54485061791172,60.07435662354874,-1.8904575586123151,-0.2525196068923794,1.0036436496724426,1.0-2.0%,1.00-1.02,2025-09-04→2025-09-05
2025-09-04,2025-09-05,C,6535.0,0.019178082191780823,31.59306675378353,0.2961486326329528,24.447462835907572,0.38156294936641005,6502.08,6481.5,0.01643835616438356,172.2565075817665,14.919977434120256,-7.905261140413852,-6.147434502039309,1.0044121363873526,1.0-2.0%,1.00-1.02,2025-09-04→2025-09-05
2025-09-04,2025-09-05,P,6535.0,0.019178082191780823,60.281130515261836,-0.7038513673670038,53.054118736681176,-0.6194275565403299,6502.08,6481.5,0.01643835616438356,224.8160660174342,64.73828562968356,-4.485261140412888,-2.7478191135999435,1.0044121363873526,1.0-2.0%,1.00-1.02,2025-09-04→2025-09-05
2025-09-04,2025-09-05,C,6540.0,0.019178082191780823,28.97368181684951,0.27991535361653114,22.047613239149086,0.35893490759643293,6502.08,6481.5,0.01643835616438356,154.903114102884,13.118301990414011,-7.189342022571811,-5.563119601665438,1.0051806231022626,1.0-2.0%,1.00-1.02,2025-09-04→2025-09-05
2025-09-04,2025-09-05,P,6540.0,0.019178082191780823,62.65850767760928,-0.7200846463834438,55.90426276035032,-0.6410965622543022,6502.08,6481.5,0.01643835616438356,212.46195299640965,68.13867291547922,-4.069342022571222,-2.443767251193494,1.0051806231022626,1.0-2.0%,1.00-1.02,2025-09-04→2025-09-05
2025-09-04,2025-09-05,C,6545.0,0.019178082191780823,26.431548529131152,0.2578776800390533,20.14775327154439,0.3378747557977137,6502.08,6481.5,0.01643835616438356,180.94703265538482,11.74285022240656,-6.992877344796301,-5.346537525683075,1.0059491098171727,1.0-2.0%,1.00-1.02,2025-09-04→2025-09-05
2025-09-04,2025-09-05,P,6545.0,0.019178082191780823,65.11313648917279,-0.742122319960932,56.75447804397936,-0.6734795336557373,6502.08,6481.5,0.01643835616438356,243.50515200676068,70.0129443201431,-0.42287734479593375,0.9897911973649691,1.0059491098171727,1.0-2.0%,1.00-1.02,2025-09-04→2025-09-05
2025-09-04,2025-09-05,C,6550.0,0.019178082191780823,24.01005287612915,0.23626849888816057,18.197896846226513,0.31623571610618795,6502.08,6481.5,0.01643835616438356,176.10854079936504,10.349565256673714,-6.637594292881673,-4.991868962534675,1.0067175965320827,1.0-2.0%,1.00-1.02,2025-09-04→2025-09-05
2025-09-04,2025-09-05,P,6550.0,0.019178082191780823,67.68840293545243,-0.7637315011117677,60.404608461119096,-0.6930592280531667,6502.08,6481.5,0.01643835616438356,243.6659406086209,74.10972716162814,-0.7175942928801167,0.736841086665887,1.0067175965320827,1.0-2.0%,1.00-1.02,2025-09-04→2025-09-05
2025-09-04,2025-09-05,C,6555.0,0.019178082191780823,21.61244348365019,0.21899124269964673,16.348040488685683,0.2946809223016693,6502.08,6481.5,0.01643835616438356,161.02385535502628,9.056989909851382,-6.093160225241288,-4.535466619031668,1.0074860832469925,1.0-2.0%,1.00-1.02,2025-09-04→2025-09-05
2025-09-04,2025-09-05,P,6555.0,0.019178082191780823,70.28755564225432,-0.7810087573003253,63.454764242075726,-0.7165149559692531,6502.08,6481.5,0.01643835616438356,233.58053562217424,77.77372814487808,-0.12316022524063541,1.2041222061528263,1.0074860832469925,1.0-2.0%,1.00-1.02,2025-09-04→2025-09-05
2025-09-04,2025-09-05,C,6560.0,0.019178082191780823,19.327495836336837,0.19913703891480766,14.59818293848025,0.2732586257016762,6502.08,6481.5,0.04657534246575343,196.48692512257216,27.15882032931472,15.098240260866728,16.623662516940477,1.0082545699619025,1.0-2.0%,1.00-1.02,2025-09-04→2025-09-05
2025-09-04,2025-09-05,P,6560.0,0.019178082191780823,72.99937009422491,-0.8008629610851873,66.65491856500103,-0.7397070055646624,6502.08,6481.5,0.04657534246575343,267.40076402824104,92.71144489079597,14.868240260866898,16.126829825479298,1.0082545699619025,1.0-2.0%,1.00-1.02,2025-09-04→2025-09-05
2025-09-04,2025-09-05,C,6430.0,0.021917808219178082,102.76818265684952,0.6750899647372773,100.29896659367114,0.7328253556957637,6502.08,6481.5,0.019178082191780823,208.18282222089266,82.21058453431851,-11.606648525706882,-10.418454179781238,0.9878935279217835,2.0-3.0%,0.98-1.00,2025-09-04→2025-09-05
2025-09-04,2025-09-05,P,6430.0,0.021917808219178082,24.05093268651767,-0.32491003526267276,20.10036883649127,-0.2615352405390275,6502.08,6481.5,0.019178082191780823,153.4293274811174,23.441173202293157,-6.786648525705783,-5.482395250293168,0.9878935279217835,2.0-3.0%,0.98-1.00,2025-09-04→2025-09-05
2025-09-04,2025-09-05,C,6435.0,0.021917808219178082,99.04359556942205,0.6601894577025819,96.09898114528914,0.722503182733328,6502.08,6481.5,0.019178082191780823,195.9551014576204,78.2458945829867,-11.613300960480903,-10.33088449934815,0.9886617188455175,2.0-3.0%,0.98-1.00,2025-09-04→2025-09-05
2025-09-04,2025-09-05,P,6435.0,0.021917808219178082,25.32118444048225,-0.33981054229740076,21.05038472212277,-0.27282070779533923,6502.08,6481.5,0.019178082191780823,146.19907678414862,24.6306109599268,-6.9433009604804825,-5.564650166428061,0.9886617188455175,2.0-3.0%,0.98-1.00,2025-09-04→2025-09-05
2025-09-04,2025-09-05,C,6440.0,0.021917808219178082,95.36777845462187,0.6470078052010819,92.19899791444004,0.7106114037961183,6502.08,6481.5,0.019178082191780823,184.47447949267817,74.59469586487467,-11.734579368961779,-10.425617309875934,0.9894299097692514,2.0-3.0%,0.98-1.00,2025-09-04→2025-09-05
2025-09-04,2025-09-05,P,6440.0,0.021917808219178082,26.64020616707309,-0.35299219479891575,22.050401295765596,-0.2845745347247093,6502.08,6481.5,0.019178082191780823,139.71592488550044,25.883377439192827,-7.014579368961661,-5.606543924634496,0.9894299097692514,2.0-3.0%,0.98-1.00,2025-09-04→2025-09-05
2025-09-04,2025-09-05,C,6445.0,0.021917808219178082,91.77331088088408,0.6295527359284903,88.79901825465004,0.6965521449847467,6502.08,6481.5,0.019178082191780823,204.9844081837845,71.45375387051809,-12.443804694591707,-11.064956856213955,0.9901981006929852,2.0-3.0%,0.98-1.00,2025-09-04→2025-09-05
2025-09-04,2025-09-05,P,6445.0,0.021917808219178082,28.040577434728686,-0.37044726407146295,23.000417933857534,-0.2963732620379126,6502.08,6481.5,0.019178082191780823,165.22332364287635,27.099938454723087,-7.023804694590679,-5.499361732740218,0.9901981006929852,2.0-3.0%,0.98-1.00,2025-09-04→2025-09-05
2025-09-04,2025-09-05,C,6450.0,0.021917808219178082,88.22272388158446,0.612126066811207,84.94903512983001,0.6841377697859538,6502.08,6481.5,0.019178082191780823,195.46834250753207,67.87690936413355,-12.602445545025407,-11.120444697805125,0.9909662916167191,2.0-3.0%,0.98-1.00,2025-09-04→2025-09-05
2025-09-04,2025-09-05,P,6450.0,0.021917808219178082,29.484829276819394,-0.3878739331887855,24.150435663600092,-0.3092913830563525,6502.08,6481.5,0.019178082191780823,160.70472803296983,28.53096135906935,-7.1824455450251765,-5.5652166632997115,0.9909662916167191,2.0-3.0%,0.98-1.00,2025-09-04→2025-09-05
2025-09-04,2025-09-05,C,6455.0,0.021917808219178082,84.67292142917822,0.6000038977593591,80.94905239039326,0.6719731496443776,6502.08,6481.5,0.019178082191780823,179.15022852914592,64.16638966496384,-12.401919784112433,-10.920792580318757,0.991734482540453,2.0-3.0%,0.98-1.00,2025-09-04→2025-09-05
2025-09-04,2025-09-05,P,6455.0,0.021917808219178082,30.929865665805615,-0.3999961022405814,25.350454960734623,-0.32265721241672496,6502.08,6481.5,0.019178082191780823,149.38408412084368,30.02634668751989,-7.131919784111139,-5.540285431536178,0.991734482540453,2.0-3.0%,0.98-1.00,2025-09-04→2025-09-05
2025-09-04,2025-09-05,C,6460.0,0.021917808219178082,81.1957594595132,0.5813544452336801,77.14907097197101,0.6588031541214403,6502.08,6481.5,0.019178082191780823,199.89338291744497,60.66902361844632,-12.48572551709091,-10.89183108818081,0.992502673464187,2.0-3.0%,0.98-1.00,2025-09-04→2025-09-05
2025-09-04,2025-09-05,P,6460.0,0.021917808219178082,32.447542537533046,-0.41864555476627313,26.250472775099297,-0.3352652526254895,6502.08,6481.5,0.019178082191780823,175.12470857543207,31.241139950114302,-6.965725517089872,-5.249758899032551,0.992502673464187,2.0-3.0%,0.98-1.00,2025-09-04→2025-09-05
2025-09-04,2025-09-05,C,6465.0,0.021917808219178082,77.81843584733949,0.563009731870867,73.29908979110769,0.6454582124833105,6502.08,6481.5,0.019178082191780823,195.39467673888004,57.13899156020261,-12.363259718097593,-10.666469987093514,0.9932708643879208,2.0-3.0%,0.98-1.00,2025-09-04→2025-09-05
2025-09-04,2025-09-05,P,6465.0,0.021917808219178082,34.06505776675058,-0.4369902681290706,27.950494830782645,-0.35090380253415765,6502.08,6481.5,0.019178082191780823,175.62347246319254,33.26117698776261,-7.393259718096239,-5.621600256152938,0.9932708643879208,2.0-3.0%,0.98-1.00,2025-09-04→2025-09-05
2025-09-04,2025-09-05,C,6470.0,0.021917808219178082,74.40431201439132,0.5486220202935723,68.09910430902028,0.635407677493403,6502.08,6481.5,0.019178082191780823,180.62830152991887,52.312109598255574,-10.759358822358319,-8.97330999718581,0.9940390553116547,2.0-3.0%,0.98-1.00,2025-09-04→2025-09-05
2025-09-04,2025-09-05,P,6470.0,0.021917808219178082,35.64577277519247,-0.4513779797063866,29.150515361197904,-0.3652011861600529,6502.08,6481.5,0.019178082191780823,165.85456732052543,34.80601634850882,-7.239358822357403,-5.465840411173862,0.9940390553116547,2.0-3.0%,0.98-1.00,2025-09-04→2025-09-05
2025-09-04,2025-09-05,C,6475.0,0.021917808219178082,71.0632778372109,0.5307666209702935,66.24913133696919,0.616005544477256,6502.08,6481.5,0.019178082191780823,189.15361956380733,50.76316042313647,-12.476822940431397,-10.722605894658116,0.9948072462353886,2.0-3.0%,0.98-1.00,2025-09-04→2025-09-05
2025-09-04,2025-09-05,P,6475.0,0.021917808219178082,37.29957743940464,-0.46923337902963813,30.80053739629193,-0.38107019513733126,6502.08,6481.5,0.019178082191780823,179.37735542073284,36.806835170389604,-7.406822940429922,-5.592424615926253,0.9948072462353886,2.0-3.0%,0.98-1.00,2025-09-04→2025-09-05
2025-09-04,2025-09-05,C,6480.0,0.021917808219178082,67.83913128525231,0.5114608811122275,60.74914688836179,0.6049694230982312,6502.08,6481.5,0.019178082191780823,195.287156825679,45.70193358807364,-10.474135066710394,-8.549729272638446,0.9955754371591224,2.0-3.0%,0.98-1.00,2025-09-04→2025-09-05
2025-09-04,2025-09-05,P,6480.0,0.021917808219178082,39.07026972883889,-0.488539118887716,32.05055882425086,-0.39628286781420846,6502.08,6481.5,0.019178082191780823,190.50836274891063,38.43840858183057,-7.154135066709154,-5.255501419616376,0.9955754371591224,2.0-3.0%,0.98-1.00,2025-09-04→2025-09-05
2025-09-04,2025-09-05,C,6485.0,0.021917808219178082,64.57675985394819,0.49353502160525164,57.34917006327578,0.5885342109266657,6502.08,6481.5,0.019178082191780823,183.0207673956282,42.69145172695153,-10.39304925536396,-8.437965939129267,0.9963436280828564,2.0-3.0%,0.98-1.00,2025-09-04→2025-09-05
2025-09-04,2025-09-05,P,6485.0,0.021917808219178082,40.80273713892608,-0.5064649783947165,33.60058181994964,-0.4125909501622787,6502.08,6481.5,0.019178082191780823,183.23944338513206,40.37943063996545,-7.0230492553632295,-5.091121754339667,0.9963436280828564,2.0-3.0%,0.98-1.00,2025-09-04→2025-09-05
2025-09-04,2025-09-05,C,6490.0,0.021917808219178082,61.378362215825355,0.47812202330669973,55.74919735653975,0.5691796361174402,6502.08,6481.5,0.019178082191780823,165.42441198070534,41.40491173770033,-11.96024876034815,-10.08628308870312,0.9971118190065903,2.0-3.0%,0.98-1.00,2025-09-04→2025-09-05
2025-09-04,2025-09-05,P,6490.0,0.021917808219178082,42.599178342193554,-0.5218779766932263,35.40060591555266,-0.4296780384275843,6502.08,6481.5,0.019178082191780823,170.64055803652056,42.577789652332285,-6.990248760346567,-5.09277403083966,0.9971118190065903,2.0-3.0%,0.98-1.00,2025-09-04→2025-09-05
2025-09-04,2025-09-05,C,6495.0,0.021917808219178082,58.26970890409503,0.4579388139425175,50.79921828257602,0.5541828424512839,6502.08,6481.5,0.019178082191780823,194.03191285376263,36.96657669736214,-10.17561920906302,-8.194917102352616,0.9978800099303241,2.0-3.0%,0.98-1.00,2025-09-04→2025-09-05
2025-09-04,2025-09-05,P,6495.0,0.021917808219178082,44.485363871855476,-0.5420611860574354,37.25063029971943,-0.44711899845152164,6502.08,6481.5,0.019178082191780823,204.24552897585713,44.84147229425889,-7.005619209061974,-5.051708988132278,0.9978800099303241,2.0-3.0%,0.98-1.00,2025-09-04→2025-09-05
2025-09-04,2025-09-05,C,6500.0,0.021917808219178082,55.218307485853465,0.4378769463761356,47.64924371382267,0.5363040563787818,6502.08,6481.5,0.019178082191780823,185.7148403006982,34.251927415550654,-10.038492443579159,-8.012862519724708,0.998648200854058,2.0-3.0%,0.98-1.00,2025-09-04→2025-09-05
2025-09-04,2025-09-05,P,6500.0,0.021917808219178082,46.428801295005364,-0.5621230536238506,39.00065548368639,-0.4648303900767857,6502.08,6481.5,0.019178082191780823,200.92592648909806,47.031598668347215,-6.768492443578808,-4.76620942778022,0.998648200854058,2.0-3.0%,0.98-1.00,2025-09-04→2025-09-05
2025-09-04,2025-09-05,C,6505.0,0.021917808219178082,52.177215472989396,0.4236943956365593,44.59926909021942,0.5179753975953818,6502.08,6481.5,0.019178082191780823,169.5528720224876,31.650933535092463,-9.730369337799644,-7.790066317487083,0.999416391777792,2.0-3.0%,0.98-1.00,2025-09-04→2025-09-05
2025-09-04,2025-09-05,P,6505.0,0.021917808219178082,48.3825481235326,-0.576305604363386,40.80068071734877,-0.48305790072959587,6502.08,6481.5,0.019178082191780823,189.7614282771834,49.29115413754789,-6.36036933779844,-4.441331597015047,0.999416391777792,2.0-3.0%,0.98-1.00,2025-09-04→2025-09-05
2025-09-04,2025-09-05,C,6510.0,0.021917808219178082,49.224991904595484,0.4031236943554537,41.64929598912295,0.49923452636183546,6502.08,6481.5,0.019178082191780823,189.05539619717663,29.162915396314474,-9.653714370164792,-7.675753447473461,1.0001845827015259,2.0-3.0%,1.00-1.02,2025-09-04→2025-09-05
2025-09-04,2025-09-05,P,6510.0,0.021917808219178082,50.425163396531026,-0.5968763056444806,42.85070761625229,-0.5017987719631422,6502.08,6481.5,0.019178082191780823,214.2614225181854,51.80313599876945,-6.183714370163365,-4.227018727001427,1.0001845827015259,2.0-3.0%,1.00-1.02,2025-09-04→2025-09-05
2025-09-04,2025-09-05,C,6515.0,0.021917808219178082,46.38151064118464,0.38275472128664273,38.89932285581199,0.4801834664187788,6502.08,6481.5,0.019178082191780823,187.8825079701813,26.877026433937772,-9.472907835920918,-7.4678242611015655,1.0009527736252597,2.0-3.0%,1.00-1.02,2025-09-04→2025-09-05
2025-09-04,2025-09-05,P,6515.0,0.021917808219178082,52.576520974511645,-0.6172452787133489,45.050734528053,-0.5208818254120875,6502.08,6481.5,0.019178082191780823,218.0860043574776,54.47229251757108,-6.002907835920672,-4.01974796698072,1.0009527736252597,2.0-3.0%,1.00-1.02,2025-09-04→2025-09-05
2025-09-04,2025-09-05,C,6520.0,0.021917808219178082,43.510511768925845,0.36553112502139123,36.04935033200354,0.4606682695370503,6502.08,6481.5,0.019178082191780823,174.0206320481209,24.52273421991231,-9.127369447059793,-7.169447012927536,1.0017209645489935,2.0-3.0%,1.00-1.02,2025-09-04→2025-09-05
2025-09-04,2025-09-05,P,6520.0,0.021917808219178082,54.700360943645045,-0.6344688749785414,47.20076203759709,-0.5404210183596255,6502.08,6481.5,0.019178082191780823,209.22159850171371,57.11857967738706,-5.607369447058341,-3.671864557841058,1.0017209645489935,2.0-3.0%,1.00-1.02,2025-09-04→2025-09-05
2025-09-04,2025-09-05,C,6525.0,0.021917808219178082,40.75213053676168,0.34768813539279336,33.34937833866206,0.4408386942029656,6502.08,6481.5,0.019178082191780823,173.7029155439991,22.32509513302739,-8.79457817361634,-6.877539673303003,1.0024891554727275,2.0-3.0%,1.00-1.02,2025-09-04→2025-09-05
2025-09-04,2025-09-05,P,6525.0,0.021917808219178082,56.93681855287242,-0.6523118646071513,47.95079376130752,-0.562886243267315,6502.08,6481.5,0.019178082191780823,213.90135206388848,58.56840594683672,-2.2745781736151276,-0.4341988864413029,1.0024891554727275,2.0-3.0%,1.00-1.02,2025-09-04→2025-09-05
2025-09-04,2025-09-05,C,6530.0,0.021917808219178082,38.09153209378749,0.32720764854449985,30.699406891547824,0.4205908681267841,6502.08,6481.5,0.019178082191780823,188.66335588491282,20.195177093291477,-8.416066592954216,-6.494239933950812,1.0032573463964614,2.0-3.0%,1.00-1.02,2025-09-04→2025-09-05
2025-09-04,2025-09-05,P,6530.0,0.021917808219178082,59.27105895128938,-0.6727923514554618,50.35082339807059,-0.5839026611504576,6502.08,6481.5,0.019178082191780823,233.85926247109833,61.50306156006718,-1.996066592953353,-0.1667167664763749,1.0032573463964614,2.0-3.0%,1.00-1.02,2025-09-04→2025-09-05
2025-09-04,2025-09-05,C,6535.0,0.021917808219178082,35.449641270196295,0.3070961140343015,28.249435532681673,0.4002819108618295,6502.08,6481.5,0.019178082191780823,178.14281873787328,18.261430762369855,-8.079961973174099,-6.162198274463577,1.0040255373201952,2.0-3.0%,1.00-1.02,2025-09-04→2025-09-05
2025-09-04,2025-09-05,P,6535.0,0.021917808219178082,61.62400696909063,-0.6929038859656689,52.850853491569524,-0.6052397258549401,6502.08,6481.5,0.019178082191780823,228.33619539039847,64.54889367131454,-1.7099619731734101,0.09416644190538115,1.0040255373201952,2.0-3.0%,1.00-1.02,2025-09-04→2025-09-05
2025-09-04,2025-09-05,C,6540.0,0.021917808219178082,32.898584269341264,0.29236386956170385,26.049463820536857,0.380275829982245,6502.08,6481.5,0.019178082191780823,161.08926432048793,16.5605286376167,-7.783151564420157,-5.973923418965426,1.0047937282439292,2.0-3.0%,1.00-1.02,2025-09-04→2025-09-05
2025-09-04,2025-09-05,P,6540.0,0.021917808219178082,64.06778880962592,-0.7076361304382534,55.45088418361729,-0.6268668686959608,6502.08,6481.5,0.019178082191780823,216.28011103928267,67.70500046554025,-2.5131515644192053,-0.8509201577628289,1.0047937282439292,2.0-3.0%,1.00-1.02,2025-09-04→2025-09-05
2025-09-04,2025-09-05,C,6545.0,0.021917808219178082,30.435210749862186,0.2724751443474036,23.799492720781473,0.35972640399691475,6502.08,6481.5,0.019178082191780823,186.20952665377388,14.83852633131778,-7.2924615293304536,-5.496830605743521,1.005561919167663,2.0-3.0%,1.00-1.02,2025-09-04→2025-09-05
2025-09-04,2025-09-05,P,6545.0,0.021917808219178082,66.59925413153934,-0.7275248556525837,58.35091366231427,-0.6479122610465231,6502.08,6481.5,0.019178082191780823,246.39784343883107,71.13244888250938,-0.9724615293301273,0.6659656676625954,1.005561919167663,2.0-3.0%,1.00-1.02,2025-09-04→2025-09-05
2025-09-04,2025-09-05,C,6550.0,0.021917808219178082,28.06796229175822,0.25265456017425986,21.749521212378113,0.3395195534488057,6502.08,6481.5,0.019178082191780823,181.4621422873982,13.302153779280388,-7.1003691516137515,-5.312687590023605,1.006330110091397,2.0-3.0%,1.00-1.02,2025-09-04→2025-09-05
2025-09-04,2025-09-05,P,6550.0,0.021917808219178082,69.22684451482736,-0.7473454398256633,60.9509460224499,-0.6708757579098173,6502.08,6481.5,0.019178082191780823,246.6479291388017,74.34419953276392,-1.5803691516120981,-0.006623097783995391,1.006330110091397,2.0-3.0%,1.00-1.02,2025-09-04→2025-09-05
2025-09-04,2025-09-05,C,6555.0,0.021917808219178082,25.73050616083617,0.23697727072876468,19.799549425109944,0.3193798710722497,6502.08,6481.5,0.019178082191780823,166.60727547034412,11.866346237757625,-6.573007768402041,-4.877162253333125,1.0070983010151309,2.0-3.0%,1.00-1.02,2025-09-04→2025-09-05
2025-09-04,2025-09-05,P,6555.0,0.021917808219178082,71.88422722529698,-0.7630227292712327,64.50097161989015,-0.689553749792685,6502.08,6481.5,0.019178082191780823,236.79053238804443,78.32942478660607,-0.5030077684019112,1.0089838292665956,1.0070983010151309,2.0-3.0%,1.00-1.02,2025-09-04→2025-09-05
2025-09-04,2025-09-05,C,6560.0,0.021917808219178082,23.56116744220207,0.21984637396309425,17.89957825148531,0.29907379040577114,6502.08,6481.5,0.04657534246575343,196.48692512257216,29.251864428050794,12.224438376160467,13.854938606550752,1.0078664919388647,2.0-3.0%,1.00-1.02,2025-09-04→2025-09-05
2025-09-04,2025-09-05,P,6560.0,0.021917808219178082,74.70972734805385,-0.7801536260368971,67.70100162581548,-0.7102899157008489,6502.08,6481.5,0.04657534246575343,267.40076402824104,91.39306308772211,14.244438376160712,15.682233534876579,1.0078664919388647,2.0-3.0%,1.00-1.02,2025-09-04→2025-09-05
2025-09-04,2025-09-05,C,6430.0,0.030136986301369864,105.8271960633766,0.6500526640101759,102.85568696904375,0.7182213928724797,6502.08,6481.5,0.0273972602739726,216.47193989692713,85.89286517503751,-11.621916174670627,-10.21900373468442,0.9879907761106812,3.0-4.0%,0.98-1.00,2025-09-04→2025-09-05
2025-09-04,2025-09-05,P,6430.0,0.030136986301369864,27.742261597112165,-0.34994733598979966,23.247808572183885,-0.27674733120187,6502.08,6481.5,0.0273972602739726,162.49249541606224,27.40788074080092,-6.751916174670049,-5.245460076134462,0.9879907761106812,3.0-4.0%,0.98-1.00,2025-09-04→2025-09-05
2025-09-04,2025-09-05,C,6435.0,0.030136986301369864,102.15396244037069,0.6358992265486816,98.85560289309251,0.7076036491039167,6502.08,6481.5,0.0273972602739726,204.56960025683506,82.12287179603027,-11.713193917628177,-10.237516901441444,0.9887590426550907,3.0-4.0%,0.98-1.00,2025-09-04→2025-09-05
2025-09-04,2025-09-05,P,6435.0,0.030136986301369864,29.064358507181694,-0.36410077345130815,24.147725518198513,-0.28723594869251956,6502.08,6481.5,0.0273972602739726,155.58822774763732,28.540425342551316,-6.743193917627895,-5.161315824092032,0.9887590426550907,3.0-4.0%,0.98-1.00,2025-09-04→2025-09-05
2025-09-04,2025-09-05,C,6440.0,0.030136986301369864,98.54162482532077,0.6234048072538941,95.45549931061578,0.6946174510919053,6502.08,6481.5,0.0273972602739726,193.26238470960445,78.96902040467648,-12.370329066714907,-10.904772856528641,0.9895273091995003,3.0-4.0%,0.98-1.00,2025-09-04→2025-09-05
2025-09-04,2025-09-05,P,6440.0,0.030136986301369864,30.44735142520639,-0.3765951927460877,25.097638823338002,-0.2981844063980369,6502.08,6481.5,0.0273972602739726,149.27908417198486,29.73467639920591,-6.700329066714461,-5.08663508367158,0.9895273091995003,3.0-4.0%,0.98-1.00,2025-09-04→2025-09-05
2025-09-04,2025-09-05,C,6445.0,0.030136986301369864,95.00725197519976,0.6071712068401376,92.05539730867622,0.6816487309628197,6502.08,6481.5,0.0273972602739726,212.3095177061158,75.82143430407496,-13.004416563230013,-11.471669116785218,0.9902955757439099,3.0-4.0%,0.98-1.00,2025-09-04→2025-09-05
2025-09-04,2025-09-05,P,6445.0,0.030136986301369864,31.9083091081581,-0.3928287931598546,26.24754374554186,-0.31014475413056153,6502.08,6481.5,0.0273972602739726,173.324289140164,31.142708526188926,-6.884416563229779,-5.182779040006935,0.9902955757439099,3.0-4.0%,0.98-1.00,2025-09-04→2025-09-05
2025-09-04,2025-09-05,C,6450.0,0.030136986301369864,91.50946242410097,0.590938642238636,87.65531880351227,0.6717275664773509,6502.08,6481.5,0.0273972602739726,202.9337312629291,71.6793600980277,-12.438482742728922,-10.775846681896176,0.9910638422883195,3.0-4.0%,0.98-1.00,2025-09-04→2025-09-05
2025-09-04,2025-09-05,P,6450.0,0.030136986301369864,33.40585009013496,-0.40906135776135044,27.347448928168888,-0.3221612366647021,6502.08,6481.5,0.0273972602739726,168.94657466860158,32.5112649088469,-7.068482742728564,-5.280078250559548,0.9910638422883195,3.0-4.0%,0.98-1.00,2025-09-04→2025-09-05
2025-09-04,2025-09-05,C,6455.0,0.030136986301369864,88.03558725965576,0.5794776274100212,83.70522616930066,0.6600280092035544,6502.08,6481.5,0.0273972602739726,187.0381248532876,68.00180232765933,-12.274350427901808,-10.616623570590901,0.991832108832729,3.0-4.0%,0.98-1.00,2025-09-04→2025-09-05
2025-09-04,2025-09-05,P,6455.0,0.030136986301369864,34.92730545876443,-0.4205223725899186,28.547349012296763,-0.3347836692053416,6502.08,6481.5,0.0273972602739726,158.04904023059314,33.992339366143824,-7.054350427900497,-5.289847912245907,0.991832108832729,3.0-4.0%,0.98-1.00,2025-09-04→2025-09-05
2025-09-04,2025-09-05,C,6460.0,0.030136986301369864,84.6450997735051,0.5624649273857548,79.95512657575728,0.6474504460375389,6502.08,6481.5,0.0273972602739726,206.1975479890218,64.53629686106933,-12.324471794401212,-10.575469820547502,0.9926003753771385,3.0-4.0%,0.98-1.00,2025-09-04→2025-09-05
2025-09-04,2025-09-05,P,6460.0,0.030136986301369864,36.532148505689335,-0.4375350726142018,29.897243362190693,-0.34812635686374743,6502.08,6481.5,0.0273972602739726,182.20653533794314,35.635516132449084,-7.204471794400241,-5.364440424255896,0.9926003753771385,3.0-4.0%,0.98-1.00,2025-09-04→2025-09-05
2025-09-04,2025-09-05,C,6465.0,0.030136986301369864,81.33673552807178,0.5456709832283712,76.25502400584219,0.6344623853330864,6502.08,6481.5,0.0273972602739726,201.45389589408182,61.132769186456244,-12.320091165160159,-10.492764109845124,0.9933686419215481,3.0-4.0%,0.98-1.00,2025-09-04→2025-09-05
2025-09-04,2025-09-05,P,6465.0,0.030136986301369864,38.21911479333059,-0.45432901677157567,31.147138502852613,-0.36144489279118097,6502.08,6481.5,0.0273972602739726,182.46095521465287,37.19131407605437,-7.100091165158988,-5.188535893642471,0.9933686419215481,3.0-4.0%,0.98-1.00,2025-09-04→2025-09-05
2025-09-04,2025-09-05,C,6470.0,0.030136986301369864,78.02078629371516,0.5323784501621482,72.55491851042507,0.6211706034739497,6502.08,6481.5,0.0273972602739726,186.94877509393507,57.74229877646303,-12.243651495663023,-10.416308980506155,0.9941369084659576,3.0-4.0%,0.98-1.00,2025-09-04→2025-09-05
2025-09-04,2025-09-05,P,6470.0,0.030136986301369864,39.89849609204802,-0.4676215498377948,32.4970278902033,-0.3753457643898092,6502.08,6481.5,0.0273972602739726,172.95390638614003,38.85999627846559,-7.023651495661788,-5.124615831142252,0.9941369084659576,3.0-4.0%,0.98-1.00,2025-09-04→2025-09-05
2025-09-04,2025-09-05,C,6475.0,0.030136986301369864,74.80474950171843,0.5163683222806656,68.95480891222087,0.6073329992787209,6502.08,6481.5,0.0273972602739726,194.6345291013455,54.464044601342266,-12.073139927463941,-10.201086874843972,0.9949051750103671,3.0-4.0%,0.98-1.00,2025-09-04→2025-09-05
2025-09-04,2025-09-05,P,6475.0,0.030136986301369864,41.677789833125736,-0.483631677719262,33.946913403853614,-0.38979678169852156,6502.08,6481.5,0.0273972602739726,185.637732365175,40.64118188582779,-7.0031399274623745,-5.0720177673555416,0.9949051750103671,3.0-4.0%,0.98-1.00,2025-09-04→2025-09-05
2025-09-04,2025-09-05,C,6480.0,0.030136986301369864,71.69052409914545,0.49908332070490014,65.45469525630051,0.592979804968378,6502.08,6481.5,0.0273972602739726,199.73454535620718,51.297634909732096,-12.02886525989319,-10.09647561375082,0.9956734415547767,3.0-4.0%,0.98-1.00,2025-09-04→2025-09-05
2025-09-04,2025-09-05,P,6480.0,0.030136986301369864,43.558894963628006,-0.5009166792950506,35.49679488498259,-0.4047638336339294,6502.08,6481.5,0.0273972602739726,195.73582059165923,42.53441221364574,-6.858865259892102,-4.880039696186236,0.9956734415547767,3.0-4.0%,0.98-1.00,2025-09-04→2025-09-05
2025-09-04,2025-09-05,C,6485.0,0.030136986301369864,68.56113458941844,0.48300039048881743,62.05457777412175,0.5781431309935918,6502.08,6481.5,0.0273972602739726,187.4415519184531,48.24262474680154,-12.10985196374017,-10.15181436415192,0.9964417080991863,3.0-4.0%,0.98-1.00,2025-09-04→2025-09-05
2025-09-04,2025-09-05,P,6485.0,0.030136986301369864,45.42483598697433,-0.5169996095111616,37.09667317437652,-0.42013448938875436,6502.08,6481.5,0.0273972602739726,188.4408991255457,44.49067357920103,-6.739851963739671,-4.746367791620536,0.9964417080991863,3.0-4.0%,0.98-1.00,2025-09-04→2025-09-05
2025-09-04,2025-09-05,C,6490.0,0.030136986301369864,65.54491082865131,0.4694275273941509,58.60445706544351,0.5630251539969527,6502.08,6481.5,0.0273972602739726,170.00818604842266,45.15419521927652,-11.789181486228411,-9.862942330742756,0.9972099746435958,3.0-4.0%,0.98-1.00,2025-09-04→2025-09-05
2025-09-04,2025-09-05,P,6490.0,0.030136986301369864,47.40394275928087,-0.5305724726057915,38.796548547754355,-0.435980741914991,6502.08,6481.5,0.0273972602739726,176.00560522715327,46.558548956712,-6.5691814862271425,-4.622483668610474,0.9972099746435958,3.0-4.0%,0.98-1.00,2025-09-04→2025-09-05
2025-09-04,2025-09-05,C,6495.0,0.030136986301369864,62.622112133114776,0.45189989781835416,55.35433364687333,0.5473177379433737,6502.08,6481.5,0.0273972602739726,196.92567694660167,42.27363777565961,-11.449900102898305,-9.48620095312541,0.9979782411880054,3.0-4.0%,0.98-1.00,2025-09-04→2025-09-05
2025-09-04,2025-09-05,P,6495.0,0.030136986301369864,49.47647459681891,-0.5481001021816102,40.54641903336051,-0.45222252987540434,6502.08,6481.5,0.0273972602739726,207.9211680969555,48.68966404206958,-6.479900102897494,-4.506739664835784,0.9979782411880054,3.0-4.0%,0.98-1.00,2025-09-04→2025-09-05
2025-09-04,2025-09-05,C,6500.0,0.030136986301369864,59.749985747069005,0.4344423481684025,50.6542122404162,0.5319807195096401,6502.08,6481.5,0.0273972602739726,188.30794331113597,38.0343437765182,-9.959176474694306,-7.951836792491644,0.9987465077324149,3.0-4.0%,0.98-1.00,2025-09-04→2025-09-05
2025-09-04,2025-09-05,P,6500.0,0.030136986301369864,51.59967874384861,-0.5655576518315684,42.39628702070331,-0.46890144252184424,6502.08,6481.5,0.0273972602739726,204.3015064331455,50.931908392448804,-6.339176474693639,-4.349991687099523,0.9987465077324149,3.0-4.0%,0.98-1.00,2025-09-04→2025-09-05
2025-09-04,2025-09-05,C,6505.0,0.030136986301369864,56.96229028871558,0.42229597238790323,47.55407734779055,0.5149453782284088,6502.08,6481.5,0.0273972602739726,172.1001984304776,35.33926373957593,-9.60914888825698,-7.702424116059381,0.9995147742768244,3.0-4.0%,0.98-1.00,2025-09-04→2025-09-05
2025-09-04,2025-09-05,P,6505.0,0.030136986301369864,53.8073138185702,-0.5777040276120272,44.34615177552041,-0.48598131420449125,6502.08,6481.5,0.0273972602739726,193.09183352410545,53.28462302573598,-6.089148888255474,-4.201495446328391,0.9995147742768244,3.0-4.0%,0.98-1.00,2025-09-04→2025-09-05
2025-09-04,2025-09-05,C,6510.0,0.030136986301369864,54.29459515124038,0.4051648972915369,44.553939276960136,0.49750971532505234,6502.08,6481.5,0.0273972602739726,190.71815932063677,32.75475623967168,-9.411706413740196,-7.511250058610456,1.000283040821234,3.0-4.0%,1.00-1.02,2025-09-04→2025-09-05
2025-09-04,2025-09-05,P,6510.0,0.030136986301369864,56.13494921416847,-0.5948351027084001,46.39601364095233,-0.5034250510321762,6502.08,6481.5,0.0273972602739726,216.70786638588922,55.747091874275156,-5.891706413738829,-4.010487550242148,1.000283040821234,3.0-4.0%,1.00-1.02,2025-09-04→2025-09-05
2025-09-04,2025-09-05,C,6515.0,0.030136986301369864,51.715544288754344,0.3881518816240041,41.603798095527964,0.47967849752649255,6502.08,6481.5,0.0273972602739726,189.08554273280228,30.234026623848422,-9.061834276178026,-7.178216520904819,1.0010513073656435,3.0-4.0%,1.00-1.02,2025-09-04→2025-09-05
2025-09-04,2025-09-05,P,6515.0,0.030136986301369864,58.55122888475673,-0.6118481183759652,48.595873190372004,-0.5211640159961001,6502.08,6481.5,0.0273972602739726,220.07332176968507,58.364637159409995,-5.741834276177318,-3.8755554491997,1.0010513073656435,3.0-4.0%,1.00-1.02,2025-09-04→2025-09-05
2025-09-04,2025-09-05,C,6520.0,0.030136986301369864,49.15742565792741,0.3739574945625101,38.95365557393097,0.4616832438468504,6502.08,6481.5,0.0273972602739726,175.08381980538192,28.005809820276227,-8.90395476190357,-7.098558841631855,1.001819573910053,3.0-4.0%,1.00-1.02,2025-09-04→2025-09-05
2025-09-04,2025-09-05,P,6520.0,0.030136986301369864,60.98844078700377,-0.6260425054374237,50.795729937923625,-0.5392515225103783,6502.08,6481.5,0.0273972602739726,211.06967081391113,60.99814545488016,-5.283954761902132,-3.4977963332635458,1.001819573910053,3.0-4.0%,1.00-1.02,2025-09-04→2025-09-05
2025-09-04,2025-09-05,C,6525.0,0.030136986301369864,46.76424976524359,0.3598428856991146,36.40351285660245,0.44352363753794716,6502.08,6481.5,0.0273972602739726,174.52655877427148,25.882945797879074,-8.644433412312253,-6.922283539469085,1.0025878404544626,3.0-4.0%,1.00-1.02,2025-09-04→2025-09-05
2025-09-04,2025-09-05,P,6525.0,0.030136986301369864,63.59059542739528,-0.6401571143008404,51.545566501924895,-0.5599611941210417,6502.08,6481.5,0.0273972602739726,215.5104817544317,62.34390161698957,-3.474433412311246,-1.8240013750109956,1.0025878404544626,3.0-4.0%,1.00-1.02,2025-09-04→2025-09-05
2025-09-04,2025-09-05,C,6530.0,0.030136986301369864,44.461904340705416,0.343563712495944,33.653362584148454,0.4246775851928496,6502.08,6481.5,0.0273972602739726,188.97314397598836,23.596673231206296,-8.229458796833494,-6.560135296731183,1.0033561069988721,3.0-4.0%,1.00-1.02,2025-09-04→2025-09-05
2025-09-04,2025-09-05,P,6530.0,0.030136986301369864,66.28358053593116,-0.6564362875040154,53.945412768715414,-0.5793103096037271,6502.08,6481.5,0.0273972602739726,234.95513892779223,65.20987471379249,-1.7594587968325897,-0.17220617164466212,1.0033561069988721,3.0-4.0%,1.00-1.02,2025-09-04→2025-09-05
2025-09-04,2025-09-05,C,6535.0,0.030136986301369864,42.17813158165828,0.3276435571593228,31.253215263585844,0.4060722545930626,6502.08,6481.5,0.0273972602739726,178.3063834282732,21.640339262602538,-7.757095593661161,-6.1430330004748015,1.0041243735432817,3.0-4.0%,1.00-1.02,2025-09-04→2025-09-05
2025-09-04,2025-09-05,P,6535.0,0.030136986301369864,68.99513830995939,-0.672356442840647,56.3452556028119,-0.5991590476439712,6502.08,6481.5,0.0273972602739726,229.28645035169367,68.09555150833148,-1.287095593660462,0.21930679948711962,1.0041243735432817,3.0-4.0%,1.00-1.02,2025-09-04→2025-09-05
2025-09-04,2025-09-05,C,6540.0,0.030136986301369864,40.031522298788595,0.31670822664919523,28.85306510684859,0.38710593747598404,6502.08,6481.5,0.0273972602739726,161.16419895780854,19.700196637168574,-7.432144695559586,-5.983359806744278,1.0048926400876914,3.0-4.0%,1.00-1.02,2025-09-04→2025-09-05
2025-09-04,2025-09-05,P,6540.0,0.030136986301369864,71.84385956016357,-0.6832917733507696,58.94509845272023,-0.6190123729362373,6502.08,6481.5,0.0273972602739726,217.14233785284176,71.17631586475454,-0.8121446955587892,0.5107253649722807,1.0048926400876914,3.0-4.0%,1.00-1.02,2025-09-04→2025-09-05
2025-09-04,2025-09-05,C,6545.0,0.030136986301369864,37.983050344930824,0.301647277893449,26.502913099985562,0.367841732975425,6502.08,6481.5,0.0273972602739726,186.03148941403535,17.821510127629608,-6.7920990209528425,-5.429817135365781,1.005660906632101,3.0-4.0%,1.00-1.02,2025-09-04→2025-09-05
2025-09-04,2025-09-05,P,6545.0,0.030136986301369864,74.79071813938003,-0.6983527221065143,63.69499658593941,-0.6319302994305313,6502.08,6481.5,0.0273972602739726,247.007700280723,76.1143286366214,-2.4720990209520224,-1.1051255622802962,1.005660906632101,3.0-4.0%,1.00-1.02,2025-09-04→2025-09-05
2025-09-04,2025-09-05,C,6550.0,0.030136986301369864,36.00923782434954,0.2866567479956237,24.552768049940823,0.3495931569176415,6502.08,6481.5,0.0273972602739726,181.1778014917206,16.30104708996646,-6.800604126250087,-5.505372830634965,1.0064291731765105,3.0-4.0%,1.00-1.02,2025-09-04→2025-09-05
2025-09-04,2025-09-05,P,6550.0,0.030136986301369864,77.81223615187325,-0.7133432520043068,64.4947819045974,-0.6589825922107402,6502.08,6481.5,0.0273972602739726,247.15208433002218,77.69460911462738,-0.0806041262485877,1.0381382523030087,1.0064291731765105,3.0-4.0%,1.00-1.02,2025-09-04→2025-09-05
2025-09-04,2025-09-05,C,6555.0,0.030136986301369864,34.07186773824123,0.27539098150503605,22.4026148838916,0.3302523941458019,6502.08,6481.5,0.0273972602739726,166.26502316277984,14.626273356695947,-6.082453600626376,-4.95340572847942,1.00719743972092,3.0-4.0%,1.00-1.02,2025-09-04→2025-09-05
2025-09-04,2025-09-05,P,6555.0,0.030136986301369864,80.87019659883947,-0.7246090184949491,68.0446462147629,-0.6761115670015361,6502.08,6481.5,0.0273972602739726,237.2373779727209,81.62292364778114,-0.2624536006259941,0.7356239511084421,1.00719743972092,3.0-4.0%,1.00-1.02,2025-09-04→2025-09-05
2025-09-04,2025-09-05,C,6560.0,0.030136986301369864,32.30044612593917,0.26300420850085443,20.452464460556484,0.31135368951881615,6502.08,6481.5,0.04657534246575343,196.48692512257216,23.951801726141184,10.562626610947564,11.557658930297212,1.0079657062653296,3.0-4.0%,1.00-1.02,2025-09-04→2025-09-05
2025-09-04,2025-09-05,P,6560.0,0.030136986301369864,84.09410551961189,-0.7369957914991326,70.94448483399901,-0.6965006474661816,6502.08,6481.5,0.04657534246575343,267.40076402824104,91.44313713621159,11.8826266109479,12.716016675146031,1.0079657062653296,3.0-4.0%,1.00-1.02,2025-09-04→2025-09-05
2025-09-04,2025-09-05,C,6430.0,0.03287671232876712,107.87620629603616,0.6440210439276913,105.74645905278157,0.7102995688183044,6502.08,6481.5,0.030136986301369864,220.89423496795325,88.99841983546776,-11.296046915968157,-9.932034873719346,0.987901660048695,3.0-4.0%,0.98-1.00,2025-09-04→2025-09-05
2025-09-04,2025-09-05,P,6430.0,0.03287671232876712,29.211832065453343,-0.3559789560722583,25.601423262704202,-0.28550899525614404,6502.08,6481.5,0.030136986301369864,166.26227229172835,29.984018450238636,-6.276046915967053,-4.825775122371426,0.987901660048695,3.0-4.0%,0.98-1.00,2025-09-04→2025-09-05
2025-09-04,2025-09-05,C,6435.0,0.03287671232876712,104.28073948257817,0.6302395498794717,102.39652156869852,0.6979092667692279,6502.08,6481.5,0.030136986301369864,209.1201713370379,85.87952667251011,-12.07967006348053,-10.687027289889352,0.9886698572960112,3.0-4.0%,0.98-1.00,2025-09-04→2025-09-05
2025-09-04,2025-09-05,P,6435.0,0.03287671232876712,30.611245209826556,-0.36976045012050357,26.65147607349354,-0.29610287241927774,6502.08,6481.5,0.030136986301369864,159.48577323106545,31.261845567679302,-6.4096700634799335,-4.893797114388711,0.9886698572960112,3.0-4.0%,0.98-1.00,2025-09-04→2025-09-05
2025-09-04,2025-09-05,C,6440.0,0.03287671232876712,100.760504480463,0.6181405891950794,98.39657190608978,0.6876221045274467,6502.08,6481.5,0.030136986301369864,197.92100022329345,82.11018048948063,-11.978666674365314,-10.5487370888252,0.9894380545433274,3.0-4.0%,0.98-1.00,2025-09-04→2025-09-05
2025-09-04,2025-09-05,P,6440.0,0.03287671232876712,32.08589016553972,-0.38185941080491664,27.701529243293407,-0.30690092410069875,6502.08,6481.5,0.030136986301369864,153.28416668757268,32.5488530767625,-6.508666674365156,-4.9660210179923565,0.9894380545433274,3.0-4.0%,0.98-1.00,2025-09-04→2025-09-05
2025-09-04,2025-09-05,C,6445.0,0.03287671232876712,97.32299976553871,0.6025659331947896,94.49662608812469,0.676787644763934,6502.08,6481.5,0.030136986301369864,216.4340164795465,78.45129100318991,-12.19919309485127,-10.67171027075828,0.9902062517906437,3.0-4.0%,0.98-1.00,2025-09-04→2025-09-05
2025-09-04,2025-09-05,P,6445.0,0.03287671232876712,33.643265408446254,-0.3974340668051783,28.801585621460617,-0.3180940808071325,6502.08,6481.5,0.030136986301369864,176.79474751402606,33.89622472150677,-6.529193094850541,-4.896376183010765,0.9902062517906437,3.0-4.0%,0.98-1.00,2025-09-04→2025-09-05
2025-09-04,2025-09-05,C,6450.0,0.03287671232876712,93.92353785507693,0.5869943501022269,88.79665477673916,0.6710356454848332,6502.08,6481.5,0.030136986301369864,207.13005360752464,72.99479469993139,-10.369656274896217,-8.640086415922184,0.99097444903796,3.0-4.0%,0.98-1.00,2025-09-04→2025-09-05
2025-09-04,2025-09-05,P,6450.0,0.03287671232876712,35.23868345581493,-0.41300564989775324,30.251648035890412,-0.33059981606820454,6502.08,6481.5,0.030136986301369864,172.48834921223985,35.605960012930154,-7.049656274895732,-5.353744214683626,0.99097444903796,3.0-4.0%,0.98-1.00,2025-09-04→2025-09-05
2025-09-04,2025-09-05,C,6455.0,0.03287671232876712,90.57390364502646,0.576053057933045,86.7467384736874,0.6542476581910922,6502.08,6481.5,0.030136986301369864,191.441321089804,71.21414178479154,-11.994828067737979,-10.38558319442737,0.9917426462852762,3.0-4.0%,0.98-1.00,2025-09-04→2025-09-05
2025-09-04,2025-09-05,P,6455.0,0.03287671232876712,36.88392920359399,-0.42394694206689365,31.15170320863217,-0.3416663932483491,6502.08,6481.5,0.030136986301369864,161.79718126476587,36.77298914700896,-6.524828067736644,-4.831494373051004,0.9917426462852762,3.0-4.0%,0.98-1.00,2025-09-04→2025-09-05
2025-09-04,2025-09-05,C,6460.0,0.03287671232876712,87.31743279839168,0.5600288212588166,83.04679976208718,0.6421317259271876,6502.08,6481.5,0.030136986301369864,210.0501347691313,67.78638226690691,-12.074606858493604,-10.384929080418535,0.9925108435325924,3.0-4.0%,0.98-1.00,2025-09-04→2025-09-05
2025-09-04,2025-09-05,P,6460.0,0.03287671232876712,38.622338314789296,-0.43997117874115754,32.60176756350438,-0.3545758552800127,6502.08,6481.5,0.030136986301369864,185.4035595143258,38.50248025170686,-6.754606858492986,-4.997171101662631,0.9925108435325924,3.0-4.0%,0.98-1.00,2025-09-04→2025-09-05
2025-09-04,2025-09-05,C,6465.0,0.03287671232876712,84.14036751850165,0.5442246177118918,79.39686119700718,0.629653550311991,6502.08,6481.5,0.030136986301369864,205.25379670634987,64.41905480895775,-12.049857367489306,-10.291729934579271,0.9932790407799087,3.0-4.0%,0.98-1.00,2025-09-04→2025-09-05
2025-09-04,2025-09-05,P,6465.0,0.03287671232876712,40.440152992729125,-0.4557753822880665,33.75182950163389,-0.3669509166041811,6502.08,6481.5,0.030136986301369864,185.6047860217858,39.943827399230486,-6.779857367488374,-4.951849863714019,0.9932790407799087,3.0-4.0%,0.98-1.00,2025-09-04→2025-09-05
2025-09-04,2025-09-05,C,6470.0,0.03287671232876712,80.98473610697422,0.531836444150615,75.74692460628967,0.6169120554919519,6502.08,6481.5,0.030136986301369864,190.90880385029308,61.06307287091249,-12.004805979380384,-10.253949897975676,0.9940472380272249,3.0-4.0%,0.98-1.00,2025-09-04→2025-09-05
2025-09-04,2025-09-05,P,6470.0,0.03287671232876712,42.279401539031916,-0.46816355584933833,35.15189549739807,-0.3802342488601237,6502.08,6481.5,0.030136986301369864,176.2573577359681,41.64596189945178,-6.684805979379346,-4.875220841541315,0.9940472380272249,3.0-4.0%,0.98-1.00,2025-09-04→2025-09-05
2025-09-04,2025-09-05,C,6475.0,0.03287671232876712,77.95220615303109,0.5171204646754703,72.19699050301551,0.6036908296134297,6502.08,6481.5,0.030136986301369864,198.3003930313639,57.81757175705843,-11.957660836978858,-10.176042726555663,0.9948154352745412,3.0-4.0%,0.98-1.00,2025-09-04→2025-09-05
2025-09-04,2025-09-05,P,6475.0,0.03287671232876712,44.24175154291808,-0.4828795353244716,36.60196360798864,-0.3939019985784897,6502.08,6481.5,0.030136986301369864,188.64651148725136,43.40956639159367,-6.637660836977586,-4.806503130745284,0.9948154352745412,3.0-4.0%,0.98-1.00,2025-09-04→2025-09-05
2025-09-04,2025-09-05,C,6480.0,0.03287671232876712,75.01807765843833,0.5012733030952592,66.89704388427936,0.5929821183291932,6502.08,6481.5,0.030136986301369864,203.080349590283,52.87385821775615,-10.03379542229961,-8.146428004785255,0.9955836325218574,3.0-4.0%,0.98-1.00,2025-09-04→2025-09-05
2025-09-04,2025-09-05,P,6480.0,0.03287671232876712,46.302503006155995,-0.49872669690470406,38.15203409954347,-0.40804293977294354,6502.08,6481.5,0.030136986301369864,198.4240326164239,45.283863659311464,-6.513795422298774,-4.647523700527149,0.9955836325218574,3.0-4.0%,0.98-1.00,2025-09-04→2025-09-05
2025-09-04,2025-09-05,C,6485.0,0.03287671232876712,72.08675832499509,0.4866519087991952,65.24712791265074,0.5761263260585193,6502.08,6481.5,0.030136986301369864,190.84857040533996,51.510518150683765,-11.684703716912601,-9.843320209715717,0.9963518297691737,3.0-4.0%,0.98-1.00,2025-09-04→2025-09-05
2025-09-04,2025-09-05,P,6485.0,0.03287671232876712,48.36606363054278,-0.5133480912007778,39.75210643749506,-0.4225539134892666,6502.08,6481.5,0.030136986301369864,191.18981800170258,47.21970732621958,-6.414703716911973,-4.546159539609077,0.9963518297691737,3.0-4.0%,0.98-1.00,2025-09-04→2025-09-05
2025-09-04,2025-09-05,C,6490.0,0.03287671232876712,69.32559658947964,0.47470698518922305,61.847198715789546,0.5617695982368228,6502.08,6481.5,0.030136986301369864,173.56904878057307,48.44961335939024,-11.43053024480582,-9.638781668286223,0.9971200270164899,3.0-4.0%,0.98-1.00,2025-09-04→2025-09-05
2025-09-04,2025-09-05,P,6490.0,0.03287671232876712,50.59978185285743,-0.5252930148106976,41.452179895991776,-0.4374977744837476,6502.08,6481.5,0.030136986301369864,178.90786094720033,49.26574570755474,-6.260530244804121,-4.4537041988754975,0.9971200270164899,3.0-4.0%,0.98-1.00,2025-09-04→2025-09-05
2025-09-04,2025-09-05,C,6495.0,0.03287671232876712,66.65491795671406,0.45918322990097343,58.54727317342258,0.5469801720320764,6502.08,6481.5,0.030136986301369864,199.74403882246622,45.49893380489357,-11.250009128637997,-9.443148059579904,0.9978882242638062,3.0-4.0%,0.98-1.00,2025-09-04→2025-09-05
2025-09-04,2025-09-05,P,6495.0,0.03287671232876712,52.923983177921585,-0.5408167700989783,43.152256964712706,-0.45275906056785475,6502.08,6481.5,0.030136986301369864,210.08041555930723,51.3254001766868,-6.080009128636931,-4.267781466486413,0.9978882242638062,3.0-4.0%,0.98-1.00,2025-09-04→2025-09-05
2025-09-04,2025-09-05,C,6500.0,0.03287671232876712,64.02713890433753,0.44377978912177146,53.497344488765066,0.5326809370476154,6502.08,6481.5,0.030136986301369864,191.0510649824012,40.89476302449248,-9.267011939873981,-7.437426315560119,0.9986564215111224,3.0-4.0%,0.98-1.00,2025-09-04→2025-09-05
2025-09-04,2025-09-05,P,6500.0,0.03287671232876712,55.29108408337615,-0.5562202108782044,45.0523354511929,-0.46849394581873216,6502.08,6481.5,0.030136986301369864,206.38500628949268,53.590662758460894,-5.947011939873406,-4.141605404949473,0.9986564215111224,3.0-4.0%,0.98-1.00,2025-09-04→2025-09-05
2025-09-04,2025-09-05,C,6505.0,0.03287671232876712,61.5794072665858,0.4337837833701747,50.7474252485149,0.5164792349765117,6502.08,6481.5,0.030136986301369864,174.89329243222468,38.50688887656179,-9.17272973824183,-7.47085734418342,0.9994246187584387,3.0-4.0%,0.98-1.00,2025-09-04→2025-09-05
2025-09-04,2025-09-05,P,6505.0,0.03287671232876712,57.83823240345427,-0.5662162166297525,46.95241542033409,-0.48453715885261556,6502.08,6481.5,0.030136986301369864,195.22479830955055,55.869604762516246,-5.602729738240269,-3.9217747291867955,0.9994246187584387,3.0-4.0%,0.98-1.00,2025-09-04→2025-09-05
2025-09-04,2025-09-05,C,6510.0,0.03287671232876712,59.26229479076322,0.4193220743698909,47.64750699315027,0.5000823929949487,6502.08,6481.5,0.030136986301369864,192.9818672653958,35.80063093618628,-8.870351709467677,-7.208304352163992,1.000192816005755,3.0-4.0%,1.00-1.02,2025-09-04→2025-09-05
2025-09-04,2025-09-05,P,6510.0,0.03287671232876712,60.515999885461724,-0.5806779256300494,48.90249720841484,-0.500942665107187,6502.08,6481.5,0.030136986301369864,218.3109377129584,58.21063637774205,-5.350351709466381,-3.709400047905877,1.000192816005755,3.0-4.0%,1.00-1.02,2025-09-04→2025-09-05
2025-09-04,2025-09-05,C,6515.0,0.03287671232876712,57.010746261957365,0.4050083911634967,44.74759041148127,0.4833492900303334,6502.08,6481.5,0.030136986301369864,191.110769042484,33.297245122821096,-8.564927309855266,-6.952671611175772,1.0009610132530713,3.0-4.0%,1.00-1.02,2025-09-04→2025-09-05
2025-09-04,2025-09-05,P,6515.0,0.03287671232876712,63.25933131448522,-0.5949916088364906,51.052580499018404,-0.5176501377716785,6502.08,6481.5,0.030136986301369864,221.4374040602655,60.75375999447306,-5.144927309854925,-3.553239835341097,1.0009610132530713,3.0-4.0%,1.00-1.02,2025-09-04→2025-09-05
2025-09-04,2025-09-05,C,6520.0,0.03287671232876712,54.82382883485541,0.39359638930159774,41.94767522342454,0.46633432526090524,6502.08,6481.5,0.030136986301369864,177.0626794716138,30.901374577008937,-8.299786308173148,-6.802839586130606,1.0017292105003874,3.0-4.0%,1.00-1.02,2025-09-04→2025-09-05
2025-09-04,2025-09-05,P,6520.0,0.03287671232876712,66.0672938452134,-0.6064036106983502,53.25266522046013,-0.5346469291663304,6502.08,6481.5,0.030136986301369864,212.38687905963485,63.35747198671879,-4.829786308172006,-3.3530338022430417,1.0017292105003874,3.0-4.0%,1.00-1.02,2025-09-04→2025-09-05
2025-09-04,2025-09-05,C,6525.0,0.03287671232876712,52.84687675097858,0.382511912084418,39.39775989053942,0.44926320024584293,6502.08,6481.5,0.030136986301369864,176.31241827884998,28.749166188784784,-8.22790484930271,-6.854163338940591,1.0024974077477038,3.0-4.0%,1.00-1.02,2025-09-04→2025-09-05
2025-09-04,2025-09-05,P,6525.0,0.03287671232876712,69.08522171916691,-0.6174880879155349,55.452751335542416,-0.5520122087433553,6502.08,6481.5,0.030136986301369864,216.63418243712744,65.97653839298664,-4.3579048493016685,-3.0104112559382177,1.0024974077477038,3.0-4.0%,1.00-1.02,2025-09-04→2025-09-05
2025-09-04,2025-09-05,C,6530.0,0.03287671232876712,50.9277431196481,0.36938370804973236,36.64784832460691,0.43161242264657224,6502.08,6481.5,0.030136986301369864,190.32455999302556,26.428785903711287,-7.598083288336534,-6.3174163419335745,1.00326560499502,3.0-4.0%,1.00-1.02,2025-09-04→2025-09-05
2025-09-04,2025-09-05,P,6530.0,0.03287671232876712,72.16096804566624,-0.6306162919502308,59.40282661115998,-0.5670195060759413,6502.08,6481.5,0.030136986301369864,235.6438887215218,70.19716849482029,-4.078083288335707,-2.769261435042832,1.00326560499502,3.0-4.0%,1.00-1.02,2025-09-04→2025-09-05
2025-09-04,2025-09-05,C,6535.0,0.03287671232876712,49.00631117204693,0.3566472368013687,34.09793671026682,0.41388248309413184,6502.08,6481.5,0.030136986301369864,179.54315427084873,24.305507710539587,-7.2101998666278515,-6.03229849792279,1.0040338022423363,3.0-4.0%,1.00-1.02,2025-09-04→2025-09-05
2025-09-04,2025-09-05,P,6535.0,0.03287671232876712,75.23441605589562,-0.6433527631985995,58.95294170599436,-0.5901077381286747,6502.08,6481.5,0.030136986301369864,229.86004756957107,70.46605207868197,-0.8901998666271353,0.20558274931191178,1.0040338022423363,3.0-4.0%,1.00-1.02,2025-09-04→2025-09-05
2025-09-04,2025-09-05,C,6540.0,0.03287671232876712,47.27378792268146,0.34882467560736796,31.598026540327282,0.3958637297783524,6502.08,6481.5,0.030136986301369864,162.3352096575032,22.242844460655306,-6.821188176000392,-5.853124441161537,1.0048019994896524,3.0-4.0%,1.00-1.02,2025-09-04→2025-09-05
2025-09-04,2025-09-05,P,6540.0,0.03287671232876712,78.49677276436007,-0.6511753243926024,61.553033338394926,-0.6084872714578151,6502.08,6481.5,0.030136986301369864,217.64966752649255,73.50609867286585,-0.4511881759997074,0.4273319533982125,1.0048019994896524,3.0-4.0%,1.00-1.02,2025-09-04→2025-09-05
2025-09-04,2025-09-05,C,6545.0,0.03287671232876712,45.59642133803704,0.336915024329218,29.448113672982345,0.3784057730724169,6502.08,6481.5,0.030136986301369864,186.84278010232686,20.503566614325337,-6.5662887993047185,-5.712409190169687,1.0055701967369688,3.0-4.0%,1.00-1.02,2025-09-04→2025-09-05
2025-09-04,2025-09-05,P,6545.0,0.03287671232876712,81.81428613754537,-0.6630849756707567,64.05312879948724,-0.6275922972498748,6502.08,6481.5,0.030136986301369864,247.15480254155503,76.47577622366862,0.1037112006958747,0.8341505225976231,1.0055701967369688,3.0-4.0%,1.00-1.02,2025-09-04→2025-09-05
2025-09-04,2025-09-05,C,6550.0,0.03287671232876712,43.96165463008858,0.3251049570851072,27.19820345816197,0.3603735812408136,6502.08,6481.5,0.030136986301369864,181.84855629277192,18.6900710225907,-5.959339983188515,-5.233511698064081,1.006338393984285,3.0-4.0%,1.00-1.02,2025-09-04→2025-09-05
2025-09-04,2025-09-05,P,6550.0,0.03287671232876712,85.17439938742672,-0.6748950429148156,67.50320992794514,-0.6439122674715563,6502.08,6481.5,0.030136986301369864,247.15814330222977,80.28147333092238,-0.1893399831868532,0.4482855354354207,1.006338393984285,3.0-4.0%,1.00-1.02,2025-09-04→2025-09-05
2025-09-04,2025-09-05,C,6555.0,0.03287671232876712,42.371403073041705,0.3169327035241123,25.098292573942217,0.3424968823964591,6502.08,6481.5,0.030136986301369864,166.85857537627024,17.020758540892757,-5.477524961473794,-4.9514141602808985,1.007106591231601,3.0-4.0%,1.00-1.02,2025-09-04→2025-09-05
2025-09-04,2025-09-05,P,6555.0,0.03287671232876712,88.57902778821023,-0.6830672964758777,69.60331757373388,-0.6655073247758754,6502.08,6481.5,0.030136986301369864,237.16572695595755,82.94607775723853,1.0424750385264954,1.4038592561125416,1.007106591231601,3.0-4.0%,1.00-1.02,2025-09-04→2025-09-05
2025-09-04,2025-09-05,C,6560.0,0.03287671232876712,40.91284758193457,0.30730720438090486,23.09838133287849,0.32467849905421053,6502.08,6481.5,0.04657534246575343,196.48692512257216,24.921685195285136,8.824382266158999,9.181883510535629,1.0078747884789174,3.0-4.0%,1.00-1.02,2025-09-04→2025-09-05
2025-09-04,2025-09-05,P,6560.0,0.03287671232876712,92.1153522549328,-0.6926927956190863,73.20339680980032,-0.6814357371265969,6502.08,6481.5,0.04657534246575343,267.40076402824104,92.6832796374265,10.544382266159252,10.776052529934683,1.0078747884789174,3.0-4.0%,1.00-1.02,2025-09-04→2025-09-05
2025-09-04,2025-09-05,C,6430.0,0.03561643835616438,111.79952840207407,0.6399753767019397,111.65264640980422,0.6944633385719821,6502.08,6481.5,0.03287671232876712,232.0515394557343,95.11316507223182,-11.079306747474128,-9.957944492188659,0.9877865013534554,3.0-4.0%,0.98-1.00,2025-09-04→2025-09-05
2025-09-04,2025-09-05,P,6430.0,0.03561643835616438,32.38638312234704,-0.36002462329800766,30.19885411975565,-0.3006645448730531,6502.08,6481.5,0.03287671232876712,176.7892987988709,34.81133693030279,-5.459306747472972,-4.2376763334874115,0.9877865013534554,3.0-4.0%,0.98-1.00,2025-09-04→2025-09-05
2025-09-04,2025-09-05,C,6435.0,0.03561643835616438,108.38033098775317,0.6273489418763935,107.85260911646492,0.6845333382293843,6502.08,6481.5,0.03287671232876712,220.5051594526359,91.52396158500414,-11.189158776183863,-10.012303899239315,0.9885546090527971,3.0-4.0%,0.98-1.00,2025-09-04→2025-09-05
2025-09-04,2025-09-05,P,6435.0,0.03561643835616438,33.96148341776389,-0.3726510581235611,31.19881689454496,-0.3102956614394676,6502.08,6481.5,0.03287671232876712,170.23999325873598,36.025257810608764,-5.46915877618286,-4.185884712424221,0.9885546090527971,3.0-4.0%,0.98-1.00,2025-09-04→2025-09-05
2025-09-04,2025-09-05,C,6440.0,0.03561643835616438,105.26082929799793,0.6172415969432478,102.80258378534108,0.6778686940616603,6502.08,6481.5,0.03287671232876712,209.36940343065075,86.68594043651865,-10.097167934908002,-8.849462276211078,0.9893227167521388,3.0-4.0%,0.98-1.00,2025-09-04→2025-09-05
2025-09-04,2025-09-05,P,6440.0,0.03561643835616438,35.836279437742725,-0.3827584030567237,32.29877856426765,-0.3204273936360998,6502.08,6481.5,0.03287671232876712,164.10131169966758,37.34841735781583,-5.427167934907343,-4.144395761030908,0.9893227167521388,3.0-4.0%,0.98-1.00,2025-09-04→2025-09-05
2025-09-04,2025-09-05,C,6445.0,0.03561643835616438,102.08518025235286,0.6034845387004205,100.00253415235693,0.6648409594266452,6502.08,6481.5,0.03287671232876712,226.63521179823005,84.11743803735135,-11.180288193545383,-9.917573054999684,0.9900908244514806,3.0-4.0%,0.98-1.00,2025-09-04→2025-09-05
2025-09-04,2025-09-05,P,6445.0,0.03561643835616438,37.6549281018329,-0.39651546129954274,33.49873817460184,-0.3310345468372388,6502.08,6481.5,0.03287671232876712,186.36419453018868,38.78055949404279,-5.56028819354456,-4.212690973910349,0.9900908244514806,3.0-4.0%,0.98-1.00,2025-09-04→2025-09-05
2025-09-04,2025-09-05,C,6450.0,0.03561643835616438,98.8828822330232,0.5894994676558646,96.15249468718139,0.6544869479972268,6502.08,6481.5,0.03287671232876712,217.41586496078207,80.50222035910065,-11.218100955642344,-9.880658610217113,0.9908589321508223,3.0-4.0%,0.98-1.00,2025-09-04→2025-09-05
2025-09-04,2025-09-05,P,6450.0,0.03561643835616438,39.44692779223948,-0.4105005323441178,34.69869701587595,-0.3418337258516346,6502.08,6481.5,0.03287671232876712,182.1419221556773,40.221206415923916,-5.698100955641914,-4.284938078026615,0.9908589321508223,3.0-4.0%,0.98-1.00,2025-09-04→2025-09-05
2025-09-04,2025-09-05,C,6455.0,0.03561643835616438,96.12601187517365,0.5813732771144751,92.35245393157857,0.6437947536827143,6502.08,6481.5,0.03287671232876712,201.92832541078351,76.94593085310544,-10.985337956984134,-9.700703969209775,0.991627039850164,3.0-4.0%,0.98-1.00,2025-09-04→2025-09-05
2025-09-04,2025-09-05,P,6455.0,0.03561643835616438,41.68435514412485,-0.418626722885474,35.94865457316291,-0.352968613215923,6502.08,6481.5,0.03287671232876712,171.65145706864604,41.72089112997719,-5.465337956983026,-4.114094059983671,0.991627039850164,3.0-4.0%,0.98-1.00,2025-09-04→2025-09-05
2025-09-04,2025-09-05,C,6460.0,0.03561643835616438,93.28683811579054,0.5680403781953681,85.6024373134378,0.6392917843521487,6502.08,6481.5,0.03287671232876712,219.22926192353475,70.46563852530517,-8.059729016739364,-6.593375078032826,0.9923951475495058,3.0-4.0%,0.98-1.00,2025-09-04→2025-09-05
2025-09-04,2025-09-05,P,6460.0,0.03561643835616438,43.83947909447798,-0.43195962180460984,37.24861121670165,-0.36443859057174344,6502.08,6481.5,0.03287671232876712,193.9494680443006,43.2797732768895,-5.439729016738836,-4.050146193966451,0.9923951475495058,3.0-4.0%,0.98-1.00,2025-09-04→2025-09-05
2025-09-04,2025-09-05,C,6465.0,0.03561643835616438,90.36213371463177,0.5543189749843046,85.10236714245275,0.6210191167580269,6502.08,6481.5,0.03287671232876712,214.22646957230003,70.20865718172445,-11.092115494823044,-9.719426577119844,0.9931632552488474,3.0-4.0%,0.98-1.00,2025-09-04→2025-09-05
2025-09-04,2025-09-05,P,6465.0,0.03561643835616438,45.90907240305431,-0.4456810250156657,38.64856552164929,-0.3763441472678447,6502.08,6481.5,0.03287671232876712,193.9437501560237,44.9475712031126,-5.422115494822368,-3.995162550772217,0.9931632552488474,3.0-4.0%,0.98-1.00,2025-09-04→2025-09-05
2025-09-04,2025-09-05,C,6470.0,0.03561643835616438,87.90116363673143,0.5454582078268374,81.40232294440511,0.6094297456039891,6502.08,6481.5,0.03287671232876712,199.99753462273713,66.78027367127652,-10.774470082923733,-9.457935835469955,0.9939313629481892,3.0-4.0%,0.98-1.00,2025-09-04→2025-09-05
2025-09-04,2025-09-05,P,6470.0,0.03561643835616438,48.44240003488993,-0.4545417921731198,40.09851889288757,-0.3885654902259906,6502.08,6481.5,0.03287671232876712,184.7118896694239,46.67451401495964,-5.454470082922773,-4.096677788850859,0.9939313629481892,3.0-4.0%,0.98-1.00,2025-09-04→2025-09-05
2025-09-04,2025-09-05,C,6475.0,0.03561643835616438,85.62409659236052,0.5348545339597335,78.00227596841614,0.5971063318173606,6502.08,6481.5,0.03287671232876712,206.57008023763382,63.65725921631656,-10.842693691108725,-9.561551691198764,0.9946994706475308,3.0-4.0%,0.98-1.00,2025-09-04→2025-09-05
2025-09-04,2025-09-05,P,6475.0,0.03561643835616438,51.159630700255825,-0.46514546604019913,41.59847109860766,-0.4011029855568497,6502.08,6481.5,0.03287671232876712,196.28150974725304,48.460758458331384,-5.272693691107268,-3.9546994427599405,0.9946994706475308,3.0-4.0%,0.98-1.00,2025-09-04→2025-09-05
2025-09-04,2025-09-05,C,6480.0,0.03561643835616438,83.02207891804662,0.521691032893526,74.45222897321491,0.5847772615724395,6502.08,6481.5,0.03287671232876712,210.5926029224542,60.397053413390495,-10.563598543051269,-9.265283956839236,0.9954675783468726,3.0-4.0%,0.98-1.00,2025-09-04→2025-09-05
2025-09-04,2025-09-05,P,6480.0,0.03561643835616438,53.55191073567744,-0.4783089671064427,43.14842209905464,-0.41395785326632795,6502.08,6481.5,0.03287671232876712,205.30110689500674,50.30647559891622,-5.243598543050554,-3.9192526202209983,0.9954675783468726,3.0-4.0%,0.98-1.00,2025-09-04→2025-09-05
2025-09-04,2025-09-05,C,6485.0,0.03561643835616438,80.38492905412308,0.5095451718721902,71.10218003843238,0.5719392780375749,6502.08,6481.5,0.03287671232876712,198.40566864585304,57.34282925560592,-10.513560362870356,-9.229489657986742,0.9962356860462144,3.0-4.0%,0.98-1.00,2025-09-04→2025-09-05
2025-09-04,2025-09-05,P,6485.0,0.03561643835616438,55.90905858148915,-0.490454828127784,44.74837188180072,-0.4271322815688701,6502.08,6481.5,0.03287671232876712,198.11124708137035,52.211853421767046,-5.043560362869762,-3.740382354687318,0.9962356860462144,3.0-4.0%,0.98-1.00,2025-09-04→2025-09-05
2025-09-04,2025-09-05,C,6490.0,0.03561643835616438,79.2840197205888,0.5050494087777537,67.75212976004059,0.5588583489374974,6502.08,6481.5,0.03287671232876712,181.20858376587205,54.299146513241794,-10.156083167353863,-9.04869517886634,0.997003793745556,3.0-4.0%,0.98-1.00,2025-09-04→2025-09-05
2025-09-04,2025-09-05,P,6490.0,0.03561643835616438,59.80244695769081,-0.4949505912221675,46.4483196921874,-0.4406758418866146,6502.08,6481.5,0.03287671232876712,185.91123666432506,54.22552731518408,-4.7360831673521755,-3.619108826026501,0.997003793745556,3.0-4.0%,0.98-1.00,2025-09-04→2025-09-05
2025-09-04,2025-09-05,C,6495.0,0.03561643835616438,77.08774197909142,0.4929830863988367,64.40207923229082,0.5454983651359673,6502.08,6481.5,0.03287671232876712,205.9270926298364,51.26691005635348,-9.854408081911984,-8.77364364550184,0.9977719014448978,3.0-4.0%,0.98-1.00,2025-09-04→2025-09-05
2025-09-04,2025-09-05,P,6495.0,0.03561643835616438,62.600466925929666,-0.5070169136011238,48.24826732008614,-0.45455664842442317,6502.08,6481.5,0.03287671232876712,215.6268199911878,56.3469396990954,-4.584408081911089,-3.504775824574594,0.9977719014448978,3.0-4.0%,0.98-1.00,2025-09-04→2025-09-05
2025-09-04,2025-09-05,C,6500.0,0.03561643835616438,74.60282569016557,0.4798264070286488,59.55202948982742,0.5324432486484573,6502.08,6481.5,0.03287671232876712,197.17798336973513,46.81046340234525,-7.92517254335044,-6.842317942814786,0.9985400091442395,3.0-4.0%,0.98-1.00,2025-09-04→2025-09-05
2025-09-04,2025-09-05,P,6500.0,0.03561643835616438,65.10984834673955,-0.520173592971327,50.0482134428612,-0.4686985115339716,6502.08,6481.5,0.03287671232876712,211.8747851940586,58.47969991401578,-4.4051725433498685,-3.345815367369097,0.9985400091442395,3.0-4.0%,0.98-1.00,2025-09-04→2025-09-05
2025-09-04,2025-09-05,C,6505.0,0.03561643835616438,74.33354018981296,0.47911022185750857,56.45197434625652,0.51797979501419,6502.08,6481.5,0.03287671232876712,181.13366046782053,44.05083723650023,-7.489911634172509,-6.6899758186080085,0.9993081168435812,3.0-4.0%,0.98-1.00,2025-09-04→2025-09-05
2025-09-04,2025-09-05,P,6505.0,0.03561643835616438,69.83486055612296,-0.520889778142417,51.948158299289844,-0.4831619651682389,6502.08,6481.5,0.03287671232876712,200.8275367550975,60.72007374817031,-3.969911634170904,-3.1934732431623214,0.9993081168435812,3.0-4.0%,0.98-1.00,2025-09-04→2025-09-05
2025-09-04,2025-09-05,C,6510.0,0.03561643835616438,72.82579222789138,0.4694172377911585,53.45191814003874,0.503227954986651,6502.08,6481.5,0.03287671232876712,198.2595611651388,41.39818053272893,-7.239393246257997,-6.5435686863747655,1.0000762245429229,3.0-4.0%,1.00-1.02,2025-09-04→2025-09-05
2025-09-04,2025-09-05,P,6510.0,0.03561643835616438,73.3214103039375,-0.5305827622087725,53.948102093072066,-0.49791380519577794,6502.08,6481.5,0.03287671232876712,222.9505119153222,63.06741704439901,-3.669393246256501,-2.997066110929074,1.0000762245429229,3.0-4.0%,1.00-1.02,2025-09-04→2025-09-05
2025-09-04,2025-09-05,C,6515.0,0.03561643835616438,70.61435933175058,0.45710359163059444,50.55186053024454,0.48822229326667915,6502.08,6481.5,0.03287671232876712,196.04824752158444,38.85179373903702,-6.992808084242391,-6.352385204571769,1.0008443322422647,3.0-4.0%,1.00-1.02,2025-09-04→2025-09-05
2025-09-04,2025-09-05,P,6515.0,0.03561643835616438,76.10427511753247,-0.5428964083693825,56.04804448327923,-0.5129194669157494,6502.08,6481.5,0.03287671232876712,225.73627273472232,65.52103025070755,-3.4228080842418525,-2.805882629126085,1.0008443322422647,3.0-4.0%,1.00-1.02,2025-09-04→2025-09-05
2025-09-04,2025-09-05,C,6520.0,0.03561643835616438,69.73733182897291,0.4520761717747538,47.95180341758396,0.4731335211233787,6502.08,6481.5,0.03287671232876712,182.06102336149013,36.59750245030364,-6.846272384875602,-6.412912135280903,1.0016124399416064,3.0-4.0%,1.00-1.02,2025-09-04→2025-09-05
2025-09-04,2025-09-05,P,6520.0,0.03561643835616438,80.2215453244906,-0.5479238282252046,58.34798711399026,-0.5280755480435104,6502.08,6481.5,0.03287671232876712,216.74612303759457,68.17344538158022,-3.2762723848746766,-2.867794778735414,1.0016124399416064,3.0-4.0%,1.00-1.02,2025-09-04→2025-09-05
2025-09-04,2025-09-05,C,6525.0,0.03561643835616438,69.35760923929219,0.4483304703795202,45.051744095553204,0.45759423602975774,6502.08,6481.5,0.03287671232876712,181.0413507954309,34.074767522074126,-6.273358919589503,-6.082710622507616,1.0023805476409482,3.0-4.0%,1.00-1.02,2025-09-04→2025-09-05
2025-09-04,2025-09-05,P,6525.0,0.03561643835616438,84.83612044454539,-0.5516695296204381,60.4479276741713,-0.5436452927806374,6502.08,6481.5,0.03287671232876712,220.72352493446056,70.65142031741198,-2.603358919588576,-2.438220125425479,1.0023805476409482,3.0-4.0%,1.00-1.02,2025-09-04→2025-09-05
2025-09-04,2025-09-05,C,6530.0,0.03561643835616438,67.4493812144182,0.43706424603181626,42.45168558459318,0.4420473527647354,6502.08,6481.5,0.03287671232876712,194.25717576691108,31.842463528439566,-6.005217816665256,-5.902665480101781,1.0031486553402897,3.0-4.0%,1.00-1.02,2025-09-04→2025-09-05
2025-09-04,2025-09-05,P,6530.0,0.03561643835616438,87.92219012940713,-0.5629357539681399,61.54786198580132,-0.5609390197414729,6502.08,6481.5,0.03287671232876712,238.93642436889064,72.22696868922503,-1.0852178166642776,-1.0441250262794703,1.0031486553402897,3.0-4.0%,1.00-1.02,2025-09-04→2025-09-05
2025-09-04,2025-09-05,C,6535.0,0.03561643835616438,65.2169531701763,0.42500817668289687,39.80162435852071,0.4261570450218539,6502.08,6481.5,0.03287671232876712,183.42607208539778,29.576408392177655,-5.603331723866011,-5.579688013450275,1.0039167630396315,3.0-4.0%,1.00-1.02,2025-09-04→2025-09-05
2025-09-04,2025-09-05,P,6535.0,0.03561643835616438,90.68405979490211,-0.5749918233170762,63.947799817012765,-0.5772131105986962,6502.08,6481.5,0.03287671232876712,233.10239515032248,75.01734306715935,-0.7833317238653894,-0.8290458161211287,1.0039167630396315,3.0-4.0%,1.00-1.02,2025-09-04→2025-09-05
2025-09-04,2025-09-05,C,6540.0,0.03561643835616438,65.77048648477543,0.4267319542943052,37.301563546964644,0.4102030316591638,6502.08,6481.5,0.03287671232876712,166.29390631621388,27.459821918573198,-5.267856380623227,-5.608021608454436,1.0046848707389733,3.0-4.0%,1.00-1.02,2025-09-04→2025-09-05
2025-09-04,2025-09-05,P,6540.0,0.03561643835616438,96.23189081923638,-0.5732680457056651,67.14774262832952,-0.5922167631327574,6502.08,6481.5,0.03287671232876712,220.96730384410557,78.5423820197093,0.552143619377448,0.1621790147278901,1.0046848707389733,3.0-4.0%,1.00-1.02,2025-09-04→2025-09-05
2025-09-04,2025-09-05,C,6545.0,0.03561643835616438,64.23562890936323,0.41691111951079807,35.00150327469828,0.39438873394387175,6502.08,6481.5,0.03287671232876712,189.93989529145327,25.535351734246433,-5.019969160467808,-5.483479855435149,1.005452978438315,3.0-4.0%,1.00-1.02,2025-09-04→2025-09-05
2025-09-04,2025-09-05,P,6545.0,0.03561643835616438,99.69133095355964,-0.5830888804891734,68.94767336344603,-0.6103918135787989,6502.08,6481.5,0.03287671232876712,249.61036728223107,80.81979009065071,1.7500308395328545,1.1881364765483635,1.005452978438315,3.0-4.0%,1.00-1.02,2025-09-04→2025-09-05
2025-09-04,2025-09-05,C,6550.0,0.03561643835616438,62.13987898126005,0.4050320776466427,32.7014421964991,0.3783345641506997,6502.08,6481.5,0.03287671232876712,184.72094642448693,23.622094940051966,-4.714439842032128,-5.263874669778632,1.0062210861376568,3.0-4.0%,1.00-1.02,2025-09-04→2025-09-05
2025-09-04,2025-09-05,P,6550.0,0.03561643835616438,102.58987873519283,-0.5949679223532894,73.49762912130109,-0.622023907488727,6502.08,6481.5,0.03287671232876712,249.3884928782107,85.55758815017725,0.15556015796935263,-0.4012520161179509,1.0062210861376568,3.0-4.0%,1.00-1.02,2025-09-04→2025-09-05
2025-09-04,2025-09-05,C,6555.0,0.03561643835616438,61.809993949326056,0.40277741230839137,30.501380867837725,0.36227708184525637,6502.08,6481.5,0.03287671232876712,169.70652022213747,21.809327882969228,-4.010840854693333,-4.844337655624647,1.0069891938369984,3.0-4.0%,1.00-1.02,2025-09-04→2025-09-05
2025-09-04,2025-09-05,P,6555.0,0.03561643835616438,107.25429141299442,-0.5972225876915943,74.54754779167888,-0.6433321261405304,6502.08,6481.5,0.03287671232876712,239.37114113883848,87.20833390852022,2.3591591453070375,1.4102248440279368,1.0069891938369984,3.0-4.0%,1.00-1.02,2025-09-04→2025-09-05
2025-09-04,2025-09-05,C,6560.0,0.03561643835616438,60.94042423243404,0.39641595963285575,28.40131981793229,0.346260800544324,6502.08,6481.5,0.04657534246575343,196.48692512257216,28.771561049137972,5.358240449244146,4.326047275202166,1.0077573015363401,3.0-4.0%,1.00-1.02,2025-09-04→2025-09-05
2025-09-04,2025-09-05,P,6560.0,0.03561643835616438,111.37901940583835,-0.6035840403671381,77.24748187381101,-0.660624956633533,6502.08,6481.5,0.04657534246575343,267.40076402824104,95.77549823712707,8.328240449244342,7.154338392481938,1.0077573015363401,3.0-4.0%,1.00-1.02,2025-09-04→2025-09-05
