asof0,asof1,cp,K,T,price0_pde,delta0_pde,price0_bsm,delta0_bsm,S0,S1,T1,price1_pde,price1_bsm,pnl_pde,pnl_bsm,m,T_bucket,m_bucket,pair
2025-09-05,2025-09-08,C,6425.0,0.00821917808219178,144.25347383213318,0.8753909455823441,58.90383252963238,0.8606931278673776,6481.5,6495.150000000001,0.005479452054794521,88.38197743683244,70.16442874318363,6.350913592800515,6.551538804609816,0.9914734132025828,<1.0%,0.98-1.00,2025-09-05→2025-09-08
2025-09-05,2025-09-08,P,6425.0,0.00821917808219178,88.98840150452625,-0.12460905441883496,2.7494719390683713,-0.1185783460642959,6481.5,6495.150000000001,0.005479452054794521,13.684879471529143,0.5354490914113228,2.3009135928171656,2.218594423777704,0.9914734132025828,<1.0%,0.98-1.00,2025-09-05→2025-09-08
2025-09-05,2025-09-08,C,6430.0,0.00821917808219178,146.09121886376596,0.917077026877737,54.30376209175574,0.8448712369256395,6481.5,6495.150000000001,0.005479452054794521,84.708806953172,65.2983181334821,6.781898583118387,7.767507615964558,0.9922449878432074,<1.0%,0.98-1.00,2025-09-05→2025-09-08
2025-09-05,2025-09-08,P,6430.0,0.00821917808219178,95.82710756937107,-0.08292297312346293,3.0994031798379638,-0.13401870634982177,6481.5,6495.150000000001,0.005479452054794521,15.00817039022828,0.6345444189504974,1.7818985831353142,2.47935534167514,0.9922449878432074,<1.0%,0.98-1.00,2025-09-05→2025-09-08
2025-09-05,2025-09-08,C,6435.0,0.00821917808219178,133.1129021434996,0.9208349650880651,49.60369540607826,0.8299595983497057,6481.5,6495.150000000001,0.005479452054794521,81.01169868208505,60.394533337335815,6.7806027265473965,8.021051482526051,0.993016562483832,<1.0%,0.98-1.00,2025-09-05→2025-09-08
2025-09-05,2025-09-08,P,6435.0,0.00821917808219178,87.84975188232055,-0.07916503491320057,3.5493194328300888,-0.15282794645407485,6481.5,6495.150000000001,0.005479452054794521,16.307523521505207,0.77140976979166,1.6806027265652315,2.6861014690982055,0.993016562483832,<1.0%,0.98-1.00,2025-09-05→2025-09-08
2025-09-05,2025-09-08,C,6440.0,0.00821917808219178,122.04840724502651,0.8370868932778411,45.103605889839855,0.8097739023585543,6481.5,6495.150000000001,0.005479452054794521,77.4394002945202,55.572713102993475,7.973763906757011,8.34658623280529,0.9937881371244566,<1.0%,0.98-1.00,2025-09-05→2025-09-08
2025-09-05,2025-09-08,P,6440.0,0.00821917808219178,81.78621801706186,-0.1629131067233675,4.049225496604777,-0.1739128680420911,6481.5,6495.150000000001,0.005479452054794521,17.731686536302565,0.9315980819932861,2.823763906774056,2.973910648774639,0.9937881371244566,<1.0%,0.98-1.00,2025-09-05→2025-09-08
2025-09-05,2025-09-08,C,6445.0,0.00821917808219178,141.45396899743218,0.9027530157327192,40.75349724839816,0.7853993054245269,6481.5,6495.150000000001,0.005479452054794521,74.04616475203605,50.820781097856525,6.927421335247891,8.52929948095478,0.9945597117650811,<1.0%,0.98-1.00,2025-09-05→2025-09-08
2025-09-05,2025-09-08,P,6445.0,0.00821917808219178,106.1927408026682,-0.09724698426837432,4.6491159843228616,-0.19851109039134754,6481.5,6495.150000000001,0.005479452054794521,19.334912396182435,1.136673423273976,1.8274213352633626,3.209676383842002,0.9945597117650811,<1.0%,0.98-1.00,2025-09-05→2025-09-08
2025-09-05,2025-09-08,C,6450.0,0.00821917808219178,130.64241323942534,0.9312558702316097,36.50337414812748,0.7577559748886977,6481.5,6495.150000000001,0.005479452054794521,70.67251947679271,46.123437481574,6.338357371338017,8.706630942768859,0.9953312864057057,<1.0%,0.98-1.00,2025-09-05→2025-09-08
2025-09-05,2025-09-08,P,6450.0,0.00821917808219178,100.38214607787539,-0.06874412976962736,5.298994398550349,-0.22579023528957037,6481.5,6495.150000000001,0.005479452054794521,20.957728523295128,1.3693027296487799,1.4383573713554512,3.582036711702759,0.9953312864057057,<1.0%,0.98-1.00,2025-09-05→2025-09-08
2025-09-05,2025-09-08,C,6455.0,0.00821917808219178,113.83884137711081,0.8526602477844648,32.25324220359471,0.7281261238845632,6481.5,6495.150000000001,0.005479452054794521,67.33661019218668,41.4344198714698,7.411187617741588,9.111078408975311,0.9961028610463303,<1.0%,0.98-1.00,2025-09-05→2025-09-08
2025-09-05,2025-09-08,P,6455.0,0.00821917808219178,88.57953524878614,-0.14733975221666046,6.098851776726406,-0.2578558232419532,6481.5,6495.150000000001,0.005479452054794521,22.61828064105374,1.676272253232014,2.361187617757495,3.869731987252802,0.9961028610463303,<1.0%,0.98-1.00,2025-09-05→2025-09-08
2025-09-05,2025-09-08,C,6460.0,0.00821917808219178,135.63078431927707,0.883647858535276,28.253083532581513,0.6926005897937421,6481.5,6495.150000000001,0.005479452054794521,64.24450659708876,36.88285347298279,6.738206730992998,9.34600194931504,0.9968744356869549,<1.0%,0.98-1.00,2025-09-05→2025-09-08
2025-09-05,2025-09-08,P,6460.0,0.00821917808219178,115.37243922412401,-0.11635214146594902,7.0986844633289365,-0.29541274140548734,6481.5,6495.150000000001,0.005479452054794521,24.522638448316204,2.091610086911146,1.738206731010268,4.182383920185064,0.9968744356869549,<1.0%,0.98-1.00,2025-09-05→2025-09-08
2025-09-05,2025-09-08,C,6465.0,0.00821917808219178,129.62643892658042,0.9187180935286694,23.5529461918195,0.6616551685691543,6481.5,6495.150000000001,0.005479452054794521,61.2543437742563,31.947783782985425,6.809498023333159,10.318406949030681,0.9976460103275794,<1.0%,0.98-1.00,2025-09-05→2025-09-08
2025-09-05,2025-09-08,P,6465.0,0.00821917808219178,114.36905486462997,-0.08128190647269053,8.248496632700608,-0.33759210393045636,6481.5,6495.150000000001,0.005479452054794521,26.528937027845554,2.602267971157744,0.9594980233522714,4.458132218650915,0.9976460103275794,<1.0%,0.98-1.00,2025-09-05→2025-09-08
2025-09-05,2025-09-08,C,6470.0,0.00821917808219178,113.7082404968726,0.8834900952753326,19.952733873665693,0.6139744043423682,6481.5,6495.150000000001,0.005479452054794521,58.210882704968114,27.62385549669216,6.840360199491229,10.519249380726341,0.998417584968204,<1.0%,0.98-1.00,2025-09-05→2025-09-08
2025-09-05,2025-09-08,P,6470.0,0.00821917808219178,103.45181746816125,-0.11650990472587384,9.648283598015496,-0.3854339061705682,6481.5,6495.150000000001,0.005479452054794521,28.481937360918778,3.275935581393469,1.0403601995082408,4.711172819228466,0.998417584968204,<1.0%,0.98-1.00,2025-09-05→2025-09-08
2025-09-05,2025-09-08,C,6475.0,0.00821917808219178,125.16920306866776,0.8553096237124649,16.602498471690524,0.5612415071889769,6481.5,6495.150000000001,0.005479452054794521,55.43314525408591,23.484421145429224,6.675023636324388,10.68905342687016,0.9991891596088286,<1.0%,0.98-1.00,2025-09-05→2025-09-08
2025-09-05,2025-09-08,P,6475.0,0.00821917808219178,119.9137410731386,-0.14469037628881395,11.298048517029201,-0.43835047928101717,6481.5,6495.150000000001,0.005479452054794521,30.70066131239921,4.133835178630989,0.875023636342388,4.883484042186122,0.9991891596088286,<1.0%,0.98-1.00,2025-09-05→2025-09-08
2025-09-05,2025-09-08,C,6480.0,0.00821917808219178,130.55117429889,0.9028403691716493,13.452244016977147,0.5039704570505814,6481.5,6495.150000000001,0.005479452054794521,52.83551732607924,19.514681426800053,5.476228960806495,10.92080326125929,0.9999607342494532,<1.0%,0.98-1.00,2025-09-05→2025-09-08
2025-09-05,2025-09-08,P,6480.0,0.00821917808219178,130.2966733365602,-0.09715963082971824,13.197791962182691,-0.4958373732440717,6481.5,6495.150000000001,0.005479452054794521,33.09949478675322,5.196822121383775,-0.37377103917429233,5.0681801447818495,0.9999607342494532,<1.0%,0.98-1.00,2025-09-05→2025-09-08
2025-09-05,2025-09-08,C,6485.0,0.00821917808219178,117.02054858928248,0.9122162239360455,10.851973984520555,0.44340723441797214,6481.5,6495.150000000001,0.005479452054794521,50.208722876909405,15.99629444398579,4.348248543272478,10.747491250194436,1.0007323088900777,<1.0%,1.00-1.02,2025-09-05→2025-09-08
2025-09-05,2025-09-08,P,6485.0,0.00821917808219178,121.76700866019596,-0.0877837760651423,15.547520914553843,-0.5566258080500345,6481.5,6495.150000000001,0.005479452054794521,35.46916173994561,6.639562356794613,-1.4517514567107601,4.947942279883274,1.0007323088900777,<1.0%,1.00-1.02,2025-09-05→2025-09-08
2025-09-05,2025-09-08,C,6490.0,0.00821917808219178,98.80799117288358,0.8072921767508535,8.50169833670543,0.38142150065988073,6481.5,6495.150000000001,0.005479452054794521,47.725758083904864,12.753203503202258,4.78046178735041,10.59359651599242,1.0015038835307024,<1.0%,1.00-1.02,2025-09-05→2025-09-08
2025-09-05,2025-09-08,P,6490.0,0.00821917808219178,108.55541227702524,-0.1927078232502214,18.19724414412258,-0.6188666579394879,6481.5,6495.150000000001,0.005479452054794521,37.98265834930099,8.393111705077445,-1.0195382126343713,4.7975298808743485,1.0015038835307024,<1.0%,1.00-1.02,2025-09-05→2025-09-08
2025-09-05,2025-09-08,C,6495.0,0.00821917808219178,131.24364146623876,0.8870564965220693,6.60143137512523,0.321481292689577,6481.5,6495.150000000001,0.005479452054794521,45.486521151665976,9.984670984743389,2.3916788224732723,10.1117803547871,1.002275458171327,<1.0%,1.00-1.02,2025-09-05→2025-09-08
2025-09-05,2025-09-08,P,6495.0,0.00821917808219178,145.9920236035486,-0.11294350347911628,21.29697600263262,-0.6790702053331223,6481.5,6495.150000000001,0.005479452054794521,40.73988281942654,10.621249792545768,-3.4083211775100004,4.3193083027974915,1.002275458171327,<1.0%,1.00-1.02,2025-09-05→2025-09-08
2025-09-05,2025-09-08,C,6500.0,0.00821917808219178,121.94493317532977,0.9180347839440433,5.001177415976144,0.2644346549046034,6481.5,6495.150000000001,0.005479452054794521,43.304717682998294,7.598276540907591,0.6188251991633074,9.540466960552019,1.0030470328119514,<1.0%,1.00-1.02,2025-09-05→2025-09-08
2025-09-05,2025-09-08,P,6500.0,0.00821917808219178,141.6942763458543,-0.081965216057275,23.846635886157856,-0.7554618592308294,6481.5,6495.150000000001,0.005479452054794521,43.55454075311948,12.38882129678359,-4.331174800818154,4.862054378501231,1.0030470328119514,<1.0%,1.00-1.02,2025-09-05→2025-09-08
2025-09-05,2025-09-08,C,6505.0,0.00821917808219178,105.07036309936454,0.8499623822529154,3.7509499457430593,0.21335231894528278,6481.5,6495.150000000001,0.005479452054794521,41.15283473274289,5.666210659053377,-0.001986517752760264,8.687740846396773,1.0038186074525761,<1.0%,1.00-1.02,2025-09-05→2025-09-08
2025-09-05,2025-09-08,P,6505.0,0.00821917808219178,129.8206673031367,-0.15003761774803226,27.59638236248702,-0.8123136694631006,6481.5,6495.150000000001,0.005479452054794521,46.39911920522459,15.39861768478113,-4.901986517739281,4.138081588171763,1.0038186074525761,<1.0%,1.00-1.02,2025-09-05→2025-09-08
2025-09-05,2025-09-08,C,6510.0,0.00821917808219178,127.94258714484161,0.8645826437395319,2.7507482277439976,0.16804932877600853,6481.5,6495.150000000001,0.005479452054794521,39.25858761092938,4.104226037344915,-1.7015530870450828,7.806126662207392,1.0045901820932006,<1.0%,1.00-1.02,2025-09-05→2025-09-08
2025-09-05,2025-09-08,P,6510.0,0.00821917808219178,157.69385238177944,-0.1354173562616395,31.646161774667235,-0.8618879223200766,6481.5,6495.150000000001,0.005479452054794521,49.50133348577357,18.842022356064263,-6.701553087028544,3.2147701396695183,1.0045901820932006,<1.0%,1.00-1.02,2025-09-05→2025-09-08
2025-09-05,2025-09-08,C,6515.0,0.00821917808219178,126.14072406093833,0.9035848663585337,1.9755755228131875,0.12926161257930374,6481.5,6495.150000000001,0.005479452054794521,37.528546612622705,2.8876566650287714,-3.708933425794479,6.860578988292433,1.005361756733825,<1.0%,1.00-1.02,2025-09-05→2025-09-08
2025-09-05,2025-09-08,P,6515.0,0.00821917808219178,160.8929503310802,-0.09641513364271327,35.89596575605083,-0.9059649552664651,6481.5,6495.150000000001,0.005479452054794521,52.767753889827475,22.61342893127039,-8.733933425776907,2.3164216393877464,1.005361756733825,<1.0%,1.00-1.02,2025-09-05→2025-09-08
2025-09-05,2025-09-08,C,6520.0,0.00821917808219178,111.49286741147836,0.8871885968036989,1.4504436951169737,0.09965714159085606,6481.5,6495.150000000001,0.005479452054794521,35.76816639292239,2.0400044111780744,-4.960124346370972,5.789680017284762,1.0061333313744498,<1.0%,1.00-1.02,2025-09-05→2025-09-08
2025-09-05,2025-09-08,P,6520.0,0.00821917808219178,151.2460547148405,-0.112811403197626,40.245769911287425,-0.9499421793285957,6481.5,6495.150000000001,0.005479452054794521,56.0038350724893,26.574487270007012,-9.910124346352342,1.51671074783585,1.0061333313744498,<1.0%,1.00-1.02,2025-09-05→2025-09-08
2025-09-05,2025-09-08,C,6525.0,0.00821917808219178,113.36974089198182,0.8269502392752969,1.0253314638551387,0.07444696480394472,6481.5,6495.150000000001,0.005479452054794521,34.19793207808571,1.3823546977938577,-5.412870766108254,4.858798930426114,1.0069049060150743,<1.0%,1.00-1.02,2025-09-05→2025-09-08
2025-09-05,2025-09-08,P,6525.0,0.00821917808219178,158.1238892285541,-0.17304976072585698,45.59584123701825,-0.9339328533183032,6481.5,6495.150000000001,0.005479452054794521,59.43006216001379,31.866864190497836,-11.137870766091957,-0.7518165522046516,1.0069049060150743,<1.0%,1.00-1.02,2025-09-05→2025-09-08
2025-09-05,2025-09-08,C,6530.0,0.00821917808219178,128.78435272808733,0.8866677855128713,0.7002400901953933,0.05388948421288959,6481.5,6495.150000000001,0.005479452054794521,32.78567694124773,0.898917472149833,-7.353015272251178,4.014408540494027,1.007676480655699,<1.0%,1.00-1.02,2025-09-05→2025-09-08
2025-09-05,2025-09-08,P,6530.0,0.00821917808219178,178.53946209785937,-0.11333221448831325,50.29575116005071,-0.9541641406721079,6481.5,6495.150000000001,0.005479452054794521,63.0142684255392,36.41339352385967,-13.103015272234462,-1.625659479825206,1.007676480655699,<1.0%,1.00-1.02,2025-09-05→2025-09-08
2025-09-05,2025-09-08,C,6535.0,0.00821917808219178,117.48951540425236,0.9150119993127892,0.5001777908296958,0.03993304326813976,6481.5,6495.150000000001,0.005479452054794521,31.39113355857376,0.600863789614209,-8.739913790620072,3.2049139593898706,1.0084480552963235,<1.0%,1.00-1.02,2025-09-05→2025-09-08
2025-09-05,2025-09-08,P,6535.0,0.00821917808219178,172.24558580723664,-0.08498800068846546,55.09568564103665,-0.9688887941545371,6481.5,6495.150000000001,0.005479452054794521,66.61618644522504,41.120116532194515,-14.4899137906024,-2.424667959790039,1.0084480552963235,<1.0%,1.00-1.02,2025-09-05→2025-09-08
2025-09-05,2025-09-08,C,6540.0,0.00821917808219178,100.18755468644612,0.822996307195519,0.37513592244079064,0.03052129418574114,6481.5,6495.150000000001,0.005479452054794521,30.06850976024789,0.4164912049842542,-8.308899593219284,2.5083843343646164,1.009219629936948,<1.0%,1.00-1.02,2025-09-05→2025-09-08
2025-09-05,2025-09-08,P,6540.0,0.00821917808219178,159.94458612266803,-0.17700369280555037,59.99564873728468,-0.9771766916029933,6481.5,6495.150000000001,0.005479452054794521,70.29002404926153,45.96945186920857,-14.08389959320414,-3.1615381596186083,1.009219629936948,<1.0%,1.00-1.02,2025-09-05→2025-09-08
2025-09-05,2025-09-08,C,6545.0,0.00821917808219178,127.98780439216155,0.8663191323069405,0.2751019143051394,0.02289493114869737,6481.5,6495.150000000001,0.005479452054794521,28.921959344885366,0.2812651440715399,-9.55025615599021,1.9624841898202683,1.0099912045775727,<1.0%,1.00-1.02,2025-09-05→2025-09-08
2025-09-05,2025-09-08,P,6545.0,0.00821917808219178,192.74579686153473,-0.1336808676944096,64.89561226701426,-0.985360176138041,6481.5,6495.150000000001,0.005479452054794521,74.13993503626203,50.84102578373677,-15.275256155971245,-3.6498335957152097,1.0099912045775727,<1.0%,1.00-1.02,2025-09-05→2025-09-08
2025-09-05,2025-09-08,C,6550.0,0.00821917808219178,122.65637011126486,0.9012346626915133,0.22508290692326227,0.018621624430152528,6481.5,6495.150000000001,0.005479452054794521,27.792463866550086,0.2100400436368659,-10.60185314573965,1.4458148265284079,1.0107627792181972,<1.0%,1.00-1.02,2025-09-05→2025-09-08
2025-09-05,2025-09-08,P,6550.0,0.00821917808219178,192.41532361386825,-0.09876533730974574,69.7955733600611,-0.9940990129779944,6481.5,6495.150000000001,0.005479452054794521,78.00690096028579,55.731224195322284,-16.401853145721915,-4.180548472849834,1.0107627792181972,<1.0%,1.00-1.02,2025-09-05→2025-09-08
2025-09-05,2025-09-08,C,6555.0,0.00821917808219178,107.41570225929335,0.8671854430087255,0.20007192153690312,0.016153903957052296,6481.5,6495.150000000001,0.005479452054794521,26.749304250043586,0.17029193301989665,-10.587081297069576,1.0294992109862275,1.0115343538588217,<1.0%,1.00-1.02,2025-09-05→2025-09-08
2025-09-05,2025-09-08,P,6555.0,0.00821917808219178,182.1756167951272,-0.13281455699245578,74.7955719883139,-0.9944085676152374,6481.5,6495.150000000001,0.005479452054794521,81.96020274614193,60.725303452217304,-16.587081297052904,-4.826323052051466,1.0115343538588217,<1.0%,1.00-1.02,2025-09-05→2025-09-08
2025-09-05,2025-09-08,C,6425.0,0.010958904109589041,167.2544824844309,0.8849424357311599,63.74240524634024,0.795991330631418,6481.5,6495.150000000001,0.00821917808219178,96.91409327811047,73.11535607290443,7.970535752269182,9.184718336880707,0.9913761140959639,1.0-2.0%,0.98-1.00,2025-09-05→2025-09-08
2025-09-05,2025-09-08,P,6425.0,0.010958904109589041,111.35876599741856,-0.11505756426878362,7.0018437516434915,-0.19326244900866585,6481.5,6495.150000000001,0.00821917808219178,21.509037305588606,2.91854537413667,2.87053575226896,3.9380324289683952,0.9913761140959639,1.0-2.0%,0.98-1.00,2025-09-05→2025-09-08
2025-09-05,2025-09-08,C,6430.0,0.010958904109589041,169.73566278696964,0.9210591185449191,59.44256927467359,0.7787499491370448,6481.5,6495.150000000001,0.00821917808219178,93.54562175868479,68.51358864127633,7.47754303186135,9.420063194278912,0.9921476130174395,1.0-2.0%,0.98-1.00,2025-09-05→2025-09-08
2025-09-05,2025-09-08,P,6430.0,0.010958904109589041,118.84041655950129,-0.07894088145505186,7.702013882347728,-0.21109785347886606,6481.5,6495.150000000001,0.00821917808219178,23.136476248444428,3.3022860245002903,2.3775430318615007,4.181485699986636,0.9921476130174395,1.0-2.0%,0.98-1.00,2025-09-05→2025-09-08
2025-09-05,2025-09-08,C,6435.0,0.010958904109589041,155.90509949844926,0.9238207303259419,55.142741331626894,0.7607630574855526,6481.5,6495.150000000001,0.00821917808219178,90.15316367576962,63.918018934868996,7.439847031050393,9.665584265321796,0.9929191119389149,1.0-2.0%,0.98-1.00,2025-09-05→2025-09-08
2025-09-05,2025-09-08,P,6435.0,0.010958904109589041,110.01032353050574,-0.07617926967413205,8.402190929625476,-0.22965961401323826,6481.5,6495.150000000001,0.00821917808219178,24.73992862779834,3.6929076585212215,2.339847031051945,4.434853731280828,0.9929191119389149,1.0-2.0%,0.98-1.00,2025-09-05→2025-09-08
2025-09-05,2025-09-08,C,6440.0,0.010958904109589041,144.08644429779696,0.8497669886925983,51.142950167512936,0.738877395955233,6481.5,6495.150000000001,0.00821917808219178,86.8727547773514,59.52331157486333,8.250680604345565,9.76432354521066,0.9936906108603903,1.0-2.0%,0.98-1.00,2025-09-05→2025-09-08
2025-09-05,2025-09-08,P,6440.0,0.010958904109589041,103.19213858938906,-0.15023301130758315,9.202386763531194,-0.25023640386941887,6481.5,6495.150000000001,0.00821917808219178,26.45543019166348,4.152335288698964,3.3506806043485926,4.715726912817704,0.9936906108603903,1.0-2.0%,0.98-1.00,2025-09-05→2025-09-08
2025-09-05,2025-09-08,C,6445.0,0.010958904109589041,166.0569364389979,0.9088680471462861,46.9431483449016,0.7181008473023829,6481.5,6495.150000000001,0.00821917808219178,83.75388075150146,55.00716786126759,7.943951156452693,10.547923434322076,0.9944621097818658,1.0-2.0%,0.98-1.00,2025-09-05→2025-09-08
2025-09-05,2025-09-08,P,6445.0,0.010958904109589041,130.16310099013577,-0.09113195285382959,10.152607422254277,-0.27331187987251615,6481.5,6495.150000000001,0.00821917808219178,28.332466628092288,4.716882213326471,2.3939511564548237,4.880707160259995,0.9944621097818658,1.0-2.0%,0.98-1.00,2025-09-05→2025-09-08
2025-09-05,2025-09-08,C,6450.0,0.010958904109589041,154.6894827980458,0.9328533346604743,43.04338242786798,0.6936151385136045,6481.5,6495.150000000001,0.00821917808219178,80.65313027073624,50.70237390880084,7.016551981884017,10.282153359288921,0.9952336087033413,1.0-2.0%,0.98-1.00,2025-09-05→2025-09-08
2025-09-05,2025-09-08,P,6450.0,0.010958904109589041,123.79611760873192,-0.06714666533965889,11.202845733341519,-0.2982912043481961,6481.5,6495.150000000001,0.00821917808219178,30.227626609599877,5.359214297718154,2.0165519818863817,5.171674939353041,0.9952336087033413,1.0-2.0%,0.98-1.00,2025-09-05→2025-09-08
2025-09-05,2025-09-08,C,6455.0,0.010958904109589041,136.48017374077924,0.8635348098233654,38.24356217304921,0.6747210681690496,6481.5,6495.150000000001,0.00821917808219178,77.6127843525905,45.77458407482936,8.762749845910589,11.340057419492101,0.9960051076248168,1.0-2.0%,0.98-1.00,2025-09-05→2025-09-08
2025-09-05,2025-09-08,P,6455.0,0.010958904109589041,110.58727881103017,-0.13646519017657593,12.353102290467177,-0.3251848887672494,6481.5,6495.150000000001,0.00821917808219178,32.183191153735905,6.082707314318895,2.812749845910337,5.388773731673132,0.9960051076248168,1.0-2.0%,0.98-1.00,2025-09-05→2025-09-08
2025-09-05,2025-09-08,C,6460.0,0.010958904109589041,160.86051288871255,0.8925674879160256,34.44383431184451,0.6461983765351513,6481.5,6495.150000000001,0.00821917808219178,74.7568342381348,41.54626241226106,8.266453789945766,11.629392160294834,0.9967766065462922,1.0-2.0%,0.98-1.00,2025-09-05→2025-09-08
2025-09-05,2025-09-08,P,6460.0,0.010958904109589041,139.9680882185064,-0.10743251208392786,13.653380599292632,-0.354354135934466,6481.5,6495.150000000001,0.00821917808219178,34.32315150155499,6.926607445112722,2.166453789945673,5.536933955505654,0.9967766065462922,1.0-2.0%,0.98-1.00,2025-09-05→2025-09-08
2025-09-05,2025-09-08,C,6465.0,0.010958904109589041,154.65784020296317,0.9220652228939747,30.944136871200953,0.6144864882827384,6481.5,6495.150000000001,0.00821917808219178,72.01113492178892,37.55176374211351,7.513809707496739,11.712259434940282,0.9975481054677676,1.0-2.0%,0.98-1.00,2025-09-05→2025-09-08
2025-09-05,2025-09-08,P,6465.0,0.010958904109589041,138.76588579229076,-0.07793477710602251,15.053676988618463,-0.3854194686535549,6481.5,6495.150000000001,0.00821917808219178,36.57336264749346,7.859886981602585,1.5638097074972497,5.760975747121235,0.9975481054677676,1.0-2.0%,0.98-1.00,2025-09-05→2025-09-08
2025-09-05,2025-09-08,C,6470.0,0.010958904109589041,137.60826789955917,0.891035187668034,27.544455827467118,0.581054074121696,6481.5,6495.150000000001,0.00821917808219178,69.24027842972052,33.653914493527736,7.63736968833085,11.868611888238533,0.998319604389243,1.0-2.0%,0.98-1.00,2025-09-05→2025-09-08
2025-09-05,2025-09-08,P,6470.0,0.010958904109589041,126.71678374841419,-0.10896481233211888,16.653995944883718,-0.41885188281459484,6481.5,6495.150000000001,0.00821917808219178,38.798416617700425,8.962037733015222,1.6373696883334843,5.8673282004194505,0.998319604389243,1.0-2.0%,0.98-1.00,2025-09-05→2025-09-08
2025-09-05,2025-09-08,C,6475.0,0.010958904109589041,150.37126635556794,0.8678514344852644,24.2447924480075,0.5457670094134833,6481.5,6495.150000000001,0.00821917808219178,66.66941267071505,29.854757279780642,7.553827919275667,11.950280321505653,0.9990911033107186,1.0-2.0%,0.98-1.00,2025-09-05→2025-09-08
2025-09-05,2025-09-08,P,6475.0,0.010958904109589041,144.480252463966,-0.13214856551486,18.45433448053518,-0.45433933022651585,6481.5,6495.150000000001,0.00821917808219178,41.22346132097196,10.242508456473388,1.5038279192779105,5.901731857592188,0.9990911033107186,1.0-2.0%,0.98-1.00,2025-09-05→2025-09-08
2025-09-05,2025-09-08,C,6480.0,0.010958904109589041,156.10472670655363,0.9085165952692056,21.24514927523387,0.5083706699940111,6481.5,6495.150000000001,0.00821917808219178,64.27354374733417,26.320144355227967,6.5987484745748475,12.060740354581469,0.999862602232194,1.0-2.0%,0.98-1.00,2025-09-05→2025-09-08
2025-09-05,2025-09-08,P,6480.0,0.010958904109589041,155.2141830745093,-0.09148340473082676,20.35468939264956,-0.49153528694228166,6481.5,6495.150000000001,0.00821917808219178,43.823502859866856,11.628267594715908,0.5987484745758331,6.059456666762411,0.999862602232194,1.0-2.0%,0.98-1.00,2025-09-05→2025-09-08
2025-09-05,2025-09-08,C,6485.0,0.010958904109589041,141.6965235323694,0.9160088562392504,18.44551962130663,0.4695542021767206,6481.5,6495.150000000001,0.00821917808219178,61.868397393732096,22.981900512399534,5.896479112333735,11.99058514028751,1.0006341011536695,1.0-2.0%,1.00-1.02,2025-09-05→2025-09-08
2025-09-05,2025-09-08,P,6485.0,0.010958904109589041,145.8064501598788,-0.08399114376070296,22.55505973872323,-0.5303517547595734,6481.5,6495.150000000001,0.00821917808219178,46.41426696854384,13.29002375188793,-0.1035208876663587,5.9893014524684665,1.0006341011536695,1.0-2.0%,1.00-1.02,2025-09-05→2025-09-08
2025-09-05,2025-09-08,C,6490.0,0.010958904109589041,121.87330299137152,0.8232359463234991,15.845900385442292,0.4296460321889605,6481.5,6495.150000000001,0.00821917808219178,59.58616859724553,19.84838066760085,6.462829332683784,11.83533166062045,1.001405600075145,1.0-2.0%,1.00-1.02,2025-09-05→2025-09-08
2025-09-05,2025-09-08,P,6490.0,0.010958904109589041,130.9836998784072,-0.17676405367660675,24.9554405028598,-0.5702599247473323,6481.5,6495.150000000001,0.00821917808219178,49.12794863433655,15.156503907090155,0.5128293326857798,5.884047972801399,1.001405600075145,1.0-2.0%,1.00-1.02,2025-09-05→2025-09-08
2025-09-05,2025-09-08,C,6495.0,0.010958904109589041,156.98071348836913,0.8950483198004644,13.44628841153326,0.3889777635361628,6481.5,6495.150000000001,0.00821917808219178,57.49572828199378,16.927332219505843,4.782590434723172,11.690453527731165,1.0021770989966203,1.0-2.0%,1.00-1.02,2025-09-05→2025-09-08
2025-09-05,2025-09-08,P,6495.0,0.010958904109589041,171.0915806349303,-0.10495168019973021,27.605825737655778,-0.6106355857426417,6481.5,6495.150000000001,0.00821917808219178,52.03341878136238,17.280599983319462,-1.2174095652736274,5.68517574538739,1.0021770989966203,1.0-2.0%,1.00-1.02,2025-09-05→2025-09-08
2025-09-05,2025-09-08,C,6500.0,0.010958904109589041,147.0588831150906,0.9209234086048654,11.29667653443812,0.3482982009973082,6481.5,6495.150000000001,0.00821917808219178,55.46070246186647,14.272307531746264,3.6293954725430844,11.445729556386553,1.0029485979180959,1.0-2.0%,1.00-1.02,2025-09-05→2025-09-08
2025-09-05,2025-09-08,P,6500.0,0.010958904109589041,166.17022052119674,-0.07907659139533131,30.506208879050064,-0.6507929083349541,6481.5,6495.150000000001,0.00821917808219178,54.99430342351734,19.67332203952128,-2.3706045274536836,5.433323198772479,1.0029485979180959,1.0-2.0%,1.00-1.02,2025-09-05→2025-09-08
2025-09-05,2025-09-08,C,6505.0,0.010958904109589041,128.80403286696912,0.8612016333507574,9.397058372387164,0.308334720007557,6481.5,6495.150000000001,0.00821917808219178,53.513432499601485,11.893542405614426,3.5445977047616903,11.091231071896678,1.0037200968395714,1.0-2.0%,1.00-1.02,2025-09-05→2025-09-08
2025-09-05,2025-09-08,P,6505.0,0.010958904109589041,152.91584053260996,-0.13879836664951836,32.456711605615965,-0.7034846636797638,6481.5,6495.150000000001,0.00821917808219178,58.042943923527254,21.193079954319728,-1.4054022952340028,6.302565659229156,1.0037200968395714,1.0-2.0%,1.00-1.02,2025-09-05→2025-09-08
2025-09-05,2025-09-08,C,6510.0,0.010958904109589041,153.61448023038002,0.8757084774418207,7.697430988066799,0.2692269573425589,6481.5,6495.150000000001,0.00821917808219178,51.71910219796568,9.751308766296916,2.34657928291867,10.625052032273924,1.0044915957610467,1.0-2.0%,1.00-1.02,2025-09-05→2025-09-08
2025-09-05,2025-09-08,P,6510.0,0.010958904109589041,182.72675815556576,-0.12429152255839586,35.857099286653465,-0.7440943347066603,6481.5,6495.150000000001,0.00821917808219178,61.24452408416946,24.122602859401923,-2.6034207170778294,5.856887668746319,1.0044915957610467,1.0-2.0%,1.00-1.02,2025-09-05→2025-09-08
2025-09-05,2025-09-08,C,6515.0,0.010958904109589041,151.58005296588738,0.9085258042001636,6.397761125461557,0.23462567715992527,6481.5,6495.150000000001,0.00821917808219178,50.08645455979965,8.049994732500409,0.6986227726672709,9.897359506766891,1.0052630946825223,1.0-2.0%,1.00-1.02,2025-09-05→2025-09-08
2025-09-05,2025-09-08,P,6515.0,0.010958904109589041,185.69280115065658,-0.09147419579975036,39.457470179560005,-0.7829867783915219,6481.5,6495.150000000001,0.00821917808219178,64.60778690827773,27.299693186238983,-4.151377227333363,5.287769525044695,1.0052630946825223,1.0-2.0%,1.00-1.02,2025-09-05→2025-09-08
2025-09-05,2025-09-08,C,6520.0,0.010958904109589041,135.84415931806376,0.8938316726195573,5.198080335642771,0.20117255850868299,6481.5,6495.150000000001,0.00821917808219178,48.49269970348593,6.499399240947923,-0.20080233125744584,9.253994576356368,1.0060345936039976,1.0-2.0%,1.00-1.02,2025-09-05→2025-09-08
2025-09-05,2025-09-08,P,6520.0,0.010958904109589041,174.95737776235327,-0.10616832738058465,43.2578191538023,-0.8195603572477473,6481.5,6495.150000000001,0.00821917808219178,68.00994251424697,30.72802210564896,-5.100802331254958,4.636998876432202,1.0060345936039976,1.0-2.0%,1.00-1.02,2025-09-05→2025-09-08
2025-09-05,2025-09-08,C,6525.0,0.010958904109589041,138.11186434133467,0.8421141449255878,4.148379709500432,0.1698152724883414,6481.5,6495.150000000001,0.00821917808219178,47.01003963322724,5.147762575079241,-0.5948580782347328,8.582021530534048,1.0068060925254732,1.0-2.0%,1.00-1.02,2025-09-05→2025-09-08
2025-09-05,2025-09-08,P,6525.0,0.010958904109589041,182.2255530451434,-0.15788585507469888,48.60785165955622,-0.8229653544070419,6481.5,6495.150000000001,0.00821917808219178,71.52319290626703,35.81397173334881,-6.894858078230278,2.1834770876565663,1.0068060925254732,1.0-2.0%,1.00-1.02,2025-09-05→2025-09-08
2025-09-05,2025-09-08,C,6530.0,0.010958904109589041,154.44218478009887,0.8941248059051479,3.298643994396116,0.14209931029559683,6481.5,6495.150000000001,0.00821917808219178,45.65359208466438,4.0458820826345345,-2.4048036006057565,7.860344414465026,1.0075775914469487,1.0-2.0%,1.00-1.02,2025-09-05→2025-09-08
2025-09-05,2025-09-08,P,6530.0,0.010958904109589041,203.5563437434732,-0.10587519409502046,52.958066154559674,-0.8454408588793039,6481.5,6495.150000000001,0.00821917808219178,75.1626558199797,39.919746261962246,-9.554803600602913,0.540267723702959,1.0075775914469487,1.0-2.0%,1.00-1.02,2025-09-05→2025-09-08
2025-09-05,2025-09-08,C,6535.0,0.010958904109589041,142.36233091793756,0.9178156034235029,2.6488655294060663,0.1188834899997303,6481.5,6495.150000000001,0.00821917808219178,44.35813530752784,3.192871280190161,-3.8781829867313142,7.027240361503617,1.008349090368424,1.0-2.0%,1.00-1.02,2025-09-05→2025-09-08
2025-09-05,2025-09-08,P,6535.0,0.010958904109589041,196.47696014087433,-0.08218439657641761,57.20829883036549,-0.8698269870539233,6481.5,6495.150000000001,0.00821917808219178,78.86310950512095,43.965583561009225,-10.478182986731856,0.27313837328652646,1.008349090368424,1.0-2.0%,1.00-1.02,2025-09-05→2025-09-08
2025-09-05,2025-09-08,C,6540.0,0.010958904109589041,123.52823243639644,0.8369304959234886,2.074069474554676,0.0975056544444787,6481.5,6495.150000000001,0.00821917808219178,43.140657232798944,2.4551759094030103,-3.7991012693560764,6.294047816832812,1.0091205892898996,1.0-2.0%,1.00-1.02,2025-09-05→2025-09-08
2025-09-05,2025-09-08,P,6540.0,0.010958904109589041,182.6433319188648,-0.16306950407657667,62.20835934943261,-0.8761526388903008,6481.5,6495.150000000001,0.00821917808219178,82.6415418926704,48.81009973664641,-10.974101269354643,-1.240516479146919,1.0091205892898996,1.0-2.0%,1.00-1.02,2025-09-05→2025-09-08
2025-09-05,2025-09-08,C,6545.0,0.010958904109589041,153.69763576289714,0.8767470730803248,1.5992480177141033,0.07878787003258274,6481.5,6495.150000000001,0.00821917808219178,42.01308642727948,1.8542904907624234,-5.367597547546913,5.524545574055202,1.0098920882113749,1.0-2.0%,1.00-1.02,2025-09-05→2025-09-08
2025-09-05,2025-09-08,P,6545.0,0.010958904109589041,217.81320550492924,-0.1232529269195825,66.70852410766202,-0.893434078643048,6481.5,6495.150000000001,0.00821917808219178,86.50988154943411,53.178744243688016,-12.617597547547636,-2.1046248265219116,1.0098920882113749,1.0-2.0%,1.00-1.02,2025-09-05→2025-09-08
2025-09-05,2025-09-08,C,6550.0,0.010958904109589041,147.93355132906396,0.9059758438346424,1.224398395650212,0.06304163942434286,6481.5,6495.150000000001,0.00821917808219178,40.902386282913355,1.3854216231256373,-6.691570268343362,4.814481621857686,1.0106635871328504,1.0-2.0%,1.00-1.02,2025-09-05→2025-09-08
2025-09-05,2025-09-08,P,6550.0,0.010958904109589041,217.04959133061544,-0.094024156165447,70.30894672272098,-0.9377245774339288,6481.5,6495.150000000001,0.00821917808219178,90.39509186734054,56.6677463242886,-12.916570268341593,-1.4000595180263566,1.0106635871328504,1.0-2.0%,1.00-1.02,2025-09-05→2025-09-08
2025-09-05,2025-09-08,C,6555.0,0.010958904109589041,131.48474604698373,0.8759712738182701,0.9245253989991511,0.04973221656537554,6481.5,6495.150000000001,0.00821917808219178,39.99364448596093,1.0176677564096508,-7.082007887619865,4.196155243882597,1.011435086054326,1.0-2.0%,1.00-1.02,2025-09-05→2025-09-08
2025-09-05,2025-09-08,P,6555.0,0.010958904109589041,205.6012563080806,-0.124028726181805,76.0087744310431,-0.9196676784044875,6481.5,6495.150000000001,0.00821917808219178,94.48226053266916,62.294766046808036,-14.407007887618288,-3.546536189778239,1.011435086054326,1.0-2.0%,1.00-1.02,2025-09-05→2025-09-08
2025-09-05,2025-09-08,C,6425.0,0.0136986301369863,183.4096674897261,0.8910411018421206,67.44974750593974,0.7656294951284381,6481.5,6495.150000000001,0.010958904109589041,103.42550244717974,76.10773327510833,9.287288959854585,10.999157391496418,0.991275285526546,1.0-2.0%,0.98-1.00,2025-09-05→2025-09-08
2025-09-05,2025-09-08,P,6425.0,0.0136986301369863,126.86043063010581,-0.10895889815731759,10.800076987638477,-0.233473421662363,6481.5,6495.150000000001,0.010958904109589041,25.653827793042254,5.847398682161952,1.6872889598474439,3.386912205691382,0.991275285526546,1.0-2.0%,0.98-1.00,2025-09-05→2025-09-08
2025-09-05,2025-09-08,C,6430.0,0.0136986301369863,186.41463067876643,0.9235509188363044,63.2497534233662,0.7492950994872426,6481.5,6495.150000000001,0.010958904109589041,100.18014369251446,71.63951502148393,8.743529957883936,11.122121891998724,0.9920467059822087,1.0-2.0%,0.98-1.00,2025-09-05→2025-09-08
2025-09-05,2025-09-08,P,6430.0,0.0136986301369863,134.86535550254473,-0.07644908116302421,11.650083122870683,-0.25028670074807524,6481.5,6495.150000000001,0.010958904109589041,27.402537774054284,6.413812430409507,1.093529957875321,3.4664134652113625,0.9920467059822087,1.0-2.0%,0.98-1.00,2025-09-05→2025-09-08
2025-09-05,2025-09-08,C,6435.0,0.0136986301369863,172.94621272705558,0.9258343518320061,59.199758891394595,0.7311331254038543,6481.5,6495.150000000001,0.010958904109589041,96.92450559159968,67.28543411411647,8.562361097492614,11.220032838236992,0.9928181264378714,1.0-2.0%,0.98-1.00,2025-09-05→2025-09-08
2025-09-05,2025-09-08,P,6435.0,0.0136986301369863,126.39689923419371,-0.07416564816731475,12.550088412839841,-0.2680817453296374,6481.5,6495.150000000001,0.010958904109589041,29.140968408806504,7.022524932644501,0.9623610974838861,3.609315823749696,0.9928181264378714,1.0-2.0%,0.98-1.00,2025-09-05→2025-09-08
2025-09-05,2025-09-08,C,6440.0,0.0136986301369863,161.13716130465815,0.8588072542605735,55.199765196178305,0.712002185551788,6481.5,6495.150000000001,0.010958904109589041,93.77252163971819,62.975641506424836,9.377280979342698,11.3811701672177,0.9935895468935341,1.0-2.0%,0.98-1.00,2025-09-05→2025-09-08
2025-09-05,2025-09-08,P,6440.0,0.0136986301369863,119.58780949517177,-0.141192745738811,13.550094737304335,-0.2872755596262185,6481.5,6495.150000000001,0.010958904109589041,30.983053192604082,7.711377207714577,1.7772809793348467,3.7713113888980385,0.9935895468935341,1.0-2.0%,0.98-1.00,2025-09-05→2025-09-08
2025-09-05,2025-09-08,C,6445.0,0.0136986301369863,183.50999780153737,0.9126689332892755,51.249771306108414,0.691842993550995,6481.5,6495.150000000001,0.010958904109589041,90.76269641325453,58.71068844528418,8.492069060600896,11.506343138028544,0.9943609673491967,1.0-2.0%,0.98-1.00,2025-09-05→2025-09-08
2025-09-05,2025-09-08,P,6445.0,0.0136986301369863,146.96060767544583,-0.08733106671003991,14.650100946025304,-0.3078331469477637,6481.5,6495.150000000001,0.010958904109589041,32.9672967018261,8.482955495139322,0.8420690605920929,3.851922455837143,0.9943609673491967,1.0-2.0%,0.98-1.00,2025-09-05→2025-09-08
2025-09-05,2025-09-08,C,6450.0,0.0136986301369863,172.7942589339915,0.9338351372513369,47.44977904310417,0.6699892516453699,6481.5,6495.150000000001,0.010958904109589041,87.82098212445949,54.56824952239276,8.003150376518741,11.604646715040335,0.9951323878048594,1.0-2.0%,0.98-1.00,2025-09-05→2025-09-08
2025-09-05,2025-09-08,P,6450.0,0.0136986301369863,141.24483049125269,-0.06616486274816263,15.850108727217503,-0.32972357517431494,6481.5,6495.150000000001,0.010958904109589041,35.01965114870801,9.339792121881374,0.3531503765124572,3.95072680112958,0.9951323878048594,1.0-2.0%,0.98-1.00,2025-09-05→2025-09-08
2025-09-05,2025-09-08,C,6455.0,0.0136986301369863,155.02420048885577,0.8716072345642841,43.74978668865697,0.6468295796505324,6481.5,6495.150000000001,0.010958904109589041,84.94439698902173,50.51352306404988,8.652561248197044,11.720776237769876,0.995903808260522,1.0-2.0%,0.98-1.00,2025-09-05→2025-09-08
2025-09-05,2025-09-08,P,6455.0,0.0136986301369863,128.47473372949884,-0.1283927654351255,17.15011638618398,-0.3529224428718679,6481.5,6495.150000000001,0.010958904109589041,37.13713474895101,10.284324926332147,0.952561248189536,4.017391345201193,0.995903808260522,1.0-2.0%,0.98-1.00,2025-09-05→2025-09-08
2025-09-05,2025-09-08,C,6460.0,0.0136986301369863,178.9091927871249,0.8981324376140845,40.14979479300291,0.622379411728907,6481.5,6495.150000000001,0.010958904109589041,82.2033493174167,46.54882357324368,8.040492226567261,11.804521029900084,0.9966752287161847,1.0-2.0%,0.98-1.00,2025-09-05→2025-09-08
2025-09-05,2025-09-08,P,6460.0,0.0136986301369863,157.35968771116526,-0.1018675623852989,18.55012450579943,-0.37741439866354054,6481.5,6495.150000000001,0.010958904109589041,39.39015581301862,11.318871104324899,0.3404922265593848,4.101706541757534,0.9966752287161847,1.0-2.0%,0.98-1.00,2025-09-05→2025-09-08
2025-09-05,2025-09-08,C,6465.0,0.0136986301369863,173.44762633709547,0.9241359838543736,36.649803239620724,0.5966425888863441,6481.5,6495.150000000001,0.010958904109589041,79.66210219790541,42.676316576687896,7.385543820387296,11.855828661701077,0.9974466491718474,1.0-2.0%,0.98-1.00,2025-09-05→2025-09-08
2025-09-05,2025-09-08,P,6465.0,0.0136986301369863,156.89808294452646,-0.07586401614481902,20.050132965644934,-0.4031958015823348,6481.5,6495.150000000001,0.010958904109589041,41.84297742918412,12.445597503970475,-0.3144561796231804,4.153622691599089,0.9974466491718474,1.0-2.0%,0.98-1.00,2025-09-05→2025-09-08
2025-09-05,2025-09-08,C,6470.0,0.0136986301369863,157.24942678542268,0.8964603517055287,33.34981223440127,0.5693664838216292,6481.5,6495.150000000001,0.010958904109589041,77.1258688120547,38.981382026069696,7.363316199219044,11.82814749583445,0.9982180696275101,1.0-2.0%,0.98-1.00,2025-09-05→2025-09-08
2025-09-05,2025-09-08,P,6470.0,0.0136986301369863,145.69984507620728,-0.10353964829380202,21.7501419764576,-0.43052055350852303,6481.5,6495.150000000001,0.010958904109589041,44.30081277901846,13.749861701996906,-0.33668380078954585,4.126605555391574,0.9982180696275101,1.0-2.0%,0.98-1.00,2025-09-05→2025-09-08
2025-09-05,2025-09-08,C,6475.0,0.0136986301369863,168.814952140253,0.8758890149818089,30.14982158581688,0.5409685135771432,6481.5,6495.150000000001,0.010958904109589041,74.71983304652042,35.385603937356336,7.244114945497833,11.815779789671705,0.9989894900831728,1.0-2.0%,0.98-1.00,2025-09-05→2025-09-08
2025-09-05,2025-09-08,P,6475.0,0.0136986301369863,162.26533211442072,-0.12411098501757219,23.55015134463929,-0.45897005428172116,6481.5,6495.150000000001,0.010958904109589041,46.88884574915183,15.15327905201002,-0.4558850545100741,4.114941240945742,0.9989894900831728,1.0-2.0%,0.98-1.00,2025-09-05→2025-09-08
2025-09-05,2025-09-08,C,6480.0,0.0136986301369863,174.52000912586826,0.9119223810283201,27.049831306399938,0.511418299953213,6481.5,6495.150000000001,0.010958904109589041,72.57555679970042,31.89059432803242,6.352259498962933,11.819140205638366,0.9997609105388354,1.0-2.0%,0.98-1.00,2025-09-05→2025-09-08
2025-09-05,2025-09-08,P,6480.0,0.0136986301369863,172.9703507834331,-0.0880776189709382,25.500161088236382,-0.4885893634299797,6481.5,6495.150000000001,0.010958904109589041,49.73863823801706,16.700774499872296,-1.3977405010466468,4.069244810819488,0.9997609105388354,1.0-2.0%,0.98-1.00,2025-09-05→2025-09-08
2025-09-05,2025-09-08,C,6485.0,0.0136986301369863,161.04461789147211,0.9184030966129743,24.249841428277705,0.4808408338849885,6481.5,6495.150000000001,0.010958904109589041,70.59202198310437,28.67429322047792,5.663797731232403,11.636522617469648,1.0005323309944982,1.0-2.0%,1.00-1.02,2025-09-05→2025-09-08
2025-09-05,2025-09-08,P,6485.0,0.0136986301369863,164.4949212323701,-0.08159690338651654,27.600171239682822,-0.5192565008198267,6481.5,6495.150000000001,0.010958904109589041,52.749172157106344,18.39617808161438,-1.9862022687740062,3.9878512361909157,1.0005323309944982,1.0-2.0%,1.00-1.02,2025-09-05→2025-09-08
2025-09-05,2025-09-08,C,6490.0,0.0136986301369863,142.05470851490142,0.8355645142691426,21.499851557588045,0.4493699849562903,6481.5,6495.150000000001,0.010958904109589041,68.6233038377423,25.522865895003633,6.244544380225747,11.516099705346392,1.0013037514501608,1.0-2.0%,1.00-1.02,2025-09-05→2025-09-08
2025-09-05,2025-09-08,P,6490.0,0.0136986301369863,150.5049735391736,-0.1644354857303745,29.90018137050538,-0.5507452024054995,6481.5,6495.150000000001,0.010958904109589041,55.77452274741518,20.288069587443715,-1.4554556197802975,3.817672012835369,1.0013037514501608,1.0-2.0%,1.00-1.02,2025-09-05→2025-09-08
2025-09-05,2025-09-08,C,6495.0,0.0136986301369863,174.60430585310522,0.899632913959954,18.949862393800686,0.41726660320290865,6481.5,6495.150000000001,0.010958904109589041,66.7385698765892,22.572115771384233,4.720010724446141,11.304310866280073,1.0020751719058236,1.0-2.0%,1.00-1.02,2025-09-05→2025-09-08
2025-09-05,2025-09-08,P,6495.0,0.0136986301369863,188.05453256078155,-0.10036708603945785,32.400192175635766,-0.5827410601802865,6481.5,6495.150000000001,0.010958904109589041,58.88385752193701,22.3822959432232,-3.029989275561351,3.5544154714612226,1.0020751719058236,1.0-2.0%,1.00-1.02,2025-09-05→2025-09-08
2025-09-05,2025-09-08,C,6500.0,0.0136986301369863,165.3823673789852,0.9224585438622769,16.599873103562004,0.38485379849945583,6481.5,6495.150000000001,0.010958904109589041,65.62467739811282,19.827601805564882,3.758440876279419,11.09674565048222,1.0028465923614862,1.0-2.0%,1.00-1.02,2025-09-05→2025-09-08
2025-09-05,2025-09-08,P,6500.0,0.0136986301369863,183.8325557700433,-0.07754145613704727,34.950203048810636,-0.615644138900425,6481.5,6495.150000000001,0.010958904109589041,62.76403377913457,24.54452725667352,-3.9415591237292658,3.4035424959911342,1.0028465923614862,1.0-2.0%,1.00-1.02,2025-09-05→2025-09-08
2025-09-05,2025-09-08,C,6505.0,0.0136986301369863,147.97915019780388,0.8690292922455527,14.39988386495088,0.35215849317740616,6481.5,6495.150000000001,0.010958904109589041,64.36447867604431,17.247136028544446,3.687750160847731,10.743036568128213,1.0036180128171488,1.0-2.0%,1.00-1.02,2025-09-05→2025-09-08
2025-09-05,2025-09-08,P,6505.0,0.0136986301369863,171.4293002722251,-0.13097070775380656,37.80021375226261,-0.648169036009705,6481.5,6495.150000000001,0.010958904109589041,66.49790379274594,27.00988285177027,-3.962249839160469,3.097507341532827,1.0036180128171488,1.0-2.0%,1.00-1.02,2025-09-05→2025-09-08
2025-09-05,2025-09-08,C,6510.0,0.0136986301369863,170.8468709700515,0.8820343702731697,12.399894457870232,0.31971420047158805,6481.5,6495.150000000001,0.010958904109589041,62.98611535940927,14.881441822095894,2.760230845770751,10.435901163562647,1.0043894332728116,1.0-2.0%,1.00-1.02,2025-09-05→2025-09-08
2025-09-05,2025-09-08,P,6510.0,0.0136986301369863,199.29698272785473,-0.11796562972628602,41.3002231325363,-0.6767830462369475,6481.5,6495.150000000001,0.010958904109589041,70.1136092117921,30.124865751395646,-5.439769154236129,2.1880885811347053,1.0043894332728116,1.0-2.0%,1.00-1.02,2025-09-05→2025-09-08
2025-09-05,2025-09-08,C,6515.0,0.0136986301369863,169.07157965973616,0.9111527557625677,10.599905052345548,0.28791186562742355,6481.5,6495.150000000001,0.010958904109589041,62.20454628710242,12.735051588445913,1.512764883840454,10.020003034185512,1.0051608537284742,1.0-2.0%,1.00-1.02,2025-09-05→2025-09-08
2025-09-05,2025-09-08,P,6515.0,0.0136986301369863,202.52165310093613,-0.08884724423670383,44.45023359044353,-0.7083244361811232,6481.5,6495.150000000001,0.010958904109589041,74.32610887516078,32.93622615863751,-6.687235116168949,1.7686285538727127,1.0051608537284742,1.0-2.0%,1.00-1.02,2025-09-05→2025-09-08
2025-09-05,2025-09-08,C,6520.0,0.0136986301369863,154.1474204763347,0.8978725314379749,8.99991538453105,0.2571790448175571,6481.5,6495.150000000001,0.010958904109589041,61.56074878434388,10.812050245100636,0.8440399458711543,9.589506038240206,1.005932274184137,1.0-2.0%,1.00-1.02,2025-09-05→2025-09-08
2025-09-05,2025-09-08,P,6520.0,0.0136986301369863,192.59745560087316,-0.1021274685616036,47.75024395210039,-0.7394847667131973,6481.5,6495.150000000001,0.010958904109589041,78.6763801080776,35.91967936136825,-7.305960054134058,1.3939670656355432,1.005932274184137,1.0-2.0%,1.00-1.02,2025-09-05→2025-09-08
2025-09-05,2025-09-08,C,6525.0,0.0136986301369863,155.68517132031036,0.8513851784463273,7.5999246806700285,0.22798557706082725,6481.5,6495.150000000001,0.010958904109589041,60.65943260258656,9.11599943770534,0.47859231420716775,8.987996873119583,1.0067036946397996,1.0-2.0%,1.00-1.02,2025-09-05→2025-09-08
2025-09-05,2025-09-08,P,6525.0,0.0136986301369863,199.13516812823804,-0.14861482155312838,51.25025368367824,-0.769438486725565,6481.5,6495.150000000001,0.010958904109589041,82.76913266199618,39.12703517245518,-7.521407685799714,0.9528353438043862,1.0067036946397996,1.0-2.0%,1.00-1.02,2025-09-05→2025-09-08
2025-09-05,2025-09-08,C,6530.0,0.0136986301369863,171.25091865292154,0.8980287246856,6.399933766954746,0.20084717603064836,6481.5,6495.150000000001,0.010958904109589041,59.805823783777676,7.649823232374729,-1.158092091958931,8.35843604718154,1.0074751150954624,1.0-2.0%,1.00-1.02,2025-09-05→2025-09-08
2025-09-05,2025-09-08,P,6530.0,0.0136986301369863,219.70087714425014,-0.10197127531379212,55.90025872995193,-0.7845556176533149,6481.5,6495.150000000001,0.010958904109589041,86.90959257887401,43.518826161848665,-10.008092091966681,-0.6908158190318208,1.0074751150954624,1.0-2.0%,1.00-1.02,2025-09-05→2025-09-08
2025-09-05,2025-09-08,C,6535.0,0.0136986301369863,159.87464084422905,0.9190494825409558,5.299942343562179,0.1746652630547479,6481.5,6495.150000000001,0.010958904109589041,59.39981542922897,6.313113646671809,-2.3450254366845478,7.815819159302595,1.008246535551125,1.0-2.0%,1.00-1.02,2025-09-05→2025-09-08
2025-09-05,2025-09-08,P,6535.0,0.0136986301369863,213.32456101891833,-0.08095051745838377,59.70026760669407,-0.8104404614808243,6481.5,6495.150000000001,0.010958904109589041,91.49765296000169,47.09002387906912,-11.095025436693021,-1.1374877007863091,1.008246535551125,1.0-2.0%,1.00-1.02,2025-09-05→2025-09-08
2025-09-05,2025-09-08,C,6540.0,0.0136986301369863,141.73627041208388,0.846199574198729,4.349950612513339,0.15042605401995482,6481.5,6495.150000000001,0.010958904109589041,58.73471778002876,5.156516858242867,-2.3006241878131135,7.1966843626275345,1.0090179560067876,1.0-2.0%,1.00-1.02,2025-09-05→2025-09-08
2025-09-05,2025-09-08,P,6540.0,0.0136986301369863,200.18615227013422,-0.1538004258007859,63.80027445581709,-0.8322415499997448,6481.5,6495.150000000001,0.010958904109589041,95.82662404647463,50.99050469035774,-11.300624187819187,-2.039902842503029,1.0090179560067876,1.0-2.0%,1.00-1.02,2025-09-05→2025-09-08
2025-09-05,2025-09-08,C,6545.0,0.0136986301369863,170.05396803303174,0.8821722059476017,3.5499576196148155,0.12851539534849435,6481.5,6495.150000000001,0.010958904109589041,57.91077935421607,4.179978368102411,-3.691650611185244,6.595764853492984,1.0097893764624504,1.0-2.0%,1.00-1.02,2025-09-05→2025-09-08
2025-09-05,2025-09-08,P,6545.0,0.0136986301369863,233.50381157448098,-0.11782779405182335,68.05028066105751,-0.851610489979148,6481.5,6495.150000000001,0.010958904109589041,99.9967543563457,55.06910234782572,-12.841650611192543,-2.8255168117841603,1.0097893764624504,1.0-2.0%,1.00-1.02,2025-09-05→2025-09-08
2025-09-05,2025-09-08,C,6550.0,0.0136986301369863,164.7089162688085,0.9082103198133505,2.849964303595357,0.10824402645327497,6481.5,6495.150000000001,0.010958904109589041,57.44510238610732,3.330681876737117,-4.94707086545273,5.972469038912738,1.010560796918113,1.0-2.0%,1.00-1.02,2025-09-05→2025-09-08
2025-09-05,2025-09-08,P,6550.0,0.0136986301369863,233.15872149361468,-0.09178968018619939,72.30028725022385,-0.8710356760051936,6481.5,6495.150000000001,0.010958904109589041,104.52514612391131,59.17159461955998,-13.847070865458322,-3.210363022528627,1.010560796918113,1.0-2.0%,1.00-1.02,2025-09-05→2025-09-08
2025-09-05,2025-09-08,C,6555.0,0.0136986301369863,148.95226629485862,0.8810841410234381,2.2999699777415117,0.09103779553264946,6481.5,6495.150000000001,0.010958904109589041,56.990809893563586,2.659332497936134,-5.476798524970412,5.307334090979285,1.0113322173737758,1.0-2.0%,1.00-1.02,2025-09-05→2025-09-08
2025-09-05,2025-09-08,P,6555.0,0.0136986301369863,222.40203320305778,-0.11891585897591235,76.70029275189154,-0.8877211393962169,6481.5,6495.150000000001,0.010958904109589041,109.06492236705226,63.448677478018,-14.576798524978734,-4.082606447241158,1.0113322173737758,1.0-2.0%,1.00-1.02,2025-09-05→2025-09-08
2025-09-05,2025-09-08,C,6425.0,0.01643835616438356,196.326018117457,0.895233576926713,73.62393011809945,0.7280358173932041,6481.5,6495.150000000001,0.010958904109589041,103.42550244717974,78.59416917566432,3.0800616749498904,5.362311092582377,0.9911402280895724,1.0-2.0%,0.98-1.00,2025-09-05→2025-09-08
2025-09-05,2025-09-08,P,6425.0,0.01643835616438356,138.90140647996574,-0.1047664230735189,16.19105340577039,-0.2721081117454698,6481.5,6495.150000000001,0.010958904109589041,25.653827793042254,7.820956561427465,-3.769938325046409,-1.485724274674188,0.9911402280895724,1.0-2.0%,0.98-1.00,2025-09-05→2025-09-08
2025-09-05,2025-09-08,C,6430.0,0.01643835616438356,199.68194245594316,0.9251235494493392,69.67342043950521,0.7125331334806527,6481.5,6495.150000000001,0.010958904109589041,100.18014369251446,74.30877197183963,2.3220635500160043,5.22392272798869,0.9919115434421713,1.0-2.0%,0.98-1.00,2025-09-05→2025-09-08
2025-09-05,2025-09-08,P,6430.0,0.01643835616438356,147.2566112763312,-0.07487645055085328,17.24054372717569,-0.2876107956580189,6481.5,6495.150000000001,0.010958904109589041,27.402537774054284,8.535559357601642,-4.527936449980812,-1.624112639267886,0.9919115434421713,1.0-2.0%,0.98-1.00,2025-09-05→2025-09-08
2025-09-05,2025-09-08,C,6435.0,0.01643835616438356,187.07297680870275,0.9271655348099809,65.77288910765765,0.6963649752183187,6481.5,6495.150000000001,0.010958904109589041,96.92450559159968,70.07478411413013,1.994190449843261,5.144618088269574,0.9926828587947701,1.0-2.0%,0.98-1.00,2025-09-05→2025-09-08
2025-09-05,2025-09-08,P,6435.0,0.01643835616438356,139.64692608695876,-0.0728344651902225,18.340012395328586,-0.3037789539203544,6481.5,6495.150000000001,0.010958904109589041,29.140968408806504,9.301571499892816,-4.855809550153425,-1.703417278986998,0.9926828587947701,1.0-2.0%,0.98-1.00,2025-09-05→2025-09-08
2025-09-05,2025-09-08,C,6440.0,0.01643835616438356,175.51895077961225,0.8656422566559213,61.97232672057271,0.6792670668479244,6481.5,6495.150000000001,0.010958904109589041,93.77252163971819,65.92840621373034,2.5339831966461954,5.078004537525455,0.993454174147369,1.0-2.0%,0.98-1.00,2025-09-05→2025-09-08
2025-09-05,2025-09-08,P,6440.0,0.01643835616438356,133.09218051573433,-0.13435774334434777,19.539450008242966,-0.3208768622907464,6481.5,6495.150000000001,0.010958904109589041,30.983053192604082,10.155193599492577,-4.31601680334958,-1.7700308297311365,0.993454174147369,1.0-2.0%,0.98-1.00,2025-09-05→2025-09-08
2025-09-05,2025-09-08,C,6445.0,0.01643835616438356,196.65407802344913,0.9150363407335019,58.17174993284607,0.6617213642141562,6481.5,6495.150000000001,0.010958904109589041,90.76269641325453,61.80274296890548,1.559753948987204,5.017503378476411,0.9942254894999679,1.0-2.0%,0.98-1.00,2025-09-05→2025-09-08
2025-09-05,2025-09-08,P,6445.0,0.01643835616438356,159.22658821745858,-0.0849636592665765,20.73887322051769,-0.3384225649245173,6481.5,6495.150000000001,0.010958904109589041,32.9672967018261,11.02953035466885,-5.2902460510111835,-1.8305319887801534,0.9942254894999679,1.0-2.0%,0.98-1.00,2025-09-05→2025-09-08
2025-09-05,2025-09-08,C,6450.0,0.01643835616438356,186.78384389611642,0.9343236634504704,54.62112294715189,0.6426497321252256,6481.5,6495.150000000001,0.010958904109589041,87.82098212445949,57.87710283042634,0.8464819939005714,4.827831156490321,0.9949968048525668,1.0-2.0%,0.98-1.00,2025-09-05→2025-09-08
2025-09-05,2025-09-08,P,6450.0,0.01643835616438356,154.35563454797642,-0.0656763365498338,22.138252604566787,-0.35730033558856045,6481.5,6495.150000000001,0.010958904109589041,35.01965114870801,12.067915697725311,-5.953518006094731,-1.9728504192159528,0.9949968048525668,1.0-2.0%,0.98-1.00,2025-09-05→2025-09-08
2025-09-05,2025-09-08,C,6455.0,0.01643835616438356,170.02995693582858,0.8774382853396852,51.020487892653364,0.62333132113544,6481.5,6495.150000000001,0.010958904109589041,84.94439698902173,53.94130686258541,1.3229674051128164,4.7915274665009004,0.9957681202051657,1.0-2.0%,0.98-1.00,2025-09-05→2025-09-08
2025-09-05,2025-09-08,P,6455.0,0.01643835616438356,142.6010280455651,-0.1225617146605664,23.63760567832469,-0.3769800353580094,6481.5,6495.150000000001,0.010958904109589041,37.13713474895101,13.204751043321494,-5.6270325948831985,-2.154222517362963,0.9957681202051657,1.0-2.0%,0.98-1.00,2025-09-05→2025-09-08
2025-09-05,2025-09-08,C,6460.0,0.01643835616438356,191.86221221073583,0.9015384047384216,47.569819543018184,0.6030028458069202,6481.5,6495.150000000001,0.010958904109589041,82.2033493174167,50.142034469662576,0.5940007753200582,4.669011154735216,0.9965394355577646,1.0-2.0%,0.98-1.00,2025-09-05→2025-09-08
2025-09-05,2025-09-08,P,6460.0,0.01643835616438356,169.4325637783375,-0.09846159526183212,25.136942830687985,-0.39714108333175335,6481.5,6495.150000000001,0.010958904109589041,39.39015581301862,14.368821855424812,-6.305999224675936,-2.229024212521349,0.9965394355577646,1.0-2.0%,0.98-1.00,2025-09-05→2025-09-08
2025-09-05,2025-09-08,C,6465.0,0.01643835616438356,187.11043612850233,0.925293227424145,44.21912559638304,0.5818941030766518,6481.5,6495.150000000001,0.010958904109589041,79.66210219790541,46.446696650455124,-0.1802525543400879,4.507145493003382,0.9973107509103635,1.0-2.0%,0.98-1.00,2025-09-05→2025-09-08
2025-09-05,2025-09-08,P,6465.0,0.01643835616438356,169.68006815397734,-0.07470677257604523,26.786248884053293,-0.4182498260620229,6481.5,6495.150000000001,0.010958904109589041,41.84297742918412,15.673484036217815,-7.080252554336943,-2.390889874253161,0.9973107509103635,1.0-2.0%,0.98-1.00,2025-09-05→2025-09-08
2025-09-05,2025-09-08,C,6470.0,0.01643835616438356,171.9176251933357,0.8999814901751291,40.96840639101856,0.5600385043994679,6481.5,6495.150000000001,0.010958904109589041,77.1258688120547,42.85856313732074,-0.28474734089100373,4.355474414946958,0.9980820662629624,1.0-2.0%,0.98-1.00,2025-09-05→2025-09-08
2025-09-05,2025-09-08,P,6470.0,0.01643835616438356,159.48653767670848,-0.10001850982489449,28.535529678688818,-0.44010542473920705,6481.5,6495.150000000001,0.010958904109589041,44.30081277901846,17.08535052308389,-7.184747340890136,-2.542560952309584,0.9980820662629624,1.0-2.0%,0.98-1.00,2025-09-05→2025-09-08
2025-09-05,2025-09-08,C,6475.0,0.01643835616438356,181.5018964355576,0.8807493665488886,37.81766505797441,0.5374663066457059,6481.5,6495.150000000001,0.010958904109589041,74.71983304652042,39.380777818507795,-0.47222885339280474,4.213584914285825,0.9988533816155613,1.0-2.0%,0.98-1.00,2025-09-05→2025-09-08
2025-09-05,2025-09-08,P,6475.0,0.01643835616438356,174.07008937677546,-0.11925063345130377,30.334789901525255,-0.46263017644338805,6481.5,6495.150000000001,0.010958904109589041,46.88884574915183,18.568332777574597,-7.322228853389642,-2.635098091547503,0.9988533816155613,1.0-2.0%,0.98-1.00,2025-09-05→2025-09-08
2025-09-05,2025-09-08,C,6480.0,0.01643835616438356,187.78577114073798,0.9139234766274653,34.816899769843985,0.5141906383529694,6481.5,6495.150000000001,0.010958904109589041,72.57555679970042,36.05616564851698,-1.4250554559653956,4.031297786481692,0.9996246969681601,1.0-2.0%,0.98-1.00,2025-09-05→2025-09-08
2025-09-05,2025-09-08,P,6480.0,0.01643835616438356,185.3532445398149,-0.08607652337280167,32.384023057515606,-0.48595329078570665,6481.5,6495.150000000001,0.010958904109589041,49.73863823801706,20.28295303428149,-8.325055455961218,-2.8667375807748465,0.9996246969681601,1.0-2.0%,0.98-1.00,2025-09-05→2025-09-08
2025-09-05,2025-09-08,C,6485.0,0.01643835616438356,175.19184477234583,0.9197890408741758,31.916114884398667,0.49031833440865147,6481.5,6495.150000000001,0.010958904109589041,70.59202198310437,32.848872233148086,-2.0051204079329974,3.857154735321644,1.000396012320759,1.0-2.0%,1.00-1.02,2025-09-05→2025-09-08
2025-09-05,2025-09-08,P,6485.0,0.01643835616438356,177.75859862932057,-0.0802109591258894,34.48323817206892,-0.509825594730025,6481.5,6495.150000000001,0.010958904109589041,52.749172157106344,22.07565961891123,-8.905120407931566,-3.040880631934881,1.000396012320759,1.0-2.0%,1.00-1.02,2025-09-05→2025-09-08
2025-09-05,2025-09-08,C,6490.0,0.01643835616438356,157.18158727711455,0.8438989734403729,29.115311503421708,0.46587182325473997,6481.5,6495.150000000001,0.010958904109589041,68.6233038377423,29.76149685776545,-1.4692209874615543,3.690849612572542,1.001167327673358,1.0-2.0%,1.00-1.02,2025-09-05→2025-09-08
2025-09-05,2025-09-08,P,6490.0,0.01643835616438356,164.74762159194555,-0.1561010265598239,36.682434791091964,-0.5342721058839373,6481.5,6495.150000000001,0.010958904109589041,55.77452274741518,23.988284243528142,-8.369220987458322,-3.2071857546839686,1.001167327673358,1.0-2.0%,1.00-1.02,2025-09-05→2025-09-08
2025-09-05,2025-09-08,C,6495.0,0.01643835616438356,187.32386304215024,0.9023965416177832,26.56449962293027,0.44116608429250764,6481.5,6495.150000000001,0.010958904109589041,66.7385698765892,26.920553028661743,-2.917712793083231,3.378082949407032,1.0019386430259567,1.0-2.0%,1.00-1.02,2025-09-05→2025-09-08
2025-09-05,2025-09-08,P,6495.0,0.01643835616438356,199.88917781483752,-0.09760345838246622,39.08161963206385,-0.5590768651605985,6481.5,6495.150000000001,0.010958904109589041,58.88385752193701,26.10598232896882,-9.767712793079284,-3.4686007905575265,1.0019386430259567,1.0-2.0%,1.00-1.02,2025-09-05→2025-09-08
2025-09-05,2025-09-08,C,6500.0,0.01643835616438356,178.83693649306076,0.9232481703033925,24.013668252762727,0.4158824877649777,6481.5,6495.150000000001,0.010958904109589041,65.62467739811282,24.1231962145157,-3.6523375246418084,3.27320404200783,1.0027099583785557,1.0-2.0%,1.00-1.02,2025-09-05→2025-09-08
2025-09-05,2025-09-08,P,6500.0,0.01643835616438356,196.40153172360604,-0.07675182969697536,41.58079154043344,-0.5842614413737004,6481.5,6495.150000000001,0.010958904109589041,62.76403377913457,28.349983600278847,-10.602337524636246,-3.6748313252486726,1.0027099583785557,1.0-2.0%,1.00-1.02,2025-09-05→2025-09-08
2025-09-05,2025-09-08,C,6505.0,0.01643835616438356,162.31970028866598,0.8741957516513014,21.66283456473593,0.3905201622205894,6481.5,6495.150000000001,0.010958904109589041,64.36447867604431,21.537424779191042,-3.632772010040741,2.9693997856887426,1.0034812737311545,1.0-2.0%,1.00-1.02,2025-09-05→2025-09-08
2025-09-05,2025-09-08,P,6505.0,0.01643835616438356,184.88357597712587,-0.1258042483487222,44.179951816908215,-0.6098072625001103,6481.5,6495.150000000001,0.010958904109589041,66.49790379274594,30.722081355167575,-10.43277201003988,-3.826130866873168,1.0034812737311545,1.0-2.0%,1.00-1.02,2025-09-05→2025-09-08
2025-09-05,2025-09-08,C,6510.0,0.01643835616438356,182.8754162422274,0.8858194541776784,19.411992426438246,0.36490104974127535,6481.5,6495.150000000001,0.010958904109589041,62.98611535940927,19.081948842863767,-4.291435549525792,2.819100671031393,1.0042525890837535,1.0-2.0%,1.00-1.02,2025-09-05→2025-09-08
2025-09-05,2025-09-08,P,6510.0,0.01643835616438356,210.438572388543,-0.11418054582242847,46.97911571410987,-0.6352428793974014,6481.5,6495.150000000001,0.010958904109589041,70.1136092117921,33.30873622862737,-11.191435549523788,-4.078934696225124,1.0042525890837535,1.0-2.0%,1.00-1.02,2025-09-05→2025-09-08
2025-09-05,2025-09-08,C,6515.0,0.01643835616438356,181.67840946259304,0.9126205798538136,17.361160512738934,0.33959231966726133,6481.5,6495.150000000001,0.010958904109589041,62.20454628710242,16.843280423672695,-5.257270915005055,2.564564836541697,1.0050239044363523,1.0-2.0%,1.00-1.02,2025-09-05→2025-09-08
2025-09-05,2025-09-08,P,6515.0,0.01643835616438356,214.24084606676956,-0.08737942014634806,49.87827473975449,-0.660827126022231,6481.5,6495.150000000001,0.010958904109589041,74.32610887516078,36.02743184103383,-12.15727091500231,-4.329709729796194,1.0050239044363523,1.0-2.0%,1.00-1.02,2025-09-05→2025-09-08
2025-09-05,2025-09-08,C,6520.0,0.01643835616438356,167.52394056643288,0.9003397954125479,15.460337895589419,0.3145769463605829,6481.5,6495.150000000001,0.010958904109589041,61.56074878434388,14.780531544178302,-5.639638207381768,2.356024682177874,1.0057952197889513,1.0-2.0%,1.00-1.02,2025-09-05→2025-09-08
2025-09-05,2025-09-08,P,6520.0,0.01643835616438356,205.0856576284633,-0.09966020458781326,54.37773496162481,-0.677249805474108,6481.5,6495.150000000001,0.010958904109589041,78.6763801080776,40.15943772554692,-13.989638207376297,-6.105540155278058,1.0057952197889513,1.0-2.0%,1.00-1.02,2025-09-05→2025-09-08
2025-09-05,2025-09-08,C,6525.0,0.01643835616438356,167.67262335723942,0.8569800806025476,13.65951921871806,0.28965884865021907,6481.5,6495.150000000001,0.010958904109589041,60.65943260258656,12.851433321922741,-5.647778100225244,2.0961567159243506,1.00656653514155,1.0-2.0%,1.00-1.02,2025-09-05→2025-09-08
2025-09-05,2025-09-08,P,6525.0,0.01643835616438356,210.23362087717052,-0.14301991939753078,57.476936010740246,-0.7015587655666612,6481.5,6495.150000000001,0.010958904109589041,82.76913266199618,43.14619882645093,-13.847778100223625,-6.223722850014688,1.00656653514155,1.0-2.0%,1.00-1.02,2025-09-05→2025-09-08
2025-09-05,2025-09-08,C,6530.0,0.01643835616438356,182.9845726401254,0.9002399762077835,11.958704464993389,0.2648698512270152,6481.5,6495.150000000001,0.010958904109589041,59.805823783777676,11.055898827204373,-6.738275675236736,1.934526530751099,1.007337850494149,1.0-2.0%,1.00-1.02,2025-09-05→2025-09-08
2025-09-05,2025-09-08,P,6530.0,0.01643835616438356,230.54485061791172,-0.09976002379243297,60.77616304822095,-0.725075161664457,6481.5,6495.150000000001,0.010958904109589041,86.90959257887401,46.349612140275894,-14.938275675233232,-6.402724043279765,1.007337850494149,1.0-2.0%,1.00-1.02,2025-09-05→2025-09-08
2025-09-05,2025-09-08,C,6535.0,0.01643835616438356,172.2565075817665,0.9195904093987517,10.457926791471664,0.24121064397148748,6481.5,6495.150000000001,0.010958904109589041,59.39981542922897,9.478861573772065,-7.5024090882934615,1.757474709789065,1.0081091658467478,1.0-2.0%,1.00-1.02,2025-09-05→2025-09-08
2025-09-05,2025-09-08,P,6535.0,0.01643835616438356,224.8160660174342,-0.08040959060127621,63.0250500791426,-0.7589332851671955,6481.5,6495.150000000001,0.010958904109589041,91.49765296000169,48.70564895953521,-14.452409088292534,-5.190560657467364,1.0081091658467478,1.0-2.0%,1.00-1.02,2025-09-05→2025-09-08
2025-09-05,2025-09-08,C,6540.0,0.01643835616438356,154.903114102884,0.8521410738250174,9.10718113708731,0.2185239216545834,6481.5,6495.150000000001,0.010958904109589041,58.73471778002876,8.075895524129464,-7.131725657711952,1.5171484694148174,1.0088804811993468,1.0-2.0%,1.00-1.02,2025-09-05→2025-09-08
2025-09-05,2025-09-08,P,6540.0,0.01643835616438356,212.46195299640965,-0.1478589261752057,66.6242866670791,-0.7821601553643244,6481.5,6495.150000000001,0.010958904109589041,95.82662404647463,52.26031210715519,-14.231725657708369,-5.573513879276552,1.0088804811993468,1.0-2.0%,1.00-1.02,2025-09-05→2025-09-08
2025-09-05,2025-09-08,C,6545.0,0.01643835616438356,180.94703265538482,0.8851974960218938,7.856455639004935,0.19644946170427574,6481.5,6495.150000000001,0.010958904109589041,57.91077935421607,6.802443514297238,-8.032945820699332,1.3684648477365298,1.0096517965519456,1.0-2.0%,1.00-1.02,2025-09-05→2025-09-08
2025-09-05,2025-09-08,P,6545.0,0.01643835616438356,243.50515200676068,-0.11480250397838852,71.57400708393925,-0.7906698009102249,6481.5,6495.150000000001,0.010958904109589041,99.9967543563457,56.99398119138277,-16.432945820694925,-7.207357217574993,1.0096517965519456,1.0-2.0%,1.00-1.02,2025-09-05→2025-09-08
2025-09-05,2025-09-08,C,6550.0,0.01643835616438356,176.10854079936504,0.9093265975068953,6.7057527222498265,0.1750648553339198,6481.5,6495.150000000001,0.010958904109589041,57.44510238610732,5.656363712157827,-8.812308055969616,1.2103647246918996,1.0104231119045446,1.0-2.0%,1.00-1.02,2025-09-05→2025-09-08
2025-09-05,2025-09-08,P,6550.0,0.01643835616438356,243.6659406086209,-0.09067340249334539,75.37332750223322,-0.8113300980747029,6481.5,6495.150000000001,0.010958904109589041,104.52514612391131,60.79614020367808,-16.96230805596579,-7.125344161279866,1.0104231119045446,1.0-2.0%,1.00-1.02,2025-09-05→2025-09-08
2025-09-05,2025-09-08,C,6555.0,0.01643835616438356,161.02385535502628,0.8840765433625589,5.755123212161379,0.15590859915442523,6481.5,6495.150000000001,0.010958904109589041,56.990809893563586,4.7170173287045145,-8.967644816899412,0.9718476215420102,1.0111944272571434,1.0-2.0%,1.00-1.02,2025-09-05→2025-09-08
2025-09-05,2025-09-08,P,6555.0,0.01643835616438356,233.58053562217424,-0.11592345663756327,79.37271591780882,-0.8299582548701496,6481.5,6495.150000000001,0.010958904109589041,109.06492236705226,64.80359374993259,-17.317644816897204,-7.571069821022011,1.0111944272571434,1.0-2.0%,1.00-1.02,2025-09-05→2025-09-08
2025-09-05,2025-09-08,C,6425.0,0.019178082191780823,204.50786208602216,0.8979431528717909,78.58652644666745,0.7175191178083108,6481.5,6495.150000000001,0.019178082191780823,110.46574630746134,88.67028788591415,0.4930759632995638,2.9558640419161666,0.9907813060547724,1.0-2.0%,0.98-1.00,2025-09-05→2025-09-08
2025-09-05,2025-09-08,P,6425.0,0.019178082191780823,144.75689727995655,-0.10205684712854401,18.90532299802635,-0.2835120996440025,6481.5,6495.150000000001,0.019178082191780823,33.15072614165466,15.324501204611579,-3.4569240366953164,-0.9800598398592095,0.9907813060547724,1.0-2.0%,0.98-1.00,2025-09-05→2025-09-08
2025-09-05,2025-09-08,C,6430.0,0.019178082191780823,208.18282222089266,0.9262894593267693,74.78680696161064,0.7025790101166087,6481.5,6495.150000000001,0.019178082191780823,107.48341797914577,84.6764912297931,-0.24385111981090013,2.809796511907914,0.9915523420906127,1.0-2.0%,0.98-1.00,2025-09-05→2025-09-08
2025-09-05,2025-09-08,P,6430.0,0.019178082191780823,153.4293274811174,-0.0737105406736796,20.005593654370614,-0.2979272327758213,6481.5,6495.150000000001,0.019178082191780823,35.16282192216914,16.238367707070893,-4.093851119804233,-1.0332932726098765,0.9915523420906127,1.0-2.0%,0.98-1.00,2025-09-05→2025-09-08
2025-09-05,2025-09-08,C,6435.0,0.019178082191780823,195.9551014576204,0.9281830539033362,70.88708360929832,0.6878310768829731,6481.5,6495.150000000001,0.019178082191780823,104.62306888289073,80.58622825429029,-0.4696986857810579,2.811105800547031,0.992323378126453,1.0-2.0%,0.98-1.00,2025-09-05→2025-09-08
2025-09-05,2025-09-08,P,6435.0,0.019178082191780823,146.19907678414862,-0.07181694609708644,21.1058703020567,-0.31267516600944817,6481.5,6495.150000000001,0.019178082191780823,37.2968969347223,17.148104731566264,-4.319698685774732,-1.0319839839708624,0.992323378126453,1.0-2.0%,0.98-1.00,2025-09-05→2025-09-08
2025-09-05,2025-09-08,C,6440.0,0.019178082191780823,184.47447949267817,0.8698537620493073,67.13738002562695,0.6720571546176772,6481.5,6495.150000000001,0.019178082191780823,101.69380768723668,76.63146499885988,0.02649614802647271,2.726419839468331,0.9930944141622933,1.0-2.0%,0.98-1.00,2025-09-05→2025-09-08
2025-09-05,2025-09-08,P,6440.0,0.019178082191780823,139.71592488550044,-0.13014623795118332,22.30616279701826,-0.3282403145960362,6481.5,6495.150000000001,0.019178082191780823,39.36205984788997,18.146518737240285,-3.7735038519662774,-1.0695197057639279,0.9930944141622933,1.0-2.0%,0.98-1.00,2025-09-05→2025-09-08
2025-09-05,2025-09-08,C,6445.0,0.019178082191780823,204.9844081837845,0.91664190340909,63.3876829642104,0.6559233900692932,6481.5,6495.150000000001,0.019178082191780823,98.797595876654,72.67219120767368,-0.5121619815345788,3.0466457255537893,0.9938654501981335,1.0-2.0%,0.98-1.00,2025-09-05→2025-09-08
2025-09-05,2025-09-08,P,6445.0,0.019178082191780823,165.22332364287635,-0.08335809659149705,23.606469656968784,-0.34458285282312917,6481.5,6495.150000000001,0.019178082191780823,41.460272146123145,19.234067684951924,-4.712161981526021,-1.1464440589641,0.9938654501981335,1.0-2.0%,0.98-1.00,2025-09-05→2025-09-08
2025-09-05,2025-09-08,C,6450.0,0.019178082191780823,195.46834250753207,0.9348390599474378,59.73800109731019,0.6390135989310711,6481.5,6495.150000000001,0.019178082191780823,96.42314916579876,68.80204127062552,-1.410553168283041,2.6274643745905255,0.9946364862339738,1.0-2.0%,0.98-1.00,2025-09-05→2025-09-08
2025-09-05,2025-09-08,P,6450.0,0.019178082191780823,160.70472803296983,-0.06516094005294101,24.95678779006994,-0.361492643961354,6481.5,6495.150000000001,0.019178082191780823,44.08024954410772,20.36391774790286,-5.260553168277318,-1.215625409927319,0.9946364862339738,1.0-2.0%,0.98-1.00,2025-09-05→2025-09-08
2025-09-05,2025-09-08,C,6455.0,0.019178082191780823,179.15022852914592,0.8809688818182145,56.18833184531286,0.6213664564437587,6481.5,6495.150000000001,0.019178082191780823,93.84227117837756,65.02145855950312,-0.9252252368191147,2.618347869542349,0.9954075222698141,1.0-2.0%,0.98-1.00,2025-09-05→2025-09-08
2025-09-05,2025-09-08,P,6455.0,0.019178082191780823,149.38408412084368,-0.1190311181824931,26.457121305269993,-0.3792871605029926,6481.5,6495.150000000001,0.019178082191780823,46.49379566549638,21.63091755801497,-4.825225236808904,-1.2727302591339429,0.9954075222698141,1.0-2.0%,0.98-1.00,2025-09-05→2025-09-08
2025-09-05,2025-09-08,C,6460.0,0.019178082191780823,199.89338291744497,0.9037058181551262,52.6886739174015,0.6031462532336493,6481.5,6495.150000000001,0.019178082191780823,91.2012268201292,61.283038372733245,-1.5355844178179687,2.567053643360355,0.9961785583056544,1.0-2.0%,0.98-1.00,2025-09-05→2025-09-08
2025-09-05,2025-09-08,P,6460.0,0.019178082191780823,175.12470857543207,-0.09629418184553758,27.907460610160797,-0.39735998965877545,6481.5,6495.150000000001,0.019178082191780823,48.847175416063756,22.84491485001172,-5.385584417808358,-1.2760361411574976,0.9961785583056544,1.0-2.0%,0.98-1.00,2025-09-05→2025-09-08
2025-09-05,2025-09-08,C,6465.0,0.019178082191780823,195.39467673888004,0.9261721244233753,49.339031192819675,0.5841182532919422,6481.5,6495.150000000001,0.019178082191780823,89.16583048499139,57.68265792844795,-2.1922494983795815,2.4767858425646656,0.9969495943414948,1.0-2.0%,0.98-1.00,2025-09-05→2025-09-08
2025-09-05,2025-09-08,P,6465.0,0.019178082191780823,175.62347246319254,-0.07382787557708899,29.557817885577606,-0.4163879896004804,6481.5,6495.150000000001,0.019178082191780823,51.80620318974362,24.244534405724607,-6.092249498372697,-1.4163039419532168,0.9969495943414948,1.0-2.0%,0.98-1.00,2025-09-05→2025-09-08
2025-09-05,2025-09-08,C,6470.0,0.019178082191780823,180.62830152991887,0.9021566754585443,46.03939893910547,0.5645457260585721,6481.5,6495.150000000001,0.019178082191780823,87.01309173060577,54.12472062926918,-2.21443862000962,2.3939508393001843,0.997720630377335,1.0-2.0%,0.98-1.00,2025-09-05→2025-09-08
2025-09-05,2025-09-08,P,6470.0,0.019178082191780823,165.85456732052543,-0.0978433245420252,31.20818417003875,-0.4358836870369339,6481.5,6495.150000000001,0.019178082191780823,54.647888544185804,25.638126498323345,-6.0144386200013,-1.400187671945612,0.997720630377335,1.0-2.0%,0.98-1.00,2025-09-05→2025-09-08
2025-09-05,2025-09-08,C,6475.0,0.019178082191780823,189.15361956380733,0.8837001202501662,42.839778092431516,0.5443381896434226,6481.5,6495.150000000001,0.019178082191780823,84.7109873729472,50.6574803265903,-2.2625066414152535,2.3697837113669813,0.9984916664131753,1.0-2.0%,0.98-1.00,2025-09-05→2025-09-08
2025-09-05,2025-09-08,P,6475.0,0.019178082191780823,179.37735542073284,-0.11629987975019064,33.05856478518854,-0.45616805324899956,6481.5,6495.150000000001,0.019178082191780823,57.34020829534374,27.219356803866958,-6.11250664140983,-1.4733060731509031,0.9984916664131753,1.0-2.0%,0.98-1.00,2025-09-05→2025-09-08
2025-09-05,2025-09-08,C,6480.0,0.019178082191780823,195.287156825679,0.9152134732300834,39.7401688448449,0.5235290978698616,6481.5,6495.150000000001,0.019178082191780823,82.81036522492388,47.28131659193514,-3.042663909591134,2.303827814076107,0.9992627024490156,1.0-2.0%,0.98-1.00,2025-09-05→2025-09-08
2025-09-05,2025-09-08,P,6480.0,0.019178082191780823,190.50836274891063,-0.08478652677023392,34.95895553760465,-0.47697714502256183,6481.5,6495.150000000001,0.019178082191780823,60.43401025615286,28.843193069213157,-6.942663909586262,-1.5892619704417719,0.9992627024490156,1.0-2.0%,0.98-1.00,2025-09-05→2025-09-08
2025-09-05,2025-09-08,C,6485.0,0.019178082191780823,183.0207673956282,0.9207601698603624,36.790570171433046,0.5021555114867949,6481.5,6495.150000000001,0.019178082191780823,81.26139837846614,44.04611460588194,-3.518376318594445,2.1955772682049792,1.0000337384848559,1.0-2.0%,1.00-1.02,2025-09-05→2025-09-08
2025-09-05,2025-09-08,P,6485.0,0.019178082191780823,183.23944338513206,-0.07923983014020061,37.00935686419234,-0.4983507314056282,6481.5,6495.150000000001,0.019178082191780823,63.87946751850533,30.60799108315905,-7.368376318586217,-1.6475125163129025,1.0000337384848559,1.0-2.0%,1.00-1.02,2025-09-05→2025-09-08
2025-09-05,2025-09-08,C,6490.0,0.019178082191780823,165.42441198070534,0.8484077561081416,33.94098050403909,0.4803023431018768,6481.5,6495.150000000001,0.019178082191780823,79.35598835386183,40.90346402969453,-2.9307658708765967,2.093873016659118,1.0008047745206963,1.0-2.0%,1.00-1.02,2025-09-05→2025-09-08
2025-09-05,2025-09-08,P,6490.0,0.019178082191780823,170.64055803652056,-0.15159224389236653,39.15976719679793,-0.5202038997905459,6481.5,6495.150000000001,0.019178082191780823,66.96848160272539,32.46534050697346,-6.830765870869113,-1.7992167678587627,1.0008047745206963,1.0-2.0%,1.00-1.02,2025-09-05→2025-09-08
2025-09-05,2025-09-08,C,6495.0,0.019178082191780823,194.03191285376263,0.9040092516659954,31.191399174611433,0.4580018418246468,6481.5,6495.150000000001,0.019178082191780823,77.32469101979967,37.853731296556816,-4.089726285241328,1.9982748590933248,1.0015758105565364,1.0-2.0%,1.00-1.02,2025-09-05→2025-09-08
2025-09-05,2025-09-08,P,6495.0,0.019178082191780823,204.24552897585713,-0.09599074833454993,41.410185867370274,-0.5425044010677763,6481.5,6495.150000000001,0.019178082191780823,69.93160837747268,34.41560777383438,-7.939726285233348,-1.844814925424564,1.0015758105565364,1.0-2.0%,1.00-1.02,2025-09-05→2025-09-08
2025-09-05,2025-09-08,C,6500.0,0.019178082191780823,185.7148403006982,0.9239077172660782,28.59182394715026,0.43538339082919436,6481.5,6495.150000000001,0.019178082191780823,76.42888786604533,34.94802576350821,-4.761340340682471,1.9070167151812605,1.0023468465923768,1.0-2.0%,1.00-1.02,2025-09-05→2025-09-08
2025-09-05,2025-09-08,P,6500.0,0.019178082191780823,200.92592648909806,-0.07609228273449999,43.810610639909555,-0.5651228520632275,6481.5,6495.150000000001,0.019178082191780823,74.03022933253287,36.50990224078623,-8.711340340674035,-2.036073069336636,1.0023468465923768,1.0-2.0%,1.00-1.02,2025-09-05→2025-09-08
2025-09-05,2025-09-08,C,6505.0,0.019178082191780823,169.5528720224876,0.8769166788609652,26.142252177111914,0.4125775724698222,6481.5,6495.150000000001,0.019178082191780823,75.00408136497465,32.188032383952304,-4.569912666452655,1.7683161357867005,1.003117882628217,1.0-2.0%,1.00-1.02,2025-09-05→2025-09-08
2025-09-05,2025-09-08,P,6505.0,0.019178082191780823,189.7614282771834,-0.12308332113963713,46.31104136931799,-0.5880618380717952,6481.5,6495.150000000001,0.019178082191780823,77.59984694028904,38.6986763213049,-8.469912666443884,-2.122955910319673,1.003117882628217,1.0-2.0%,1.00-1.02,2025-09-05→2025-09-08
2025-09-05,2025-09-08,C,6510.0,0.019178082191780823,189.05539619717663,0.8879052665142366,23.692690867295823,0.3892154196760421,6481.5,6495.150000000001,0.019178082191780823,73.29938952828756,29.420395950407055,-5.119906887919814,1.6872095214218126,1.0038889186640574,1.0-2.0%,1.00-1.02,2025-09-05→2025-09-08
2025-09-05,2025-09-08,P,6510.0,0.019178082191780823,214.2614225181854,-0.11209473348617724,48.961474384725534,-0.6111216816371103,6481.5,6495.150000000001,0.019178082191780823,80.88957921241757,41.033993894879586,-9.069906887913621,-2.2581890456531113,1.0038889186640574,1.0-2.0%,1.00-1.02,2025-09-05→2025-09-08
2025-09-05,2025-09-08,C,6515.0,0.019178082191780823,187.8825079701813,0.9135856843725574,21.543120913286657,0.3663443143002798,6481.5,6495.150000000001,0.019178082191780823,72.43145298753417,26.955827433149352,-5.970444591685906,1.4994001098009804,1.0046599546998976,1.0-2.0%,1.00-1.02,2025-09-05→2025-09-08
2025-09-05,2025-09-08,P,6515.0,0.019178082191780823,218.0860043574776,-0.0864143156279332,51.76190760604368,-0.6341619285921483,6481.5,6495.150000000001,0.019178082191780823,85.0160667804924,43.5177039104251,-9.920444591678667,-2.443689674716831,1.0046599546998976,1.0-2.0%,1.00-1.02,2025-09-05→2025-09-08
2025-09-05,2025-09-08,C,6520.0,0.019178082191780823,174.0206320481209,0.9017604966152512,19.393558974993994,0.34298342188511993,6481.5,6495.150000000001,0.019178082191780823,71.54118686324263,24.48438266400308,-6.2090307787986685,1.4182762912679268,1.005430990735738,1.0-2.0%,1.00-1.02,2025-09-05→2025-09-08
2025-09-05,2025-09-08,P,6520.0,0.019178082191780823,209.22159850171371,-0.09823950338539728,54.66234107787295,-0.6572783245860905,6481.5,6495.150000000001,0.019178082191780823,89.12022476502486,46.09902521633967,-10.20903077878927,-2.5781508693995043,1.005430990735738,1.0-2.0%,1.00-1.02,2025-09-05→2025-09-08
2025-09-05,2025-09-08,C,6525.0,0.019178082191780823,173.7029155439991,0.8599173388439619,17.393994393585672,0.31978750105320164,6481.5,6495.150000000001,0.019178082191780823,70.18159933527144,22.16319054395126,-6.037871675220547,1.3349006106236256,1.006202026771578,1.0-2.0%,1.00-1.02,2025-09-05→2025-09-08
2025-09-05,2025-09-08,P,6525.0,0.019178082191780823,213.90135206388848,-0.14008266115656814,59.11262782373069,-0.672548911001182,6481.5,6495.150000000001,0.019178082191780823,92.75506134587538,50.32055852299618,-11.487871675212768,-4.219707364833498,1.006202026771578,1.0-2.0%,1.00-1.02,2025-09-05→2025-09-08
2025-09-05,2025-09-08,C,6530.0,0.019178082191780823,188.66335588491282,0.9015346298123976,15.544424033423184,0.29691533110332563,6481.5,6495.150000000001,0.019178082191780823,69.02881774348634,19.994396711720583,-6.955947696939722,1.2971057304394407,1.0069730628074185,1.0-2.0%,1.00-1.02,2025-09-05→2025-09-08
2025-09-05,2025-09-08,P,6530.0,0.019178082191780823,233.85926247109833,-0.09846537018818499,62.213040688468936,-0.6945340177928092,6481.5,6495.150000000001,0.019178082191780823,96.59670386291147,53.11503748464929,-12.405947696931221,-4.2696106571277745,1.0069730628074185,1.0-2.0%,1.00-1.02,2025-09-05→2025-09-08
2025-09-05,2025-09-08,C,6535.0,0.019178082191780823,178.14281873787328,0.9201482764694274,13.844844263400546,0.2745366905616264,6481.5,6495.150000000001,0.019178082191780823,68.67591749945623,17.980335349975576,-7.7100239738081875,1.1025741738336499,1.0077440988432589,1.0-2.0%,1.00-1.02,2025-09-05→2025-09-08
2025-09-05,2025-09-08,P,6535.0,0.019178082191780823,228.33619539039847,-0.07985172353083517,65.41345155961972,-0.716414568551393,6481.5,6495.150000000001,0.019178082191780823,101.23822772770552,56.00959246407365,-13.010023973804065,-4.3209411392731045,1.0077440988432589,1.0-2.0%,1.00-1.02,2025-09-05→2025-09-08
2025-09-05,2025-09-08,C,6540.0,0.019178082191780823,161.08926432048793,0.8550858598375652,12.245259079529887,0.2524175351883605,6481.5,6495.150000000001,0.019178082191780823,67.66151082441601,16.068330550080873,-7.221921986783233,1.0045006446787403,1.008515134879099,1.0-2.0%,1.00-1.02,2025-09-05→2025-09-08
2025-09-05,2025-09-08,P,6540.0,0.019178082191780823,216.28011103928267,-0.14491414016300208,67.5140378801525,-0.7476729025312477,6481.5,6495.150000000001,0.019178082191780823,105.21824516146667,57.68542780468397,-11.42192198677494,-3.19426488044806,1.008515134879099,1.0-2.0%,1.00-1.02,2025-09-05→2025-09-08
2025-09-05,2025-09-08,C,6545.0,0.019178082191780823,186.20952665377388,0.886866024052805,10.89564298040159,0.23199974849829216,6481.5,6495.150000000001,0.019178082191780823,66.39296535905973,14.426822250497935,-8.105721228321272,0.8332034329981854,1.0092861709149394,1.0-2.0%,1.00-1.02,2025-09-05→2025-09-08
2025-09-05,2025-09-08,P,6545.0,0.019178082191780823,246.39784343883107,-0.11313397594791356,72.36422425561796,-0.7575631540983659,6481.5,6495.150000000001,0.019178082191780823,108.94412380493735,62.378153347259286,-13.055721228310912,-4.259262946556886,1.0092861709149394,1.0-2.0%,1.00-1.02,2025-09-05→2025-09-08
2025-09-05,2025-09-08,C,6550.0,0.019178082191780823,181.4621422873982,0.9101369975928663,9.446052186425959,0.21021129685182877,6481.5,6495.150000000001,0.019178082191780823,66.10278433657754,12.66678121851919,-8.673370017143121,0.8806157979724225,1.0100572069507796,1.0-2.0%,1.00-1.02,2025-09-05→2025-09-08
2025-09-05,2025-09-08,P,6550.0,0.019178082191780823,246.6479291388017,-0.08986300240758267,74.76481972299462,-0.7892747122676146,6481.5,6495.150000000001,0.019178082191780823,113.64836689127132,64.341908552311,-12.873370017136441,-3.326400177546624,1.0100572069507796,1.0-2.0%,1.00-1.02,2025-09-05→2025-09-08
2025-09-05,2025-09-08,C,6555.0,0.019178082191780823,166.60727547034412,0.8857034300178703,8.346402331881563,0.19157556498632677,6481.5,6495.150000000001,0.019178082191780823,65.48314188484315,11.296766709681378,-8.839851819744414,0.634993537936535,1.01082824298662,1.0-2.0%,1.00-1.02,2025-09-05→2025-09-08
2025-09-05,2025-09-08,P,6555.0,0.019178082191780823,236.79053238804443,-0.11429656998264437,79.71496032388859,-0.796760468637971,6481.5,6495.150000000001,0.019178082191780823,118.02314854835694,69.16848742508591,-14.239851819736838,-4.924219603091258,1.01082824298662,1.0-2.0%,1.00-1.02,2025-09-05→2025-09-08
2025-09-05,2025-09-08,C,6425.0,0.0273972602739726,213.17631291810181,0.899306584698323,81.70018685770447,0.6976330535608843,6481.5,6495.150000000001,0.024657534246575342,119.33316152610104,89.37013816222316,6.7244651188674,9.477308818893547,0.9909006377455009,2.0-3.0%,0.98-1.00,2025-09-05→2025-09-08
2025-09-05,2025-09-08,P,6425.0,0.0273972602739726,154.19879646561324,-0.10069341530131908,22.59991956967201,-0.30232405858617645,6481.5,6495.150000000001,0.024657534246575342,40.796428165485445,16.87811285509497,0.5244651188630589,3.2767233997014724,0.9909006377455009,2.0-3.0%,0.98-1.00,2025-09-05→2025-09-08
2025-09-05,2025-09-08,C,6430.0,0.0273972602739726,216.47193989692713,0.9262875888028649,77.85018266383122,0.684086079993017,6481.5,6495.150000000001,0.024657534246575342,116.60441736677342,85.32037383794614,5.606174412840389,8.912225008094945,0.9916717666464702,2.0-3.0%,0.98-1.00,2025-09-05→2025-09-08
2025-09-05,2025-09-08,P,6430.0,0.0273972602739726,162.49249541606224,-0.07371241119688687,23.699915519965543,-0.31569900512559596,6481.5,6495.150000000001,0.024657534246575342,43.061157365402785,17.784004644705874,0.05617441283754321,3.3592914199645545,0.9916717666464702,2.0-3.0%,0.98-1.00,2025-09-05→2025-09-08
2025-09-05,2025-09-08,C,6435.0,0.0273972602739726,204.56960025683506,0.9280766367864055,74.05017902084819,0.6700463398625623,6481.5,6495.150000000001,0.024657534246575342,114.02669958797362,81.31665149783475,5.981753907865064,9.503867460875664,0.9924428955474395,2.0-3.0%,0.98-1.00,2025-09-05→2025-09-08
2025-09-05,2025-09-08,P,6435.0,0.0273972602739726,155.58822774763732,-0.07192336321300638,24.89991187819942,-0.32978347675146213,6481.5,6495.150000000001,0.024657534246575342,45.47691294585756,18.779461202914263,-0.16824609214242225,3.3515444576576394,0.9924428955474395,2.0-3.0%,0.98-1.00,2025-09-05→2025-09-08
2025-09-05,2025-09-08,C,6440.0,0.0273972602739726,193.26238470960445,0.8723845247045212,70.25017518776804,0.655675630716726,6481.5,6495.150000000001,0.024657534246575342,111.3199227339698,77.31485802791485,6.041951237782813,9.000027640716336,0.9932140244484087,2.0-3.0%,0.98-1.00,2025-09-05→2025-09-08
2025-09-05,2025-09-08,P,6440.0,0.0273972602739726,149.27908417198486,-0.12761547529533132,26.149907988261475,-0.3443700572942874,6481.5,6495.150000000001,0.024657534246575342,47.76360945111839,19.821206974888355,0.44195123778134504,3.400651282067214,0.9932140244484087,2.0-3.0%,0.98-1.00,2025-09-05→2025-09-08
2025-09-05,2025-09-08,C,6445.0,0.0273972602739726,212.3095177061158,0.9169773282879127,66.55017191955085,0.6406088777905039,6481.5,6495.150000000001,0.024657534246575342,108.59933696936564,73.40367874345156,5.5832594688695,9.355688818159281,0.993985153349378,2.0-3.0%,0.98-1.00,2025-09-05→2025-09-08
2025-09-05,2025-09-08,P,6445.0,0.0273972602739726,173.324289140164,-0.08302267171169429,27.449904747167693,-0.35946907504215864,6481.5,6495.150000000001,0.024657534246575342,50.036497045761024,20.90946849955526,-0.366740531135324,3.406752874325665,0.993985153349378,2.0-3.0%,0.98-1.00,2025-09-05→2025-09-08
2025-09-05,2025-09-08,C,6450.0,0.0273972602739726,202.9337312629291,0.9343854838647103,63.050166944108696,0.6246089873284318,6481.5,6495.150000000001,0.024657534246575342,106.41267930002691,69.67401694403543,5.045638145246192,9.274087322966562,0.9947562822503472,2.0-3.0%,0.98-1.00,2025-09-05→2025-09-08
2025-09-05,2025-09-08,P,6450.0,0.0273972602739726,168.94657466860158,-0.06561451613498441,28.69989991978491,-0.37481833768886824,6481.5,6495.150000000001,0.024657534246575342,52.84331273567326,21.954620316911132,-0.6043618547574234,3.6162703094532596,0.9947562822503472,2.0-3.0%,0.98-1.00,2025-09-05→2025-09-08
2025-09-05,2025-09-08,C,6455.0,0.0273972602739726,187.0381248532876,0.882734976937815,59.50016256241952,0.6084109408268947,6481.5,6495.150000000001,0.024657534246575342,103.9803502469172,65.90250775990353,5.60066756479835,9.34519065771256,0.9955274111513165,2.0-3.0%,0.98-1.00,2025-09-05→2025-09-08
2025-09-05,2025-09-08,P,6455.0,0.0273972602739726,158.04904023059314,-0.11726502306182929,30.149895495278088,-0.3911413256273424,6481.5,6495.150000000001,0.024657534246575342,55.40445704180854,23.18106920960463,-0.04933243520596475,3.6890790948134384,0.9955274111513165,2.0-3.0%,0.98-1.00,2025-09-05→2025-09-08
2025-09-05,2025-09-08,C,6460.0,0.0273972602739726,206.1975479890218,0.9043945565606865,56.05015806548681,0.5915908055866549,6481.5,6495.150000000001,0.024657534246575342,101.44411053716155,62.22410759439754,5.005014302946146,9.274785503741846,0.9962985400522857,2.0-3.0%,0.98-1.00,2025-09-05→2025-09-08
2025-09-05,2025-09-08,P,6460.0,0.0273972602739726,182.20653533794314,-0.09560544343912879,31.699890962574045,-0.40809349828066116,6481.5,6495.150000000001,0.024657534246575342,57.861690691310926,24.50057204960376,-0.5949856970558385,3.670476251531249,0.9962985400522857,2.0-3.0%,0.98-1.00,2025-09-05→2025-09-08
2025-09-05,2025-09-08,C,6465.0,0.0273972602739726,201.45389589408182,0.9260078335720264,52.700153414681154,0.5741845738882405,6481.5,6495.150000000001,0.024657534246575342,99.4296337415287,58.63980230878542,4.5099930717413255,9.312380566425194,0.997069668953255,2.0-3.0%,0.98-1.00,2025-09-05→2025-09-08
2025-09-05,2025-09-08,P,6465.0,0.0273972602739726,182.46095521465287,-0.07399216642762445,33.39988625300157,-0.4257196255249439,6481.5,6495.150000000001,0.024657534246575342,60.840687254928376,25.959931250623868,-1.1900069282628887,3.6110728884157135,0.997069668953255,2.0-3.0%,0.98-1.00,2025-09-05→2025-09-08
2025-09-05,2025-09-08,C,6470.0,0.0273972602739726,186.94877509393507,0.9028061713741954,49.35014833127798,0.5563472939774622,6481.5,6495.150000000001,0.024657534246575342,97.27963163380831,55.0582795508908,4.676695760741733,9.40585943720733,0.9978407978542243,2.0-3.0%,0.98-1.00,2025-09-05→2025-09-08
2025-09-05,2025-09-08,P,6470.0,0.0273972602739726,172.95390638614003,-0.09719382862540506,35.09988110264385,-0.44373995756166673,6481.5,6495.150000000001,0.024657534246575342,63.684158506459106,27.422696248974262,-1.0733042392631593,3.6570504207170016,0.9978407978542243,2.0-3.0%,0.98-1.00,2025-09-05→2025-09-08
2025-09-05,2025-09-08,C,6475.0,0.0273972602739726,194.6345291013455,0.8848342605462677,46.25014368906386,0.5377986015020468,6481.5,6495.150000000001,0.024657534246575342,94.96519833232703,51.71087421420452,4.572012343542962,9.309049089496765,0.9986119267551935,2.0-3.0%,0.98-1.00,2025-09-05→2025-09-08
2025-09-05,2025-09-08,P,6475.0,0.0273972602739726,185.637732365175,-0.11516573945345557,36.89987646924601,-0.46232200765230713,6481.5,6495.150000000001,0.024657534246575342,66.36319856423738,28.980807311306762,-1.1279876564602715,3.6106954044542414,0.9986119267551935,2.0-3.0%,0.98-1.00,2025-09-05→2025-09-08
2025-09-05,2025-09-08,C,6480.0,0.0273972602739726,199.73454535620718,0.9152772868905403,43.15013811316385,0.518848325860969,6481.5,6495.150000000001,0.024657534246575342,92.95249808670285,48.36748266907807,3.9064650339436167,9.317720351997483,0.9993830556561628,2.0-3.0%,0.98-1.00,2025-09-05→2025-09-08
2025-09-05,2025-09-08,P,6480.0,0.0273972602739726,195.73582059165923,-0.08472271310924867,38.94987082008538,-0.4814771743666367,6481.5,6495.150000000001,0.024657534246575342,69.34397167787182,30.775465258298482,-1.8935349660587066,3.5221634301048566,0.9993830556561628,2.0-3.0%,0.98-1.00,2025-09-05→2025-09-08
2025-09-05,2025-09-08,C,6485.0,0.0273972602739726,187.4415519184531,0.9206612595427311,40.0001334272979,0.49938642682123946,6481.5,6495.150000000001,0.024657534246575342,91.17065339659557,44.979979196027216,3.6829738072412166,9.433375273889808,1.000154184557132,2.0-3.0%,1.00-1.02,2025-09-05→2025-09-08
2025-09-05,2025-09-08,P,6485.0,0.0273972602739726,188.4408991255457,-0.07933874045696798,40.9998661369541,-0.500999327601401,6481.5,6495.150000000001,0.024657534246575342,72.55560034699528,32.57504312890251,-2.3670261927623466,3.3886408217593935,1.000154184557132,2.0-3.0%,1.00-1.02,2025-09-05→2025-09-08
2025-09-05,2025-09-08,C,6490.0,0.0273972602739726,170.00818604842266,0.84999235928863,37.150128104928626,0.47945823197738263,6481.5,6495.150000000001,0.024657534246575342,89.08297746616137,41.878219003593586,4.297604295709736,9.355395133508464,1.0009253134581013,2.0-3.0%,1.00-1.02,2025-09-05→2025-09-08
2025-09-05,2025-09-08,P,6490.0,0.0273972602739726,176.00560522715327,-0.15000764071100547,43.14986081458528,-0.5209275224452576,6481.5,6495.150000000001,0.024657534246575342,75.46139777583218,34.47328293646888,-1.7523957042946976,3.310660681378047,1.0009253134581013,2.0-3.0%,1.00-1.02,2025-09-05→2025-09-08
2025-09-05,2025-09-08,C,6495.0,0.0273972602739726,196.92567694660167,0.9041359639459595,34.60012270085008,0.4593981642259031,6481.5,6495.150000000001,0.024657534246575342,86.89580236062743,39.06697963684201,2.9585440921371564,9.029215058316169,1.0016964423590706,2.0-3.0%,1.00-1.02,2025-09-05→2025-09-08
2025-09-05,2025-09-08,P,6495.0,0.0273972602739726,207.9211680969555,-0.09586403605380753,45.34985532850624,-0.5412844462927374,6481.5,6495.150000000001,0.024657534246575342,78.26769602954589,36.423251744027766,-2.8414559078654733,3.2385326918961628,1.0016964423590706,2.0-3.0%,1.00-1.02,2025-09-05→2025-09-08
2025-09-05,2025-09-08,C,6500.0,0.0273972602739726,188.30794331113597,0.9236857176788169,31.7501171698309,0.4385312691457375,6481.5,6495.150000000001,0.024657534246575342,85.48418158526668,35.97395489897417,2.4916899536836468,9.114048176160445,1.00246757126004,2.0-3.0%,1.00-1.02,2025-09-05→2025-09-08
2025-09-05,2025-09-08,P,6500.0,0.0273972602739726,204.3015064331455,-0.0763142823207528,47.699849856291166,-0.5619413046825372,6481.5,6495.150000000001,0.024657534246575342,81.84954861343671,38.52092064932913,-3.5083100463216796,3.1204988089169428,1.00246757126004,2.0-3.0%,1.00-1.02,2025-09-05→2025-09-08
2025-09-05,2025-09-08,C,6505.0,0.0273972602739726,172.1001984304776,0.877306981973473,29.250111609467695,0.4177203918143728,6481.5,6495.150000000001,0.024657534246575342,83.66884183036933,33.22143096303262,2.6747596960616136,8.948116651733582,1.003238700161009,2.0-3.0%,1.00-1.02,2025-09-05→2025-09-08
2025-09-05,2025-09-08,P,6505.0,0.0273972602739726,193.09183352410545,-0.12269301802613403,50.14984425762623,-0.5828955387490175,6481.5,6495.150000000001,0.024657534246575342,85.02768221777671,40.71961652892924,-3.2252403039432096,3.0565241039244,1.003238700161009,2.0-3.0%,1.00-1.02,2025-09-05→2025-09-08
2025-09-05,2025-09-08,C,6510.0,0.0273972602739726,190.71815932063677,0.8880125196302204,26.800105960205656,0.39656403617443153,6481.5,6495.150000000001,0.024657534246575342,81.63762543359424,30.522559274966625,2.1786291070470067,8.886900906218795,1.0040098290619783,2.0-3.0%,1.00-1.02,2025-09-05→2025-09-08
2025-09-05,2025-09-08,P,6510.0,0.0273972602739726,216.70786638588922,-0.11198748036951593,52.74983863130956,-0.6039663534980833,6481.5,6495.150000000001,0.024657534246575342,87.98993918027648,43.06883971352454,-3.871370892956045,2.844140725249167,1.0040098290619783,2.0-3.0%,1.00-1.02,2025-09-05→2025-09-08
2025-09-05,2025-09-08,C,6515.0,0.0273972602739726,189.08554273280228,0.9134238720914929,24.550100480877973,0.3755346490067263,6481.5,6495.150000000001,0.024657534246575342,80.20984500759566,28.02436580932408,1.3317641459506238,8.673952041057982,1.0047809579629476,2.0-3.0%,1.00-1.02,2025-09-05→2025-09-08
2025-09-05,2025-09-08,P,6515.0,0.0273972602739726,220.07332176968507,-0.08657612790825661,55.4498331047821,-0.6252013388866999,6481.5,6495.150000000001,0.024657534246575342,91.55563211352278,45.52117562142621,-4.668235854052251,2.683998275803793,1.0047809579629476,2.0-3.0%,1.00-1.02,2025-09-05→2025-09-08
2025-09-05,2025-09-08,C,6520.0,0.0273972602739726,175.08381980538192,0.9016466419525733,22.350094647980313,0.354239309565225,6481.5,6495.150000000001,0.024657534246575342,78.7372197766442,25.58115961553176,1.0425233373468838,8.514633424434487,1.005552086863917,2.0-3.0%,1.00-1.02,2025-09-05→2025-09-08
2025-09-05,2025-09-08,P,6520.0,0.0273972602739726,211.06967081391113,-0.09835335804704903,58.39982741278254,-0.6459400695353396,6481.5,6495.150000000001,0.024657534246575342,95.07648024182365,48.225690748575744,-5.107476662657723,2.3670819491577415,1.005552086863917,2.0-3.0%,1.00-1.02,2025-09-05→2025-09-08
2025-09-05,2025-09-08,C,6525.0,0.0273972602739726,174.52655877427148,0.8599336902006779,20.350089053927604,0.33334162701163356,6481.5,6495.150000000001,0.024657534246575342,76.9094040586951,23.3419640217262,1.0619051287602819,8.249886791291024,1.006323215764886,2.0-3.0%,1.00-1.02,2025-09-05→2025-09-08
2025-09-05,2025-09-08,P,6525.0,0.0273972602739726,215.5104817544317,-0.14006630979894663,61.2498216345075,-0.6675233424762502,6481.5,6495.150000000001,0.024657534246575342,98.2421378831321,50.837398014790324,-4.938094871244304,2.261693624801179,1.006323215764886,2.0-3.0%,1.00-1.02,2025-09-05→2025-09-08
2025-09-05,2025-09-08,C,6530.0,0.0273972602739726,188.97314397598836,0.9013457724060833,18.35008273833273,0.3119943912721586,6481.5,6495.150000000001,0.024657534246575342,75.27367847125001,21.10880762551642,0.04663020665647366,8.091276559134865,1.0070943446658553,2.0-3.0%,1.00-1.02,2025-09-05→2025-09-08
2025-09-05,2025-09-08,P,6530.0,0.0273972602739726,234.95513892779223,-0.09865422759355219,65.69981779291174,-0.6812799187286878,6481.5,6495.150000000001,0.024657534246575342,101.59988565492964,55.05531357356176,-7.303369793347964,0.6494708906469544,1.0070943446658553,2.0-3.0%,1.00-1.02,2025-09-05→2025-09-08
2025-09-05,2025-09-08,C,6535.0,0.0273972602739726,178.3063834282732,0.9199370912311757,16.750078152652122,0.2925018615363048,6481.5,6495.150000000001,0.024657534246575342,74.22932318879056,19.284127609616007,-0.9071412953060527,7.657349590029279,1.0078654735668247,2.0-3.0%,1.00-1.02,2025-09-05→2025-09-08
2025-09-05,2025-09-08,P,6535.0,0.0273972602739726,229.28645035169367,-0.08006290876841371,68.89981267474013,-0.7011004975120104,6481.5,6495.150000000001,0.024657534246575342,105.54900373172289,58.03739126302571,-8.15714129531111,0.32002179103932527,1.0078654735668247,2.0-3.0%,1.00-1.02,2025-09-05→2025-09-08
2025-09-05,2025-09-08,C,6540.0,0.0273972602739726,161.16419895780854,0.8548358193487011,14.900072439894075,0.2710952154220433,6481.5,6495.150000000001,0.024657534246575342,72.68864844014607,17.21386476839689,-0.3685089341102348,7.599550309488963,1.008636602467794,2.0-3.0%,1.00-1.02,2025-09-05→2025-09-08
2025-09-05,2025-09-08,P,6540.0,0.0273972602739726,217.14233785284176,-0.14516418065109227,72.19980744272834,-0.7206845760769343,6481.5,6495.150000000001,0.024657534246575342,109.00180234233987,61.12689295018026,-7.818508934112516,0.0373444634505411,1.008636602467794,2.0-3.0%,1.00-1.02,2025-09-05→2025-09-08
2025-09-05,2025-09-08,C,6545.0,0.0273972602739726,186.03148941403535,0.8866016729439323,13.50006663355316,0.2523918615201842,6481.5,6495.150000000001,0.024657534246575342,70.98049305970845,15.607600432348136,-1.5021128356851587,7.154851090249349,1.0094077313687633,2.0-3.0%,1.00-1.02,2025-09-05→2025-09-08
2025-09-05,2025-09-08,P,6545.0,0.0273972602739726,247.007700280723,-0.11339832705573384,75.59980241636185,-0.7399717885773472,6481.5,6495.150000000001,0.024657534246575342,112.28712032115055,64.32433952728934,-8.802112835689165,-0.24938508591880115,1.0094077313687633,2.0-3.0%,1.00-1.02,2025-09-05→2025-09-08
2025-09-05,2025-09-08,C,6550.0,0.0273972602739726,181.1778014917206,0.9099145804263318,11.850061758655784,0.23138352498046724,6481.5,6495.150000000001,0.024657534246575342,70.08384177747998,13.752112503397939,-2.170334022819924,7.091614884016497,1.0101788602697324,2.0-3.0%,1.00-1.02,2025-09-05→2025-09-08
2025-09-05,2025-09-08,P,6550.0,0.0273972602739726,247.15208433002218,-0.09008541957348135,79.09979723038396,-0.7588977255809589,6481.5,6495.150000000001,0.024657534246575342,116.38394239818138,67.63023073018667,-9.870334022821925,-0.7410460458194912,1.0101788602697324,2.0-3.0%,1.00-1.02,2025-09-05→2025-09-08
2025-09-05,2025-09-08,C,6555.0,0.0273972602739726,166.26502316277984,0.8854084166998631,10.650057111022306,0.21374945922424932,6481.5,6495.150000000001,0.024657534246575342,68.95735362834672,12.366259729738658,-2.585824887953617,6.582319881588878,1.0109499891707017,2.0-3.0%,1.00-1.02,2025-09-05→2025-09-08
2025-09-05,2025-09-08,P,6555.0,0.0273972602739726,237.2373779727209,-0.11459158329988414,82.69979307636277,-0.7773931465417048,6481.5,6495.150000000001,0.024657534246575342,120.25092760830347,71.04504991668,-9.985824887956516,-0.938583549705303,1.0109499891707017,2.0-3.0%,1.00-1.02,2025-09-05→2025-09-08
2025-09-05,2025-09-08,C,6425.0,0.030136986301369864,217.7791726357168,0.8999536564543654,84.955907178075,0.6883690199753332,6481.5,6495.150000000001,0.0273972602739726,123.9541575852659,92.4785018126322,6.965632589397421,9.853762877336326,0.9908000420818605,3.0-4.0%,0.98-1.00,2025-09-05→2025-09-08
2025-09-05,2025-09-08,P,6425.0,0.030136986301369864,158.1496453892339,-0.10004634354591689,25.447316249113328,-0.31268327470611185,6481.5,6495.150000000001,0.0273972602739726,44.667824133597556,19.58399560774319,0.5156325894018223,3.4181266997385995,0.9908000420818605,3.0-4.0%,0.98-1.00,2025-09-05→2025-09-08
2025-09-05,2025-09-08,C,6430.0,0.030136986301369864,220.89423496795325,0.9263382715017108,81.20579470743087,0.6752371588816111,6481.5,6495.150000000001,0.0273972602739726,121.26206943699901,88.5340251518337,6.455482594001136,9.883012781265634,0.9915710926982666,3.0-4.0%,0.98-1.00,2025-09-05→2025-09-08
2025-09-05,2025-09-08,P,6430.0,0.030136986301369864,166.26227229172835,-0.07366172849845974,26.647205593145372,-0.3256009138230937,6481.5,6495.150000000001,0.0273972602739726,46.96862599819926,20.595689599624848,-0.04451740599598142,3.3944524736854094,0.9915710926982666,3.0-4.0%,0.98-1.00,2025-09-05→2025-09-08
2025-09-05,2025-09-08,C,6435.0,0.030136986301369864,209.1201713370379,0.9280859536384662,77.35568273007266,0.6621874004666504,6481.5,6495.150000000001,0.0273972602739726,118.70719590047321,84.50220316396098,6.281626732834432,9.911141983629864,0.9923421433146726,3.0-4.0%,0.98-1.00,2025-09-05→2025-09-08
2025-09-05,2025-09-08,P,6435.0,0.030136986301369864,159.48577323106545,-0.07191404636156394,27.84709243492898,-0.3387881464795019,6481.5,6495.150000000001,0.0273972602739726,49.40664247456033,21.609095072659102,-0.16837326716461154,3.4744581994453876,0.9923421433146726,3.0-4.0%,0.98-1.00,2025-09-05→2025-09-08
2025-09-05,2025-09-08,C,6440.0,0.030136986301369864,197.92100022329345,0.873589409029771,73.7055626765723,0.6481984694907356,6481.5,6495.150000000001,0.0273972602739726,116.02635057845879,80.65117464669947,6.575504566743149,9.652090891451106,0.9931131939310788,3.0-4.0%,0.98-1.00,2025-09-05→2025-09-08
2025-09-05,2025-09-08,P,6440.0,0.030136986301369864,153.28416668757268,-0.1264105909701539,29.046976570897186,-0.3522888538303574,6481.5,6495.150000000001,0.0273972602739726,51.71868716541544,22.623749221197613,0.4755045667426696,3.5587428547845708,0.9931131939310788,3.0-4.0%,0.98-1.00,2025-09-05→2025-09-08
2025-09-05,2025-09-08,C,6445.0,0.030136986301369864,216.4340164795465,0.9172174087325848,69.9054439824481,0.6343360749970858,6481.5,6495.150000000001,0.0273972602739726,113.33036756830039,76.66658826709681,5.879982370799707,9.741312576289424,0.9938842445474849,3.0-4.0%,0.98-1.00,2025-09-05→2025-09-08
2025-09-05,2025-09-08,P,6445.0,0.030136986301369864,176.79474751402606,-0.0827825912675571,30.446853211916277,-0.3666922352537716,6481.5,6495.150000000001,0.0273972602739726,54.01559416813521,23.820151226787857,-0.32001762919779964,3.555349011214183,0.9938842445474849,3.0-4.0%,0.98-1.00,2025-09-05→2025-09-08
2025-09-05,2025-09-08,C,6450.0,0.030136986301369864,207.13005360752464,0.9342565789970062,66.35531598765147,0.6194514132803615,6481.5,6495.150000000001,0.0273972602739726,111.13695720399112,72.90961317943584,5.4473976966903574,9.74448820872273,0.9946552951638911,3.0-4.0%,0.98-1.00,2025-09-05→2025-09-08
2025-09-05,2025-09-08,P,6450.0,0.030136986301369864,172.48834921223985,-0.06574342100323657,31.696729881977262,-0.38103591004073306,6481.5,6495.150000000001,0.0273972602739726,56.815073816716335,24.882187753934886,-0.5526023033057842,3.751140172056215,0.9946552951638911,3.0-4.0%,0.98-1.00,2025-09-05→2025-09-08
2025-09-05,2025-09-08,C,6455.0,0.030136986301369864,191.441321089804,0.8836791074979837,62.90518362227158,0.6040303816300476,6481.5,6495.150000000001,0.0273972602739726,108.70577504771052,69.24617190383833,5.887780182652035,9.704985290749516,0.9954263457802971,3.0-4.0%,0.98-1.00,2025-09-05→2025-09-08
2025-09-05,2025-09-08,P,6455.0,0.030136986301369864,161.79718126476587,-0.11632089250218017,33.346595723618066,-0.3966658904740311,6481.5,6495.150000000001,0.0273972602739726,59.37678167331207,26.310247600005823,-0.2622198173451715,3.5644894049707467,0.9954263457802971,3.0-4.0%,0.98-1.00,2025-09-05→2025-09-08
2025-09-05,2025-09-08,C,6460.0,0.030136986301369864,210.0501347691313,0.9048704328837583,59.45504851562873,0.5882876442133315,6481.5,6495.150000000001,0.0273972602739726,106.18174343814862,65.58517281609056,5.398518591136204,9.719873656487705,0.9961973963967032,3.0-4.0%,0.98-1.00,2025-09-05→2025-09-08
2025-09-05,2025-09-08,P,6460.0,0.030136986301369864,185.4035595143258,-0.09512956711640558,34.896460896049575,-0.41237611556211273,6481.5,6495.150000000001,0.0273972602739726,61.84564007662984,27.64975866263194,-0.7514814088610162,3.57893397742306,0.9961973963967032,3.0-4.0%,0.98-1.00,2025-09-05→2025-09-08
2025-09-05,2025-09-08,C,6465.0,0.030136986301369864,205.25379670634987,0.9260442770401289,56.15490826968289,0.5719458941224381,6481.5,6495.150000000001,0.0273972602739726,104.14222380481992,62.06474426742852,4.859495618401734,9.692938545228408,0.9969684470131094,3.0-4.0%,0.98-1.00,2025-09-05→2025-09-08
2025-09-05,2025-09-08,P,6465.0,0.030136986301369864,185.6047860217858,-0.07395572295997796,36.34632400108967,-0.4283273172141545,6481.5,6495.150000000001,0.0273972602739726,64.7990104561781,28.89853249202997,-1.0905043815962618,3.746667879973441,0.9969684470131094,3.0-4.0%,0.98-1.00,2025-09-05→2025-09-08
2025-09-05,2025-09-08,C,6470.0,0.030136986301369864,190.90880385029308,0.9032954631248044,52.80476523844891,0.5553080601697284,6481.5,6495.150000000001,0.0273972602739726,101.96568712267205,58.500430217744,4.970016928345926,9.7200449786829,0.9977394976295155,3.0-4.0%,0.98-1.00,2025-09-05→2025-09-08
2025-09-05,2025-09-08,P,6470.0,0.030136986301369864,176.2573577359681,-0.09670453687530473,38.096179589438634,-0.44512573752159873,6481.5,6495.150000000001,0.0273972602739726,67.61536378690037,30.426477887609508,-1.029983071652039,3.725966317170064,0.9977394976295155,3.0-4.0%,0.98-1.00,2025-09-05→2025-09-08
2025-09-05,2025-09-08,C,6475.0,0.030136986301369864,198.3003930313639,0.8856520399078467,49.604617855224205,0.5381065925842391,6481.5,6495.150000000001,0.0273972602739726,99.6548509660883,55.07787269542223,4.960849655257414,9.704845011224847,0.9985105482459216,3.0-4.0%,0.98-1.00,2025-09-05→2025-09-08
2025-09-05,2025-09-08,P,6475.0,0.030136986301369864,188.64651148725136,-0.11434796009240492,39.89603204800869,-0.46234593139740543,6481.5,6495.150000000001,0.0273972602739726,70.29741764319674,32.003649912734545,-1.039150344738619,3.7110219635748276,0.9985105482459216,3.0-4.0%,0.98-1.00,2025-09-05→2025-09-08
2025-09-05,2025-09-08,C,6480.0,0.030136986301369864,203.080349590283,0.9154980772901842,46.55446538416709,0.5204327885542572,6481.5,6495.150000000001,0.0273972602739726,97.6160562547376,51.79870781432601,4.203451244988489,9.596092436234109,0.9992815988623277,3.0-4.0%,0.98-1.00,2025-09-05→2025-09-08
2025-09-05,2025-09-08,P,6480.0,0.030136986301369864,198.4240326164239,-0.08450192270993805,41.89587927849152,-0.48005453476683724,6481.5,6495.150000000001,0.0273972602739726,73.25151294471567,33.77128238882324,-1.8465487550092996,3.5527443995675902,0.9992815988623277,3.0-4.0%,0.98-1.00,2025-09-05→2025-09-08
2025-09-05,2025-09-08,C,6485.0,0.030136986301369864,190.84857040533996,0.9207836982488142,43.55431119854711,0.5023733385164542,6481.5,6495.150000000001,0.0273972602739726,95.77798519757908,48.56988066872054,3.881302518903187,9.59260392925013,1.0000526494787338,3.0-4.0%,1.00-1.02,2025-09-05→2025-09-08
2025-09-05,2025-09-08,P,6485.0,0.030136986301369864,191.18981800170258,-0.07921630175145714,43.895725092872,-0.4981139848046406,6481.5,6495.150000000001,0.0273972602739726,76.40633190044174,35.54245524321823,-2.2186974810925637,3.4992558925836184,1.0000526494787338,3.0-4.0%,1.00-1.02,2025-09-05→2025-09-08
2025-09-05,2025-09-08,C,6490.0,0.030136986301369864,173.56904878057307,0.8513303415468674,40.65415291533236,0.48393007115188635,6481.5,6495.150000000001,0.0273972602739726,93.69004728429663,45.43898028089052,4.47934083788479,9.494354528776482,1.0008237000951399,3.0-4.0%,1.00-1.02,2025-09-05→2025-09-08
2025-09-05,2025-09-08,P,6490.0,0.030136986301369864,178.90786094720033,-0.14866965845320226,45.99556680965816,-0.5165572521692081,6481.5,6495.150000000001,0.0273972602739726,79.3112840000388,37.41155485538911,-1.6206591621137068,3.401006492109974,1.0008237000951399,3.0-4.0%,1.00-1.02,2025-09-05→2025-09-08
2025-09-05,2025-09-08,C,6495.0,0.030136986301369864,199.74403882246622,0.9045014928849469,37.8539916485729,0.465140033850713,6481.5,6495.150000000001,0.0273972602739726,91.50169233624669,42.40677754188255,3.453554622119986,9.450838537937518,1.0015947507115461,3.0-4.0%,1.00-1.02,2025-09-05→2025-09-08
2025-09-05,2025-09-08,P,6495.0,0.030136986301369864,210.08041555930723,-0.09549850711526969,48.1954055428987,-0.5353472894703821,6481.5,6495.150000000001,0.0273972602739726,82.11581906487068,39.37935211637978,-2.6464453778765193,3.3574905012710055,1.0015947507115461,3.0-4.0%,1.00-1.02,2025-09-05→2025-09-08
2025-09-05,2025-09-08,C,6500.0,0.030136986301369864,191.0510649824012,0.9237480630324004,35.10382642843297,0.4459687231094927,6481.5,6495.150000000001,0.0273972602739726,90.01320048316944,39.42580391481533,2.7908389396072355,9.312526929555187,1.0023658013279522,3.0-4.0%,1.00-1.02,2025-09-05→2025-09-08
2025-09-05,2025-09-08,P,6500.0,0.030136986301369864,206.38500628949268,-0.07625193696772842,50.545241572978284,-0.5543747366427777,6481.5,6495.150000000001,0.0273972602739726,85.62021722467574,41.49480654871604,-3.409161060390461,3.1172151551742227,1.0023658013279522,3.0-4.0%,1.00-1.02,2025-09-05→2025-09-08
2025-09-05,2025-09-08,C,6505.0,0.030136986301369864,174.89329243222468,0.8780255061722971,32.653663158172094,0.42686182755636687,6481.5,6495.150000000001,0.0273972602739726,88.19271069819966,36.73843870628434,3.014951840747665,9.173336053855358,1.0031368519443582,3.0-4.0%,1.00-1.02,2025-09-05→2025-09-08
2025-09-05,2025-09-08,P,6505.0,0.030136986301369864,195.22479830955055,-0.12197449382782734,52.99507705249653,-0.5736254957647294,6481.5,6495.150000000001,0.0273972602739726,88.79261745257216,43.711013280782026,-3.08504815925009,3.07998801718887,1.0031368519443582,3.0-4.0%,1.00-1.02,2025-09-05→2025-09-08
2025-09-05,2025-09-08,C,6510.0,0.030136986301369864,192.9818672653958,0.8885245915210096,30.15349535420728,0.4073085974179199,6481.5,6495.150000000001,0.0273972602739726,86.18600823972864,34.00730240487064,2.471639325737735,9.040237645245172,1.0039079025607645,3.0-4.0%,1.00-1.02,2025-09-05→2025-09-08
2025-09-05,2025-09-08,P,6510.0,0.030136986301369864,218.3109377129584,-0.11147540847909732,55.49490924853217,-0.5931787259031758,6481.5,6495.150000000001,0.0273972602739726,91.77880500698082,45.97987697936787,-3.6283606742602594,2.946889608578674,1.0039079025607645,3.0-4.0%,1.00-1.02,2025-09-05→2025-09-08
2025-09-05,2025-09-08,C,6515.0,0.030136986301369864,191.110769042484,0.9136040550364505,27.85332843749893,0.38785658287429225,6481.5,6495.150000000001,0.0273972602739726,84.69944683902122,31.47589613141281,1.6293046487519547,8.8057576437657,1.0046789531771705,3.0-4.0%,1.00-1.02,2025-09-05→2025-09-08
2025-09-05,2025-09-08,P,6515.0,0.030136986301369864,221.4374040602655,-0.08639594496375946,58.14474107693377,-0.6127770010337679,6481.5,6495.150000000001,0.0273972602739726,95.28513361915259,48.399377991323036,-4.420695351244644,2.7644060641112578,1.0046789531771705,3.0-4.0%,1.00-1.02,2025-09-05→2025-09-08
2025-09-05,2025-09-08,C,6520.0,0.030136986301369864,177.0626794716138,0.9019460209573318,25.553158635646923,0.36801428042331696,6481.5,6495.150000000001,0.0273972602739726,83.17588489556854,28.949091173905344,1.3884368139319285,8.676605072221522,1.0054500037935767,3.0-4.0%,1.00-1.02,2025-09-05→2025-09-08
2025-09-05,2025-09-08,P,6520.0,0.030136986301369864,212.38687905963485,-0.09805397904294177,60.89457252997272,-0.6324730428977762,6481.5,6495.150000000001,0.0273972602739726,98.75446168859185,50.92166574840439,-4.711563186063788,2.5832570355549933,1.0054500037935767,3.0-4.0%,1.00-1.02,2025-09-05→2025-09-08
2025-09-05,2025-09-08,C,6525.0,0.030136986301369864,176.31241827884998,0.8606164546011404,23.302985182673183,0.3478612253228294,6481.5,6495.150000000001,0.0273972602739726,81.42462681137789,26.475400924221958,1.6525853946939648,8.65169427434319,1.0062210544099828,3.0-4.0%,1.00-1.02,2025-09-05→2025-09-08
2025-09-05,2025-09-08,P,6525.0,0.030136986301369864,216.63418243712744,-0.1393835453989051,63.794404263163415,-0.6520218459489394,6481.5,6495.150000000001,0.0273972602739726,101.99609361727256,53.59705632297755,-4.597414605304869,2.400098197203379,1.0062210544099828,3.0-4.0%,1.00-1.02,2025-09-05→2025-09-08
2025-09-05,2025-09-08,C,6530.0,0.030136986301369864,190.32455999302556,0.9015958157322532,21.452823000662192,0.3289659743351621,6481.5,6495.150000000001,0.0273972602739726,79.77967220110844,24.404489895168354,0.3932171152542505,8.209614450324857,1.0069921050263888,3.0-4.0%,1.00-1.02,2025-09-05→2025-09-08
2025-09-05,2025-09-08,P,6530.0,0.030136986301369864,235.6438887215218,-0.09840418426795895,68.29429357764184,-0.6649192401567035,6481.5,6495.150000000001,0.0273972602739726,105.344029019867,57.87370951547064,-7.156782884742307,0.5761476281393652,1.0069921050263888,3.0-4.0%,1.00-1.02,2025-09-05→2025-09-08
2025-09-05,2025-09-08,C,6535.0,0.030136986301369864,179.54315427084873,0.9200458395823057,19.552657501526028,0.30956642711267524,6481.5,6495.150000000001,0.0273972602739726,78.61956140834708,22.28970438798069,-0.30862571029897445,8.024418269911815,1.007763155642795,3.0-4.0%,1.00-1.02,2025-09-05→2025-09-08
2025-09-05,2025-09-08,P,6535.0,0.030136986301369864,229.86004756957107,-0.07995416041792175,71.29412988987951,-0.683958164622932,6481.5,6495.150000000001,0.0273972602739726,109.17680823999525,60.667141713585806,-7.85862571029532,0.38602894710339974,1.007763155642795,3.0-4.0%,1.00-1.02,2025-09-05→2025-09-08
2025-09-05,2025-09-08,C,6540.0,0.030136986301369864,162.3352096575032,0.855343000096867,17.602483900566767,0.2894490129372826,6481.5,6495.150000000001,0.0273972602739726,77.17465311351256,20.128945674368424,0.32456804867729794,8.049020973405934,1.008534206259201,3.0-4.0%,1.00-1.02,2025-09-05→2025-09-08
2025-09-05,2025-09-08,P,6540.0,0.030136986301369864,217.64966752649255,-0.1446569999031982,74.49397199290252,-0.7023929214172446,6481.5,6495.150000000001,0.0273972602739726,112.72478995804067,63.665931944885415,-7.425431951321271,0.18766337734576766,1.008534206259201,3.0-4.0%,1.00-1.02,2025-09-05→2025-09-08
2025-09-05,2025-09-08,C,6545.0,0.030136986301369864,186.84278010232686,0.8868720204930987,15.952322482335603,0.2706386010159285,6481.5,6495.150000000001,0.0273972602739726,75.5095283923771,18.27625689505794,-0.7558030797312796,7.65578309613243,1.0093052568756073,3.0-4.0%,1.00-1.02,2025-09-05→2025-09-08
2025-09-05,2025-09-08,P,6545.0,0.030136986301369864,247.15480254155503,-0.11312797950692707,77.79381582586939,-0.7205905081064938,6481.5,6495.150000000001,0.0273972602739726,116.05255524977794,66.77101217408745,-8.305803079730378,-0.013939564345960775,1.0093052568756073,3.0-4.0%,1.00-1.02,2025-09-05→2025-09-08
2025-09-05,2025-09-08,C,6550.0,0.030136986301369864,181.84855629277192,0.9100688203197326,14.552173768447801,0.25321801918959147,6481.5,6495.150000000001,0.0273972602739726,74.49012900820232,16.684476258096765,-1.7724393973648471,7.193574038061937,1.0100763074920134,3.0-4.0%,1.00-1.02,2025-09-05→2025-09-08
2025-09-05,2025-09-08,P,6550.0,0.030136986301369864,247.15814330222977,-0.08993117968035023,81.19366230210835,-0.7384905053963223,6481.5,6495.150000000001,0.0273972602739726,120.02604587847904,69.98291084306311,-9.27243939736317,-0.41960460133979716,1.0100763074920134,3.0-4.0%,1.00-1.02,2025-09-05→2025-09-08
2025-09-05,2025-09-08,C,6555.0,0.030136986301369864,166.85857537627024,0.8856391824910779,13.102018624139419,0.23523348935396515,6481.5,6495.150000000001,0.0273972602739726,73.38296581167431,15.048048266475462,-1.8889748410036944,6.989062870318248,1.0108473581084194,3.0-4.0%,1.00-1.02,2025-09-05→2025-09-08
2025-09-05,2025-09-08,P,6555.0,0.030136986301369864,237.16572695595755,-0.11436081750908599,84.69351170299251,-0.7560287124534133,6481.5,6495.150000000001,0.0273972602739726,123.91177269483045,73.30213972427919,-9.638974841000916,-0.8802080750104988,1.0108473581084194,3.0-4.0%,1.00-1.02,2025-09-05→2025-09-08
2025-09-05,2025-09-08,C,6425.0,0.03287671232876712,229.41346043419432,0.9006158691002554,91.14637550413318,0.6708339675287686,6481.5,6495.150000000001,0.0273972602739726,123.9541575852659,95.8951338731913,0.7565933867810202,3.89311634323194,0.9907028750876073,3.0-4.0%,0.98-1.00,2025-09-05→2025-09-08
2025-09-05,2025-09-08,P,6425.0,0.03287671232876712,169.15414531435158,-0.09938413090080088,30.951783178525602,-0.3300489815199893,6481.5,6495.150000000001,0.0273972602739726,44.667824133597556,22.661566833799952,-4.993406613204011,-1.8448314022519643,0.9907028750876073,3.0-4.0%,0.98-1.00,2025-09-05→2025-09-08
2025-09-05,2025-09-08,C,6430.0,0.03287671232876712,232.0515394557343,0.9257937448590133,87.39643918137153,0.6590492869314101,6481.5,6495.150000000001,0.0273972602739726,121.26206943699901,91.96040670069306,0.2629153826739543,3.903977233385884,0.9914738500876755,3.0-4.0%,0.98-1.00,2025-09-05→2025-09-08
2025-09-05,2025-09-08,P,6430.0,0.03287671232876712,176.7892987988709,-0.07420625514183027,32.15184599766053,-0.3416749225354519,6481.5,6495.150000000001,0.0273972602739726,46.96862599819926,23.684531622598797,-5.537084617313973,-1.886137307390892,0.9914738500876755,3.0-4.0%,0.98-1.00,2025-09-05→2025-09-08
2025-09-05,2025-09-08,C,6435.0,0.03287671232876712,220.5051594526359,0.927454361111926,83.74650548279169,0.6467777871799995,6481.5,6495.150000000001,0.0273972602739726,118.70719590047321,88.11785584990412,-0.10975202917829918,3.7214832049926514,0.9922448250877437,3.0-4.0%,0.98-1.00,2025-09-05→2025-09-08
2025-09-05,2025-09-08,P,6435.0,0.03287671232876712,170.23999325873598,-0.0725456388888189,33.401910856396626,-0.35367941741076214,6481.5,6495.150000000001,0.0273972602739726,49.40664247456033,24.75615409317902,-5.7097520291675785,-1.8722759523428998,0.9922448250877437,3.0-4.0%,0.98-1.00,2025-09-05→2025-09-08
2025-09-05,2025-09-08,C,6440.0,0.03287671232876712,209.36940343065075,0.8753101417705995,79.99657198175692,0.634521356813109,6481.5,6495.150000000001,0.0273972602739726,116.02635057845879,84.19558830002006,0.252016564830841,3.5387834795007187,0.9930158000878119,3.0-4.0%,0.98-1.00,2025-09-05→2025-09-08
2025-09-05,2025-09-08,P,6440.0,0.03287671232876712,164.10131169966758,-0.12468985823038437,34.75197867838915,-0.36618167375410265,6481.5,6495.150000000001,0.0273972602739726,51.71868716541544,25.920194899293165,-5.247983435155184,-1.9516201532562985,0.9930158000878119,3.0-4.0%,0.98-1.00,2025-09-05→2025-09-08
2025-09-05,2025-09-08,C,6445.0,0.03287671232876712,226.63521179823005,0.9170758440751524,76.39664128972618,0.6216473771899925,6481.5,6495.150000000001,0.0273972602739726,113.33036756830039,80.40948679029043,-0.6180852716263399,3.414513301356255,0.99378677508788,3.0-4.0%,0.98-1.00,2025-09-05→2025-09-08
2025-09-05,2025-09-08,P,6445.0,0.03287671232876712,186.36419453018868,-0.08292415592565174,36.102047356262574,-0.3789380727727422,6481.5,6495.150000000001,0.0273972602739726,54.01559416813521,27.09082024940699,-5.96808527161481,-1.9274953066518634,0.99378677508788,3.0-4.0%,0.98-1.00,2025-09-05→2025-09-08
2025-09-05,2025-09-08,C,6450.0,0.03287671232876712,217.41586496078207,0.9333985755719469,72.79671226826986,0.6085047656970569,6481.5,6495.150000000001,0.0273972602739726,111.13695720399112,76.63019615520443,-0.9908905565575985,3.443909948234827,0.9945577500879482,3.0-4.0%,0.98-1.00,2025-09-05→2025-09-08
2025-09-05,2025-09-08,P,6450.0,0.03287671232876712,182.1419221556773,-0.06660142442908305,37.45211782214437,-0.3919857954008366,6481.5,6495.150000000001,0.0273972602739726,56.815073816716335,28.267782831966542,-6.2908905565429825,-1.8493938927783695,0.9945577500879482,3.0-4.0%,0.98-1.00,2025-09-05→2025-09-08
2025-09-05,2025-09-08,C,6455.0,0.03287671232876712,201.92832541078351,0.8848729215731154,69.39678672476657,0.5947233336468487,6481.5,6495.150000000001,0.0273972602739726,108.70577504771052,73.03340606061101,-0.6285153794735194,3.3320264957201786,0.9953287250880164,3.0-4.0%,0.98-1.00,2025-09-05→2025-09-08
2025-09-05,2025-09-08,P,6455.0,0.03287671232876712,171.65145706864604,-0.11512707842774358,39.10219279130342,-0.40586211631588615,6481.5,6495.150000000001,0.0273972602739726,59.37678167331207,29.714739519728482,-6.028515379461239,-2.0599821122879343,0.9953287250880164,3.0-4.0%,0.98-1.00,2025-09-05→2025-09-08
2025-09-05,2025-09-08,C,6460.0,0.03287671232876712,219.22926192353475,0.9052120763939677,65.84686141739394,0.5808986099441543,6481.5,6495.150000000001,0.030136986301369864,110.04406890336728,71.72806685899923,2.6438551572218465,7.070733974261977,0.9960997000880846,3.0-4.0%,0.98-1.00,2025-09-05→2025-09-08
2025-09-05,2025-09-08,P,6460.0,0.03287671232876712,193.9494680443006,-0.094787923607014,40.70226861247056,-0.4198956942809624,6481.5,6495.150000000001,0.030136986301369864,64.70720738607103,33.232150517780155,-5.40614484276421,-0.9684237730646368,0.9960997000880846,3.0-4.0%,0.98-1.00,2025-09-05→2025-09-08
2025-09-05,2025-09-08,C,6465.0,0.03287671232876712,214.22646957230003,0.9255746761304412,62.596940524284946,0.5663601130105874,6481.5,6495.150000000001,0.030136986301369864,107.92429698397862,68.28313523066072,2.0659056708189834,6.969184457405182,0.9968706750881527,3.0-4.0%,0.98-1.00,2025-09-05→2025-09-08
2025-09-05,2025-09-08,P,6465.0,0.03287671232876712,193.9437501560237,-0.07442532387046591,42.402347228814506,-0.4343375578160134,6481.5,6495.150000000001,0.030136986301369864,67.57955089894539,34.74106319302746,-6.034094329168104,-1.1212923358111846,0.9968706750881527,3.0-4.0%,0.98-1.00,2025-09-05→2025-09-08
2025-09-05,2025-09-08,C,6470.0,0.03287671232876712,199.99753462273713,0.9036699722374415,59.397020059656825,0.5515165477005797,6481.5,6495.150000000001,0.030136986301369864,105.66940336812279,64.88766503187571,2.014904878958431,6.821799123886788,0.9976416500882209,3.0-4.0%,0.98-1.00,2025-09-05→2025-09-08
2025-09-05,2025-09-08,P,6470.0,0.03287671232876712,184.7118896694239,-0.09633002776341745,44.00242566711586,-0.4489843131897056,6481.5,6495.150000000001,0.030136986301369864,70.3167727153623,36.15809237640997,-5.885095121029302,-1.0713641249602759,0.9976416500882209,3.0-4.0%,0.98-1.00,2025-09-05→2025-09-08
2025-09-05,2025-09-08,C,6475.0,0.03287671232876712,206.57008023763382,0.8866409444063003,56.147101741468305,0.5364173715144668,6481.5,6495.150000000001,0.030136986301369864,103.33278952819421,61.44740159526373,1.9973511088535183,6.777902878827237,0.9984126250882891,3.0-4.0%,0.98-1.00,2025-09-05→2025-09-08
2025-09-05,2025-09-08,P,6475.0,0.03287671232876712,196.28150974725304,-0.11335905559451696,45.90250795830161,-0.4641958848202139,6481.5,6495.150000000001,0.030136986301369864,72.97227430769122,37.85896963365758,-6.1026488911347805,-1.3137261722038254,0.9984126250882891,3.0-4.0%,0.98-1.00,2025-09-05→2025-09-08
2025-09-05,2025-09-08,C,6480.0,0.03287671232876712,210.5926029224542,0.9154456399781151,53.1471849916511,0.5208880363329227,6481.5,6495.150000000001,0.030136986301369864,101.23022996280699,58.24556302354813,1.2041670142982177,6.5898783040553095,0.9991836000883573,3.0-4.0%,0.98-1.00,2025-09-05→2025-09-08
2025-09-05,2025-09-08,P,6480.0,0.03287671232876712,205.30110689500674,-0.08455436002274594,47.75259090955251,-0.47967195689254954,6481.5,6495.150000000001,0.030136986301369864,75.86183017455876,39.515148171816236,-6.695832985689473,-1.3024777884164385,0.9991836000883573,3.0-4.0%,0.98-1.00,2025-09-05→2025-09-08
2025-09-05,2025-09-08,C,6485.0,0.03287671232876712,198.40566864585304,0.9205680809192179,50.097271031334,0.5050852175608238,6481.5,6495.150000000001,0.030136986301369864,99.31172808662842,54.999105780112586,0.8842456954521687,6.555586780294475,0.9999545750884254,3.0-4.0%,0.98-1.00,2025-09-05→2025-09-08
2025-09-05,2025-09-08,P,6485.0,0.03287671232876712,198.11124708137035,-0.07943191908159489,49.802677097869946,-0.49550023240191077,6481.5,6495.150000000001,0.030136986301369864,78.93544373063591,41.36348757650785,-7.2657543045361805,-1.5864218277136422,0.9999545750884254,3.0-4.0%,0.98-1.00,2025-09-05→2025-09-08
2025-09-05,2025-09-08,C,6490.0,0.03287671232876712,181.20858376587205,0.8532660165125845,47.1973578123534,0.4889793283531291,6481.5,6495.150000000001,0.030136986301369864,97.21417290942576,51.89811144438727,1.4029188746027526,6.375432167979518,1.0007255500884937,3.0-4.0%,1.00-1.02,2025-09-05→2025-09-08
2025-09-05,2025-09-08,P,6490.0,0.03287671232876712,185.91123666432506,-0.14673398348830516,51.902763878889346,-0.5116061216096054,6481.5,6495.150000000001,0.030136986301369864,81.83000398571002,43.26249324078344,-6.6470811253845525,-1.6665764400286056,1.0007255500884937,3.0-4.0%,1.00-1.02,2025-09-05→2025-09-08
2025-09-05,2025-09-08,C,6495.0,0.03287671232876712,205.9270926298364,0.9047867940601908,44.39744642788082,0.47262061553740586,6481.5,6495.150000000001,0.030136986301369864,95.00033576279658,48.89587237103433,0.2996602610779,6.19872859791415,1.001496525088562,3.0-4.0%,1.00-1.02,2025-09-05→2025-09-08
2025-09-05,2025-09-08,P,6495.0,0.03287671232876712,215.6268199911878,-0.09521320594082594,54.10285249441722,-0.5279648344253283,6481.5,6495.150000000001,0.030136986301369864,84.60828227133698,45.26025416743005,-7.700339738907674,-1.793280010093981,1.001496525088562,3.0-4.0%,1.00-1.02,2025-09-05→2025-09-08
2025-09-05,2025-09-08,C,6500.0,0.03287671232876712,197.17798336973513,0.9235011321332164,41.74753556869382,0.45610100651690805,6481.5,6495.150000000001,0.030136986301369864,93.4386099332839,46.04133065748556,-0.40579045361890564,5.974221261043959,1.00226750008863,3.0-4.0%,1.00-1.02,2025-09-05→2025-09-08
2025-09-05,2025-09-08,P,6500.0,0.03287671232876712,211.8747851940586,-0.07649886786769737,56.352942208694,-0.5445910172746535,6481.5,6495.150000000001,0.030136986301369864,88.03867187409689,47.30918008682829,-8.355790453605888,-1.966332614200681,1.00226750008863,3.0-4.0%,1.00-1.02,2025-09-05→2025-09-08
2025-09-05,2025-09-08,C,6505.0,0.03287671232876712,181.13366046782053,0.8790118681926116,39.097626453369685,0.4393006508404926,6481.5,6495.150000000001,0.030136986301369864,91.60728147267864,43.19035218465342,-0.14851200082962634,5.853546116027038,1.0030384750886983,3.0-4.0%,1.00-1.02,2025-09-05→2025-09-08
2025-09-05,2025-09-08,P,6505.0,0.03287671232876712,200.8275367550975,-0.12098813180826491,58.703033290490566,-0.5614274413154884,6481.5,6495.150000000001,0.030136986301369864,91.19945884574993,49.457759526885184,-8.098512000817118,-2.0865154260432774,1.0030384750886983,3.0-4.0%,1.00-1.02,2025-09-05→2025-09-08
2025-09-05,2025-09-08,C,6510.0,0.03287671232876712,198.2595611651388,0.8891892940529095,36.54771814077503,0.4223306144950752,6481.5,6495.150000000001,0.030136986301369864,89.61858040354701,40.43967469843619,-0.6374338638227002,5.735187112141993,1.0038094500887664,3.0-4.0%,1.00-1.02,2025-09-05→2025-09-08
2025-09-05,2025-09-08,P,6510.0,0.03287671232876712,222.9505119153222,-0.1108107059480613,61.20312469288592,-0.5783447173447736,6481.5,6495.150000000001,0.030136986301369864,94.20287320887259,51.75534791430937,-8.737433863808903,-2.3555946082435257,1.0038094500887664,3.0-4.0%,1.00-1.02,2025-09-05→2025-09-08
2025-09-05,2025-09-08,C,6515.0,0.03287671232876712,196.04824752158444,0.9136467355142067,34.147809938032424,0.40534040655522346,6481.5,6495.150000000001,0.030136986301369864,88.0867588527368,37.83885771196992,-1.371277939769426,5.567103450520973,1.0045804250888346,3.0-4.0%,1.00-1.02,2025-09-05→2025-09-08
2025-09-05,2025-09-08,P,6515.0,0.03287671232876712,225.73627273472232,-0.08635326448672889,63.80321659292531,-0.595353945965618,6481.5,6495.150000000001,0.030136986301369864,97.66316709032735,54.154310444588646,-9.471277939756096,-2.523418637568982,1.0045804250888346,3.0-4.0%,1.00-1.02,2025-09-05→2025-09-08
2025-09-05,2025-09-08,C,6520.0,0.03287671232876712,182.06102336149013,0.902259324806041,31.79790270618696,0.3881740212456712,6481.5,6495.150000000001,0.030136986301369864,86.51985981440686,35.29088108808537,-1.6658397836029497,5.3514246099963785,1.0053514000889028,3.0-4.0%,1.00-1.02,2025-09-05→2025-09-08
2025-09-05,2025-09-08,P,6520.0,0.03287671232876712,216.74612303759457,-0.09774067519485524,66.35331086486758,-0.6127984290301652,6481.5,6495.150000000001,0.030136986301369864,101.08838348424895,56.507799849302955,-9.565839783590164,-2.535301443737902,1.0053514000889028,3.0-4.0%,1.00-1.02,2025-09-05→2025-09-08
2025-09-05,2025-09-08,C,6525.0,0.03287671232876712,181.0413507954309,0.8618336647296841,29.54799603136962,0.3709646311318864,6481.5,6495.150000000001,0.030136986301369864,84.84211191713287,32.845051912906,-1.464029523560658,5.236332785049549,1.006122375088971,3.0-4.0%,1.00-1.02,2025-09-05→2025-09-08
2025-09-05,2025-09-08,P,6525.0,0.03287671232876712,220.72352493446056,-0.1381663352712099,69.20340291183811,-0.6297699797373357,6481.5,6495.150000000001,0.030136986301369864,104.4027510192464,59.160059678783,-9.564029523547912,-2.8536397765850268,1.006122375088971,3.0-4.0%,1.00-1.02,2025-09-05→2025-09-08
2025-09-05,2025-09-08,C,6530.0,0.03287671232876712,194.25717576691108,0.9018803114257125,27.448087718617444,0.35392718111757887,6481.5,6495.150000000001,0.030136986301369864,83.19563758545799,30.551545904042086,-2.5106662509614672,4.968893977744856,1.0068933500890391,3.0-4.0%,1.00-1.02,2025-09-05→2025-09-08
2025-09-05,2025-09-08,P,6530.0,0.03287671232876712,238.93642436889064,-0.09811968857512234,72.05349562232914,-0.646998323009651,6481.5,6495.150000000001,0.030136986301369864,107.74839211984568,61.816739522445914,-10.460666250949524,-2.9684728909179086,1.0068933500890391,3.0-4.0%,1.00-1.02,2025-09-05→2025-09-08
2025-09-05,2025-09-08,C,6535.0,0.03287671232876712,183.42607208539778,0.9199797591155955,25.44817926868427,0.336981565705328,6481.5,6495.150000000001,0.0273972602739726,78.61956140834708,26.302091929543167,-6.207723711928379,1.75020162812209,1.0076643250891073,3.0-4.0%,1.00-1.02,2025-09-05→2025-09-08
2025-09-05,2025-09-08,P,6535.0,0.03287671232876712,233.10239515032248,-0.0800202408852568,75.00358843755566,-0.6641782441619647,6481.5,6495.150000000001,0.0273972602739726,109.17680823999525,62.84186157999011,-11.5577237119162,-3.583966967188818,1.0076643250891073,3.0-4.0%,1.00-1.02,2025-09-05→2025-09-08
2025-09-05,2025-09-08,C,6540.0,0.03287671232876712,166.29390631621388,0.8564533766722253,23.24827678252791,0.3188947130680264,6481.5,6495.150000000001,0.0273972602739726,77.17465311351256,23.98512651981855,-5.340588591576342,1.9970871666212666,1.0084353000891755,3.0-4.0%,1.00-1.02,2025-09-05→2025-09-08
2025-09-05,2025-09-08,P,6540.0,0.03287671232876712,220.96730384410557,-0.14354662332852178,79.5036482069745,-0.6752513143784679,6481.5,6495.150000000001,0.0273972602739726,112.72478995804067,67.13153875678472,-12.440588591565605,-5.18281955873355,1.0084353000891755,3.0-4.0%,1.00-1.02,2025-09-05→2025-09-08
2025-09-05,2025-09-08,C,6545.0,0.03287671232876712,189.93989529145327,0.8873527496713001,21.398368738428644,0.3019147644775449,6481.5,6495.150000000001,0.0273972602739726,75.5095283923771,22.012050243905833,-6.212365033013729,1.7788634648813497,1.0092062750892437,3.0-4.0%,1.00-1.02,2025-09-05→2025-09-08
2025-09-05,2025-09-08,P,6545.0,0.03287671232876712,249.61036728223107,-0.11264725032966846,82.7037359157166,-0.6913286951977657,6481.5,6495.150000000001,0.0273972602739726,116.05255524977794,70.20885284267843,-13.212365032999964,-5.31336331055012,1.0092062750892437,3.0-4.0%,1.00-1.02,2025-09-05→2025-09-08
2025-09-05,2025-09-08,C,6550.0,0.03287671232876712,184.72094642448693,0.9101781982133664,19.64845939328643,0.28513602651761893,6481.5,6495.150000000001,0.0273972602739726,74.49012900820232,20.1471722775143,-6.873932405612948,1.6578932380343465,1.0099772500893118,3.0-4.0%,1.00-1.02,2025-09-05→2025-09-08
2025-09-05,2025-09-08,P,6550.0,0.03287671232876712,249.3884928782107,-0.08982180178768984,85.90382321831385,-0.7076309282450486,6481.5,6495.150000000001,0.0273972602739726,120.02604587847904,73.29928336418106,-13.973932405597989,-5.540837829454704,1.0099772500893118,3.0-4.0%,1.00-1.02,2025-09-05→2025-09-08
2025-09-05,2025-09-08,C,6555.0,0.03287671232876712,169.70652022213747,0.886085512126483,18.198542505399473,0.26975557805799905,6481.5,6495.150000000001,0.0273972602739726,73.38296581167431,18.580996838388273,-6.9950672405269785,1.4178363595081636,1.01074822508938,3.0-4.0%,1.00-1.02,2025-09-05→2025-09-08
2025-09-05,2025-09-08,P,6555.0,0.03287671232876712,239.37114113883848,-0.11391448787439126,89.20391006343743,-0.723704257229407,6481.5,6495.150000000001,0.0273972602739726,123.91177269483045,76.4974303676754,-14.1450672405145,-5.8214368888182015,1.01074822508938,3.0-4.0%,1.00-1.02,2025-09-05→2025-09-08
