asof0,asof1,cp,K,T,price0_pde,delta0_pde,price0_bsm,delta0_bsm,S0,S1,T1,price1_pde,price1_bsm,pnl_pde,pnl_bsm,m,T_bucket,m_bucket,pair
2025-09-08,2025-09-09,C,6440.0,0.005479452054794521,77.4394002945202,0.7492744737049175,64.50000000314321,0.8469016659670437,6495.150000000001,6512.610000000001,0.005479452054794521,85.97690691410239,79.83785066356904,11.267667689112107,9.56309691221538,0.9908073387437978,<1.0%,0.98-1.00,2025-09-08→2025-09-09
2025-09-08,2025-09-09,P,6440.0,0.005479452054794521,17.731686536302565,-0.2507255262949518,4.650000009703831,-0.15208040908400972,6495.150000000001,6512.610000000001,0.005479452054794521,0.49805860013488,2.544657465871751,4.6776676891098665,2.9553239426068143,0.9908073387437978,<1.0%,0.98-1.00,2025-09-08→2025-09-09
2025-09-08,2025-09-09,C,6445.0,0.005479452054794521,74.04616475203605,0.7359828629192895,59.999999740749445,0.8310937436520005,6495.150000000001,6512.610000000001,0.005479452054794521,81.18523760714547,75.1135862020501,12.799739213429184,11.139103235836046,0.9915765990999654,<1.0%,0.98-1.00,2025-09-08→2025-09-09
2025-09-08,2025-09-09,P,6445.0,0.005479452054794521,19.334912396182435,-0.2640171370805617,5.150000028283785,-0.16796221119786323,6495.150000000001,6512.610000000001,0.005479452054794521,0.6963979513160414,2.8196174122639377,4.8097392134266155,3.132620207514697,0.9915765990999654,<1.0%,0.98-1.00,2025-09-08→2025-09-09
2025-09-08,2025-09-09,C,6450.0,0.005479452054794521,70.67251947679271,0.7277163875814967,55.55000030098563,0.8137057708082985,6495.150000000001,6512.610000000001,0.005479452054794521,76.40713534753627,70.41620039107693,11.444071872827033,9.94269724168707,0.992345859456133,<1.0%,0.98-1.00,2025-09-08→2025-09-09
2025-09-08,2025-09-09,P,6450.0,0.005479452054794521,20.957728523295128,-0.2722836124184456,5.800000300986994,-0.18700244994104426,6495.150000000001,6512.610000000001,0.005479452054794521,0.908304349847603,3.193834856793501,4.8040718728260705,3.3150627759706395,0.992345859456133,<1.0%,0.98-1.00,2025-09-08→2025-09-09
2025-09-08,2025-09-09,C,6455.0,0.005479452054794521,67.33661019218668,0.7064636310268855,51.30000000001655,0.7924482556378637,6495.150000000001,6512.610000000001,0.005479452054794521,71.65326460052184,65.85500248139215,11.565145002270546,10.063853456562862,0.9931151198123005,<1.0%,0.98-1.00,2025-09-08→2025-09-09
2025-09-08,2025-09-09,P,6455.0,0.005479452054794521,22.61828064105374,-0.29353636897297886,6.450000000036425,-0.20680093994107818,6495.150000000001,6512.610000000001,0.005479452054794521,1.1444422609730722,3.5588576377683694,5.025145002268222,3.510744411371233,0.9931151198123005,<1.0%,0.98-1.00,2025-09-08→2025-09-09
2025-09-08,2025-09-09,C,6460.0,0.005479452054794521,64.24450659708876,0.6841847918367195,47.04999997044433,0.770366504536497,6495.150000000001,6512.610000000001,0.005479452054794521,67.08399735930519,61.28360385988253,11.754133534530855,10.249400830792737,0.993884380168468,<1.0%,0.98-1.00,2025-09-08→2025-09-09
2025-09-08,2025-09-09,P,6460.0,0.005479452054794521,24.522638448316204,-0.31581520816315956,7.249999963315531,-0.22966727623541053,6495.150000000001,6512.610000000001,0.005479452054794521,1.5651836778995791,4.023711087030847,5.114133534528777,3.609990643070276,0.993884380168468,<1.0%,0.98-1.00,2025-09-08→2025-09-09
2025-09-08,2025-09-09,C,6465.0,0.005479452054794521,61.2543437742563,0.6845976966294613,42.900000183991324,0.745913579497521,6495.150000000001,6512.610000000001,0.005479452054794521,62.53598892712804,56.77450095549284,11.546924216849588,10.476348901973264,0.9946536405246356,<1.0%,0.98-1.00,2025-09-08→2025-09-09
2025-09-08,2025-09-09,P,6465.0,0.005479452054794521,26.528937027845554,-0.31540230337042247,8.100000214585862,-0.25417879114595626,6495.150000000001,6512.610000000001,0.005479452054794521,2.0071839038615154,4.51392362890374,4.906924216847586,3.8379616934084044,0.9946536405246356,<1.0%,0.98-1.00,2025-09-08→2025-09-09
2025-09-08,2025-09-09,C,6470.0,0.005479452054794521,58.210882704968114,0.6626165339425283,38.850000000104046,0.7190686182895507,6495.150000000001,6512.610000000001,0.005479452054794521,57.998767783265336,52.32707833327004,11.680715317363433,10.695061924664419,0.9954229008808031,<1.0%,0.98-1.00,2025-09-08→2025-09-09
2025-09-08,2025-09-09,P,6470.0,0.005479452054794521,28.481937360918778,-0.3373834660573197,9.100000000105183,-0.2816396024597821,6495.150000000001,6512.610000000001,0.005479452054794521,2.459971418142817,5.104712798986611,4.990715317360815,4.017427458947806,0.9954229008808031,<1.0%,0.98-1.00,2025-09-08→2025-09-09
2025-09-08,2025-09-09,C,6475.0,0.005479452054794521,55.43314525408591,0.6392616201679926,34.94999972603546,0.68929349675486,6495.150000000001,6512.610000000001,0.005479452054794521,53.71655398355664,47.980048420652565,11.68849211186682,10.814935546660115,0.9961921612369706,<1.0%,0.98-1.00,2025-09-08→2025-09-09
2025-09-08,2025-09-09,P,6475.0,0.005479452054794521,30.70066131239921,-0.3607383798319002,10.199999726035003,-0.31141472399447,6495.150000000001,6512.610000000001,0.005479452054794521,3.167766276574003,5.757682886369594,4.99849211186499,4.137301080943457,0.9961921612369706,<1.0%,0.98-1.00,2025-09-08→2025-09-09
2025-09-08,2025-09-09,C,6480.0,0.005479452054794521,52.83551732607924,0.6354397074265651,31.249999999628017,0.6563141704469504,6495.150000000001,6512.610000000001,0.005479452054794521,49.540550754745915,43.77534959058721,11.305222708332149,10.94075458399622,0.9969614215931382,<1.0%,0.98-1.00,2025-09-08→2025-09-09
2025-09-08,2025-09-09,P,6480.0,0.005479452054794521,33.09949478675322,-0.3645602925733427,11.499999999628017,-0.34439405030237713,6495.150000000001,6512.610000000001,0.005479452054794521,3.9817717059061435,6.552984056303558,4.665222708330578,4.313120118279518,0.9969614215931382,<1.0%,0.98-1.00,2025-09-08→2025-09-09
2025-09-08,2025-09-09,C,6485.0,0.005479452054794521,50.208722876909405,0.618913383816658,27.650000027247188,0.6211077444752349,6495.150000000001,6512.610000000001,0.005479452054794521,45.39251444123248,39.63286475388304,11.543772318561132,11.505458781462378,0.9977306819493057,<1.0%,0.98-1.00,2025-09-08→2025-09-09
2025-09-08,2025-09-09,P,6485.0,0.005479452054794521,35.46916173994561,-0.3810866161832286,12.900000027247188,-0.37960047627409343,6495.150000000001,6512.610000000001,0.005479452054794521,4.8237440505313405,7.410499219599842,4.503772318559185,4.477824315745685,0.9977306819493057,<1.0%,0.98-1.00,2025-09-08→2025-09-09
2025-09-08,2025-09-09,C,6490.0,0.005479452054794521,47.725758083904864,0.5959833783657353,24.300000000011096,0.5828299019095284,6495.150000000001,6512.610000000001,0.005479452054794521,41.41112976185117,35.679349180347344,9.944130213734244,10.173789912659617,0.9984999423054733,<1.0%,0.98-1.00,2025-09-08→2025-09-09
2025-09-08,2025-09-09,P,6490.0,0.005479452054794521,37.98265834930099,-0.4040166216341649,14.550000000011096,-0.41787831883979987,6495.150000000001,6512.610000000001,0.005479452054794521,5.832368029292121,8.456983646063236,4.304130213732534,4.546155446942921,0.9984999423054733,<1.0%,0.98-1.00,2025-09-08→2025-09-09
2025-09-08,2025-09-09,C,6495.0,0.005479452054794521,45.486521151665976,0.5802076303209985,21.09999998230296,0.5423215296163792,6495.150000000001,6512.610000000001,0.005479452054794521,37.749676662635046,31.832848857185127,10.619574774595344,11.281066092897998,0.9992692026616409,<1.0%,0.98-1.00,2025-09-08→2025-09-09
2025-09-08,2025-09-09,P,6495.0,0.005479452054794521,40.73988281942654,-0.41979236967886496,16.349999982303416,-0.4583866911329492,6495.150000000001,6512.610000000001,0.005479452054794521,7.160923588217846,9.610483322902837,3.8795747745929967,4.553431627181309,0.9992692026616409,<1.0%,0.98-1.00,2025-09-08→2025-09-09
2025-09-08,2025-09-09,C,6500.0,0.005479452054794521,43.304717682998294,0.5765871208908533,18.150000323870245,0.4995820926640214,6495.150000000001,6512.610000000001,0.005479452054794521,34.125976295767394,28.185377988123946,9.93278886924568,11.277296662086167,1.0000384630178083,<1.0%,1.00-1.02,2025-09-08→2025-09-09
2025-09-08,2025-09-09,P,6500.0,0.005479452054794521,43.55454075311948,-0.42341287910904796,18.40000032386979,-0.501126128085307,6495.150000000001,6512.610000000001,0.005479452054794521,8.527231879490081,10.963012453840747,3.1927888692439934,4.5496621963694786,1.0000384630178083,<1.0%,1.00-1.02,2025-09-08→2025-09-09
2025-09-08,2025-09-09,C,6505.0,0.005479452054794521,41.15283473274289,0.5553729432129396,15.349999933799609,0.45498855580314956,6495.150000000001,6512.610000000001,0.005479452054794521,30.48118366568019,24.64835408370118,9.353188411502051,11.105899815676988,1.0008077233739758,<1.0%,1.00-1.02,2025-09-08→2025-09-09
2025-09-08,2025-09-09,P,6505.0,0.005479452054794521,46.39911920522459,-0.4446270567869184,20.649999935381402,-0.5455849519259048,6495.150000000001,6512.610000000001,0.005479452054794521,9.872447907546203,12.474564687477596,2.7631884114996126,4.52591326062632,1.0008077233739758,<1.0%,1.00-1.02,2025-09-08→2025-09-09
2025-09-08,2025-09-09,C,6510.0,0.005479452054794521,39.25858761092938,0.5317367259773217,12.850000000146792,0.40921811170084793,6495.150000000001,6512.610000000001,0.005479452054794521,27.423593402569658,21.370439016835007,9.01587676443594,11.155051769703178,1.0015769837301434,<1.0%,1.00-1.02,2025-09-08→2025-09-09
2025-09-08,2025-09-09,P,6510.0,0.005479452054794521,49.50133348577357,-0.468263274022567,23.100000000147702,-0.5914901090484743,6495.150000000001,6512.610000000001,0.005479452054794521,11.804866302576231,14.148073482552718,2.2758767644340345,4.427417303986381,1.0015769837301434,<1.0%,1.00-1.02,2025-09-08→2025-09-09
2025-09-08,2025-09-09,C,6515.0,0.005479452054794521,37.528546612622705,0.5377114895373485,10.599999999991269,0.36294457029664096,6495.150000000001,6512.610000000001,0.005479452054794521,24.412361508324643,18.314620127487615,7.911557392677873,10.962987802620633,1.0023462440863111,<1.0%,1.00-1.02,2025-09-08→2025-09-09
2025-09-08,2025-09-09,P,6515.0,0.005479452054794521,52.767753889827475,-0.46228851046256697,25.84999999999218,-0.6377636504526857,6495.150000000001,6512.610000000001,0.005479452054794521,13.7836430664716,16.09225459320487,1.1715573926764336,4.235353336903913,1.0023462440863111,<1.0%,1.00-1.02,2025-09-08→2025-09-09
2025-09-08,2025-09-09,C,6520.0,0.005479452054794521,35.76816639292239,0.5184198940936464,8.599999862050936,0.3169010709205671,6495.150000000001,6512.610000000001,0.005479452054794521,21.38393711510333,15.491773740734516,7.1483886491249145,10.666907301726887,1.0031155044424787,<1.0%,1.00-1.02,2025-09-08→2025-09-09
2025-09-08,2025-09-09,P,6520.0,0.005479452054794521,56.0038350724893,-0.48158010590621053,28.799999847204163,-0.6843836834061574,6495.150000000001,6512.610000000001,0.005479452054794521,15.745227331392895,18.213321388645,0.408388649122454,3.9493391122715327,1.0031155044424787,<1.0%,1.00-1.02,2025-09-08→2025-09-09
2025-09-08,2025-09-09,C,6525.0,0.005479452054794521,34.19793207808571,0.4967485691491539,6.900000002528259,0.2726352764044122,6495.150000000001,6512.610000000001,0.005479452054794521,18.68888132943691,12.973801586235822,6.276769982655756,10.189788073978953,1.0038847647986462,<1.0%,1.00-1.02,2025-09-08→2025-09-09
2025-09-08,2025-09-09,P,6525.0,0.005479452054794521,59.43006216001379,-0.5032514308507353,32.10000000309992,-0.7288149441888206,6495.150000000001,6512.610000000001,0.005479452054794521,18.04018020386686,20.69219197789971,-0.31323001734614486,3.625108925536834,1.0038847647986462,<1.0%,1.00-1.02,2025-09-08→2025-09-09
2025-09-08,2025-09-09,C,6530.0,0.005479452054794521,32.78567694124773,0.4912023876525442,5.449999954600344,0.2306726805196053,6495.150000000001,6512.610000000001,0.005479452054794521,16.28227868931385,10.723950224840337,5.12360631158656,9.672454998127684,1.0046540251548137,<1.0%,1.00-1.02,2025-09-08→2025-09-09
2025-09-08,2025-09-09,P,6530.0,0.005479452054794521,63.0142684255392,-0.508797612347325,35.64999993976653,-0.7709516952699734,6495.150000000001,6512.610000000001,0.005479452054794521,20.623586221885382,23.43881050624759,-1.4663936884156854,3.1108165994137664,1.0046540251548137,<1.0%,1.00-1.02,2025-09-08→2025-09-09
2025-09-08,2025-09-09,C,6535.0,0.005479452054794521,31.39113355857376,0.4854929120312511,4.250000085528882,0.1920993981472761,6495.150000000001,6512.610000000001,0.005479452054794521,13.938303714089418,8.762780333149749,3.9232937559343366,9.045944508348551,1.0054232855109813,<1.0%,1.00-1.02,2025-09-08→2025-09-09
2025-09-08,2025-09-09,P,6535.0,0.005479452054794521,66.61618644522504,-0.5145070879686335,39.450000133921094,-0.8097043105810323,6495.150000000001,6512.610000000001,0.005479452054794521,23.26961990480259,26.473756666484405,-2.5167062440676435,2.63743726274485,1.0054232855109813,<1.0%,1.00-1.02,2025-09-08→2025-09-09
2025-09-08,2025-09-09,C,6540.0,0.005479452054794521,30.06850976024789,0.4669557406962249,3.3000000009928954,0.15817216074549392,6495.150000000001,6512.610000000001,0.005479452054794521,11.61402696073866,7.116311089275541,2.8969527674438975,8.28831407338367,1.0061925458671488,<1.0%,1.00-1.02,2025-09-08→2025-09-09
2025-09-08,2025-09-09,P,6540.0,0.005479452054794521,70.29002404926153,-0.533044259303705,43.500000002527486,-0.8438072946963446,6495.150000000001,6512.610000000001,0.005479452054794521,25.935351809592177,29.82318899997881,-3.8430472325572893,1.582875365398209,1.0061925458671488,<1.0%,1.00-1.02,2025-09-08→2025-09-09
2025-09-08,2025-09-09,C,6545.0,0.005479452054794521,28.921959344885366,0.44687782331772896,2.5500000005760057,0.1288731065286725,6495.150000000001,6512.610000000001,0.005479452054794521,9.813362972816625,5.742044867955428,1.8475132048724348,7.399875560009372,1.0069618062233163,<1.0%,1.00-1.02,2025-09-08→2025-09-09
2025-09-08,2025-09-09,P,6545.0,0.005479452054794521,74.13993503626203,-0.5531221766821455,47.8000000005768,-0.8718351142206408,6495.150000000001,6512.610000000001,0.005479452054794521,29.124696479812965,33.519679333673594,-4.892486795129717,0.6722410942924224,1.0069618062233163,<1.0%,1.00-1.02,2025-09-08→2025-09-09
2025-09-08,2025-09-09,C,6550.0,0.005479452054794521,27.792463866550086,0.4563298033487257,1.9250001008906565,0.10283736938955507,6495.150000000001,6512.610000000001,0.005479452054794521,8.094825780356382,4.546635799689511,0.35748163353123186,6.5294595304583645,1.0077310665794839,<1.0%,1.00-1.02,2025-09-08→2025-09-09
2025-09-08,2025-09-09,P,6550.0,0.005479452054794521,78.00690096028579,-0.543670196651146,52.049999998032035,-0.901977837282377,6495.150000000001,6512.610000000001,0.005479452054794521,32.39616794549283,37.1236118739389,-6.25751836647097,-0.0014669610496653718,1.0077310665794839,<1.0%,1.00-1.02,2025-09-08→2025-09-09
2025-09-08,2025-09-09,C,6555.0,0.005479452054794521,26.749304250043586,0.4419343040989455,1.4499999996155566,0.08137228043950787,6495.150000000001,6512.610000000001,0.005479452054794521,6.394359647753959,3.582721922738301,-0.6161729495676047,5.67923998352619,1.0085003269356514,<1.0%,1.00-1.02,2025-09-08→2025-09-09
2025-09-08,2025-09-09,P,6555.0,0.005479452054794521,81.96020274614193,-0.5580656959009109,56.400000000001455,-0.9306365497372976,6495.150000000001,6512.610000000001,0.005479452054794521,35.6857104710307,40.83880631783086,-7.106172949570077,-0.6010858415867517,1.0085003269356514,<1.0%,1.00-1.02,2025-09-08→2025-09-09
2025-09-08,2025-09-09,C,6560.0,0.005479452054794521,25.856099095269943,0.42281467451090304,1.0999999999911552,0.06430759028302822,6495.150000000001,6512.610000000001,0.005479452054794521,5.123278769973629,2.8282165100891916,-1.3823442169603828,4.877189473658325,1.009269587291819,<1.0%,1.00-1.02,2025-09-08→2025-09-09
2025-09-08,2025-09-09,P,6560.0,0.005479452054794521,86.06345899373133,-0.5771853254889917,60.9999999839265,-0.9510769972783687,6495.150000000001,6512.610000000001,0.005479452054794521,39.40463825139204,44.95169329773125,-6.772344216962178,-0.24419562751964108,1.009269587291819,<1.0%,1.00-1.02,2025-09-08→2025-09-09
2025-09-08,2025-09-09,C,6565.0,0.005479452054794521,24.999351333504766,0.42585159690571295,0.8249999994621362,0.05019065503932601,6495.150000000001,6512.610000000001,0.005479452054794521,4.032718906008524,2.2086503711987007,-2.460368881973764,4.098671163013366,1.0100388476479865,<1.0%,1.00-1.02,2025-09-08→2025-09-09
2025-09-08,2025-09-09,P,6565.0,0.005479452054794521,90.20317263432376,-0.574148403094126,65.8000000437114,-0.9629244955792435,6495.150000000001,6512.610000000001,0.005479452054794521,43.30408704556997,49.4425942462849,-8.97536888197654,-2.187338307186373,1.0100388476479865,<1.0%,1.00-1.02,2025-09-08→2025-09-09
2025-09-08,2025-09-09,C,6570.0,0.005479452054794521,24.236113960221324,0.4211920688619388,0.6250000070123178,0.03928008163657488,6495.150000000001,6512.610000000001,0.005479452054794521,3.037501851053365,1.7324568985942506,-3.279013522329466,3.3891697746254015,1.010808108004154,<1.0%,1.00-1.02,2025-09-08→2025-09-09
2025-09-08,2025-09-09,P,6570.0,0.005479452054794521,94.43639666340658,-0.5788079311379428,70.59999995121052,-0.9749030620831509,6495.150000000001,6512.610000000001,0.005479452054794521,47.29887864875554,53.928604087474014,-9.794013522331488,-2.8781925360281413,1.010808108004154,<1.0%,1.00-1.02,2025-09-08→2025-09-09
2025-09-08,2025-09-09,C,6440.0,0.00821917808219178,86.8727547773514,0.7346795921116472,71.01301297750615,0.776142167835426,6495.150000000001,6512.610000000001,0.005479452054794521,85.97690691410239,80.19465398266311,5.022494321730607,4.298557749593428,0.9906980863281526,<1.0%,0.98-1.00,2025-09-08→2025-09-09
2025-09-08,2025-09-09,P,6440.0,0.00821917808219178,26.45543019166348,-0.26532040788808964,10.496239870783256,-0.22421493134835244,6495.150000000001,6512.610000000001,0.005479452054794521,0.49805860013488,4.003369638266577,-0.9175056782739457,-1.6352072986577588,0.9906980863281526,<1.0%,0.98-1.00,2025-09-08→2025-09-09
2025-09-08,2025-09-09,C,6445.0,0.00821917808219178,83.75388075150146,0.7242085160312696,67.31267678488075,0.7560837394222043,6495.150000000001,6512.610000000001,0.005479452054794521,81.18523760714547,75.92247851964203,5.705319310094016,5.1487779096882935,0.9914672618610161,<1.0%,0.98-1.00,2025-09-08→2025-09-09
2025-09-08,2025-09-09,P,6445.0,0.00821917808219178,28.332466628092288,-0.27579148396847836,11.29597482209806,-0.24003122008789185,6495.150000000001,6512.610000000001,0.005479452054794521,0.6963979513160414,4.442564260483778,-1.1346806899103585,-1.7590548972654005,0.9914672618610161,<1.0%,0.98-1.00,2025-09-08→2025-09-09
2025-09-08,2025-09-09,C,6450.0,0.00821917808219178,80.65313027073624,0.7187287364386716,62.81244715143475,0.7423855576020261,6495.150000000001,6512.610000000001,0.005479452054794521,76.40713534753627,71.20422008463538,4.350996261780759,3.9379481642685885,0.9922364373938796,<1.0%,0.98-1.00,2025-09-08→2025-09-09
2025-09-08,2025-09-09,P,6450.0,0.00821917808219178,30.227626609599877,-0.2812712635611481,12.295673127932105,-0.2580280399008576,6495.150000000001,6512.610000000001,0.005479452054794521,0.908304349847603,5.011138393735678,-1.5390037382223447,-1.9448304233310179,0.9922364373938796,<1.0%,0.98-1.00,2025-09-08→2025-09-09
2025-09-08,2025-09-09,C,6455.0,0.00821917808219178,77.6127843525905,0.702222186615243,58.812138375044015,0.7239763030150895,6495.150000000001,6512.610000000001,0.005479452054794521,71.65326460052184,66.79141143124707,4.139200621697823,3.7593737493565023,0.9930056129267429,<1.0%,0.98-1.00,2025-09-08→2025-09-09
2025-09-08,2025-09-09,P,6455.0,0.00821917808219178,32.183191153735905,-0.29777781338451,13.295363834499767,-0.2764676066383633,6495.150000000001,6512.610000000001,0.005479452054794521,1.1444422609730722,5.597411751404252,-1.7507993783064464,-2.1228755880941677,0.9930056129267429,<1.0%,0.98-1.00,2025-09-08→2025-09-09
2025-09-08,2025-09-09,C,6460.0,0.00821917808219178,74.7568342381348,0.6842526121677042,54.91180846618499,0.7043020635509072,6495.150000000001,6512.610000000001,0.005479452054794521,67.08399735930519,62.45784137702776,3.9029493915518554,3.55288597040113,0.9937747884596064,<1.0%,0.98-1.00,2025-09-08→2025-09-09
2025-09-08,2025-09-09,P,6460.0,0.00821917808219178,34.32315150155499,-0.31574738783209705,14.345039135157322,-0.29583108680387854,6495.150000000001,6512.610000000001,0.005479452054794521,1.5651836778995791,6.23154333126422,-1.9870506084515744,-2.33478922440427,0.9937747884596064,<1.0%,0.98-1.00,2025-09-08→2025-09-09
2025-09-08,2025-09-09,C,6465.0,0.00821917808219178,72.01113492178892,0.6869254675833772,51.06146311858629,0.683713755237907,6495.150000000001,6512.610000000001,0.005479452054794521,62.53598892712804,58.17551200773596,3.3562813359942165,3.412357833546128,0.9945439639924699,<1.0%,0.98-1.00,2025-09-08→2025-09-09
2025-09-08,2025-09-09,P,6465.0,0.00821917808219178,36.57336264749346,-0.31307453241631455,15.544687461424019,-0.31679633768254023,6495.150000000001,6512.610000000001,0.005479452054794521,2.0071839038615154,6.979625970846655,-2.583718664011137,-2.518735944062837,0.9945439639924699,<1.0%,0.98-1.00,2025-09-08→2025-09-09
2025-09-08,2025-09-09,C,6470.0,0.00821917808219178,69.24027842972052,0.6702504785718973,47.36109240511905,0.6615991877894714,6495.150000000001,6512.610000000001,0.005479452054794521,57.998767783265336,54.01245499070137,3.0474266441346476,3.1984781811958065,0.9953131395253334,<1.0%,0.98-1.00,2025-09-08→2025-09-09
2025-09-08,2025-09-09,P,6470.0,0.00821917808219178,38.798416617700425,-0.32974952142785946,16.794320704816982,-0.33867523489490164,6495.150000000001,6512.610000000001,0.005479452054794521,2.459971418142817,7.782305547486203,-2.842573355869563,-2.6867303987350066,0.9953131395253334,<1.0%,0.98-1.00,2025-09-08→2025-09-09
2025-09-08,2025-09-09,C,6475.0,0.00821917808219178,66.66941267071505,0.6520733216918262,43.66071009640382,0.6387997044250876,6495.150000000001,6512.610000000001,0.005479452054794521,53.71655398355664,49.8729598189293,2.76479980326069,2.9965571607379466,0.9960823150581969,<1.0%,0.98-1.00,2025-09-08→2025-09-09
2025-09-08,2025-09-09,P,6475.0,0.00821917808219178,41.22346132097196,-0.3479266783079865,18.14393320295767,-0.36178450731384787,6495.150000000001,6512.610000000001,0.005479452054794521,3.167766276574003,8.675145229603913,-3.1752001967425425,-2.933242502300203,0.9960823150581969,<1.0%,0.98-1.00,2025-09-08→2025-09-09
2025-09-08,2025-09-09,C,6480.0,0.00821917808219178,64.27354374733417,0.6511610100613286,40.260293294053554,0.6139421941129043,6495.150000000001,6512.610000000001,0.005479452054794521,49.540550754745915,45.96685694793632,2.030728764329176,2.680569290788668,0.9968514905910604,<1.0%,0.98-1.00,2025-09-08→2025-09-09
2025-09-08,2025-09-09,P,6480.0,0.00821917808219178,43.823502859866856,-0.3488389899385103,19.69351890767939,-0.38649245392285,6495.150000000001,6512.610000000001,0.005479452054794521,3.9817717059061435,9.732743770673551,-3.809271235673596,-3.151841754507024,0.9968514905910604,<1.0%,0.98-1.00,2025-09-08→2025-09-09
2025-09-08,2025-09-09,C,6485.0,0.00821917808219178,61.868397393732096,0.6394408174481909,36.85986567605323,0.588440765672423,6495.150000000001,6512.610000000001,0.005479452054794521,45.39251444123248,42.09244102544926,1.9853633273545626,2.8758242313594717,0.9976206661239239,<1.0%,0.98-1.00,2025-09-08→2025-09-09
2025-09-08,2025-09-09,P,6485.0,0.00821917808219178,46.41426696854384,-0.36055918255162067,21.293089834296097,-0.4120806342522119,6495.150000000001,6512.610000000001,0.005479452054794521,4.8237440505313405,10.856354430268311,-4.254636672648691,-3.355072125956365,0.9976206661239239,<1.0%,0.98-1.00,2025-09-08→2025-09-09
2025-09-08,2025-09-09,C,6490.0,0.00821917808219178,59.58616859724553,0.6222436619509283,33.55941974484358,0.5618332855146175,6495.150000000001,6512.610000000001,0.005479452054794521,41.41112976185117,38.322121070174944,0.23562566233677806,1.2903908349147653,0.9983898416567873,<1.0%,0.98-1.00,2025-09-08→2025-09-09
2025-09-08,2025-09-09,P,6490.0,0.00821917808219178,49.12794863433655,-0.3777563380488576,23.042640624528303,-0.4388828290153598,6495.150000000001,6512.610000000001,0.005479452054794521,5.832368029292121,12.121310719423036,-4.654374337666932,-3.5871058053918023,0.9983898416567873,<1.0%,0.98-1.00,2025-09-08→2025-09-09
2025-09-08,2025-09-09,C,6495.0,0.00821917808219178,57.49572828199378,0.6109623954093963,30.458952866452364,0.5340027646000689,6495.150000000001,6512.610000000001,0.005479452054794521,37.749676662635046,34.73602176462282,0.73259657615192,2.0763117300827805,0.9991590171896507,<1.0%,0.98-1.00,2025-09-08→2025-09-09
2025-09-08,2025-09-09,P,6495.0,0.00821917808219178,52.03341878136238,-0.3890376045903917,24.942172935408507,-0.46676259126225056,6495.150000000001,6512.610000000001,0.005479452054794521,7.160923588217846,13.534226145238335,-5.257403423851746,-3.9003251565610864,0.9991590171896507,<1.0%,0.98-1.00,2025-09-08→2025-09-09
2025-09-08,2025-09-09,C,6500.0,0.00821917808219178,55.46070246186647,0.6104242156311119,27.508470500717067,0.5052348865989883,6495.150000000001,6512.610000000001,0.005479452054794521,34.125976295767394,31.30419693065778,-0.008006804919238775,1.8285988799816444,0.9999281927225142,<1.0%,0.98-1.00,2025-09-08→2025-09-09
2025-09-08,2025-09-09,P,6500.0,0.00821917808219178,54.99430342351734,-0.3895757843686383,27.04168967879923,-0.49558369046573186,6495.150000000001,6512.610000000001,0.005479452054794521,8.527231879490081,15.140632846495464,-6.0480068049235625,-4.197108764468306,0.9999281927225142,<1.0%,0.98-1.00,2025-09-08→2025-09-09
2025-09-08,2025-09-09,C,6505.0,0.00821917808219178,53.513432499601485,0.5950923007202777,24.70797472744971,0.4756672730705955,6495.150000000001,6512.610000000001,0.005479452054794521,30.48118366568019,28.0326189617399,-0.6903115705760712,1.3948494121873853,1.0006973682553777,<1.0%,1.00-1.02,2025-09-08→2025-09-09
2025-09-08,2025-09-09,P,6505.0,0.00821917808219178,58.042943923527254,-0.40490769927946546,29.141192095067254,-0.5252590958082018,6495.150000000001,6512.610000000001,0.005479452054794521,9.872447907546203,16.78878709746823,-6.430311570580517,-4.3289761871887755,1.0006973682553777,<1.0%,1.00-1.02,2025-09-08→2025-09-09
2025-09-08,2025-09-09,C,6510.0,0.00821917808219178,51.71910219796568,0.5769634540889166,22.007466504385775,0.44532571344634353,6495.150000000001,6512.610000000001,0.005479452054794521,27.423593402569658,24.885818484119227,-0.9237819083925061,1.374613043226824,1.0014665437882413,<1.0%,1.00-1.02,2025-09-08→2025-09-09
2025-09-08,2025-09-09,P,6510.0,0.00821917808219178,61.24452408416946,-0.4230365459108446,31.540685682467483,-0.5554928636183788,6495.150000000001,6512.610000000001,0.005479452054794521,11.804866302576231,18.722254399956455,-6.963781908396639,-4.651094601223088,1.0014665437882413,<1.0%,1.00-1.02,2025-09-08→2025-09-09
2025-09-08,2025-09-09,C,6515.0,0.00821917808219178,50.08645455979965,0.5849463551751946,19.506949295777304,0.4145102927476885,6495.150000000001,6512.610000000001,0.005479452054794521,24.412361508324643,21.950115715481388,-1.813163361358919,1.1626502886253416,1.0022357193211047,<1.0%,1.00-1.02,2025-09-08→2025-09-09
2025-09-08,2025-09-09,P,6515.0,0.00821917808219178,64.60778690827773,-0.41505364482465146,34.040168473860376,-0.5863082843170303,6495.150000000001,6512.610000000001,0.005479452054794521,13.7836430664716,20.78655163131998,-7.853163361361569,-4.863057355824628,1.0022357193211047,<1.0%,1.00-1.02,2025-09-08→2025-09-09
2025-09-08,2025-09-09,C,6520.0,0.00821917808219178,48.49269970348593,0.5709517806190483,17.206430113062652,0.38354367029209324,6495.150000000001,6512.610000000001,0.005479452054794521,21.38393711510333,19.232663021582994,-2.3688180896086024,0.9033275167000392,1.003004894853968,<1.0%,1.00-1.02,2025-09-08→2025-09-09
2025-09-08,2025-09-09,P,6520.0,0.00821917808219178,68.00994251424697,-0.42904821938068505,36.68964529510504,-0.6175132146602195,6495.150000000001,6512.610000000001,0.005479452054794521,15.745227331392895,23.026423193009123,-8.408818089613225,-5.1182192720325475,1.003004894853968,<1.0%,1.00-1.02,2025-09-08→2025-09-09
2025-09-08,2025-09-09,C,6525.0,0.00821917808219178,47.01003963322724,0.5545408492952746,15.055908988942065,0.35246468549107135,6495.150000000001,6512.610000000001,0.005479452054794521,18.68888132943691,16.696294046807452,-2.8822832286955133,0.6459665913258821,1.0037740703868316,<1.0%,1.00-1.02,2025-09-08→2025-09-09
2025-09-08,2025-09-09,P,6525.0,0.00821917808219178,71.52319290626703,-0.44545915070446096,39.539123027946516,-0.6486603002989196,6495.150000000001,6512.610000000001,0.005479452054794521,18.04018020386686,25.489338903091266,-8.772283228700093,-5.224391156780836,1.0037740703868316,<1.0%,1.00-1.02,2025-09-08→2025-09-09
2025-09-08,2025-09-09,C,6530.0,0.00821917808219178,45.65359208466438,0.552251798046852,13.10539487354481,0.32180653706724166,6495.150000000001,6512.610000000001,0.005479452054794521,16.28227868931385,14.388271076183173,-3.5923163938980576,0.431257862805948,1.004543245919695,<1.0%,1.00-1.02,2025-09-08→2025-09-09
2025-09-08,2025-09-09,P,6530.0,0.00821917808219178,75.1626558199797,-0.44774820195294923,41.938522769430165,-0.6844465021534448,6495.150000000001,6512.610000000001,0.005479452054794521,20.623586221885382,27.607214144650698,-8.832316393901493,-4.699564072400831,1.004543245919695,<1.0%,1.00-1.02,2025-09-08→2025-09-09
2025-09-08,2025-09-09,C,6535.0,0.00821917808219178,44.35813530752784,0.5497502339548334,11.30488695084091,0.29150712988867844,6495.150000000001,6512.610000000001,0.005479452054794521,13.938303714089418,12.268240007671011,-4.248639084851412,0.26028551214366136,1.0053124214525586,<1.0%,1.00-1.02,2025-09-08→2025-09-09
2025-09-08,2025-09-09,P,6535.0,0.00821917808219178,78.86310950512095,-0.45024976604495853,45.58806790264316,-0.7115909078213617,6495.150000000001,6512.610000000001,0.005479452054794521,23.26961990480259,30.881851761712824,-9.78863908485501,-5.225622749439001,1.0053124214525586,<1.0%,1.00-1.02,2025-09-08→2025-09-09
2025-09-08,2025-09-09,C,6540.0,0.00821917808219178,43.140657232798944,0.5358916429468578,9.704397057683991,0.26228391442142307,6495.150000000001,6512.610000000001,0.005479452054794521,11.61402696073866,10.382700145580657,-4.706668085852156,0.07052285420194426,1.006081596985422,<1.0%,1.00-1.02,2025-09-08→2025-09-09
2025-09-08,2025-09-09,P,6540.0,0.00821917808219178,82.6415418926704,-0.4641083570528816,48.98757157519685,-0.7412016089047818,6495.150000000001,6512.610000000001,0.005479452054794521,25.935351809592177,33.99434020359058,-10.546668085856668,-5.708619908522481,1.006081596985422,<1.0%,1.00-1.02,2025-09-08→2025-09-09
2025-09-08,2025-09-09,C,6545.0,0.00821917808219178,42.01308642727948,0.5203436378507641,8.20391221902969,0.23337137553293527,6495.150000000001,6512.610000000001,0.005479452054794521,9.813362972816625,8.64289246891326,-5.085199916874361,-0.07466421680505864,1.0068507725182856,<1.0%,1.00-1.02,2025-09-08→2025-09-09
2025-09-08,2025-09-09,P,6545.0,0.00821917808219178,86.50988154943411,-0.4796563621489682,52.38705834994471,-0.771798474566106,6495.150000000001,6512.610000000001,0.005479452054794521,29.124696479812965,37.16240360907432,-10.775199916878996,-5.674398634075761,1.0068507725182856,<1.0%,1.00-1.02,2025-09-08→2025-09-09
2025-09-08,2025-09-09,C,6550.0,0.00821917808219178,40.902386282913355,0.5309750408648053,6.903455811938329,0.20614674627217708,6495.150000000001,6512.610000000001,0.005479452054794521,8.094825780356382,7.138562136858809,-5.92082421349952,-0.24932218991221955,1.007619948051149,<1.0%,1.00-1.02,2025-09-08→2025-09-09
2025-09-08,2025-09-09,P,6550.0,0.00821917808219178,90.39509186734054,-0.4690249591349614,56.08659178686321,-0.7996339829956007,6495.150000000001,6512.610000000001,0.005479452054794521,32.39616794549283,40.65716992643593,-11.61082421350356,-5.838390656896786,1.007619948051149,<1.0%,1.00-1.02,2025-09-08→2025-09-09
2025-09-08,2025-09-09,C,6555.0,0.00821917808219178,39.99364448596093,0.520421279863412,5.803036537655771,0.18113839988463631,6495.150000000001,6512.610000000001,0.005479452054794521,6.394359647753959,5.868562107758862,-6.336555546415192,-0.4126764619857557,1.0083891235840123,<1.0%,1.00-1.02,2025-09-08→2025-09-09
2025-09-08,2025-09-09,P,6555.0,0.00821917808219178,94.48226053266916,-0.4795787201363334,59.88613481233733,-0.8268861033561591,6495.150000000001,6512.610000000001,0.005479452054794521,35.6857104710307,44.29661912631309,-11.97655554641961,-5.91256863540144,1.0083891235840123,<1.0%,1.00-1.02,2025-09-08→2025-09-09
2025-09-08,2025-09-09,C,6560.0,0.00821917808219178,39.106577390115696,0.5052665230234495,4.852649579118747,0.1580568834956871,6495.150000000001,6512.610000000001,0.005479452054794521,5.123278769973629,4.784572883040482,-6.571953491989447,-0.5096731858347026,1.009158299116876,<1.0%,1.00-1.02,2025-09-08→2025-09-09
2025-09-08,2025-09-09,P,6560.0,0.00821917808219178,98.59110389909478,-0.49473347697642933,63.885718702736995,-0.8516918524167508,6495.150000000001,6512.610000000001,0.005479452054794521,39.40463825139204,48.16945515600037,-11.111953491991526,-4.879460256803499,1.009158299116876,<1.0%,1.00-1.02,2025-09-08→2025-09-09
2025-09-08,2025-09-09,C,6565.0,0.00821917808219178,38.244759946395774,0.5101520004216986,3.9522690914155874,0.1353614616218708,6495.150000000001,6512.610000000001,0.005479452054794521,4.032718906008524,3.7929425998141824,-7.057253927362877,-0.5134111199178695,1.0099274746497393,<1.0%,1.00-1.02,2025-09-08→2025-09-09
2025-09-08,2025-09-09,P,6565.0,0.00821917808219178,102.72519691766095,-0.4898479995779915,68.08535551745808,-0.8733749819871924,6495.150000000001,6512.610000000001,0.005479452054794521,43.30408704556997,52.271311838148904,-12.747253927368247,-6.050872814503585,1.0099274746497393,<1.0%,1.00-1.02,2025-09-08→2025-09-09
2025-09-08,2025-09-09,C,6570.0,0.00821917808219178,37.563762982161094,0.5076418339689598,3.2519453655255575,0.1160520446768808,6495.150000000001,6512.610000000001,0.005479452054794521,3.037501851053365,3.023324854277689,-7.413426421098056,-0.5762687000583426,1.010696650182603,<1.0%,1.00-1.02,2025-09-08→2025-09-09
2025-09-08,2025-09-09,P,6570.0,0.00821917808219178,107.04011041570192,-0.4923581660307922,72.3850190264584,-0.8934466071766807,6495.150000000001,6512.610000000001,0.005479452054794521,47.29887864875554,56.506501103312075,-13.103426421102354,-6.100422238695126,1.010696650182603,<1.0%,1.00-1.02,2025-09-08→2025-09-09
2025-09-08,2025-09-09,C,6440.0,0.010958904109589041,93.77252163971819,0.7381672731101957,76.27281819400014,0.7567495188943176,6495.150000000001,6512.610000000001,0.00821917808219178,86.84845553568353,85.19937577233031,4.461599411495964,4.137153400105195,0.9903328686101062,1.0-2.0%,0.98-1.00,2025-09-08→2025-09-09
2025-09-08,2025-09-09,P,6440.0,0.010958904109589041,30.983053192604082,-0.26183272689036385,13.408777098111386,-0.2444381428372613,6495.150000000001,6512.610000000001,0.00821917808219178,1.3696072217114525,6.78915330971563,-1.4284005884942372,-1.7321100260614086,0.9903328686101062,1.0-2.0%,0.98-1.00,2025-09-08→2025-09-09
2025-09-08,2025-09-09,C,6445.0,0.010958904109589041,90.76269641325453,0.7291961545100424,72.1733526463122,0.7418680975311546,6495.150000000001,6512.610000000001,0.00821917808219178,82.23863592461757,80.78996689284668,4.2182351422546365,3.9969830171060163,0.9911017605888408,1.0-2.0%,0.98-1.00,2025-09-08→2025-09-09
2025-09-08,2025-09-09,P,6445.0,0.010958904109589041,32.9672967018261,-0.27080384549042114,14.309311550423445,-0.25931956420043106,6495.150000000001,6512.610000000001,0.00821917808219178,1.7497962687860982,7.379744430231995,-1.6717648577372373,-1.8722804090604646,0.9911017605888408,1.0-2.0%,0.98-1.00,2025-09-08→2025-09-09
2025-09-08,2025-09-09,C,6450.0,0.010958904109589041,87.82098212445949,0.7251699492408457,68.17392579031275,0.7259057000503994,6495.150000000001,6512.610000000001,0.00821917808219178,77.65011545150966,76.4591316845499,3.8885326862548055,3.875686477119997,0.9918706525675753,1.0-2.0%,0.98-1.00,2025-09-08→2025-09-09
2025-09-08,2025-09-09,P,6450.0,0.010958904109589041,35.01965114870801,-0.2748300507596322,15.309884694423545,-0.27528196168118163,6495.150000000001,6512.610000000001,0.00821917808219178,2.151284453817552,8.048909221935446,-2.0014673137368124,-1.9935769490465596,0.9918706525675753,1.0-2.0%,0.98-1.00,2025-09-08→2025-09-09
2025-09-08,2025-09-09,C,6455.0,0.010958904109589041,84.94439698902173,0.7110245698208831,64.27453609464737,0.7089105227022294,6495.150000000001,6512.610000000001,0.00821917808219178,73.08653668977482,72.20986257142249,5.735511010927347,5.772422273619039,0.9926395445463099,1.0-2.0%,0.98-1.00,2025-09-08→2025-09-09
2025-09-08,2025-09-09,P,6455.0,0.010958904109589041,37.13713474895101,-0.2889754301795306,16.360484163150204,-0.2919755288493115,6495.150000000001,6512.610000000001,0.00821917808219178,2.5777143502258473,8.76397990416649,-2.2044889890653874,-2.1521072662910123,0.9926395445463099,1.0-2.0%,0.98-1.00,2025-09-08→2025-09-09
2025-09-08,2025-09-09,C,6460.0,0.010958904109589041,82.2033493174167,0.6952439764951924,60.42517135896924,0.6912074888546662,6495.150000000001,6512.610000000001,0.00821917808219178,68.74714765457114,68.00880026753475,5.5110401703939065,5.581517244597494,0.9934084365250444,1.0-2.0%,0.98-1.00,2025-09-08→2025-09-09
2025-09-08,2025-09-09,P,6460.0,0.010958904109589041,39.39015581301862,-0.30475602350525416,17.51112031007642,-0.3097038025664949,6495.150000000001,6512.610000000001,0.00821917808219178,3.2283339731634153,9.562246568668797,-2.4289598295982513,-2.3425716071889884,0.9934084365250444,1.0-2.0%,0.98-1.00,2025-09-08→2025-09-09
2025-09-08,2025-09-09,C,6465.0,0.010958904109589041,79.66210219790541,0.6992154411425356,56.62583407002785,0.6727656659112109,6495.150000000001,6512.610000000001,0.00821917808219178,64.43617214628956,63.85685608054246,2.8916983976513038,3.3535114731902347,0.9941773285037789,1.0-2.0%,0.98-1.00,2025-09-08→2025-09-09
2025-09-08,2025-09-09,P,6465.0,0.010958904109589041,41.84297742918412,-0.30078455885795363,18.711783980030305,-0.3281716933752821,6495.150000000001,6512.610000000001,0.00821917808219178,3.907367123022591,10.409635944900174,-2.948301602340118,-2.4701222336675617,0.9941773285037789,1.0-2.0%,0.98-1.00,2025-09-08→2025-09-09
2025-09-08,2025-09-09,C,6470.0,0.010958904109589041,77.1258688120547,0.6852918749545189,52.92653227607934,0.6533234924244765,6495.150000000001,6512.610000000001,0.00821917808219178,60.13426438303095,59.792550791393296,2.634803863294069,3.1929718222686105,0.9949462204825136,1.0-2.0%,0.98-1.00,2025-09-08→2025-09-09
2025-09-08,2025-09-09,P,6470.0,0.010958904109589041,44.30081277901846,-0.3147081250458571,20.01248318485841,-0.3476416643390514,6495.150000000001,6512.610000000001,0.00821917808219178,4.595468017905517,11.344651001806142,-3.2551961366993236,-2.68017654064015,0.9949462204825136,1.0-2.0%,0.98-1.00,2025-09-08→2025-09-09
2025-09-08,2025-09-09,C,6475.0,0.010958904109589041,74.71983304652042,0.6697823258191078,49.3272652846199,0.6329186562424776,6495.150000000001,6512.610000000001,0.00821917808219178,56.08351424702835,55.81867669097119,2.3556005911983515,2.9992402620063157,0.9957151124612481,1.0-2.0%,0.98-1.00,2025-09-08→2025-09-09
2025-09-08,2025-09-09,P,6475.0,0.010958904109589041,46.88884574915183,-0.33021767418145914,21.413217258726945,-0.36807596930863096,6495.150000000001,6512.610000000001,0.00821917808219178,5.534726540045451,12.370088490340095,-3.5843994087917093,-2.9233935758712883,0.9957151124612481,1.0-2.0%,0.98-1.00,2025-09-08→2025-09-09
2025-09-08,2025-09-09,C,6480.0,0.010958904109589041,72.57555679970042,0.6707046408039099,45.828031138358256,0.6115864267876979,6495.150000000001,6512.610000000001,0.00821917808219178,52.14631155260124,51.93795520011281,1.7894969715637092,2.8217009882867714,0.9964840044399826,1.0-2.0%,0.98-1.00,2025-09-08→2025-09-09
2025-09-08,2025-09-09,P,6480.0,0.010958904109589041,49.73863823801706,-0.32929535919650493,22.913984223098396,-0.3894393239796296,6495.150000000001,6512.610000000001,0.00821917808219178,6.587532503758871,13.488673625627825,-4.10050302842901,-3.050389403315651,0.9964840044399826,1.0-2.0%,0.98-1.00,2025-09-08→2025-09-09
2025-09-08,2025-09-09,C,6485.0,0.010958904109589041,70.59202198310437,0.6621746948838071,42.428829386478355,0.5893586553918391,6495.150000000001,6512.610000000001,0.00821917808219178,48.24275718665978,48.15302040322695,1.4384298273287044,2.7097978768584685,0.9972528964187172,1.0-2.0%,0.98-1.00,2025-09-08→2025-09-09
2025-09-08,2025-09-09,P,6485.0,0.010958904109589041,52.749172157106344,-0.3378253051165383,24.514783649358378,-0.4116999098627527,6495.150000000001,6512.610000000001,0.00821917808219178,7.673986795957875,14.70304368916095,-4.50157017266523,-3.211719573796324,0.9972528964187172,1.0-2.0%,0.98-1.00,2025-09-08→2025-09-09
2025-09-08,2025-09-09,C,6490.0,0.010958904109589041,68.6233038377423,0.6483638540476594,39.12965882415074,0.5662628173056703,6495.150000000001,6512.610000000001,0.00821917808219178,44.46161049926636,44.46640227959597,1.0295671083278446,2.463051209842977,0.9980217883974517,1.0-2.0%,0.98-1.00,2025-09-08→2025-09-09
2025-09-08,2025-09-09,P,6490.0,0.010958904109589041,55.77452274741518,-0.35163614595273635,26.215614329096297,-0.4348303369108223,6495.150000000001,6512.610000000001,0.00821917808219178,8.882848766707076,16.01573121076308,-4.86043289166521,-3.4078623175370266,0.9980217883974517,1.0-2.0%,0.98-1.00,2025-09-08→2025-09-09
2025-09-08,2025-09-09,C,6495.0,0.010958904109589041,66.7385698765892,0.6397117985234796,35.930518633940665,0.5423209847092956,6495.150000000001,6512.610000000001,0.00821917808219178,40.975007302558254,40.88051521711259,0.6306319977800197,2.331075606975677,0.9987906803761863,1.0-2.0%,0.98-1.00,2025-09-08→2025-09-09
2025-09-08,2025-09-09,P,6495.0,0.010958904109589041,58.88385752193701,-0.36028820147697793,28.01647544962998,-0.45880867762258676,6495.150000000001,6512.610000000001,0.00821917808219178,10.386254228141006,17.429152504553258,-5.259368002211953,-3.5392004887096196,0.9987906803761863,1.0-2.0%,0.98-1.00,2025-09-08→2025-09-09
2025-09-08,2025-09-09,C,6500.0,0.010958904109589041,65.62467739811282,0.6434320121082447,32.931410008775856,0.5175101593641496,6495.150000000001,6512.610000000001,0.00821917808219178,37.5321701781045,37.48131772476245,-0.08432293140997871,2.1142726175019284,0.9995595723549209,1.0-2.0%,0.98-1.00,2025-09-08→2025-09-09
2025-09-08,2025-09-09,P,6500.0,0.010958904109589041,62.76403377913457,-0.3565679878923008,29.967367503083096,-0.4836390081357787,6495.150000000001,6512.610000000001,0.00821917808219178,11.933425761827843,18.987425149653063,-5.974322931400414,-3.7556629179492855,0.9995595723549209,1.0-2.0%,0.98-1.00,2025-09-08→2025-09-09
2025-09-08,2025-09-09,C,6505.0,0.010958904109589041,64.36447867604431,0.6328934220814426,29.932325848703385,0.4919965558389257,6495.150000000001,6512.610000000001,0.00821917808219178,34.05150426405665,34.10498069926507,-0.4503191495420129,2.0097401350523363,1.0003284643336554,1.0-2.0%,1.00-1.02,2025-09-08→2025-09-09
2025-09-08,2025-09-09,P,6505.0,0.010958904109589041,66.49790379274594,-0.3671065779190073,32.068284752813724,-0.5091911058926571,6495.150000000001,6512.610000000001,0.00821917808219178,13.442768505921752,20.694758236650614,-6.490319149534118,-4.009523291114187,1.0003284643336554,1.0-2.0%,1.00-1.02,2025-09-08→2025-09-09
2025-09-08,2025-09-09,C,6510.0,0.010958904109589041,62.98611535940927,0.6190410676198257,27.183264784387575,0.46585757480914636,6495.150000000001,6512.610000000001,0.00821917808219178,31.048771327898287,30.965387978075796,-1.0084570406421776,1.6661267438322884,1.00109735631239,1.0-2.0%,1.00-1.02,2025-09-08→2025-09-09
2025-09-08,2025-09-09,P,6510.0,0.010958904109589041,70.1136092117921,-0.3809589323805657,34.26922600383068,-0.5353947075479961,6495.150000000001,6512.610000000001,0.00821917808219178,15.430044227905299,22.511973126647717,-6.89845704063531,-4.202008406211968,1.00109735631239,1.0-2.0%,1.00-1.02,2025-09-08→2025-09-09
2025-09-08,2025-09-09,C,6515.0,0.010958904109589041,62.20454628710242,0.6304920844311562,24.534223599013785,0.4391614841170546,6495.150000000001,6512.610000000001,0.00821917808219178,28.097583510713118,27.938796948930758,-1.8583917941680088,1.4822404873162132,1.0018662482911245,1.0-2.0%,1.00-1.02,2025-09-08→2025-09-09
2025-09-08,2025-09-09,P,6515.0,0.010958904109589041,74.32610887516078,-0.3695079155693692,36.57019040823525,-0.5622465834413899,6495.150000000001,6512.610000000001,0.00821917808219178,17.46886506885996,24.44086973054118,-7.698391794158799,-4.333174653113311,1.0018662482911245,1.0-2.0%,1.00-1.02,2025-09-08→2025-09-09
2025-09-08,2025-09-09,C,6520.0,0.010958904109589041,61.56074878434388,0.62213866534878,22.085191065797062,0.41222485828018585,6495.150000000001,6512.610000000001,0.00821917808219178,25.13151887547639,25.11578594570892,-2.412541096989722,1.252553974427939,1.002635140269859,1.0-2.0%,1.00-1.02,2025-09-08→2025-09-09
2025-09-08,2025-09-09,P,6520.0,0.010958904109589041,78.6763801080776,-0.3778613346517289,39.07116695594186,-0.5894361973772719,6495.150000000001,6512.610000000001,0.00821917808219178,19.492809091765075,26.572090983495855,-8.152541096980796,-4.458443993792807,1.002635140269859,1.0-2.0%,1.00-1.02,2025-09-08→2025-09-09
2025-09-08,2025-09-09,C,6525.0,0.010958904109589041,60.65943260258656,0.6106676156119909,19.68617900993104,0.3847190744265359,6495.150000000001,6512.610000000001,0.00821917808219178,22.404844275728372,22.366195213861374,-2.812256568585381,1.1328049605126704,1.0034040322485935,1.0-2.0%,1.00-1.02,2025-09-08→2025-09-09
2025-09-08,2025-09-09,P,6525.0,0.010958904109589041,82.76913266199618,-0.38933238438851425,41.72215287351946,-0.6168853449207671,6495.150000000001,6512.610000000001,0.00821917808219178,21.7561431501586,28.865756825110566,-8.70225656857653,-4.729181877683388,1.0034040322485935,1.0-2.0%,1.00-1.02,2025-09-08→2025-09-09
2025-09-08,2025-09-09,C,6530.0,0.010958904109589041,59.805823783777676,0.611743066981992,17.487165046162318,0.35726550969147736,6495.150000000001,6512.610000000001,0.00821917808219178,19.921412173285894,19.8264891571489,-3.531033949505604,0.9121442007867913,1.0041729242273283,1.0-2.0%,1.00-1.02,2025-09-08→2025-09-09
2025-09-08,2025-09-09,P,6530.0,0.010958904109589041,86.90959257887401,-0.38825693301842024,44.523142706650106,-0.6444446719260145,6495.150000000001,6512.610000000001,0.00821917808219178,24.262719705857247,31.324881907541112,-9.271033949498369,-4.797996028171763,1.0041729242273283,1.0-2.0%,1.00-1.02,2025-09-08→2025-09-09
2025-09-08,2025-09-09,C,6535.0,0.010958904109589041,59.39981542922897,0.6135389570147064,15.488137922396618,0.33017930459535,6495.150000000001,6512.610000000001,0.00821917808219178,17.502863534283186,17.501087688731786,-4.212390189476796,0.7350693417651772,1.0049418162060628,1.0-2.0%,1.00-1.02,2025-09-08→2025-09-09
2025-09-08,2025-09-09,P,6535.0,0.010958904109589041,91.49765296000169,-0.38646104298571665,47.5241194869559,-0.6716396288751044,6495.150000000001,6512.610000000001,0.00821917808219178,26.834179724996005,33.99840701494122,-10.05239018946937,-5.073172079840649,1.0049418162060628,1.0-2.0%,1.00-1.02,2025-09-08→2025-09-09
2025-09-08,2025-09-09,C,6540.0,0.010958904109589041,58.73471778002876,0.6040846470923088,13.589112203912919,0.3030554199247317,6495.150000000001,6512.610000000001,0.00821917808219178,15.068123396288126,15.300385482994443,-4.697317938231734,0.5586523681141733,1.0057107081847974,1.0-2.0%,1.00-1.02,2025-09-08→2025-09-09
2025-09-08,2025-09-09,P,6540.0,0.010958904109589041,95.82662404647463,-0.3959153529081712,50.4251522773302,-0.7003929893938448,6495.150000000001,6512.610000000001,0.00821917808219178,29.389448245141786,36.609595971187446,-10.287317938223312,-4.97113840518344,1.0057107081847974,1.0-2.0%,1.00-1.02,2025-09-08→2025-09-09
2025-09-08,2025-09-09,C,6545.0,0.010958904109589041,57.91077935421607,0.5927245067906016,11.8900565560607,0.2767650237568097,6495.150000000001,6512.610000000001,0.00821917808219178,13.063348038528442,13.319187773207432,-5.148969888563926,0.36768268520609304,1.0064796001635319,1.0-2.0%,1.00-1.02,2025-09-08→2025-09-09
2025-09-08,2025-09-09,P,6545.0,0.010958904109589041,99.9967543563457,-0.4072754932098209,53.62614144509371,-0.7279312644676664,6495.150000000001,6512.610000000001,0.00821917808219178,32.37468154552384,39.53118872792584,-10.78896988855651,-5.190320122394516,1.0064796001635319,1.0-2.0%,1.00-1.02,2025-09-08→2025-09-09
2025-09-08,2025-09-09,C,6550.0,0.010958904109589041,57.44510238610732,0.6054411167646891,10.290992763151962,0.2507017363528122,6495.150000000001,6512.610000000001,0.00821917808219178,11.139182339067766,11.465132720562224,-5.871001898711496,0.32274768327988923,1.0072484921422664,1.0-2.0%,1.00-1.02,2025-09-08→2025-09-09
2025-09-08,2025-09-09,P,6550.0,0.010958904109589041,104.52514612391131,-0.3945588832357405,57.22702332940207,-0.7524815900541532,6495.150000000001,6512.610000000001,0.00821917808219178,35.440524504204255,42.86456498665393,-11.81100189870396,-5.561671437654461,1.0072484921422664,1.0-2.0%,1.00-1.02,2025-09-08→2025-09-09
2025-09-08,2025-09-09,C,6555.0,0.010958904109589041,56.990809893563586,0.5981075794158307,8.841899502488104,0.22544993438653646,6495.150000000001,6512.610000000001,0.00821917808219178,9.22170471207678,9.786058030957747,-6.442958336600427,0.06364414561106502,1.008017384121001,1.0-2.0%,1.00-1.02,2025-09-08→2025-09-09
2025-09-08,2025-09-09,P,6555.0,0.010958904109589041,109.06492236705226,-0.4018924205845508,60.528043963420714,-0.7808953052224626,6495.150000000001,6512.610000000001,0.00821917808219178,38.51305553535395,45.94400118721023,-11.932958336593732,-5.315567970815776,1.008017384121001,1.0-2.0%,1.00-1.02,2025-09-08→2025-09-09
2025-09-08,2025-09-09,C,6560.0,0.010958904109589041,56.31762798607489,0.5865610869586525,7.542769345473744,0.2012450034784827,6495.150000000001,6512.610000000001,0.00821917808219178,7.6665331206259895,8.282614095594454,-6.7413565782980935,-0.01373776073431543,1.0087862760997355,1.0-2.0%,1.00-1.02,2025-09-08→2025-09-09
2025-09-08,2025-09-09,P,6560.0,0.010958904109589041,113.38580919523824,-0.4134389130417564,64.52879658632082,-0.8018454068661136,6495.150000000001,6512.610000000001,0.00821917808219178,41.94789260204571,49.72788487895741,-12.631356578290912,-5.8497791961176215,1.0087862760997355,1.0-2.0%,1.00-1.02,2025-09-08→2025-09-09
2025-09-08,2025-09-09,C,6565.0,0.010958904109589041,55.74303837757289,0.5930389883977717,6.443566764150091,0.17904714710788963,6495.150000000001,6512.610000000001,0.00821917808219178,6.282261499833056,7.003195527646994,-7.354460737425116,-0.1261631885037593,1.00955516807847,1.0-2.0%,1.00-1.02,2025-09-08→2025-09-09
2025-09-08,2025-09-09,P,6565.0,0.010958904109589041,117.80528832241973,-0.4069610116025207,68.12975637277668,-0.8285707813943318,6495.150000000001,6512.610000000001,0.00821917808219178,45.553629639392916,53.15732301814296,-13.194460737419972,-5.833154156854933,1.00955516807847,1.0-2.0%,1.00-1.02,2025-09-08→2025-09-09
2025-09-08,2025-09-09,C,6570.0,0.010958904109589041,55.427135763472805,0.5922946360118052,5.444329188562278,0.15782436290171198,6495.150000000001,6512.610000000001,0.00821917808219178,4.995390509486215,5.850803959153836,-7.841464344766141,-0.2556133762638968,1.0103240600572045,1.0-2.0%,1.00-1.02,2025-09-08→2025-09-09
2025-09-08,2025-09-09,P,6570.0,0.010958904109589041,122.48345444398237,-0.4077053639886819,72.13054338617712,-0.8504668722579599,6495.150000000001,6512.610000000001,0.00821917808219178,49.25676730718813,57.004198014179565,-14.131464344757592,-6.400848410375982,1.0103240600572045,1.0-2.0%,1.00-1.02,2025-09-08→2025-09-09
2025-09-08,2025-09-09,C,6440.0,0.019178082191780823,101.69380768723668,0.7426449563461459,79.0509804373578,0.7344275604349365,6495.150000000001,6512.610000000001,0.01643835616438356,90.22953544805694,89.36574082136667,3.8834190621962748,4.02689479480599,0.9904033397474398,1.0-2.0%,0.98-1.00,2025-09-08→2025-09-09
2025-09-08,2025-09-09,P,6440.0,0.019178082191780823,39.36205984788997,-0.25735504365301803,16.74964318851039,-0.26728507028551096,6495.150000000001,6512.610000000001,0.01643835616438356,4.7419174633201235,10.602916665214934,-1.9565809378182948,-1.7832026728149684,0.9904033397474398,1.0-2.0%,0.98-1.00,2025-09-08→2025-09-09
2025-09-08,2025-09-09,C,6445.0,0.019178082191780823,98.797595876654,0.7352285245773073,75.4009587031369,0.7181526678668799,6495.150000000001,6512.610000000001,0.01643835616438356,85.99861798433999,85.37783695624694,3.012909960880183,3.311054419044245,0.9911722864397903,1.0-2.0%,0.98-1.00,2025-09-08→2025-09-09
2025-09-08,2025-09-09,P,6445.0,0.019178082191780823,41.460272146123145,-0.2647714754219228,17.74962410355579,-0.2815763597492505,6495.150000000001,6512.610000000001,0.01643835616438356,5.501001848992859,11.336727763643012,-2.227090039133218,-1.933676758778076,0.9911722864397903,1.0-2.0%,0.98-1.00,2025-09-08→2025-09-09
2025-09-08,2025-09-09,C,6450.0,0.019178082191780823,96.42314916579876,0.7340731821694692,71.10094133667735,0.7051438507761771,6495.150000000001,6512.610000000001,0.01643835616438356,81.80300298483972,80.8747255375938,3.283082239321036,3.7881883654479154,0.9919412331321408,1.0-2.0%,0.98-1.00,2025-09-08→2025-09-09
2025-09-08,2025-09-09,P,6450.0,0.019178082191780823,44.08024954410772,-0.265926817829522,18.799604185587896,-0.2964964639203474,6495.150000000001,6512.610000000001,0.01643835616438356,6.2953886988829755,12.113601065394278,-2.556917760696537,-2.0231717399507243,0.9919412331321408,1.0-2.0%,0.98-1.00,2025-09-08→2025-09-09
2025-09-08,2025-09-09,C,6455.0,0.019178082191780823,93.84227117837756,0.7226067146742684,67.30091956910564,0.6890566453850491,6495.150000000001,6512.610000000001,0.01643835616438356,77.6222112813661,76.7755746133007,5.133286761787261,5.7190709715770325,0.9927101798244913,1.0-2.0%,0.98-1.00,2025-09-08→2025-09-09
2025-09-08,2025-09-09,P,6455.0,0.019178082191780823,46.49379566549638,-0.27739328532483315,19.999582497839583,-0.31254246495874344,6495.150000000001,6512.610000000001,0.01643835616438356,7.104598844801037,13.015375430280528,-2.8067132382284035,-2.1930085618203288,0.9927101798244913,1.0-2.0%,0.98-1.00,2025-09-08→2025-09-09
2025-09-08,2025-09-09,C,6460.0,0.019178082191780823,91.2012268201292,0.708919424571094,63.500897892562534,0.6726095337745585,6495.150000000001,6512.610000000001,0.01643835616438356,73.67199734514831,72.68085323014475,2.8722668469886727,3.506237540296185,0.9934791265168418,1.0-2.0%,0.98-1.00,2025-09-08→2025-09-09
2025-09-08,2025-09-09,P,6460.0,0.019178082191780823,48.847175416063756,-0.2910805754280574,21.199560852310242,-0.3289485150683611,6495.150000000001,6512.610000000001,0.01643835616438356,8.144386757972688,13.92155210488454,-2.9677331530261064,-2.306558926906402,0.9934791265168418,1.0-2.0%,0.98-1.00,2025-09-08→2025-09-09
2025-09-08,2025-09-09,C,6465.0,0.019178082191780823,89.16583048499139,0.7150842011743381,59.80087482167619,0.65531889615191,6495.150000000001,6512.610000000001,0.01643835616438356,69.76282542639765,68.67271760402491,3.26462984749603,4.308132073187629,0.9942480732091923,1.0-2.0%,0.98-1.00,2025-09-08→2025-09-09
2025-09-08,2025-09-09,P,6465.0,0.019178082191780823,51.80620318974362,-0.2849157988248072,22.44953810404695,-0.3459967291911424,6495.150000000001,6512.610000000001,0.01643835616438356,9.225216688613264,14.872704755880932,-3.525370152518856,-2.458897108322642,0.9942480732091923,1.0-2.0%,0.98-1.00,2025-09-08→2025-09-09
2025-09-08,2025-09-09,C,6470.0,0.019178082191780823,87.01309173060577,0.7041889635260271,56.1508513546255,0.6374023504104076,6495.150000000001,6512.610000000001,0.01643835616438356,65.86317157208246,64.71069815496776,2.054860696835542,3.220954961834261,0.9950170199015428,1.0-2.0%,0.98-1.00,2025-09-08→2025-09-09
2025-09-08,2025-09-09,P,6470.0,0.019178082191780823,54.647888544185804,-0.29581103647305096,23.849514408900177,-0.3640665512560285,6495.150000000001,6512.610000000001,0.01643835616438356,10.315564683689036,15.95326270639407,-3.8851393031805204,-2.6933980150697296,0.9950170199015428,1.0-2.0%,0.98-1.00,2025-09-08→2025-09-09
2025-09-08,2025-09-09,C,6475.0,0.019178082191780823,84.7109873729472,0.6909241225068151,52.650825721051206,0.6185236711999313,6495.150000000001,6512.610000000001,0.01643835616438356,62.169284488897205,60.880098233715216,1.7864648210309841,3.0505767008491773,0.9957859665938933,1.0-2.0%,0.98-1.00,2025-09-08→2025-09-09
2025-09-08,2025-09-09,P,6475.0,0.019178082191780823,57.34020829534374,-0.309075877492356,25.349488863131683,-0.38289627749583327,6495.150000000001,6512.610000000001,0.01643835616438356,11.61167944989393,17.123645871509098,-4.103535178983455,-2.814630994922739,0.9957859665938933,1.0-2.0%,0.98-1.00,2025-09-08→2025-09-09
2025-09-08,2025-09-09,C,6480.0,0.019178082191780823,82.81036522492388,0.6933651833945818,49.20079970544475,0.5990501047140424,6495.150000000001,6512.610000000001,0.01643835616438356,58.58790667834892,57.09778193744933,1.2438438979305708,2.8905851716927913,0.9965549132862438,1.0-2.0%,0.98-1.00,2025-09-08→2025-09-09
2025-09-08,2025-09-09,P,6480.0,0.019178082191780823,60.43401025615286,-0.3066348166044181,26.849463084658964,-0.40219295767558777,6495.150000000001,6512.610000000001,0.01643835616438356,13.020303488737836,18.299222385623125,-4.5961561020868515,-2.9277109589842256,0.9965549132862438,1.0-2.0%,0.98-1.00,2025-09-08→2025-09-09
2025-09-08,2025-09-09,C,6485.0,0.019178082191780823,81.26139837846614,0.6876320455879247,45.85077272685112,0.5788412289141296,6495.150000000001,6512.610000000001,0.01643835616438356,55.051949808227235,53.40732997392206,0.8939444840348081,2.7934321431592757,0.9973238599785943,1.0-2.0%,0.98-1.00,2025-09-08→2025-09-09
2025-09-08,2025-09-09,P,6485.0,0.019178082191780823,63.87946751850533,-0.3123679544111878,28.54943600861634,-0.42247484316601047,6495.150000000001,6512.610000000001,0.01643835616438356,14.474348468005962,19.652868035524534,-5.046055515980649,-3.1235892383214416,0.9973238599785943,1.0-2.0%,0.98-1.00,2025-09-08→2025-09-09
2025-09-08,2025-09-09,C,6490.0,0.019178082191780823,79.35598835386183,0.6758078841529137,42.60074436842024,0.5579316490535157,6495.150000000001,6512.610000000001,0.01643835616438356,51.5914719702279,49.81017094619892,0.5003943426900985,2.5585134075255933,0.9980928066709448,1.0-2.0%,0.98-1.00,2025-09-08→2025-09-09
2025-09-08,2025-09-09,P,6490.0,0.019178082191780823,66.96848160272539,-0.32419211584615676,30.249407826195238,-0.4432567187698286,6495.150000000001,6512.610000000001,0.01643835616438356,16.003872479398247,21.012628222582407,-5.339605657326091,-3.260737690278777,0.9980928066709448,1.0-2.0%,0.98-1.00,2025-09-08→2025-09-09
2025-09-08,2025-09-09,C,6495.0,0.019178082191780823,77.32469101979967,0.6680726782965284,39.45071600495248,0.5363539909299824,6495.150000000001,6512.610000000001,0.01643835616438356,48.37171713469048,46.307672115493915,0.08545103694259026,2.385259318362488,0.9988617533632953,1.0-2.0%,0.98-1.00,2025-09-08→2025-09-09
2025-09-08,2025-09-09,P,6495.0,0.019178082191780823,69.93160837747268,-0.3319273217026864,32.1493794399903,-0.46484732376339155,6495.150000000001,6512.610000000001,0.01643835616438356,17.774119493250268,22.555278660649037,-5.854548963071082,-3.533765727091165,0.9988617533632953,1.0-2.0%,0.98-1.00,2025-09-08→2025-09-09
2025-09-08,2025-09-09,C,6500.0,0.019178082191780823,76.42888786604533,0.6728747754749413,36.450686268697154,0.5141268262822496,6495.150000000001,6512.610000000001,0.01643835616438356,45.20449077449963,42.94628119021809,-0.398393579792506,2.3733456131118977,0.9996307000556458,1.0-2.0%,0.98-1.00,2025-09-08→2025-09-09
2025-09-08,2025-09-09,P,6500.0,0.019178082191780823,74.03022933253287,-0.3271252245243238,34.04934981697761,-0.4869895969645916,6495.150000000001,6512.610000000001,0.01643835616438356,19.596894982450472,24.104638642254486,-6.388393579805292,-3.5971616369982105,0.9996307000556458,1.0-2.0%,0.98-1.00,2025-09-08→2025-09-09
2025-09-08,2025-09-09,C,6505.0,0.019178082191780823,75.00408136497465,0.6630998290581094,33.55065579560278,0.49135394481321526,6495.150000000001,6512.610000000001,0.01643835616438356,42.02903636313351,39.68314601319571,-0.9777230153546128,2.0209601235612453,1.0003996467479963,1.0-2.0%,1.00-1.02,2025-09-08→2025-09-09
2025-09-08,2025-09-09,P,6505.0,0.019178082191780823,77.59984694028904,-0.33690017094103647,36.14931934388096,-0.5097624784336262,6495.150000000001,6512.610000000001,0.01643835616438356,21.411442420475133,25.841503465230744,-6.8177230153694905,-3.799547126548868,1.0003996467479963,1.0-2.0%,1.00-1.02,2025-09-08→2025-09-09
2025-09-08,2025-09-09,C,6510.0,0.019178082191780823,73.29938952828756,0.6497627367199162,30.700624764394433,0.4680089253345226,6495.150000000001,6512.610000000001,0.01643835616438356,39.19811249726201,36.473179336022895,-1.2948573831297612,1.8785641636592185,1.0011685934403467,1.0-2.0%,1.00-1.02,2025-09-08→2025-09-09
2025-09-08,2025-09-09,P,6510.0,0.019178082191780823,80.88957921241757,-0.35023726327930294,38.349288386251374,-0.5330524383413592,6495.150000000001,6512.610000000001,0.01643835616438356,23.570520403994486,27.677782968519296,-7.134857383143358,-3.942904426559849,1.0011685934403467,1.0-2.0%,1.00-1.02,2025-09-08→2025-09-09
2025-09-08,2025-09-09,C,6515.0,0.019178082191780823,72.43145298753417,0.660600252091851,28.050592208429407,0.44428210702609877,6495.150000000001,6512.610000000001,0.01643835616438356,36.425324776353854,33.456189721414376,-2.084080401523744,1.6928344113242986,1.0019375401326973,1.0-2.0%,1.00-1.02,2025-09-08→2025-09-09
2025-09-08,2025-09-09,P,6515.0,0.019178082191780823,85.0160667804924,-0.339399747907331,40.64925575670759,-0.556834316220744,6495.150000000001,6512.610000000001,0.01643835616438356,25.78773453247662,29.61454717345032,-7.874080401537985,-4.077672838785787,1.0019375401326973,1.0-2.0%,1.00-1.02,2025-09-08→2025-09-09
2025-09-08,2025-09-09,C,6520.0,0.019178082191780823,71.54118686324263,0.6523308892573334,25.500560890567613,0.4201580099210987,6495.150000000001,6512.610000000001,0.01643835616438356,33.6852839450677,30.541789524339947,-2.539697326433071,1.514041146777596,1.0027064868250477,1.0-2.0%,1.00-1.02,2025-09-08→2025-09-09
2025-09-08,2025-09-09,P,6520.0,0.019178082191780823,89.12022476502486,-0.34766911074177087,43.09922443884807,-0.580958413325743,6495.150000000001,6512.610000000001,0.01643835616438356,28.0376955505814,31.700146976376345,-8.32969732644867,-4.256466103332507,1.0027064868250477,1.0-2.0%,1.00-1.02,2025-09-08→2025-09-09
2025-09-08,2025-09-09,C,6525.0,0.019178082191780823,70.18159933527144,0.6404401050094147,23.100528413866414,0.3958271747846611,6495.150000000001,6512.610000000001,0.01643835616438356,31.14910987601433,27.77882520633375,-2.932084233464405,1.338857528259802,1.0034754335173983,1.0-2.0%,1.00-1.02,2025-09-08→2025-09-09
2025-09-08,2025-09-09,P,6525.0,0.019178082191780823,92.75506134587538,-0.3595598949896765,45.699191962145505,-0.6052892484621814,6495.150000000001,6512.610000000001,0.01643835616438356,30.49152333091824,33.93718265836969,-8.722084233480238,-4.431649721850295,1.0034754335173983,1.0-2.0%,1.00-1.02,2025-09-08→2025-09-09
2025-09-08,2025-09-09,C,6530.0,0.019178082191780823,69.02881774348634,0.6408154210073373,20.900496381009816,0.3716402824742176,6495.150000000001,6512.610000000001,0.01643835616438356,28.805456353583864,25.218350543984798,-3.588637250788132,1.1111606680001485,1.0042443802097487,1.0-2.0%,1.00-1.02,2025-09-08→2025-09-09
2025-09-08,2025-09-09,P,6530.0,0.019178082191780823,96.59670386291147,-0.35918457899172435,48.44915965960854,-0.6296842103789962,6495.150000000001,6512.610000000001,0.01643835616438356,33.13787165787884,36.328200839775036,-9.278637250804485,-4.555713686782706,1.0042443802097487,1.0-2.0%,1.00-1.02,2025-09-08→2025-09-09
2025-09-08,2025-09-09,C,6535.0,0.019178082191780823,68.67591749945623,0.642857649714039,18.70046305669257,0.3468724964650305,6495.150000000001,6512.610000000001,0.01643835616438356,26.517471073977074,22.668239315683877,-4.124294564007144,1.0436062117205562,1.0050133269020993,1.0-2.0%,1.00-1.02,2025-09-08→2025-09-09
2025-09-08,2025-09-09,P,6535.0,0.019178082191780823,101.23822772770552,-0.3571423502849821,51.299126604973026,-0.6542439267818095,6495.150000000001,6512.610000000001,0.01643835616438356,35.839888227663295,38.826596767720275,-9.91429456402419,-4.726901038389574,1.0050133269020993,1.0-2.0%,1.00-1.02,2025-09-08→2025-09-09
2025-09-08,2025-09-09,C,6540.0,0.019178082191780823,67.66151082441601,0.6329571486197303,16.700430392002545,0.3224698305129228,6495.150000000001,6512.610000000001,0.01643835616438356,24.277855597040343,20.324366777456817,-4.5014318149005135,0.9196767592443571,1.0057822735944497,1.0-2.0%,1.00-1.02,2025-09-08→2025-09-09
2025-09-08,2025-09-09,P,6540.0,0.019178082191780823,105.21824516146667,-0.367042851379519,54.09909232585596,-0.6798397660210692,6495.150000000001,6512.610000000001,0.01643835616438356,38.590274600116366,41.283955049655106,-9.591431814913586,-4.129997685272107,1.0057822735944497,1.0-2.0%,1.00-1.02,2025-09-08→2025-09-09
2025-09-08,2025-09-09,C,6545.0,0.019178082191780823,66.39296535905973,0.6210658156231377,14.900398790338386,0.2987309289597485,6495.150000000001,6512.610000000001,0.01643835616438356,22.366783034328776,18.190816568314403,-4.943809140780006,0.6841579803627802,1.0065512202868003,1.0-2.0%,1.00-1.02,2025-09-08→2025-09-09
2025-09-08,2025-09-09,P,6545.0,0.019178082191780823,108.94412380493735,-0.3789341843760585,57.74906459734666,-0.7006935318684775,6495.150000000001,6512.610000000001,0.01643835616438356,41.66920388679568,44.60013181191789,-12.933809140794,-7.315890933576355,1.0065512202868003,1.0-2.0%,1.00-1.02,2025-09-08→2025-09-09
2025-09-08,2025-09-09,C,6550.0,0.019178082191780823,66.10278433657754,0.6337709782944048,13.200367374189227,0.27519582326108644,6495.150000000001,6512.610000000001,0.01643835616438356,20.496556473094934,16.16997409428768,-5.765641281020329,0.49508092586142194,1.0073201669791507,1.0-2.0%,1.00-1.02,2025-09-08→2025-09-09
2025-09-08,2025-09-09,P,6550.0,0.019178082191780823,113.64836689127132,-0.36622902170477284,60.649029356237406,-0.727094469897407,6495.150000000001,6512.610000000001,0.01643835616438356,44.78897917495388,47.17587962086964,-11.50564128103466,-5.204930555591252,1.0073201669791507,1.0-2.0%,1.00-1.02,2025-09-08→2025-09-09
2025-09-08,2025-09-09,C,6555.0,0.019178082191780823,65.48314188484315,0.6262941564179069,11.600335856792071,0.25191078852373877,6495.150000000001,6512.610000000001,0.01643835616438356,18.628106914701426,14.26236932655138,-6.1850959710566755,0.35163763237551393,1.0080891136715013,1.0-2.0%,1.00-1.02,2025-09-08→2025-09-09
2025-09-08,2025-09-09,P,6555.0,0.019178082191780823,118.02314854835694,-0.3737058435813582,63.89899627133309,-0.7518756055379268,6495.150000000001,6512.610000000001,0.01643835616438356,47.910531465949674,50.11217949035472,-12.375095971069477,-5.772251927307778,1.0080891136715013,1.0-2.0%,1.00-1.02,2025-09-08→2025-09-09
2025-09-08,2025-09-09,C,6560.0,0.019178082191780823,64.42779237358354,0.614268739285951,10.200306810800612,0.22990738795895896,6495.150000000001,6512.610000000001,0.01643835616438356,17.060198430964576,12.572310315393679,-6.575132187932727,0.1358170062365689,1.0088580603638517,1.0-2.0%,1.00-1.02,2025-09-08→2025-09-09
2025-09-08,2025-09-09,P,6560.0,0.019178082191780823,121.9622231459305,-0.3857312607131538,67.39896480701009,-0.775193155185064,6495.150000000001,6512.610000000001,0.01643835616438356,51.33262483160388,53.31473213744539,-13.965132187948324,-7.165127510468757,1.0088580603638517,1.0-2.0%,1.00-1.02,2025-09-08→2025-09-09
2025-09-08,2025-09-09,C,6565.0,0.019178082191780823,63.77173594098406,0.6202963032415534,8.85027757725652,0.2079315000642039,6495.150000000001,6512.610000000001,0.01643835616438356,15.602038569492585,10.946208276631069,-7.130373454597544,0.06951600887899323,1.0096270070562023,1.0-2.0%,1.00-1.02,2025-09-08→2025-09-09
2025-09-08,2025-09-09,P,6565.0,0.019178082191780823,126.30059082215034,-0.3797036967575049,71.09893595528501,-0.7970583297119432,6495.150000000001,6512.610000000001,0.01643835616438356,54.8644668195236,56.7366984299415,-14.670373454613948,-7.383361563229439,1.0096270070562023,1.0-2.0%,1.00-1.02,2025-09-08→2025-09-09
2025-09-08,2025-09-09,C,6570.0,0.019178082191780823,63.552266853487495,0.6199018280876447,7.650249716879898,0.18709189479050453,6495.150000000001,6512.610000000001,0.01643835616438356,14.151040978439802,9.488836516806714,-7.623485918410299,-0.06662448304221646,1.0103959537485527,1.0-2.0%,1.00-1.02,2025-09-08→2025-09-09
2025-09-08,2025-09-09,P,6570.0,0.019178082191780823,131.07554584346872,-0.3800981719114766,74.89890759527316,-0.8183012010184881,6495.150000000001,6512.610000000001,0.01643835616438356,58.40347107786093,60.275474141421,-15.163485918425609,-7.512461030217171,1.0103959537485527,1.0-2.0%,1.00-1.02,2025-09-08→2025-09-09
2025-09-08,2025-09-09,C,6440.0,0.021917808219178082,105.9420600487831,0.7469099965824952,82.60319686119601,0.7189337688038583,6495.150000000001,6512.610000000001,0.019178082191780823,93.08940211961396,92.68298332694303,3.0089514596696176,3.497416396684619,0.990319099953883,2.0-3.0%,0.98-1.00,2025-09-08→2025-09-09
2025-09-08,2025-09-09,P,6440.0,0.021917808219178082,43.063162114163745,-0.25309000341834903,19.348751583453122,-0.2807437265401287,6495.150000000001,6512.610000000001,0.019178082191780823,6.975440979938785,12.980246636585207,-2.4310485403156186,-1.9482145346093445,0.990319099953883,2.0-3.0%,0.98-1.00,2025-09-08→2025-09-09
2025-09-08,2025-09-09,C,6445.0,0.021917808219178082,103.1055720497337,0.7400364342194159,78.60313774223414,0.7056390355363384,6495.150000000001,6512.610000000001,0.019178082191780823,88.99172479509626,88.4445844868078,2.8289638585289723,3.4295424395355045,0.9910879812426671,2.0-3.0%,0.98-1.00,2025-09-08→2025-09-09
2025-09-08,2025-09-09,P,6445.0,0.021917808219178082,45.22067341796839,-0.25996356578135066,20.398691003478007,-0.294367013717495,6495.150000000001,6512.610000000001,0.019178082191780823,7.867279213543439,13.781117317328153,-2.7110361414576065,-2.1103519404925244,0.9910879812426671,2.0-3.0%,0.98-1.00,2025-09-08→2025-09-09
2025-09-08,2025-09-09,C,6450.0,0.021917808219178082,100.82932488801433,0.7394331202630734,74.4030804424583,0.6928825619045451,6495.150000000001,6512.610000000001,0.019178082191780823,84.9280324575054,84.04078210886018,2.8394977202067118,3.6522704691466163,0.9918568625314511,2.0-3.0%,0.98-1.00,2025-09-08→2025-09-09
2025-09-08,2025-09-09,P,6450.0,0.021917808219178082,47.938425559094235,-0.2605668797377036,21.498627409966048,-0.30854405078488184,6495.150000000001,6512.610000000001,0.019178082191780823,8.793102434072287,14.625708977105887,-3.150502279779685,-2.3128208732959514,0.9918568625314511,2.0-3.0%,0.98-1.00,2025-09-08→2025-09-09
2025-09-08,2025-09-09,C,6455.0,0.021917808219178082,98.31295114329431,0.7287163864667502,70.5530153612217,0.6781256372602547,6495.150000000001,6512.610000000001,0.019178082191780823,80.88118818942856,79.92906554055662,2.3766118922905246,3.2599263734359383,0.9926257438202352,2.0-3.0%,0.98-1.00,2025-09-08→2025-09-09
2025-09-08,2025-09-09,P,6455.0,0.021917808219178082,50.41605111722253,-0.271283613533966,22.648562381323245,-0.32328430801876556,6495.150000000001,6512.610000000001,0.019178082191780823,9.7357737241167,15.514358132925963,-3.1633881076969423,-2.2554559819923403,0.9926257438202352,2.0-3.0%,0.98-1.00,2025-09-08→2025-09-09
2025-09-08,2025-09-09,C,6460.0,0.021917808219178082,95.7048699688253,0.7157273255153187,66.85294551377501,0.6624107126885196,6495.150000000001,6512.610000000001,0.019178082191780823,77.05454149233037,75.94650778346659,2.4534008965025116,3.384308956458426,0.9933946251090192,2.0-3.0%,0.98-1.00,2025-09-08→2025-09-09
2025-09-08,2025-09-09,P,6460.0,0.021917808219178082,52.80196924559551,-0.2842726744854162,23.898493458980738,-0.3387908688076412,6495.150000000001,6512.610000000001,0.019178082191780823,10.898642585140946,16.489769063418407,-3.2865991034846207,-2.3347114306185706,0.9933946251090192,2.0-3.0%,0.98-1.00,2025-09-08→2025-09-09
2025-09-08,2025-09-09,C,6465.0,0.021917808219178082,93.6704846573566,0.7219709431691701,63.15287409096436,0.6463487137175111,6495.150000000001,6512.610000000001,0.019178082191780823,73.26991599196315,71.96727311860286,2.8943873322662643,4.214751458492232,0.9941635063978033,2.0-3.0%,0.98-1.00,2025-09-08→2025-09-09
2025-09-08,2025-09-09,P,6465.0,0.021917808219178082,55.761583236966075,-0.27802905683166046,25.19842203616963,-0.35485286777864844,6495.150000000001,6512.610000000001,0.019178082191780823,12.103532642894637,17.510534398552863,-3.845612667719201,-2.5042689285847883,0.9941635063978033,2.0-3.0%,0.98-1.00,2025-09-08→2025-09-09
2025-09-08,2025-09-09,C,6470.0,0.021917808219178082,91.50964129778858,0.7116292850896128,59.55279956631557,0.6295608982233777,6495.150000000001,6512.610000000001,0.019178082191780823,69.50140297442194,68.07679596241724,1.6749526823353431,3.107866717019812,0.9949323876865874,2.0-3.0%,0.98-1.00,2025-09-08→2025-09-09
2025-09-08,2025-09-09,P,6470.0,0.021917808219178082,58.59473918026647,-0.2883707149109575,26.598347511522206,-0.37164068327278493,6495.150000000001,6512.610000000001,0.019178082191780823,13.324535183475252,18.620057242369285,-4.115047317654674,-2.661153670057164,0.9949323876865874,2.0-3.0%,0.98-1.00,2025-09-08→2025-09-09
2025-09-08,2025-09-09,C,6475.0,0.021917808219178082,89.18577083177033,0.6989325023378544,56.05272173776848,0.6120858416925864,6495.150000000001,6512.610000000001,0.019178082191780823,65.92884524248163,64.27642991558423,1.4966385091810395,3.0129812040474224,0.9957012689753715,2.0-3.0%,0.98-1.00,2025-09-08→2025-09-09
2025-09-08,2025-09-09,P,6475.0,0.021917808219178082,61.264868017069325,-0.30106749766302815,28.09826968297466,-0.3891157398035771,6495.150000000001,6512.610000000001,0.019178082191780823,14.741493009657464,19.819691195536507,-4.293361490803519,-2.7560391830295305,0.9957012689753715,2.0-3.0%,0.98-1.00,2025-09-08→2025-09-09
2025-09-08,2025-09-09,C,6480.0,0.021917808219178082,87.20445750995695,0.701332637661022,52.60264163057218,0.5940723852197481,6495.150000000001,6512.610000000001,0.019178082191780823,62.47312271202723,60.52348535408055,1.0047321464385224,2.8774961540631683,0.9964701502641555,2.0-3.0%,0.98-1.00,2025-09-08→2025-09-09
2025-09-08,2025-09-09,P,6480.0,0.021917808219178082,64.27755399811251,-0.29866736233973523,29.698189088342588,-0.4072388229430673,6495.150000000001,6512.610000000001,0.019178082191780823,16.275286037321962,21.1107733470094,-4.885267853548213,-2.9896101514140314,0.9964701502641555,2.0-3.0%,0.98-1.00,2025-09-08→2025-09-09
2025-09-08,2025-09-09,C,6485.0,0.021917808219178082,85.51104315084439,0.6956300289509459,49.25255862039148,0.575404839579167,6495.150000000001,6512.610000000001,0.019178082191780823,59.05381317834583,56.862448569860135,2.8042996945164607,4.903431500947725,0.9972390315529396,2.0-3.0%,0.98-1.00,2025-09-08→2025-09-09
2025-09-08,2025-09-09,P,6485.0,0.021917808219178082,67.57813894184284,-0.30436997104983865,31.298106565597664,-0.42579674191699496,6495.150000000001,6512.610000000001,0.019178082191780823,17.845492061763583,22.405709849811956,-5.135700305469806,-3.015588886129252,0.9972390315529396,2.0-3.0%,0.98-1.00,2025-09-08→2025-09-09
2025-09-08,2025-09-09,C,6490.0,0.021917808219178082,83.48791412441719,0.6840543601716695,46.002472555966506,0.5561193071626064,6495.150000000001,6512.610000000001,0.019178082191780823,55.74281621588524,53.294570511126494,0.30641087140262435,2.540156896940873,0.9980079128417236,2.0-3.0%,0.98-1.00,2025-09-08→2025-09-09
2025-09-08,2025-09-09,P,6490.0,0.021917808219178082,70.5490092182615,-0.31594563982909435,33.09802022366284,-0.4451454894517613,6495.150000000001,6512.610000000001,0.019178082191780823,19.52401065742402,23.882712657546108,-5.533589128584002,-3.277759754172232,0.9980079128417236,2.0-3.0%,0.98-1.00,2025-09-08→2025-09-09
2025-09-08,2025-09-09,C,6495.0,0.021917808219178082,81.35354360641072,0.6764771258420847,42.85238451264286,0.5362514664285783,6495.150000000001,6512.610000000001,0.019178082191780823,52.668999149878424,49.82106647266255,-0.011290617202826425,2.437049396156999,0.9987767941305077,2.0-3.0%,0.98-1.00,2025-09-08→2025-09-09
2025-09-08,2025-09-09,P,6495.0,0.021917808219178082,73.4086380030935,-0.3235228741587841,34.89793245784858,-0.46495011506758266,6495.150000000001,6512.610000000001,0.019178082191780823,21.439709149539162,25.364327752613463,-5.801290617187617,-3.3319709909199897,0.9987767941305077,2.0-3.0%,0.98-1.00,2025-09-08→2025-09-09
2025-09-08,2025-09-09,C,6500.0,0.021917808219178082,80.13292201304174,0.6805236790943113,39.85229354663625,0.5158240974358557,6495.150000000001,6512.610000000001,0.019178082191780823,49.62419053127424,46.488877032629716,-0.6319434369867007,2.2437112587699417,0.9995456754192918,2.0-3.0%,0.98-1.00,2025-09-08→2025-09-09
2025-09-08,2025-09-09,P,6500.0,0.021917808219178082,77.18201571257909,-0.31947632090647665,36.79784159746532,-0.48535310778188134,6495.150000000001,6512.610000000001,0.019178082191780823,23.384416089056316,26.940601146130575,-6.5219434369729,-3.625734738128328,0.9995456754192918,2.0-3.0%,0.98-1.00,2025-09-08→2025-09-09
2025-09-08,2025-09-09,C,6505.0,0.021917808219178082,78.45895869006455,0.6705357388582223,36.90220073571163,0.4949228360881082,6495.150000000001,6512.610000000001,0.019178082191780823,46.63554371771344,43.2080430594433,-0.9575540004645777,2.1086472819016198,1.0003145567080758,2.0-3.0%,1.00-1.02,2025-09-08→2025-09-09
2025-09-08,2025-09-09,P,6505.0,0.021917808219178082,80.50205169245271,-0.32946426114245414,38.9477486809169,-0.5062787454080534,6495.150000000001,6512.610000000001,0.019178082191780823,25.385284833617483,28.751304339393755,-6.797554000452743,-3.710373105175373,1.0003145567080758,2.0-3.0%,1.00-1.02,2025-09-08→2025-09-09
2025-09-08,2025-09-09,C,6510.0,0.021917808219178082,76.54539655407555,0.657140102418321,34.052105662342,0.4735421363653405,6495.150000000001,6512.610000000001,0.019178082191780823,44.00891237920577,40.024956503702015,-1.2736661882239062,1.9319542990611414,1.0010834379968598,2.0-3.0%,1.00-1.02,2025-09-08→2025-09-09
2025-09-08,2025-09-09,P,6510.0,0.021917808219178082,83.58248885930668,-0.3428598975823849,41.04765341224129,-0.5277033514481954,6495.150000000001,6512.610000000001,0.019178082191780823,27.748169053231152,30.521526244720917,-7.063666188211545,-3.8362994837144875,1.0010834379968598,2.0-3.0%,1.00-1.02,2025-09-08→2025-09-09
2025-09-08,2025-09-09,C,6515.0,0.021917808219178082,75.33498070324968,0.667032148512135,31.35200867727235,0.4517870911398663,6495.150000000001,6512.610000000001,0.019178082191780823,41.418400825249606,36.98779611554983,-1.996381313021903,1.7617973886979161,1.001852319285644,2.0-3.0%,1.00-1.02,2025-09-08→2025-09-09
2025-09-08,2025-09-09,P,6515.0,0.021917808219178082,87.3660723113212,-0.33296785148869773,43.347556290883404,-0.5494883606043331,6495.150000000001,6512.610000000001,0.019178082191780823,30.147173057395726,32.483893088806326,-7.786381313007327,-4.005933223848325,1.001852319285644,2.0-3.0%,1.00-1.02,2025-09-08→2025-09-09
2025-09-08,2025-09-09,C,6520.0,0.021917808219178082,74.09396655264084,0.6581575925475666,28.801911071009727,0.4297812615279195,6495.150000000001,6512.610000000001,0.019178082191780823,38.88103821234853,34.09895593314468,-2.391431565880538,1.5960191737225076,1.0026212005744282,2.0-3.0%,1.00-1.02,2025-09-08→2025-09-09
2025-09-08,2025-09-09,P,6520.0,0.021917808219178082,91.11905746355097,-0.34184240745332095,45.79745854938483,-0.5715252904693395,6495.150000000001,6512.610000000001,0.019178082191780823,32.599326002615456,34.594575418871045,-8.231431565865,-4.221168428405306,1.0026212005744282,2.0-3.0%,1.00-1.02,2025-09-08→2025-09-09
2025-09-08,2025-09-09,C,6525.0,0.021917808219178082,72.45222506815954,0.6458542846745698,26.351812070161486,0.4075173256210279,6495.150000000001,6512.610000000001,0.019178082191780823,36.65039058203503,31.31268050441622,-2.726615810418009,1.4347474946568424,1.0033900818632122,2.0-3.0%,1.00-1.02,2025-09-08→2025-09-09
2025-09-08,2025-09-09,P,6525.0,0.021917808219178082,94.47131528192267,-0.3541457153261962,48.297358791170154,-0.593959539683396,6495.150000000001,6512.610000000001,0.019178082191780823,35.35819393042445,36.75968907818742,-8.516615810404598,-4.329466437127881,1.0033900818632122,2.0-3.0%,1.00-1.02,2025-09-08→2025-09-09
2025-09-08,2025-09-09,C,6530.0,0.021917808219178082,71.01982430169588,0.6456141646315735,24.05171286955556,0.38520188399698474,6495.150000000001,6512.610000000001,0.019178082191780823,34.670404579702826,28.678457439346403,-3.322423314467297,1.2243751054126317,1.0041589631519963,2.0-3.0%,1.00-1.02,2025-09-08→2025-09-09
2025-09-08,2025-09-09,P,6530.0,0.021917808219178082,98.03291381830624,-0.3543858353692002,50.947258529557075,-0.6165141561903877,6495.150000000001,6512.610000000001,0.019178082191780823,38.36772348621204,39.07587789663103,-9.012423314453756,-4.43566283291581,1.0041589631519963,2.0-3.0%,1.00-1.02,2025-09-08→2025-09-09
2025-09-08,2025-09-09,C,6535.0,0.021917808219178082,70.30767037229079,0.6467787955870152,21.751611253043848,0.3623565042836418,6495.150000000001,6512.610000000001,0.019178082191780823,32.61305547632316,26.05128204851826,-3.742757770949309,1.2232554352076015,1.0049278444407803,2.0-3.0%,1.00-1.02,2025-09-08→2025-09-09
2025-09-08,2025-09-09,P,6535.0,0.021917808219178082,102.31475919174548,-0.3532212044137716,53.797159198247755,-0.6388450772125231,6495.150000000001,6512.610000000001,0.019178082191780823,41.299889940955644,41.59454332846872,-9.68275777093553,-4.695764951869316,1.0049278444407803,2.0-3.0%,1.00-1.02,2025-09-08→2025-09-09
2025-09-08,2025-09-09,C,6540.0,0.021917808219178082,69.01988786334692,0.6363306768413484,19.65151082357488,0.3397719564562691,6495.150000000001,6512.610000000001,0.019178082191780823,30.739765344319885,23.627348862792587,-4.160333617649963,1.0175816402735318,1.0056967257295644,2.0-3.0%,1.00-1.02,2025-09-08→2025-09-09
2025-09-08,2025-09-09,P,6540.0,0.021917808219178082,106.02097598566205,-0.36366932315928313,56.39705219747975,-0.662907107409537,6495.150000000001,6512.610000000001,0.019178082191780823,44.41611536707315,43.87281950857687,-9.300333617638902,-4.0756419046294585,1.0056967257295644,2.0-3.0%,1.00-1.02,2025-09-08→2025-09-09
2025-09-08,2025-09-09,C,6545.0,0.021917808219178082,67.53027626880221,0.6240161112458787,17.70141121983488,0.31742667321380486,6495.150000000001,6512.610000000001,0.019178082191780823,29.324414001748657,21.360269087886536,-4.44532130235307,0.9077302856869514,1.0064656070183484,2.0-3.0%,1.00-1.02,2025-09-08→2025-09-09
2025-09-08,2025-09-09,P,6545.0,0.021917808219178082,109.52536369395095,-0.37598388875487965,59.49695277216051,-0.6851968018691659,6495.150000000001,6512.610000000001,0.019178082191780823,47.99027958262206,46.65289171316135,-10.335321302339786,-4.936463839364338,1.0064656070183484,2.0-3.0%,1.00-1.02,2025-09-08→2025-09-09
2025-09-08,2025-09-09,C,6550.0,0.021917808219178082,66.9851770979941,0.6359966354036445,15.90131387215638,0.2954794482151131,6495.150000000001,6512.610000000001,0.019178082191780823,27.776439210018314,19.252226988345228,-5.254501254147657,0.6909288341641133,1.0072344883071325,2.0-3.0%,1.00-1.02,2025-09-08→2025-09-09
2025-09-08,2025-09-09,P,6550.0,0.021917808219178082,113.97426382598303,-0.3640033645971533,62.59685170233388,-0.7079967812015068,6495.150000000001,6512.610000000001,0.019178082191780823,51.43182034901472,49.44103854025525,-10.89450125413369,-4.888376200221666,1.0072344883071325,2.0-3.0%,1.00-1.02,2025-09-08→2025-09-09
2025-09-08,2025-09-09,C,6555.0,0.021917808219178082,66.1617644227332,0.6280440235874815,14.201217196609377,0.2737375110915961,6495.150000000001,6512.610000000001,0.019178082191780823,26.200703855339693,17.254285504549443,-5.615648651837448,0.570543056340723,1.0080033695959165,2.0-3.0%,1.00-1.02,2025-09-08→2025-09-09
2025-09-08,2025-09-09,P,6555.0,0.021917808219178082,118.14485045357488,-0.3719559764132906,65.89675373392765,-0.7300302881073184,6495.150000000001,6512.610000000001,0.019178082191780823,54.845600552457135,52.439583856575155,-11.50564865182394,-5.253671169646202,1.0080033695959165,2.0-3.0%,1.00-1.02,2025-09-08→2025-09-09
2025-09-08,2025-09-09,C,6560.0,0.021917808219178082,64.95099912344969,0.615668560938369,12.65112283104122,0.25265970806292753,6495.150000000001,6512.610000000001,0.019178082191780823,25.084894420066842,15.418656197016617,-5.949573073983945,0.388561497221275,1.0087722508847006,2.0-3.0%,1.00-1.02,2025-09-08→2025-09-09
2025-09-08,2025-09-09,P,6560.0,0.021917808219178082,121.92808445714455,-0.38433143906233364,69.2966568341335,-0.7518202525038342,6495.150000000001,6512.610000000001,0.019178082191780823,58.719306675305454,55.54881962964191,-12.389573073971636,-5.973218391283021,1.0087722508847006,2.0-3.0%,1.00-1.02,2025-09-08→2025-09-09
2025-09-08,2025-09-09,C,6565.0,0.021917808219178082,64.15946352883947,0.6213250471541347,11.201031492833408,0.23198860446040767,6495.150000000001,6512.610000000001,0.019178082191780823,24.008439792655015,13.695370842114016,-6.498335323311213,0.2994789661212751,1.0095411321734846,2.0-3.0%,1.00-1.02,2025-09-08→2025-09-09
2025-09-08,2025-09-09,P,6565.0,0.021917808219178082,126.13054816538862,-0.37867495284640923,72.89656522550467,-0.7723879299085673,6495.150000000001,6512.610000000001,0.019178082191780823,62.63236760601691,58.873784337260986,-14.088335323301685,-7.214106743796389,1.0095411321734846,2.0-3.0%,1.00-1.02,2025-09-08→2025-09-09
2025-09-08,2025-09-09,C,6570.0,0.021917808219178082,63.82304377917523,0.6206195778275715,9.85094175171298,0.21179390098272138,6495.150000000001,6512.610000000001,0.019178082191780823,22.768861502001393,12.085036938537087,-6.936017828869421,0.20207848884167712,1.010310013462269,2.0-3.0%,1.00-1.02,2025-09-08→2025-09-09
2025-09-08,2025-09-09,P,6570.0,0.021917808219178082,130.78812771855246,-0.3793804221732087,76.49647185569575,-0.7934198881523404,6495.150000000001,6512.610000000001,0.019178082191780823,66.3823048734839,62.207242095396396,-14.576017828855765,-7.34688875286011,1.010310013462269,2.0-3.0%,1.00-1.02,2025-09-08→2025-09-09
2025-09-08,2025-09-09,C,6440.0,0.024657534246575342,111.3199227339698,0.751781281396636,88.19259696538757,0.6982427703740287,6495.150000000001,6512.610000000001,0.021917808219178082,97.64057605586059,97.78264194659641,3.723898826814702,4.658681229269428,0.9902148043874487,2.0-3.0%,0.98-1.00,2025-09-08→2025-09-09
2025-09-08,2025-09-09,P,6440.0,0.024657534246575342,47.76360945111839,-0.24821871860318157,24.853226160528948,-0.30424064249881416,6495.150000000001,6512.610000000001,0.021917808219178082,10.87659983309737,17.86312157454813,-2.6661011731884408,-1.6879583819706934,0.9902148043874487,2.0-3.0%,0.98-1.00,2025-09-08→2025-09-09
2025-09-08,2025-09-09,C,6445.0,0.024657534246575342,108.59933696936564,0.7454676200698298,84.64274123355244,0.6845963523656691,6495.150000000001,6512.610000000001,0.021917808219178082,93.7700349620502,93.96366642858084,3.884135353580737,4.946947687695385,0.990983604701414,2.0-3.0%,0.98-1.00,2025-09-08→2025-09-09
2025-09-08,2025-09-09,P,6445.0,0.024657534246575342,50.036497045761024,-0.25453237993004685,25.953355728851875,-0.316527833993023,6495.150000000001,6512.610000000001,0.021917808219178082,11.995069627315697,18.74478927375526,-2.755864646421376,-1.6734240184818105,0.990983604701414,2.0-3.0%,0.98-1.00,2025-09-08→2025-09-09
2025-09-08,2025-09-09,C,6450.0,0.024657534246575342,106.41267930002691,0.7452518555470017,80.84287813497849,0.6716942422536154,6495.150000000001,6512.610000000001,0.021917808219178082,89.91411933669835,89.93354495698168,3.5879026021493328,4.872218530251859,0.9917524050153794,2.0-3.0%,0.98-1.00,2025-09-08→2025-09-09
2025-09-08,2025-09-09,P,6450.0,0.024657534246575342,52.84331273567326,-0.2547481444528919,27.203494573335774,-0.32961279200450877,6495.150000000001,6512.610000000001,0.021917808219178082,13.128164889988382,19.757690217447134,-3.1520973978524998,-1.8449606516012667,0.9917524050153794,2.0-3.0%,0.98-1.00,2025-09-08→2025-09-09
2025-09-08,2025-09-09,C,6455.0,0.024657534246575342,103.9803502469172,0.7352691108236912,77.14302120983302,0.6582003184792835,6495.150000000001,6512.610000000001,0.021917808219178082,86.09961585768599,85.99250990161636,4.612201325018313,5.957822439351675,0.9925212053293448,2.0-3.0%,0.98-1.00,2025-09-08→2025-09-09
2025-09-08,2025-09-09,P,6455.0,0.024657534246575342,55.40445704180854,-0.2647308891762648,28.503637648188942,-0.3431067157788382,6495.150000000001,6512.610000000001,0.021917808219178082,14.302672299002431,20.81665516208068,-3.3277986749824064,-1.9593567425014715,0.9925212053293448,2.0-3.0%,0.98-1.00,2025-09-08→2025-09-09
2025-09-08,2025-09-09,C,6460.0,0.024657534246575342,101.44411053716155,0.7229996265206499,73.3931656063578,0.6445809488348149,6495.150000000001,6512.610000000001,0.021917808219178082,82.50987185781904,82.0100660985463,4.576426520949417,5.945616633344098,0.9932900056433103,2.0-3.0%,0.98-1.00,2025-09-08→2025-09-09
2025-09-08,2025-09-09,P,6460.0,0.024657534246575342,57.861690691310926,-0.27700037347922185,29.803783565673257,-0.356869521733938,6495.150000000001,6512.610000000001,0.021917808219178082,15.701939187159358,21.878089661539207,-3.363573479052776,-1.969058150525429,0.9932900056433103,2.0-3.0%,0.98-1.00,2025-09-08→2025-09-09
2025-09-08,2025-09-09,C,6465.0,0.024657534246575342,99.4296337415287,0.7292421235108316,69.84331927083122,0.6301005907317884,6495.150000000001,6512.610000000001,0.021917808219178082,78.95115029037935,78.20558908962084,4.017432523500853,5.748443685822952,0.9940588059572757,2.0-3.0%,0.98-1.00,2025-09-08→2025-09-09
2025-09-08,2025-09-09,P,6465.0,0.024657534246575342,60.840687254928376,-0.27075787648906635,31.203935709187135,-0.3712064435263313,6495.150000000001,6512.610000000001,0.021917808219178082,17.132228507746277,23.029734350084027,-3.822567476500896,-2.0687354960302464,0.9940588059572757,2.0-3.0%,0.98-1.00,2025-09-08→2025-09-09
2025-09-08,2025-09-09,C,6470.0,0.024657534246575342,97.27963163380831,0.7194761265002322,66.3434768498596,0.6152257433315181,6495.150000000001,6512.610000000001,0.021917808219178082,75.40953314917952,74.44856624287695,1.4879468313059316,3.3081585214316824,0.9948276062712411,2.0-3.0%,0.98-1.00,2025-09-08→2025-09-09
2025-09-08,2025-09-09,P,6470.0,0.024657534246575342,63.684158506459106,-0.28052387349967844,32.70409328821597,-0.3860812909266031,6495.150000000001,6512.610000000001,0.021917808219178082,18.57962225457293,24.27271150334036,-4.052053168695607,-2.2090206604214986,0.9948276062712411,2.0-3.0%,0.98-1.00,2025-09-08→2025-09-09
2025-09-08,2025-09-09,C,6475.0,0.024657534246575342,94.96519833232703,0.7074081944125853,62.893638808855485,0.5999490369916479,6495.150000000001,6512.610000000001,0.021917808219178082,72.07532202030104,70.73921106655507,0.24865292555623597,2.1248898141258064,0.9955964065852065,2.0-3.0%,0.98-1.00,2025-09-08→2025-09-09
2025-09-08,2025-09-09,P,6475.0,0.024657534246575342,66.36319856423738,-0.2925918055872979,34.20425420290985,-0.40125951902903817,6495.150000000001,6512.610000000001,0.021917808219178082,20.23442201372033,25.518571884992525,-4.191347074445772,-2.2940087977529835,0.9955964065852065,2.0-3.0%,0.98-1.00,2025-09-08→2025-09-09
2025-09-08,2025-09-09,C,6480.0,0.024657534246575342,92.95249808670285,0.7098213304722835,59.54380601189041,0.5841786326447683,6495.150000000001,6512.610000000001,0.021917808219178082,68.88537958607131,67.12280244183239,2.656519569953902,4.850241074022321,0.996365206899172,2.0-3.0%,0.98-1.00,2025-09-08→2025-09-09
2025-09-08,2025-09-09,P,6480.0,0.024657534246575342,69.34397167787182,-0.29017866952748383,35.90442245024542,-0.41712840161335335,6495.150000000001,6512.610000000001,0.021917808219178082,22.033490467515787,26.946947702296256,-4.683480430050129,-2.4669381078308428,0.996365206899172,2.0-3.0%,0.98-1.00,2025-09-08→2025-09-09
2025-09-08,2025-09-09,C,6485.0,0.024657534246575342,91.17065339659557,0.7043052187278955,56.24397735339244,0.5680179549593716,6495.150000000001,6512.610000000001,0.021917808219178082,65.66575796492324,63.555015529330376,1.2528308810109152,3.6324065064093496,0.9971340072131374,2.0-3.0%,0.98-1.00,2025-09-08→2025-09-09
2025-09-08,2025-09-09,P,6485.0,0.024657534246575342,72.55560034699528,-0.29569478127211785,37.55459309894968,-0.43322375590974754,6495.150000000001,6512.610000000001,0.021917808219178082,23.802879734393635,28.33374859040896,-4.93716911898881,-2.5359132218157896,0.9971340072131374,2.0-3.0%,0.98-1.00,2025-09-08→2025-09-09
2025-09-08,2025-09-09,C,6490.0,0.024657534246575342,89.08297746616137,0.6931723008174706,53.04415336529564,0.5514059148544821,6495.150000000001,6512.610000000001,0.021917808219178082,62.619758085040374,60.081701221797175,1.0472116277269432,3.5224527266407275,0.9979028075271027,2.0-3.0%,0.98-1.00,2025-09-08→2025-09-09
2025-09-08,2025-09-09,P,6490.0,0.024657534246575342,75.46139777583218,-0.3068276991823459,39.35476929618244,-0.4498533866473922,6495.150000000001,6512.610000000001,0.021917808219178082,25.745890742537007,29.860113642390388,-5.24278837227623,-2.7455598691365166,0.9979028075271027,2.0-3.0%,0.98-1.00,2025-09-08→2025-09-09
2025-09-08,2025-09-09,C,6495.0,0.024657534246575342,86.89580236062743,0.6859125210507409,49.8943336761904,0.5344101031030084,6495.150000000001,6512.610000000001,0.021917808219178082,59.82408603483294,56.65784914301594,0.5739673824540432,3.219199599821458,0.9986716078410681,2.0-3.0%,0.98-1.00,2025-09-08→2025-09-09
2025-09-08,2025-09-09,P,6495.0,0.024657534246575342,78.26769602954589,-0.3140874789491336,41.20494980155263,-0.46686743223005617,6495.150000000001,6512.610000000001,0.021917808219178082,27.939229580356542,31.435938554153836,-5.4660326175481195,-2.7984946332632052,0.9986716078410681,2.0-3.0%,0.98-1.00,2025-09-08→2025-09-09
2025-09-08,2025-09-09,C,6500.0,0.024657534246575342,85.48418158526668,0.6895548698386336,46.844518079959926,0.5170021406999782,6495.150000000001,6512.610000000001,0.021917808219178082,56.97962456323346,53.329889525988165,-0.6396280273825692,2.37314262337836,0.9994404081550335,2.0-3.0%,0.98-1.00,2025-09-08→2025-09-09
2025-09-08,2025-09-09,P,6500.0,0.024657534246575342,81.84954861343671,-0.3104451301612529,43.15513440544373,-0.484294411322988,6495.150000000001,6512.610000000001,0.021917808219178082,30.083778996781792,33.10765054911917,-6.07962802738452,-3.044219578300618,0.9994404081550335,2.0-3.0%,0.98-1.00,2025-09-08→2025-09-09
2025-09-08,2025-09-09,C,6505.0,0.024657534246575342,83.66884183036933,0.6797662028823438,43.89470677955296,0.49921962969246464,6495.150000000001,6512.610000000001,0.021917808219178082,54.2200004202208,50.0988191422839,-2.8187179023257425,0.3336252655695535,1.000209208468999,2.0-3.0%,1.00-1.02,2025-09-08→2025-09-09
2025-09-08,2025-09-09,P,6505.0,0.024657534246575342,85.02768221777671,-0.32023379711765754,45.25532321790797,-0.5020874045656577,6495.150000000001,6512.610000000001,0.021917808219178082,32.313165741795714,34.92296440274822,-6.208717902325685,-3.033553916283596,1.000209208468999,2.0-3.0%,1.00-1.02,2025-09-08→2025-09-09
2025-09-08,2025-09-09,C,6510.0,0.024657534246575342,81.63762543359424,0.6667157523015357,41.09489856990922,0.4811307312585405,6495.150000000001,6512.610000000001,0.021917808219178082,51.841032972388554,47.01266684705115,-1.190857035184841,2.0494574322258607,1.0009780087829643,2.0-3.0%,1.00-1.02,2025-09-08→2025-09-09
2025-09-08,2025-09-09,P,6510.0,0.024657534246575342,87.98993918027648,-0.33328424769823484,47.35551564098114,-0.5202360220855402,6495.150000000001,6512.610000000001,0.021917808219178082,34.923209181989584,36.7427030386375,-6.3308570351888065,-3.066679054386448,1.0009780087829643,2.0-3.0%,1.00-1.02,2025-09-08→2025-09-09
2025-09-08,2025-09-09,C,6515.0,0.024657534246575342,80.20984500759566,0.675968455281575,38.3450935713513,0.46273612335586084,6495.150000000001,6512.610000000001,0.021917808219178082,49.44394832607284,43.978613774331734,-1.7524092292163278,1.9706272862066498,1.0017468090969297,2.0-3.0%,1.00-1.02,2025-09-08→2025-09-09
2025-09-08,2025-09-09,P,6515.0,0.024657534246575342,91.55563211352278,-0.3240315447183367,49.60571109440298,-0.5386733154916745,6495.150000000001,6512.610000000001,0.021917808219178082,37.51513542369909,38.707969488611525,-6.942409229217831,-3.194763911515345,1.0017468090969297,2.0-3.0%,1.00-1.02,2025-09-08→2025-09-09
2025-09-08,2025-09-09,C,6520.0,0.024657534246575342,78.7372197766442,0.6670029124777751,35.695292187463565,0.4440848348228777,6495.150000000001,6512.610000000001,0.021917808219178082,47.03774905527136,41.04430351672636,-1.4958708518619783,2.396278783992538,1.0025156094108951,2.0-3.0%,1.00-1.02,2025-09-08→2025-09-09
2025-09-08,2025-09-09,P,6520.0,0.024657534246575342,95.07648024182365,-0.33299708752210916,51.95591015546006,-0.5573689051394543,6495.150000000001,6512.610000000001,0.021917808219178082,40.09794704092229,40.7729724999208,-7.235870851863966,-3.3183389162651125,1.0025156094108951,2.0-3.0%,1.00-1.02,2025-09-08→2025-09-09
2025-09-08,2025-09-09,C,6525.0,0.024657534246575342,76.9094040586951,0.6547965155102746,33.14549139387145,0.42521732383295896,6495.150000000001,6512.610000000001,0.021917808219178082,44.93121629603907,38.21063106671136,-1.7827471608094267,2.2257055258765126,1.0032844097248605,2.0-3.0%,1.00-1.02,2025-09-08→2025-09-09
2025-09-08,2025-09-09,P,6525.0,0.024657534246575342,98.2421378831321,-0.3452034844895462,54.40610987460195,-0.5762823845705396,6495.150000000001,6512.610000000001,0.021917808219178082,42.98042516971637,42.938607753593715,-7.522747160812508,-3.4881095653983554,1.0032844097248605,2.0-3.0%,1.00-1.02,2025-09-08→2025-09-09
2025-09-08,2025-09-09,C,6530.0,0.024657534246575342,75.27367847125001,0.6542706961580284,30.69569329385331,0.40617486692082133,6495.150000000001,6512.610000000001,0.021917808219178082,43.084342872756636,35.47846877627626,-2.123566354919202,2.208186823562442,1.004053210038826,2.0-3.0%,1.00-1.02,2025-09-08→2025-09-09
2025-09-08,2025-09-09,P,6530.0,0.024657534246575342,101.59988565492964,-0.3457293038418888,57.056309732209684,-0.5951321673373023,6495.150000000001,6512.610000000001,0.021917808219178082,46.12256263445925,45.30261403674058,-8.063566354920603,-3.708992358290674,1.004053210038826,2.0-3.0%,1.00-1.02,2025-09-08→2025-09-09
2025-09-08,2025-09-09,C,6535.0,0.024657534246575342,74.22932318879056,0.6547719732207657,28.395895094679872,0.3871440891203563,6495.150000000001,6512.610000000001,0.021917808219178082,41.05076504676028,32.897436350594944,-2.6323186524345896,2.040464203958569,1.0048220103527914,2.0-3.0%,1.00-1.02,2025-09-08→2025-09-09
2025-09-08,2025-09-09,P,6535.0,0.024657534246575342,105.54900373172289,-0.34522802677916237,59.656514600132596,-0.6144521509714043,6495.150000000001,6512.610000000001,0.021917808219178082,49.07799569648925,47.62402105915908,-8.472318652435813,-3.771665444039259,1.0048220103527914,2.0-3.0%,1.00-1.02,2025-09-08→2025-09-09
2025-09-08,2025-09-09,C,6540.0,0.024657534246575342,72.68864844014607,0.6441404245786724,26.19609783013493,0.3680746461299723,6495.150000000001,6512.610000000001,0.021917808219178082,39.20507822212514,30.420269916260168,-2.946691813143646,1.873416678570667,1.0055908106667568,2.0-3.0%,1.00-1.02,2025-09-08→2025-09-09
2025-09-08,2025-09-09,P,6540.0,0.024657534246575342,109.00180234233987,-0.3558595754211583,62.40671971995653,-0.6337425177878653,6495.150000000001,6512.610000000001,0.021917808219178082,52.2213197598802,50.09702402270477,-8.786691813146563,-3.9348556394238496,1.0055908106667568,2.0-3.0%,1.00-1.02,2025-09-08→2025-09-09
2025-09-08,2025-09-09,C,6545.0,0.024657534246575342,70.98049305970845,0.6317589834330867,24.096299351047946,0.3490138748772796,6495.150000000001,6512.610000000001,0.021917808219178082,37.80203589228188,28.0477594705344,-3.180511850741718,1.7562177446426839,1.0063596109807222,2.0-3.0%,1.00-1.02,2025-09-08→2025-09-09
2025-09-08,2025-09-09,P,6545.0,0.024657534246575342,112.28712032115055,-0.36824101656680097,65.25692411860837,-0.6530788340318832,6495.150000000001,6512.610000000001,0.021917808219178082,55.80728831806194,52.673977472258684,-8.470511850743641,-3.4972435578032943,1.0063596109807222,2.0-3.0%,1.00-1.02,2025-09-08→2025-09-09
2025-09-08,2025-09-09,C,6550.0,0.024657534246575342,70.08384177747998,0.6427643270857403,22.09650080898382,0.3300108602962925,6495.150000000001,6512.610000000001,0.021917808219178082,36.190268123275764,25.780672291561586,-3.9726651509170487,1.4880103792267212,1.0071284112946877,2.0-3.0%,1.00-1.02,2025-09-08→2025-09-09
2025-09-08,2025-09-09,P,6550.0,0.024657534246575342,116.38394239818138,-0.35723567291402264,68.00713870175605,-0.673321014844762,6495.150000000001,6512.610000000001,0.021917808219178082,59.184531437082875,55.15617452855304,-10.112665150921146,-4.593815080810424,1.0071284112946877,2.0-3.0%,1.00-1.02,2025-09-08→2025-09-09
2025-09-08,2025-09-09,C,6555.0,0.024657534246575342,68.95735362834672,0.6343683093013225,20.146704681231768,0.31086626775728166,6495.150000000001,6512.610000000001,0.021917808219178082,34.558977849356566,23.56958297867868,-4.12607068040111,1.5222749649578535,1.007897211608653,2.0-3.0%,1.00-1.02,2025-09-08→2025-09-09
2025-09-08,2025-09-09,P,6555.0,0.024657534246575342,120.25092760830347,-0.36563169069845464,71.15733957909197,-0.69221352594129,6495.150000000001,6512.610000000001,0.021917808219178082,62.54225205118869,58.042318156361034,-8.966070680404977,-3.2639518370650595,1.007897211608653,2.0-3.0%,1.00-1.02,2025-09-08→2025-09-09
2025-09-08,2025-09-09,C,6560.0,0.024657534246575342,67.5040865344275,0.6217759989332575,18.346902733500883,0.29210576071696126,6495.150000000001,6512.610000000001,0.021917808219178082,33.38774576290825,21.515194850944226,-4.4062089413747,1.349833417881845,1.0086660119226185,2.0-3.0%,1.00-1.02,2025-09-08→2025-09-09
2025-09-08,2025-09-09,P,6560.0,0.024657534246575342,123.791133873632,-0.37822400106658466,74.40753711986235,-0.7108941770815579,6495.150000000001,6512.610000000001,0.021917808219178082,66.36003085276762,61.03604833211375,-10.946208941377423,-5.137787668155978,1.0086660119226185,2.0-3.0%,1.00-1.02,2025-09-08→2025-09-09
2025-09-08,2025-09-09,C,6565.0,0.024657534246575342,66.42858421019618,0.6267695431114961,16.747092793372076,0.27418072709317287,6495.150000000001,6512.610000000001,0.021917808219178082,32.2003603187365,19.670097011161943,-4.9933962227267426,1.1628045049531943,1.009434812236584,2.0-3.0%,1.00-1.02,2025-09-08→2025-09-09
2025-09-08,2025-09-09,P,6565.0,0.024657534246575342,127.7091049086472,-0.3732304568883472,77.70773566035314,-0.7296187566144493,6495.150000000001,6512.610000000001,0.021917808219178082,70.1616562966219,64.08713409827851,-11.733396222729443,-5.510856509511688,1.009434812236584,2.0-3.0%,1.00-1.02,2025-09-08→2025-09-09
2025-09-08,2025-09-09,C,6570.0,0.024657534246575342,65.76700334311201,0.6253476897503781,15.147286263140359,0.25597767195483007,6495.150000000001,6512.610000000001,0.021917808219178082,30.82443322321548,17.832241890425166,-5.418570663041626,1.0306298476686564,1.0102036125505494,2.0-3.0%,1.00-1.02,2025-09-08→2025-09-09
2025-09-08,2025-09-09,P,6570.0,0.024657534246575342,132.040997400805,-0.37465231024958773,81.10793058850777,-0.74807240717557,6495.150000000001,6512.610000000001,0.021917808219178082,73.77474008912556,67.24648392999552,-11.958570663042178,-5.438655770714513,1.0102036125505494,2.0-3.0%,1.00-1.02,2025-09-08→2025-09-09
2025-09-08,2025-09-09,C,6440.0,0.0273972602739726,116.02635057845879,0.7555586179995226,92.1994772813432,0.6875683529781066,6495.150000000001,6512.610000000001,0.024657534246575342,102.19615362877659,101.61774224351211,5.107946529728304,6.295056557002232,0.9900991257456638,2.0-3.0%,0.98-1.00,2025-09-08→2025-09-09
2025-09-08,2025-09-09,P,6440.0,0.0273972602739726,51.71868716541544,-0.2444413820003535,27.80023831635117,-0.3138556694024343,6495.150000000001,6512.610000000001,0.024657534246575342,14.661616982274133,20.661644071078854,-2.8320534702738165,-1.6200800122334833,0.9900991257456638,2.0-3.0%,0.98-1.00,2025-09-08→2025-09-09
2025-09-08,2025-09-09,C,6445.0,0.0273972602739726,113.33036756830039,0.7496065535114247,88.29948625544421,0.6759937674860219,6495.150000000001,6512.610000000001,0.024657534246575342,98.52852027348023,97.51689220069329,3.6618695756904973,4.947148819694032,0.9908678362470192,2.0-3.0%,0.98-1.00,2025-09-08→2025-09-09
2025-09-08,2025-09-09,P,6445.0,0.0273972602739726,54.01559416813521,-0.25039344648845685,29.00024753624666,-0.3257519831760282,6495.150000000001,6512.610000000001,0.024657534246575342,15.982396253803756,21.648505224575047,-3.0281304243115326,-1.7123703737465341,0.9908678362470192,2.0-3.0%,0.98-1.00,2025-09-08→2025-09-09
2025-09-08,2025-09-09,C,6450.0,0.0273972602739726,111.13695720399112,0.7495720658784066,84.54949561956437,0.6636966114022119,6495.150000000001,6512.610000000001,0.024657534246575342,94.85607713034999,93.54896494295372,4.662471729762993,6.161857164917356,0.9916365467483745,2.0-3.0%,0.98-1.00,2025-09-08→2025-09-09
2025-09-08,2025-09-09,P,6450.0,0.0273972602739726,56.815073816716335,-0.2504279341213562,30.250256882227404,-0.3380268468107277,6495.150000000001,6512.610000000001,0.024657534246575342,17.29836573750024,22.68106460808758,-3.5775282702411104,-2.0480512546846814,0.9916365467483745,2.0-3.0%,0.98-1.00,2025-09-08→2025-09-09
2025-09-08,2025-09-09,C,6455.0,0.0273972602739726,108.70577504771052,0.740082227860482,80.8495052547687,0.651019802716408,6495.150000000001,6512.610000000001,0.024657534246575342,91.23045376140232,89.62700716227391,4.528164301555961,6.083194244571494,0.9924052572497298,2.0-3.0%,0.98-1.00,2025-09-08→2025-09-09
2025-09-08,2025-09-09,P,6455.0,0.0273972602739726,59.37678167331207,-0.25991777213927875,31.500266394897153,-0.35054254042298094,6495.150000000001,6512.610000000001,0.024657534246575342,18.661154995380215,23.715251034579524,-3.4618356984481835,-1.8795272442147404,0.9924052572497298,2.0-3.0%,0.98-1.00,2025-09-08→2025-09-09
2025-09-08,2025-09-09,C,6460.0,0.0273972602739726,106.18174343814862,0.728306723491273,77.19951565350857,0.6379619204992347,6495.150000000001,6512.610000000001,0.024657534246575342,87.83513456475015,85.751278504541,4.383764607842341,5.961184868083333,0.9931739677510851,2.0-3.0%,0.98-1.00,2025-09-08→2025-09-09
2025-09-08,2025-09-09,P,6460.0,0.0273972602739726,61.84564007662984,-0.27169327650844616,32.85027677530161,-0.3635884562117891,6495.150000000001,6512.610000000001,0.024657534246575342,20.254248425555673,24.839771746639826,-3.7562353921625133,-2.151745554542142,0.9931739677510851,2.0-3.0%,0.98-1.00,2025-09-08→2025-09-09
2025-09-08,2025-09-09,C,6465.0,0.0273972602739726,104.14222380481992,0.7344912508437779,73.64952553048943,0.624406357240079,6495.150000000001,6512.610000000001,0.024657534246575342,84.46260508255773,81.96686118508842,3.2757827602676066,5.197865002588193,0.9939426782524405,2.0-3.0%,0.98-1.00,2025-09-08→2025-09-09
2025-09-08,2025-09-09,P,6465.0,0.0273972602739726,64.7990104561781,-0.2655087491559501,34.25028656549739,-0.3770176651404649,6495.150000000001,6512.610000000001,0.024657534246575342,21.87013157018828,26.010763012657208,-3.9142172397370993,-1.967271566647466,0.9939426782524405,2.0-3.0%,0.98-1.00,2025-09-08→2025-09-09
2025-09-08,2025-09-09,C,6470.0,0.0273972602739726,101.96568712267205,0.725106019503903,70.09953598367656,0.6105898184488401,6495.150000000001,6512.610000000001,0.024657534246575342,81.08780529342899,78.18454264040156,3.339648899461828,5.33910176988323,0.9947113887537958,2.0-3.0%,0.98-1.00,2025-09-08→2025-09-09
2025-09-08,2025-09-09,P,6470.0,0.0273972602739726,67.61536378690037,-0.27489398049591796,35.750297095272344,-0.39093508498025603,6495.150000000001,6512.610000000001,0.024657534246575342,23.483744407887013,27.273548455238597,-4.150351100541262,-2.1242734162447148,0.9947113887537958,2.0-3.0%,0.98-1.00,2025-09-08→2025-09-09
2025-09-08,2025-09-09,C,6475.0,0.0273972602739726,99.6548509660883,0.713552396735441,66.64954684494705,0.5962927730430312,6495.150000000001,6512.610000000001,0.024657534246575342,77.91588317234795,74.49447165781476,3.0413751529991746,5.088728182668653,0.9954800992551511,2.0-3.0%,0.98-1.00,2025-09-08→2025-09-09
2025-09-08,2025-09-09,P,6475.0,0.0273972602739726,70.29741764319674,-0.2864476032644083,37.300307946344674,-0.4052186148958443,6495.150000000001,6512.610000000001,0.024657534246575342,25.300234913634462,28.583740083721295,-4.248624847003417,-2.1748829839185397,0.9954800992551511,2.0-3.0%,0.98-1.00,2025-09-08→2025-09-09
2025-09-08,2025-09-09,C,6480.0,0.0273972602739726,97.6160562547376,0.7159876464982913,63.24955799290228,0.5816232183953098,6495.150000000001,6512.610000000001,0.024657534246575342,74.90948013947668,70.85198357170884,2.548855692139819,4.8948586068178805,0.9962488097565065,2.0-3.0%,0.98-1.00,2025-09-08→2025-09-09
2025-09-08,2025-09-09,P,6480.0,0.0273972602739726,73.25151294471567,-0.28401235350159854,38.900319083667,-0.41987417136014266,6495.150000000001,6512.610000000001,0.024657534246575342,27.282244507591,29.94151736385129,-4.641144307862077,-2.2689969680518915,0.9962488097565065,2.0-3.0%,0.98-1.00,2025-09-08→2025-09-09
2025-09-08,2025-09-09,C,6485.0,0.0273972602739726,95.77798519757908,0.7106300622228124,59.999569834875274,0.5664557498657578,6495.150000000001,6512.610000000001,0.024657534246575342,71.82554499711944,67.34903555352776,0.24239911358967525,2.759682607343855,0.9970175202578618,2.0-3.0%,0.98-1.00,2025-09-08→2025-09-09
2025-09-08,2025-09-09,P,6485.0,0.0273972602739726,76.40633190044174,-0.28936993777701936,40.60033086988324,-0.43496827251478626,6495.150000000001,6512.610000000001,0.024657534246575342,29.186721992059464,31.39293738109518,-4.897600886413234,-2.3554539618918193,0.9970175202578618,2.0-3.0%,0.98-1.00,2025-09-08→2025-09-09
2025-09-08,2025-09-09,C,6490.0,0.0273972602739726,93.69004728429663,0.6999964583735642,56.74958116603557,0.5510021165076872,6495.150000000001,6512.610000000001,0.024657534246575342,68.90760970730364,63.84886390144948,1.0280618367975443,3.6295030457757615,0.9977862307592171,2.0-3.0%,0.98-1.00,2025-09-08→2025-09-09
2025-09-08,2025-09-09,P,6490.0,0.0273972602739726,79.3112840000388,-0.3000035416262304,42.35034220104353,-0.4504219058728566,6495.150000000001,6512.610000000001,0.024657534246575342,31.257199329073156,32.89276572901599,-5.061938163206011,-2.435633523459912,0.9977862307592171,2.0-3.0%,0.98-1.00,2025-09-08→2025-09-09
2025-09-08,2025-09-09,C,6495.0,0.0273972602739726,91.50169233624669,0.6930849282422145,53.64959332950593,0.5351230746947996,6495.150000000001,6512.610000000001,0.024657534246575342,66.2527015232408,60.490124009322244,0.5987371528908998,3.356751115828768,0.9985549412605725,2.0-3.0%,0.98-1.00,2025-09-08→2025-09-09
2025-09-08,2025-09-09,P,6495.0,0.0273972602739726,82.11581906487068,-0.30691507175758237,44.250354364513896,-0.4663009476857447,6495.150000000001,6512.610000000001,0.024657534246575342,33.59070377183605,34.53402583688967,-5.341262847112604,-2.558385453406883,0.9985549412605725,2.0-3.0%,0.98-1.00,2025-09-08→2025-09-09
2025-09-08,2025-09-09,C,6500.0,0.0273972602739726,90.01320048316944,0.6965563768757586,50.49960528107022,0.5189487975004903,6495.150000000001,6512.610000000001,0.024657534246575342,63.509648975341854,57.08760999934293,3.7381256597492367,6.839153995641427,0.9993236517619278,2.0-3.0%,0.98-1.00,2025-09-08→2025-09-09
2025-09-08,2025-09-09,P,6500.0,0.0273972602739726,85.62021722467574,-0.30344362312398027,46.10036631607727,-0.4824752248800538,6495.150000000001,6512.610000000001,0.024657534246575342,35.836063850765036,36.131511826909446,-5.801874340255295,-2.6759825735942453,0.9993236517619278,2.0-3.0%,0.98-1.00,2025-09-08→2025-09-09
2025-09-08,2025-09-09,C,6505.0,0.0273972602739726,88.19271069819966,0.6871952363520256,47.64961819819564,0.5024061842754609,6495.150000000001,6512.610000000001,0.024657534246575342,60.82505913881407,53.96887814524234,-0.1984288267063956,3.0279880225504314,1.0000923622632831,2.0-3.0%,1.00-1.02,2025-09-08→2025-09-09
2025-09-08,2025-09-09,P,6505.0,0.0273972602739726,88.79261745257216,-0.31280476364780513,48.2503792332036,-0.49901783810508327,6495.150000000001,6512.610000000001,0.024657534246575342,38.139886641063946,38.01277997280886,-6.3384288267093085,-3.087148546685226,1.0000923622632831,2.0-3.0%,1.00-1.02,2025-09-08→2025-09-09
2025-09-08,2025-09-09,C,6510.0,0.0273972602739726,86.18600823972864,0.6747451319199397,44.74963098345597,0.4855769467007483,6495.150000000001,6512.610000000001,0.024657534246575342,58.520676749423906,50.80703474361826,-0.38105000332217287,2.921826510604916,1.0008610727646385,2.0-3.0%,1.00-1.02,2025-09-08→2025-09-09
2025-09-08,2025-09-09,P,6510.0,0.0273972602739726,91.77880500698082,-0.32525486807987025,50.35039201846439,-0.5158470756797958,6495.150000000001,6512.610000000001,0.024657534246575342,40.823916878500086,39.85093657118523,-6.221050003325452,-2.8933100586307443,1.0008610727646385,2.0-3.0%,1.00-1.02,2025-09-08→2025-09-09
2025-09-08,2025-09-09,C,6515.0,0.0273972602739726,84.69944683902122,0.6837226272372141,41.9496439812624,0.46846512649837757,6495.150000000001,6512.610000000001,0.024657534246575342,56.17976187098287,47.74318626296008,-0.9377970715617838,2.82059889133831,1.0016297832659937,2.0-3.0%,1.00-1.02,2025-09-08→2025-09-09
2025-09-08,2025-09-09,P,6515.0,0.0273972602739726,95.28513361915259,-0.3162773727626429,52.550405016269906,-0.5329588958821667,6495.150000000001,6512.610000000001,0.024657534246575342,43.47141462688683,41.78708809052705,-6.8277970715642375,-3.0445376778973436,1.0016297832659937,2.0-3.0%,1.00-1.02,2025-09-08→2025-09-09
2025-09-08,2025-09-09,C,6520.0,0.0273972602739726,83.17588489556854,0.6749866630250657,39.24965681690537,0.45110925607387536,6495.150000000001,6512.610000000001,0.024657534246575342,53.78925419620535,44.77818928663464,-1.1352671364176654,2.7736323889501255,1.0023984937673491,2.0-3.0%,1.00-1.02,2025-09-08→2025-09-09
2025-09-08,2025-09-09,P,6520.0,0.0273972602739726,98.75446168859185,-0.3250133369746031,54.85041785191288,-0.55031476630667,6495.150000000001,6512.610000000001,0.024657534246575342,46.06931957893677,43.82209111420116,-7.075267136423418,-3.141504180285523,1.0023984937673491,2.0-3.0%,1.00-1.02,2025-09-08→2025-09-09
2025-09-08,2025-09-09,C,6525.0,0.0273972602739726,81.42462681137789,0.6635549817950294,36.699670460931884,0.43362966501946165,6495.150000000001,6512.610000000001,0.024657534246575342,51.68965450556795,41.96110365466211,-1.3856699821412342,2.628826048760186,1.0031672042687045,2.0-3.0%,1.00-1.02,2025-09-08→2025-09-09
2025-09-08,2025-09-09,P,6525.0,0.0273972602739726,101.99609361727256,-0.33644501820471817,57.30043149593848,-0.5677943573610843,6495.150000000001,6512.610000000001,0.024657534246575342,48.95813251512533,46.00500548222817,-7.325669982145604,-3.2863105204754426,1.0031672042687045,2.0-3.0%,1.00-1.02,2025-09-08→2025-09-09
2025-09-08,2025-09-09,C,6530.0,0.0273972602739726,79.77967220110844,0.6631826892663564,34.14968399180452,0.41582488879050566,6495.150000000001,6512.610000000001,0.024657534246575342,49.85272373676336,39.14809803382832,-1.779169754590603,2.5396974417177605,1.0039359147700597,2.0-3.0%,1.00-1.02,2025-09-08→2025-09-09
2025-09-08,2025-09-09,P,6530.0,0.0273972602739726,105.344029019867,-0.3368173107335334,59.80044494996582,-0.5854980155114008,6495.150000000001,6512.610000000001,0.024657534246575342,52.10961437314938,48.24052107582338,-7.719169754592489,-3.377204649170915,1.0039359147700597,2.0-3.0%,1.00-1.02,2025-09-08→2025-09-09
2025-09-08,2025-09-09,C,6535.0,0.0273972602739726,78.61956140834708,0.6634703205200647,31.799697464434303,0.39810123328689695,6495.150000000001,6512.610000000001,0.024657534246575342,47.804484662731646,36.533459237907664,-2.2341917962803564,2.3991524668107624,1.0047046252714151,2.0-3.0%,1.00-1.02,2025-09-08→2025-09-09
2025-09-08,2025-09-09,P,6535.0,0.0273972602739726,109.17680823999525,-0.3365296794797135,62.350458592386076,-0.6034449894091076,6495.150000000001,6512.610000000001,0.024657534246575342,55.049787925945374,50.528534544168906,-8.174191796284195,-3.513850484916963,1.0047046252714151,2.0-3.0%,1.00-1.02,2025-09-08→2025-09-09
2025-09-08,2025-09-09,C,6540.0,0.0273972602739726,77.17465311351256,0.6536661380912334,29.599710932628113,0.38048560142236415,6495.150000000001,6512.610000000001,0.024657534246575342,45.90803686252596,34.07066690678903,-2.6130107710729558,2.1567213991655123,1.0054733357727705,2.0-3.0%,1.00-1.02,2025-09-08→2025-09-09
2025-09-08,2025-09-09,P,6540.0,0.0273972602739726,112.72478995804067,-0.34633386190854043,65.100472189627,-0.6212254183394759,6495.150000000001,6512.610000000001,0.024657534246575342,58.1417527525669,53.01631321858031,-8.453010771076865,-3.653404195792721,1.0054733357727705,2.0-3.0%,1.00-1.02,2025-09-08→2025-09-09
2025-09-08,2025-09-09,C,6545.0,0.0273972602739726,75.5095283923771,0.6419852114315482,27.29972469632321,0.36226285996736535,6495.150000000001,6512.610000000001,0.024657534246575342,44.4560032636784,31.51424544043084,-2.7590617915948545,2.124890464969787,1.0062420462741257,2.0-3.0%,1.00-1.02,2025-09-08→2025-09-09
2025-09-08,2025-09-09,P,6545.0,0.0273972602739726,116.05255524977794,-0.3580147885682705,67.95048560509895,-0.6389950549245275,6495.150000000001,6512.610000000001,0.024657534246575342,61.67813178054533,55.60758457346674,-9.199061791597988,-4.29314634101773,1.0062420462741257,2.0-3.0%,1.00-1.02,2025-09-08→2025-09-09
2025-09-08,2025-09-09,C,6550.0,0.0273972602739726,74.49012900820232,0.6525029837024132,25.199738315134255,0.34434041814812116,6495.150000000001,6512.610000000001,0.024657534246575342,42.78548119023896,29.159714439862,-3.3427020954441584,2.0378162991337927,1.0070107567754811,2.0-3.0%,1.00-1.02,2025-09-08→2025-09-09
2025-09-08,2025-09-09,P,6550.0,0.0273972602739726,120.02604587847904,-0.34749701629738466,70.70049963876045,-0.6574635455421142,6495.150000000001,6512.610000000001,0.024657534246575342,64.99602233393314,58.10410734614197,-9.98270209544765,-4.570686494834661,1.0070107567754811,2.0-3.0%,1.00-1.02,2025-09-08→2025-09-09
2025-09-08,2025-09-09,C,6555.0,0.0273972602739726,73.38296581167431,0.6446340591402049,23.299751515218304,0.3269055010670694,6495.150000000001,6512.610000000001,0.024657534246575342,41.08548743185351,27.009658667278927,-3.7053106725880003,1.8422299513689575,1.0077794672768365,2.0-3.0%,1.00-1.02,2025-09-08→2025-09-09
2025-09-08,2025-09-09,P,6555.0,0.0273972602739726,123.91177269483045,-0.3553659408596302,73.50051383536356,-0.6762349148215504,6495.150000000001,6512.610000000001,0.024657534246575342,68.28444120237451,60.65298394768024,-9.995310672590847,-4.3929383872157075,1.0077794672768365,2.0-3.0%,1.00-1.02,2025-09-08→2025-09-09
2025-09-08,2025-09-09,C,6560.0,0.0273972602739726,72.05154980221869,0.6330893368427156,21.399765567293343,0.30920611806421,6495.150000000001,6512.610000000001,0.024657534246575342,39.826735656889824,24.865210308002588,-4.003739821273834,1.6512611785988867,1.0085481777781917,2.0-3.0%,1.00-1.02,2025-09-08→2025-09-09
2025-09-08,2025-09-09,P,6560.0,0.0273972602739726,127.5732466982581,-0.36691066315707355,76.70052732089516,-0.6936508871822439,6495.150000000001,6512.610000000001,0.024657534246575342,72.01410205423734,63.60685206848393,-8.693739821277484,-2.9888555097979985,1.0085481777781917,2.0-3.0%,1.00-1.02,2025-09-08→2025-09-09
2025-09-08,2025-09-09,C,6565.0,0.0273972602739726,70.90525130009313,0.6379718288927888,19.599778341079855,0.2916733992978594,6495.150000000001,6512.610000000001,0.024657534246575342,38.542918220194736,22.826560169542972,-4.488988132468117,1.5573824482593626,1.0093168882795471,2.0-3.0%,1.00-1.02,2025-09-08→2025-09-09
2025-09-08,2025-09-09,P,6565.0,0.0273972602739726,131.41983820900708,-0.36202817110698177,79.90054058185615,-0.7113372503266959,6495.150000000001,6512.610000000001,0.024657534246575342,75.71869724437023,66.56633459685509,-11.078988132472091,-4.980051609295868,1.0093168882795471,2.0-3.0%,1.00-1.02,2025-09-08→2025-09-09
2025-09-08,2025-09-09,C,6570.0,0.0273972602739726,70.05499915745452,0.6362020603505567,17.949791280546606,0.27465124673753516,6495.150000000001,6512.610000000001,0.024657534246575342,37.08807778260476,20.945366779575124,-4.908087973720747,1.404589231962622,1.0100855987809023,2.0-3.0%,1.00-1.02,2025-09-08→2025-09-09
2025-09-08,2025-09-09,P,6570.0,0.0273972602739726,135.56247607925224,-0.3637979396491668,83.2505536401668,-0.7285129986158914,6495.150000000001,6512.610000000001,0.024657534246575342,79.25226943360705,69.68333793838156,-11.498087973725529,-5.130163044166505,1.0100855987809023,2.0-3.0%,1.00-1.02,2025-09-08→2025-09-09
2025-09-08,2025-09-09,C,6460.0,0.030136986301369864,110.04406890336728,0.7322226994504083,80.855356398612,0.6336236302812017,6495.150000000001,6512.610000000001,0.024657534246575342,87.83513456475015,86.32062586320535,0.6653916675958467,2.3869314152901975,0.9930198899921782,3.0-4.0%,0.98-1.00,2025-09-08→2025-09-09
2025-09-08,2025-09-09,C,6460.0,0.030136986301369864,110.04406890336728,0.7322226994504083,80.855356398612,0.6336236302812017,6495.150000000001,6512.610000000001,0.024657534246575342,87.83513456475015,86.32062586320535,-0.8846083324041647,0.8369314152901861,0.9930198899921782,3.0-4.0%,0.98-1.00,2025-09-08→2025-09-09
2025-09-08,2025-09-09,P,6460.0,0.030136986301369864,64.70720738607103,-0.26777730054939997,33.99691871008463,-0.3645377992377389,6495.150000000001,6512.610000000001,0.024657534246575342,20.254248425555673,24.06741070275575,-4.974608332407465,-3.285170025309064,0.9930198899921782,3.0-4.0%,0.98-1.00,2025-09-08→2025-09-09
2025-09-08,2025-09-09,P,6460.0,0.030136986301369864,64.70720738607103,-0.26777730054939997,33.99691871008463,-0.3645377992377389,6495.150000000001,6512.610000000001,0.024657534246575342,20.254248425555673,24.06741070275575,-6.474608332407465,-4.785170025309064,0.9930198899921782,3.0-4.0%,0.98-1.00,2025-09-08→2025-09-09
2025-09-08,2025-09-09,C,6465.0,0.030136986301369864,107.92429698397862,0.7383738655767901,77.3052479028679,0.6208130962033784,6495.150000000001,6512.610000000001,0.024657534246575342,84.46260508255773,82.5446191685478,-0.4420076929707921,1.6106033402889786,0.9937884812383022,3.0-4.0%,0.98-1.00,2025-09-08→2025-09-09
2025-09-08,2025-09-09,C,6465.0,0.030136986301369864,107.92429698397862,0.7383738655767901,77.3052479028679,0.6208130962033784,6495.150000000001,6512.610000000001,0.024657534246575342,84.46260508255773,82.5446191685478,-1.9420076929707921,0.11060334028897856,0.9937884812383022,3.0-4.0%,0.98-1.00,2025-09-08→2025-09-09
2025-09-08,2025-09-09,P,6465.0,0.030136986301369864,67.57955089894539,-0.26162613442300126,35.34680909662211,-0.37746347449724194,6495.150000000001,6512.610000000001,0.024657534246575342,21.87013157018828,25.198068654699,-5.08200769297438,-3.0594877352781333,0.9937884812383022,3.0-4.0%,0.98-1.00,2025-09-08→2025-09-09
2025-09-08,2025-09-09,P,6465.0,0.030136986301369864,67.57955089894539,-0.26162613442300126,35.34680909662211,-0.37746347449724194,6495.150000000001,6512.610000000001,0.024657534246575342,21.87013157018828,25.198068654699,-6.632007692974391,-4.609487735278145,0.9937884812383022,3.0-4.0%,0.98-1.00,2025-09-08→2025-09-09
2025-09-08,2025-09-09,C,6470.0,0.030136986301369864,105.66940336812279,0.7292526319213501,73.7551375408325,0.6077607226620704,6495.150000000001,6512.610000000001,0.024657534246575342,81.08780529342899,78.77610758325318,-0.38275095334680564,1.7384977823202235,0.9945570724844262,3.0-4.0%,0.98-1.00,2025-09-08→2025-09-09
2025-09-08,2025-09-09,C,6470.0,0.030136986301369864,105.66940336812279,0.7292526319213501,73.7551375408325,0.6077607226620704,6495.150000000001,6512.610000000001,0.024657534246575342,81.08780529342899,78.77610758325318,-1.8827509533468056,0.23849778232022345,0.9945570724844262,3.0-4.0%,0.98-1.00,2025-09-08→2025-09-09
2025-09-08,2025-09-09,P,6470.0,0.030136986301369864,70.3167727153623,-0.2707473680783503,36.79669563828884,-0.39087994027084055,6495.150000000001,6512.610000000001,0.024657534246575342,23.483744407887013,26.420981042057974,-5.2727509533519905,-3.1752362428711063,0.9945570724844262,3.0-4.0%,0.98-1.00,2025-09-08→2025-09-09
2025-09-08,2025-09-09,P,6470.0,0.030136986301369864,70.3167727153623,-0.2707473680783503,36.79669563828884,-0.39087994027084055,6495.150000000001,6512.610000000001,0.024657534246575342,23.483744407887013,26.420981042057974,-6.822750953351995,-4.7252362428711105,0.9945570724844262,3.0-4.0%,0.98-1.00,2025-09-08→2025-09-09
2025-09-08,2025-09-09,C,6475.0,0.030136986301369864,103.33278952819421,0.7181738747709618,70.25502416089648,0.594348830753877,6495.150000000001,6512.610000000001,0.024657534246575342,77.91588317234795,75.05801965219689,-0.6393158535010137,1.5226694150372921,0.9953256637305501,3.0-4.0%,0.98-1.00,2025-09-08→2025-09-09
2025-09-08,2025-09-09,C,6475.0,0.030136986301369864,103.33278952819421,0.7181738747709618,70.25502416089648,0.594348830753877,6495.150000000001,6512.610000000001,0.024657534246575342,77.91588317234795,75.05801965219689,-2.189315853501025,-0.02733058496271923,0.9953256637305501,3.0-4.0%,0.98-1.00,2025-09-08→2025-09-09
2025-09-08,2025-09-09,P,6475.0,0.030136986301369864,72.97227430769122,-0.28182612522882844,38.24657978209052,-0.40458455142536914,6495.150000000001,6512.610000000001,0.024657534246575342,25.300234913634462,27.651225188759327,-5.279315853504644,-3.1359537321130393,0.9953256637305501,3.0-4.0%,0.98-1.00,2025-09-08→2025-09-09
2025-09-08,2025-09-09,P,6475.0,0.030136986301369864,72.97227430769122,-0.28182612522882844,38.24657978209052,-0.40458455142536914,6495.150000000001,6512.610000000001,0.024657534246575342,25.300234913634462,27.651225188759327,-6.879315853504646,-4.735953732113041,0.9953256637305501,3.0-4.0%,0.98-1.00,2025-09-08→2025-09-09
2025-09-08,2025-09-09,C,6480.0,0.030136986301369864,101.23022996280699,0.7206477758057066,66.85490713258969,0.5805051130895847,6495.150000000001,6512.610000000001,0.0273972602739726,79.82798428147339,74.49179004235157,1.317489834432342,3.764380725455835,0.9960942549766741,3.0-4.0%,0.98-1.00,2025-09-08→2025-09-09
2025-09-08,2025-09-09,C,6480.0,0.030136986301369864,101.23022996280699,0.7206477758057066,66.85490713258969,0.5805051130895847,6495.150000000001,6512.610000000001,0.0273972602739726,79.82798428147339,74.49179004235157,-0.2825101655676523,2.1643807254558407,0.9960942549766741,3.0-4.0%,0.98-1.00,2025-09-08→2025-09-09
2025-09-08,2025-09-09,P,6480.0,0.030136986301369864,75.86183017455876,-0.2793522241941273,39.89645867210402,-0.4189111018245689,6495.150000000001,6512.610000000001,0.0273972602739726,29.666803127333043,31.105935910188236,-4.472510165570525,-2.035812162143009,0.9960942549766741,3.0-4.0%,0.98-1.00,2025-09-08→2025-09-09
2025-09-08,2025-09-09,P,6480.0,0.030136986301369864,75.86183017455876,-0.2793522241941273,39.89645867210402,-0.4189111018245689,6495.150000000001,6512.610000000001,0.0273972602739726,29.666803127333043,31.105935910188236,-6.022510165570529,-3.5858121621430135,0.9960942549766741,3.0-4.0%,0.98-1.00,2025-09-08→2025-09-09
2025-09-08,2025-09-09,C,6485.0,0.030136986301369864,99.31172808662842,0.7154054220973396,63.55478729728338,0.5662621552006687,6495.150000000001,6512.610000000001,0.0273972602739726,76.79865156491361,70.95815766626401,1.0590213301804212,3.6630627701963014,0.9968628462227981,3.0-4.0%,0.98-1.00,2025-09-08→2025-09-09
2025-09-08,2025-09-09,C,6485.0,0.030136986301369864,99.31172808662842,0.7154054220973396,63.55478729728338,0.5662621552006687,6495.150000000001,6512.610000000001,0.0273972602739726,76.79865156491361,70.95815766626401,-0.440978669819593,2.1630627701962872,0.9968628462227981,3.0-4.0%,0.98-1.00,2025-09-08→2025-09-09
2025-09-08,2025-09-09,P,6485.0,0.030136986301369864,78.93544373063591,-0.28459457790255566,41.44633623432583,-0.4333947172872292,6495.150000000001,6512.610000000001,0.0273972602739726,31.623927832718834,32.4260988037845,-4.63097866982137,-2.032928236164963,0.9968628462227981,3.0-4.0%,0.98-1.00,2025-09-08→2025-09-09
2025-09-08,2025-09-09,P,6485.0,0.030136986301369864,78.93544373063591,-0.28459457790255566,41.44633623432583,-0.4333947172872292,6495.150000000001,6512.610000000001,0.0273972602739726,31.623927832718834,32.4260988037845,-6.3309786698213655,-3.732928236164959,0.9968628462227981,3.0-4.0%,0.98-1.00,2025-09-08→2025-09-09
2025-09-08,2025-09-09,C,6490.0,0.030136986301369864,97.21417290942576,0.7052349288814344,60.25466383070852,0.5517362762846272,6495.150000000001,6512.610000000001,0.0273972602739726,73.9313903139757,67.42622969220974,0.8865981417301185,3.5666846160703773,0.997631437468922,3.0-4.0%,0.98-1.00,2025-09-08→2025-09-09
2025-09-08,2025-09-09,C,6490.0,0.030136986301369864,97.21417290942576,0.7052349288814344,60.25466383070852,0.5517362762846272,6495.150000000001,6512.610000000001,0.0273972602739726,73.9313903139757,67.42622969220974,-0.7134018582698829,1.966684616070376,0.997631437468922,3.0-4.0%,0.98-1.00,2025-09-08→2025-09-09
2025-09-08,2025-09-09,P,6490.0,0.030136986301369864,81.83000398571002,-0.29476507111831646,43.24620857727132,-0.44847927126745724,6495.150000000001,6512.610000000001,0.0273972602739726,33.74312400373166,33.97861591161518,-4.853401858274184,-2.1695519236701806,0.997631437468922,3.0-4.0%,0.98-1.00,2025-09-08→2025-09-09
2025-09-08,2025-09-09,P,6490.0,0.030136986301369864,81.83000398571002,-0.29476507111831646,43.24620857727132,-0.44847927126745724,6495.150000000001,6512.610000000001,0.0273972602739726,33.74312400373166,33.97861591161518,-6.503401858274183,-3.819551923670179,0.997631437468922,3.0-4.0%,0.98-1.00,2025-09-08→2025-09-09
2025-09-08,2025-09-09,C,6495.0,0.030136986301369864,95.00033576279658,0.6986159763471065,57.05453787745546,0.5368246230308056,6495.150000000001,6512.610000000001,0.0273972602739726,71.33174391010775,63.98891690596474,0.7021650529794865,3.527042081882106,0.9984000287150461,3.0-4.0%,0.98-1.00,2025-09-08→2025-09-09
2025-09-08,2025-09-09,C,6495.0,0.030136986301369864,95.00033576279658,0.6986159763471065,57.05453787745546,0.5368246230308056,6495.150000000001,6512.610000000001,0.0273972602739726,71.33174391010775,63.98891690596474,-0.9478349470205192,1.8770420818821005,0.9984000287150461,3.0-4.0%,0.98-1.00,2025-09-08→2025-09-09
2025-09-08,2025-09-09,P,6495.0,0.030136986301369864,84.60828227133698,-0.301384023652722,45.096078505127025,-0.46388230263494096,6495.150000000001,6512.610000000001,0.0273972602739726,36.12993502181282,35.579887376293755,-5.137834947023462,-2.3006149959939126,0.9984000287150461,3.0-4.0%,0.98-1.00,2025-09-08→2025-09-09
2025-09-08,2025-09-09,P,6495.0,0.030136986301369864,84.60828227133698,-0.301384023652722,45.096078505127025,-0.46388230263494096,6495.150000000001,6512.610000000001,0.0273972602739726,36.12993502181282,35.579887376293755,-6.7378349470234635,-3.900614995993914,0.9984000287150461,3.0-4.0%,0.98-1.00,2025-09-08→2025-09-09
2025-09-08,2025-09-09,C,6500.0,0.030136986301369864,93.4386099332839,0.7020042610688038,53.95440791947749,0.5215607268565865,6495.150000000001,6512.610000000001,0.0273972602739726,68.62834389836026,60.64704775918926,0.293005601738658,3.443549709083978,0.99916861996117,3.0-4.0%,0.98-1.00,2025-09-08→2025-09-09
2025-09-08,2025-09-09,C,6500.0,0.030136986301369864,93.4386099332839,0.7020042610688038,53.95440791947749,0.5215607268565865,6495.150000000001,6512.610000000001,0.0273972602739726,68.62834389836026,60.64704775918926,-1.3569943982613406,1.7935497090839796,0.99916861996117,3.0-4.0%,0.98-1.00,2025-09-08→2025-09-09
2025-09-08,2025-09-09,P,6500.0,0.030136986301369864,88.03867187409689,-0.29799573893092746,46.94594672401399,-0.47959899104736464,6495.150000000001,6512.610000000001,0.0273972602739726,38.4129924320139,37.18302512742139,-5.546994398265996,-2.3762016163129953,0.99916861996117,3.0-4.0%,0.98-1.00,2025-09-08→2025-09-09
2025-09-08,2025-09-09,P,6500.0,0.030136986301369864,88.03867187409689,-0.29799573893092746,46.94594672401399,-0.47959899104736464,6495.150000000001,6512.610000000001,0.0273972602739726,38.4129924320139,37.18302512742139,-7.14699439826599,-3.9762016163129896,0.99916861996117,3.0-4.0%,0.98-1.00,2025-09-08→2025-09-09
2025-09-08,2025-09-09,C,6505.0,0.030136986301369864,91.60728147267864,0.6930060642120557,50.954277135804205,0.5059794691155319,6495.150000000001,6512.610000000001,0.0273972602739726,65.97530397294113,57.40145360813813,0.05011411885748096,3.315598469242792,0.999937211207294,3.0-4.0%,0.98-1.00,2025-09-08→2025-09-09
2025-09-08,2025-09-09,C,6505.0,0.030136986301369864,91.60728147267864,0.6930060642120557,50.954277135804205,0.5059794691155319,6495.150000000001,6512.610000000001,0.0273972602739726,65.97530397294113,57.40145360813813,-1.5498858811425134,1.7155984692427975,0.999937211207294,3.0-4.0%,0.98-1.00,2025-09-08→2025-09-09
2025-09-08,2025-09-09,P,6505.0,0.030136986301369864,91.19945884574993,-0.30699393578766127,48.94580969988283,-0.4956813401291123,6495.150000000001,6512.610000000001,0.0273972602739726,40.74640992854311,38.92898414586216,-5.7398858811474245,-2.445403801345682,0.999937211207294,3.0-4.0%,0.98-1.00,2025-09-08→2025-09-09
2025-09-08,2025-09-09,P,6505.0,0.030136986301369864,91.19945884574993,-0.30699393578766127,48.94580969988283,-0.4956813401291123,6495.150000000001,6512.610000000001,0.0273972602739726,40.74640992854311,38.92898414586216,-7.339885881147419,-4.045403801345676,0.999937211207294,3.0-4.0%,0.98-1.00,2025-09-08→2025-09-09
2025-09-08,2025-09-09,C,6510.0,0.030136986301369864,89.61858040354701,0.6810713410619551,48.05414279101069,0.49011699989939217,6495.150000000001,6512.610000000001,0.0273972602739726,63.69690805559618,54.252955643673886,-0.14150561494176017,3.1925571817565945,1.000705802453418,3.0-4.0%,1.00-1.02,2025-09-08→2025-09-09
2025-09-08,2025-09-09,C,6510.0,0.030136986301369864,89.61858040354701,0.6810713410619551,48.05414279101069,0.49011699989939217,6495.150000000001,6512.610000000001,0.0273972602739726,63.69690805559618,54.252955643673886,-1.7415056149417616,1.592557181756593,1.000705802453418,3.0-4.0%,1.00-1.02,2025-09-08→2025-09-09
2025-09-08,2025-09-09,P,6510.0,0.030136986301369864,94.20287320887259,-0.3189286589378308,50.94567054650406,-0.5121020967809615,6495.150000000001,6512.610000000001,0.0273972602739726,43.454471433148015,40.67687681356256,-5.881505614945466,-2.5086973902043965,1.000705802453418,3.0-4.0%,1.00-1.02,2025-09-08→2025-09-09
2025-09-08,2025-09-09,P,6510.0,0.030136986301369864,94.20287320887259,-0.3189286589378308,50.94567054650406,-0.5121020967809615,6495.150000000001,6512.610000000001,0.0273972602739726,43.454471433148015,40.67687681356256,-7.531505614945464,-4.158697390204395,1.000705802453418,3.0-4.0%,1.00-1.02,2025-09-08→2025-09-09
2025-09-08,2025-09-09,C,6515.0,0.030136986301369864,88.0867588527368,0.689904532423125,45.25400688301261,0.474010680993966,6495.150000000001,6512.610000000001,0.0273972602739726,61.372754566101705,51.202372340796956,-0.7457331361077895,3.023773509845334,1.0014743936995418,3.0-4.0%,1.00-1.02,2025-09-08→2025-09-09
2025-09-08,2025-09-09,C,6515.0,0.030136986301369864,88.0867588527368,0.689904532423125,45.25400688301261,0.474010680993966,6495.150000000001,6512.610000000001,0.0273972602739726,61.372754566101705,51.202372340796956,-2.2957331361077866,1.473773509845337,1.0014743936995418,3.0-4.0%,1.00-1.02,2025-09-08→2025-09-09
2025-09-08,2025-09-09,P,6515.0,0.030136986301369864,97.66316709032735,-0.31009546757670137,53.14552988689093,-0.5287810126988607,6495.150000000001,6512.610000000001,0.0273972602739726,46.11677536560355,42.617044501030705,-6.435733136110791,-2.617483518277881,1.0014743936995418,3.0-4.0%,1.00-1.02,2025-09-08→2025-09-09
2025-09-08,2025-09-09,P,6515.0,0.030136986301369864,97.66316709032735,-0.31009546757670137,53.14552988689093,-0.5287810126988607,6495.150000000001,6512.610000000001,0.0273972602739726,46.11677536560355,42.617044501030705,-8.085733136110782,-4.2674835182778725,1.0014743936995418,3.0-4.0%,1.00-1.02,2025-09-08→2025-09-09
2025-09-08,2025-09-09,C,6520.0,0.030136986301369864,86.51985981440686,0.681353039168208,42.453868024231724,0.45759616534860637,6495.150000000001,6512.610000000001,0.0273972602739726,58.9876115341801,48.15439145284881,-0.8964240638769372,3.0103709530133163,1.002242984945666,3.0-4.0%,1.00-1.02,2025-09-08→2025-09-09
2025-09-08,2025-09-09,C,6520.0,0.030136986301369864,86.51985981440686,0.681353039168208,42.453868024231724,0.45759616534860637,6495.150000000001,6512.610000000001,0.0273972602739726,58.9876115341801,48.15439145284881,-2.4964240638769315,1.410370953013322,1.002242984945666,3.0-4.0%,1.00-1.02,2025-09-08→2025-09-09
2025-09-08,2025-09-09,P,6520.0,0.030136986301369864,101.08838348424895,-0.3186469608316982,55.44538686194528,-0.5456841149133641,6495.150000000001,6512.610000000001,0.0273972602739726,48.7180897556279,44.65583445773427,-6.736424063878542,-2.7723553536126477,1.002242984945666,3.0-4.0%,1.00-1.02,2025-09-08→2025-09-09
2025-09-08,2025-09-09,P,6520.0,0.030136986301369864,101.08838348424895,-0.3186469608316982,55.44538686194528,-0.5456841149133641,6495.150000000001,6512.610000000001,0.0273972602739726,48.7180897556279,44.65583445773427,-8.286424063878538,-4.322355353612645,1.002242984945666,3.0-4.0%,1.00-1.02,2025-09-08→2025-09-09
2025-09-08,2025-09-09,C,6525.0,0.030136986301369864,84.84211191713287,0.670565428830084,39.85372861358019,0.44108432627234984,6495.150000000001,6512.610000000001,0.0273972602739726,56.869738980045874,45.30151266612893,-1.1580723873732932,2.848667663284753,1.00301157619179,3.0-4.0%,1.00-1.02,2025-09-08→2025-09-09
2025-09-08,2025-09-09,C,6525.0,0.030136986301369864,84.84211191713287,0.670565428830084,39.85372861358019,0.44108432627234984,6495.150000000001,6512.610000000001,0.0273972602739726,56.869738980045874,45.30151266612893,-2.7080723873732975,1.298667663284749,1.00301157619179,3.0-4.0%,1.00-1.02,2025-09-08→2025-09-09
2025-09-08,2025-09-09,P,6525.0,0.030136986301369864,104.4027510192464,-0.3294345711697008,57.74524130997179,-0.5629184730637194,6495.150000000001,6512.610000000001,0.0273972602739726,51.586674623442825,46.697319423804856,-6.8980723873770105,-2.821443460307437,1.00301157619179,3.0-4.0%,1.00-1.02,2025-09-08→2025-09-09
2025-09-08,2025-09-09,P,6525.0,0.030136986301369864,104.4027510192464,-0.3294345711697008,57.74524130997179,-0.5629184730637194,6495.150000000001,6512.610000000001,0.0273972602739726,51.586674623442825,46.697319423804856,-8.448072387377007,-4.371443460307434,1.00301157619179,3.0-4.0%,1.00-1.02,2025-09-08→2025-09-09
2025-09-08,2025-09-09,C,6530.0,0.030136986301369864,83.19563758545799,0.6703494085058148,37.25358643056916,0.42427299348195063,6495.150000000001,6512.610000000001,0.0273972602739726,55.008044874657344,42.451733147917366,-1.5543006725115518,2.742193533805125,1.0037801674379139,3.0-4.0%,1.00-1.02,2025-09-08→2025-09-09
2025-09-08,2025-09-09,C,6530.0,0.030136986301369864,83.19563758545799,0.6703494085058148,37.25358643056916,0.42427299348195063,6495.150000000001,6512.610000000001,0.0273972602739726,55.008044874657344,42.451733147917366,-3.104300672511549,1.1921935338051277,1.0037801674379139,3.0-4.0%,1.00-1.02,2025-09-08→2025-09-09
2025-09-08,2025-09-09,P,6530.0,0.030136986301369864,107.74839211984568,-0.32965059149389003,60.245095332462824,-0.580186979584735,6495.150000000001,6512.610000000001,0.0273972602739726,54.7114379400041,48.93520688620856,-7.394300672516667,-3.019935336450505,1.0037801674379139,3.0-4.0%,1.00-1.02,2025-09-08→2025-09-09
2025-09-08,2025-09-09,P,6530.0,0.030136986301369864,107.74839211984568,-0.32965059149389003,60.245095332462824,-0.580186979584735,6495.150000000001,6512.610000000001,0.0273972602739726,54.7114379400041,48.93520688620856,-8.894300672516668,-4.519935336450505,1.0037801674379139,3.0-4.0%,1.00-1.02,2025-09-08→2025-09-09
