asof0,asof1,cp,K,T,price0_pde,delta0_pde,price0_bsm,delta0_bsm,S0,S1,T1,price1_pde,price1_bsm,pnl_pde,pnl_bsm,m,T_bucket,m_bucket,pair
2025-09-09,2025-09-10,C,6445.0,0.01643835616438356,85.99861798433999,0.8588429679670586,91.25714931555012,0.8045444473756954,6512.610000000001,6532.04,0.052054794520547946,143.06906855341086,150.78763094505211,25.662681132400575,26.717701387490727,0.9876397302870377,1.0-2.0%,0.98-1.00,2025-09-09→2025-09-10
2025-09-09,2025-09-10,P,6445.0,0.01643835616438356,5.501001848992859,-0.14115703203281732,10.898222182489462,-0.20004988626107334,6512.610000000001,6532.04,0.052054794520547946,46.41723923786525,22.788401879183766,28.542681132397558,29.686969290052534,0.9876397302870377,1.0-2.0%,0.98-1.00,2025-09-09→2025-09-10
2025-09-09,2025-09-10,C,6450.0,0.01643835616438356,81.80300298483972,0.8480347410550982,87.20702308905311,0.7903407604505693,6512.610000000001,6532.04,0.03561643835616438,114.85255370682745,127.73822419490625,12.722684981299984,13.843679024445944,0.9884059364393162,1.0-2.0%,0.98-1.00,2025-09-09→2025-09-10
2025-09-09,2025-09-10,P,6450.0,0.01643835616438356,6.2953886988829755,-0.15196525894478652,11.598115325052277,-0.21207412601127276,6512.610000000001,6532.04,0.03561643835616438,27.223271435939655,17.382400998025105,19.90268498129711,21.070600268398902,0.9884059364393162,1.0-2.0%,0.98-1.00,2025-09-09→2025-09-10
2025-09-09,2025-09-10,C,6455.0,0.01643835616438356,77.6222112813661,0.825499178406134,85.05677255193223,0.762147414720864,6512.610000000001,6532.04,0.03561643835616438,111.52676589686644,126.4035393327622,11.210550963569315,12.44147573197407,0.9891721425915948,1.0-2.0%,0.98-1.00,2025-09-09→2025-09-10
2025-09-09,2025-09-10,P,6455.0,0.01643835616438356,7.104598844801037,-0.17450082159373545,12.348001845342878,-0.2248248436584102,6512.610000000001,6532.04,0.03561643835616438,28.893150849028746,17.965672392361057,20.39055096356617,21.368346712282772,0.9891721425915948,1.0-2.0%,0.98-1.00,2025-09-09→2025-09-10
2025-09-09,2025-09-10,C,6460.0,0.01643835616438356,73.67199734514831,0.8031328114946146,78.75678962214988,0.764069590740961,6512.610000000001,6532.04,0.0136986301369863,80.00012982176139,90.32088012804434,-9.654870527339876,-8.895872148096412,0.9899383487438733,1.0-2.0%,0.98-1.00,2025-09-09→2025-09-10
2025-09-09,2025-09-10,P,6460.0,0.01643835616438356,8.144386757972688,-0.19686718850530258,13.147882177487645,-0.23830938658112175,6512.610000000001,6532.04,0.0136986301369863,7.554569668057722,7.412581818369063,1.1251294726579064,1.9303513812710467,0.9899383487438733,1.0-2.0%,0.98-1.00,2025-09-09→2025-09-10
2025-09-09,2025-09-10,C,6465.0,0.01643835616438356,69.76282542639765,0.7938423064281056,75.55660477046695,0.743259402245793,6512.610000000001,6532.04,0.0136986301369863,75.96863720784343,86.59523345436901,-12.324356013897592,-11.34153018563529,0.9907045548961518,1.0-2.0%,0.98-1.00,2025-09-09→2025-09-10
2025-09-09,2025-09-10,P,6465.0,0.01643835616438356,9.225216688613264,-0.20615769357176947,13.947759300876669,-0.25218268555740053,6512.610000000001,6532.04,0.0136986301369863,8.522763153093234,7.944778050791001,1.2056439860993544,2.099909580380137,0.9907045548961518,1.0-2.0%,0.98-1.00,2025-09-09→2025-09-10
2025-09-09,2025-09-10,C,6470.0,0.01643835616438356,65.86317157208246,0.7668635069023734,70.50652962226104,0.7348114262444184,6512.610000000001,6532.04,0.0136986301369863,71.98797732669239,81.49803300594431,-10.950157939112652,-10.327386011928606,0.9914707610484303,1.0-2.0%,0.98-1.00,2025-09-09→2025-09-10
2025-09-09,2025-09-10,P,6470.0,0.01643835616438356,10.315564683689036,-0.23313649309748932,14.797628506294814,-0.26685539784600654,6512.610000000001,6532.04,0.0136986301369863,9.541789370891504,8.51592979930274,1.629842060884073,2.285000380147742,0.9914707610484303,1.0-2.0%,0.98-1.00,2025-09-09→2025-09-10
2025-09-09,2025-09-10,C,6475.0,0.01643835616438356,62.169284488897205,0.7396969116640035,66.50638649325629,0.7187062726760985,6512.610000000001,6532.04,0.0136986301369863,68.09831402495516,77.18495422731576,-10.722310993631126,-10.314462878096144,0.992236967200709,1.0-2.0%,0.98-1.00,2025-09-09→2025-09-10
2025-09-09,2025-09-10,P,6475.0,0.01643835616438356,11.61167944989393,-0.2603030883358488,15.847482383666602,-0.28329736397795624,6512.610000000001,6532.04,0.0136986301369863,10.651812168108068,9.240244895186606,1.9076890063653806,2.354467782091514,0.992236967200709,1.0-2.0%,0.98-1.00,2025-09-09→2025-09-10
2025-09-09,2025-09-10,C,6480.0,0.01643835616438356,58.58790667834892,0.7229661446595234,62.55623659993398,0.7018390836660907,6512.610000000001,6532.04,0.0136986301369863,64.33515525224469,72.913812763637,-10.547232190734077,-10.136733395631694,0.9930031733529875,1.0-2.0%,0.98-1.00,2025-09-09→2025-09-10
2025-09-09,2025-09-10,P,6480.0,0.01643835616438356,13.020303488737836,-0.2770338553403409,16.897332490345207,-0.3001645529879647,6512.610000000001,6532.04,0.0136986301369863,11.888339494349648,9.969103431507165,2.082767809262654,2.532197264555969,0.9930031733529875,1.0-2.0%,0.98-1.00,2025-09-09→2025-09-10
2025-09-09,2025-09-10,C,6485.0,0.01643835616438356,55.051949808227235,0.6998055869662195,58.75607485400542,0.683648593389985,6512.610000000001,6532.04,0.0136986301369863,60.63052844959803,68.76310652320535,-10.197222554753214,-9.883292169566987,0.993769379505266,1.0-2.0%,0.98-1.00,2025-09-09→2025-09-10
2025-09-09,2025-09-10,P,6485.0,0.01643835616438356,14.474348468005962,-0.30019441303362554,18.047173093697893,-0.3180901078948074,6512.610000000001,6532.04,0.0136986301369863,13.183398790656456,10.779317555087573,2.282777445243158,2.63049079639591,0.993769379505266,1.0-2.0%,0.98-1.00,2025-09-09→2025-09-10
2025-09-09,2025-09-10,C,6490.0,0.01643835616438356,51.5914719702279,0.6684671011261614,54.90591107286582,0.6652082945454496,6512.610000000001,6532.04,0.0136986301369863,56.98705876885965,64.57793500115986,-9.738315774880903,-9.674997163017675,0.9945355856575445,1.0-2.0%,0.98-1.00,2025-09-09→2025-09-10
2025-09-09,2025-09-10,P,6490.0,0.01643835616438356,16.003872479398247,-0.33153289887368587,19.247006963277272,-0.33679534210860557,6512.610000000001,6532.04,0.0136986301369863,14.539615208870247,11.633225669029798,2.7416842251155122,2.8439334971699983,0.9945355856575445,1.0-2.0%,0.98-1.00,2025-09-09→2025-09-10
2025-09-09,2025-09-10,C,6495.0,0.01643835616438356,48.37171713469048,0.640897840776911,51.20573564200458,0.6454670187592927,6512.610000000001,6532.04,0.0136986301369863,53.512188202147186,60.51594163890422,-9.552645046294986,-9.64142417449266,0.9953017918098231,1.0-2.0%,0.98-1.00,2025-09-09→2025-09-10
2025-09-09,2025-09-10,P,6495.0,0.01643835616438356,17.774119493250268,-0.3591021592229387,20.496833411669286,-0.35632511315137116,6512.610000000001,6532.04,0.0136986301369863,16.064430741108925,12.530991262693988,3.1273549537014755,3.0733969485309203,0.9953017918098231,1.0-2.0%,0.98-1.00,2025-09-09→2025-09-10
2025-09-09,2025-09-10,C,6500.0,0.01643835616438356,45.20449077449963,0.6253849382962842,47.80554493116006,0.6240012066559462,6512.610000000001,6532.04,0.0136986301369863,50.09848735062107,56.70349898507993,-9.651229351096415,-9.624343445324648,0.9960679979621017,1.0-2.0%,0.98-1.00,2025-09-09→2025-09-10
2025-09-09,2025-09-10,P,6500.0,0.01643835616438356,19.596894982450472,-0.3746150617035446,21.946647228888196,-0.3772819374092324,6512.610000000001,6532.04,0.0136986301369863,17.650415988535887,13.595192881808543,3.228770648899639,3.280588043861151,0.9960679979621017,1.0-2.0%,0.98-1.00,2025-09-09→2025-09-10
2025-09-09,2025-09-10,C,6505.0,0.01643835616438356,42.02903636313351,0.5917143148480345,44.155356942374965,0.6028520857450914,6512.610000000001,6532.04,0.0136986301369863,46.753385962792535,52.693123221082715,-9.047009137496941,-9.26341602602675,0.9968342041143802,1.0-2.0%,0.98-1.00,2025-09-09→2025-09-10
2025-09-09,2025-09-10,P,6505.0,0.01643835616438356,21.411442420475133,-0.4082856851518439,23.446454159345194,-0.3990022418646353,6512.610000000001,6532.04,0.0136986301369863,19.30500069965777,14.706897226753426,3.6329908625000735,3.452613559429616,0.9968342041143802,1.0-2.0%,0.98-1.00,2025-09-09→2025-09-10
2025-09-09,2025-09-10,C,6510.0,0.01643835616438356,39.19811249726201,0.5588469783216327,40.75515577894839,0.5802153144237083,6512.610000000001,6532.04,0.0136986301369863,43.53971705372107,48.89493234655947,-8.608396788788976,-9.023583559252295,0.9976004102666587,1.0-2.0%,0.98-1.00,2025-09-09→2025-09-10
2025-09-09,2025-09-10,P,6510.0,0.01643835616438356,23.570520403994486,-0.4411530216782249,25.09625166935939,-0.4217883222303486,6512.610000000001,6532.04,0.0136986301369863,21.09101788953934,15.950223014430776,4.071603211207638,3.695347100935413,0.9976004102666587,1.0-2.0%,0.98-1.00,2025-09-09→2025-09-10
2025-09-09,2025-09-10,C,6515.0,0.01643835616438356,36.425324776353854,0.5452995973262739,37.50494534277368,0.5565702533599671,6512.610000000001,6532.04,0.0136986301369863,40.41669962504743,45.23066253378147,-8.545171176049166,-8.76416002278382,0.9983666164189372,1.0-2.0%,0.98-1.00,2025-09-09→2025-09-10
2025-09-09,2025-09-10,P,6515.0,0.01643835616438356,25.78773453247662,-0.4547004026735864,26.846041233185133,-0.44543338329409055,6512.610000000001,6532.04,0.0136986301369863,22.96768655981944,17.285953201651864,4.084828823947502,3.904770637403903,0.9983666164189372,1.0-2.0%,0.98-1.00,2025-09-09→2025-09-10
2025-09-09,2025-09-10,C,6520.0,0.01643835616438356,33.6852839450677,0.5122498617824238,34.35472807158385,0.5320853142457126,6512.610000000001,6532.04,0.0136986301369863,37.368929756900364,41.66032285534129,-8.153014814432174,-8.538417655793863,0.9991328225712158,1.0-2.0%,0.98-1.00,2025-09-09→2025-09-10
2025-09-09,2025-09-10,P,6520.0,0.01643835616438356,28.0376955505814,-0.487750138217442,28.695823961995302,-0.46991832240834563,6512.610000000001,6532.04,0.0136986301369863,24.919602790623898,18.715613523210777,4.4769851855645975,4.130513004393865,0.9991328225712158,1.0-2.0%,0.98-1.00,2025-09-09→2025-09-10
2025-09-09,2025-09-10,C,6525.0,0.01643835616438356,31.14910987601433,0.4781758910282728,31.354503114005183,0.5067705647114874,6512.610000000001,6532.04,0.0136986301369863,34.427686648483586,38.22956986699046,-7.740957562679041,-8.296552072343882,0.9998990287234943,1.0-2.0%,0.98-1.00,2025-09-09→2025-09-10
2025-09-09,2025-09-10,P,6525.0,0.01643835616438356,30.49152333091824,-0.5218241089716064,30.695599004416636,-0.4952330719425711,6512.610000000001,6532.04,0.0136986301369863,26.97804578115939,20.284860534859945,4.93904243731799,4.42237858784385,0.9998990287234943,1.0-2.0%,0.98-1.00,2025-09-09→2025-09-10
2025-09-09,2025-09-10,C,6530.0,0.01643835616438356,28.805456353583864,0.45465934089354654,28.504271941349543,0.4807563303367306,6512.610000000001,6532.04,0.0136986301369863,31.579405002148906,34.94182972976341,-7.484030993561326,-7.991095498442377,1.000665234875773,1.0-2.0%,1.00-1.02,2025-09-09→2025-09-10
2025-09-09,2025-09-10,P,6530.0,0.01643835616438356,33.13787165787884,-0.5453406591063408,32.895368193727336,-0.5212066110053764,6512.610000000001,6532.04,0.0136986301369863,29.12945023377581,22.04212678089334,5.095969006435864,4.62704445183414,1.000665234875773,1.0-2.0%,1.00-1.02,2025-09-09→2025-09-10
2025-09-09,2025-09-10,C,6535.0,0.01643835616438356,26.517471073977074,0.433234419060209,25.804035611791733,0.45417747248974105,6512.610000000001,6532.04,0.0136986301369863,28.81223792463736,31.80045599502273,-7.317744762339595,-7.724668290475391,1.0014314410280514,1.0-2.0%,1.00-1.02,2025-09-09→2025-09-10
2025-09-09,2025-09-10,P,6535.0,0.01643835616438356,35.839888227663295,-0.566765580939674,35.145131502202275,-0.5478261641643182,6512.610000000001,6532.04,0.0136986301369863,31.361969255217723,23.85574666289267,5.362255237657509,4.994262369712358,1.0014314410280514,1.0-2.0%,1.00-1.02,2025-09-09→2025-09-10
2025-09-09,2025-09-10,C,6540.0,0.01643835616438356,24.277855597040343,0.3999262916910626,23.253795785439706,0.4271734264375154,6512.610000000001,6532.04,0.0136986301369863,26.12952227481995,28.80871299182445,-6.9205678475570975,-7.449979675680659,1.00219764718033,1.0-2.0%,1.00-1.02,2025-09-09→2025-09-10
2025-09-09,2025-09-10,P,6540.0,0.01643835616438356,38.590274600116366,-0.6000737083087989,38.094903224934114,-0.5735309379983538,6512.610000000001,6532.04,0.0136986301369863,33.67893970435341,26.328945532885427,5.2094321524395895,4.693706125307656,1.00219764718033,1.0-2.0%,1.00-1.02,2025-09-09→2025-09-10
2025-09-09,2025-09-10,C,6545.0,0.01643835616438356,22.366783034328776,0.369226114390298,20.80355171502788,0.39970728003184164,6512.610000000001,6532.04,0.0136986301369863,23.587914284305167,25.92248850470105,-6.424063402603262,-7.016312451018436,1.0029638533326084,1.0-2.0%,1.00-1.02,2025-09-09→2025-09-10
2025-09-09,2025-09-10,P,6545.0,0.01643835616438356,41.66920388679568,-0.6307738856095725,38.19458009182699,-0.6098928504006197,6512.610000000001,6532.04,0.0136986301369863,36.13701781278909,26.129355900337487,8.0559365973936,7.65021808328366,1.0029638533326084,1.0-2.0%,1.00-1.02,2025-09-09→2025-09-10
2025-09-09,2025-09-10,C,6550.0,0.01643835616438356,20.496556473094934,0.35781848802454624,18.503305794459266,0.3720071656947875,6512.610000000001,6532.04,0.0136986301369863,21.126065859046218,23.190562377533297,-6.352413222316711,-6.628099229449489,1.003730059484887,1.0-2.0%,1.00-1.02,2025-09-09→2025-09-10
2025-09-09,2025-09-10,P,6550.0,0.01643835616438356,44.78897917495388,-0.6421815119753643,42.74439752707622,-0.6304661507516907,6512.610000000001,6532.04,0.0136986301369863,38.674855486482485,30.149718033726003,6.277586777680929,6.049957309104956,1.003730059484887,1.0-2.0%,1.00-1.02,2025-09-09→2025-09-10
2025-09-09,2025-09-10,C,6555.0,0.01643835616438356,18.628106914701426,0.32751332384898474,16.353058663545653,0.34422272302835405,6512.610000000001,6532.04,0.0136986301369863,18.757985834990254,20.615860333179626,-5.913583882385572,-6.238247508440707,1.0044962656371657,1.0-2.0%,1.00-1.02,2025-09-09→2025-09-10
2025-09-09,2025-09-10,P,6555.0,0.01643835616438356,47.910531465949674,-0.6724866761508764,44.99411760062867,-0.6619386952470843,6512.610000000001,6532.04,0.0136986301369863,41.306461561378825,31.98600088673902,7.416416117611114,7.211468848650439,1.0044962656371657,1.0-2.0%,1.00-1.02,2025-09-09→2025-09-10
2025-09-09,2025-09-10,C,6560.0,0.01643835616438356,17.060198430964576,0.2995256225544724,14.352812165918067,0.316511881983643,6512.610000000001,6532.04,0.0136986301369863,16.52948700943439,18.201209127876155,-5.469782846233214,-5.799825866941988,1.005262471789444,1.0-2.0%,1.00-1.02,2025-09-09→2025-09-10
2025-09-09,2025-09-10,P,6560.0,0.01643835616438356,51.33262483160388,-0.700474377445434,46.693774153548475,-0.7005875158989258,6512.610000000001,6532.04,0.0136986301369863,44.077648834776056,33.25603893522293,9.160217153764346,9.162415433915692,1.005262471789444,1.0-2.0%,1.00-1.02,2025-09-09→2025-09-10
2025-09-09,2025-09-10,C,6565.0,0.01643835616438356,15.602038569492585,0.2839316062625079,12.552571957303826,0.28945117783654334,6512.610000000001,6532.04,0.0136986301369863,14.437517550308227,15.99979254970549,-5.266791109680353,-5.374036385363858,1.0060286779417227,1.0-2.0%,1.00-1.02,2025-09-09→2025-09-10
2025-09-09,2025-09-10,P,6565.0,0.01643835616438356,54.8644668195236,-0.7160683937373529,49.79350110055748,-0.7313163573615298,6512.610000000001,6532.04,0.0136986301369863,46.98536547460177,35.916055702527046,9.513208890316324,9.809476823534073,1.0060286779417227,1.0-2.0%,1.00-1.02,2025-09-09→2025-09-10
2025-09-09,2025-09-10,C,6570.0,0.01643835616438356,14.151040978439802,0.2638634248289292,10.852332274867194,0.26247065362293065,6512.610000000001,6532.04,0.0136986301369863,12.454423850335292,13.914172324143237,-4.876866344425932,-4.84980479989338,1.006794884094001,1.0-2.0%,1.00-1.02,2025-09-09→2025-09-10
2025-09-09,2025-09-10,P,6570.0,0.01643835616438356,58.40347107786093,-0.7361365751709227,53.093233515685824,-0.7614283304625279,6512.610000000001,6532.04,0.0136986301369863,50.00195787358118,38.79073614915342,9.853133655570577,10.344552460886451,1.006794884094001,1.0-2.0%,1.00-1.02,2025-09-09→2025-09-10
2025-09-09,2025-09-10,C,6575.0,0.01643835616438356,12.7482028117862,0.2375744861643605,9.352102797539828,0.23665464823285126,6512.610000000001,6532.04,0.0136986301369863,10.585251902066174,12.048622652696395,-4.3660722661733775,-4.348199815164153,1.0075610902462797,1.0-2.0%,1.00-1.02,2025-09-09→2025-09-10
2025-09-09,2025-09-10,P,6575.0,0.01643835616438356,61.99063476059921,-0.7624255138355541,56.492963244620114,-0.7918439789659978,6512.610000000001,6532.04,0.0136986301369863,53.13247202426467,41.77824191350919,10.413927733824346,10.985528511308848,1.0075610902462797,1.0-2.0%,1.00-1.02,2025-09-09→2025-09-10
2025-09-09,2025-09-10,C,6580.0,0.01643835616438356,11.787540848224788,0.21972720274359017,8.001882161184994,0.21182394816141678,6512.610000000001,6532.04,0.0136986301369863,8.925654474390981,10.355206468758524,-4.0692995493078215,-3.915739312776198,1.0083272963985583,1.0-2.0%,1.00-1.02,2025-09-09→2025-09-10
2025-09-09,2025-09-10,P,6580.0,0.01643835616438356,66.01997464642693,-0.7802727972562812,61.39287037118629,-0.8022975612698962,6512.610000000001,6532.04,0.0136986301369863,56.47256069554143,46.39962159537117,9.360700450689064,9.788641615473589,1.0083272963985583,1.0-2.0%,1.00-1.02,2025-09-09→2025-09-10
2025-09-09,2025-09-10,C,6585.0,0.01643835616438356,10.676555249730777,0.21095812191045615,6.801672142453754,0.18823281637661654,6512.610000000001,6532.04,0.0136986301369863,7.388730690056096,8.83637344578051,-3.948916308720033,-3.5073636221975435,1.0090935025508367,1.0-2.0%,1.00-1.02,2025-09-09→2025-09-10
2025-09-09,2025-09-10,P,6585.0,0.01643835616438356,69.89899089732475,-0.7890418780894451,66.44280408227132,-0.8097748189225473,6512.610000000001,6532.04,0.0136986301369863,59.93532301015988,51.212125134272355,8.281083691277427,8.68392473166459,1.0090935025508367,1.0-2.0%,1.00-1.02,2025-09-09→2025-09-10
2025-09-09,2025-09-10,C,6445.0,0.019178082191780823,88.99172479509626,0.8286272636681733,94.34601036584081,0.7857571174413099,6512.610000000001,6532.04,0.052054794520547946,143.06906855341086,148.20693988758467,23.149772266927904,23.982739208115834,0.9875434817098627,1.0-2.0%,0.98-1.00,2025-09-09→2025-09-10
2025-09-09,2025-09-10,P,6445.0,0.019178082191780823,7.867279213543439,-0.1713727363318584,13.151102143072876,-0.21707576567513823,6512.610000000001,6532.04,0.052054794520547946,46.41723923786525,24.01682864374925,26.879772266927908,27.767782127067804,0.9875434817098627,1.0-2.0%,0.98-1.00,2025-09-09→2025-09-10
2025-09-09,2025-09-10,C,6450.0,0.019178082191780823,84.9280324575054,0.8182441276036023,90.14607141208307,0.7737227408997753,6512.610000000001,6532.04,0.03561643835616438,114.85255370682745,125.71893514502426,10.351516600662514,11.216567144317844,0.9883096131929581,1.0-2.0%,0.98-1.00,2025-09-09→2025-09-10
2025-09-09,2025-09-10,P,6450.0,0.019178082191780823,8.793102434072287,-0.1817558723964452,13.801157680053166,-0.2280264050704527,6512.610000000001,6532.04,0.03561643835616438,27.223271435939655,18.098218381002198,18.28151660066282,19.180553050518753,0.9883096131929581,1.0-2.0%,0.98-1.00,2025-09-09→2025-09-10
2025-09-09,2025-09-10,C,6455.0,0.019178082191780823,80.88118818942856,0.7968362346528033,85.6461236453988,0.7634456426940982,6512.610000000001,6532.04,0.03561643835616438,111.52676589686644,120.94540964401676,11.167471960696517,11.816251162454135,0.9890757446760533,1.0-2.0%,0.98-1.00,2025-09-09→2025-09-10
2025-09-09,2025-09-10,P,6455.0,0.019178082191780823,9.7357737241167,-0.20316376534728195,14.75122546612738,-0.24136512817099626,6512.610000000001,6532.04,0.03561643835616438,28.893150849028746,18.92383609722833,18.547471960697564,19.28972444036231,0.9890757446760533,1.0-2.0%,0.98-1.00,2025-09-09→2025-09-10
2025-09-09,2025-09-10,C,6460.0,0.019178082191780823,77.05454149233037,0.7757757349433358,81.79620012143914,0.7484385523678295,6512.610000000001,6532.04,0.01643835616438356,84.38707254173565,93.27335743541062,-10.42332252994853,-9.89216107250646,0.9898418761591486,1.0-2.0%,0.98-1.00,2025-09-09→2025-09-10
2025-09-09,2025-09-10,P,6460.0,0.019178082191780823,10.898642585140946,-0.22422426505675747,15.651292984890688,-0.2546202083612236,6512.610000000001,6532.04,0.01643835616438356,11.19126677174226,9.585831765823059,1.9066774700526574,2.497270648458416,0.9898418761591486,1.0-2.0%,0.98-1.00,2025-09-09→2025-09-10
2025-09-09,2025-09-10,C,6465.0,0.019178082191780823,73.26991599196315,0.76710404664791,78.64629753563986,0.7291977750070195,6512.610000000001,6532.04,0.01643835616438356,80.50155365606687,89.65249885319554,-11.304831626368422,-10.568312768385944,0.990608007642244,1.0-2.0%,0.98-1.00,2025-09-09→2025-09-10
2025-09-09,2025-09-10,P,6465.0,0.019178082191780823,12.103532642894637,-0.2328959533521459,16.501360187432056,-0.26789803823860425,6512.610000000001,6532.04,0.01643835616438356,12.304853299565485,10.183991057621824,1.9751683736320507,2.6552588829759145,0.990608007642244,1.0-2.0%,0.98-1.00,2025-09-09→2025-09-10
2025-09-09,2025-09-10,C,6470.0,0.019178082191780823,69.50140297442194,0.742521428030168,73.64634165133248,0.7205083819237249,6512.610000000001,6532.04,0.01643835616438356,76.66807733466386,84.5860433920443,-9.977191346625716,-9.549477860777541,0.9913741391253392,1.0-2.0%,0.98-1.00,2025-09-09→2025-09-10
2025-09-09,2025-09-10,P,6470.0,0.019178082191780823,13.324535183475252,-0.25747857196989193,17.451432613763473,-0.28216402001216206,6512.610000000001,6532.04,0.01643835616438356,13.470482391650703,10.861633400453456,2.3528086533748427,2.832446908836136,0.9913741391253392,1.0-2.0%,0.98-1.00,2025-09-09→2025-09-10
2025-09-09,2025-09-10,C,6475.0,0.019178082191780823,65.92884524248163,0.7179252117538016,69.74642045909332,0.7049867373268187,6512.610000000001,6532.04,0.01643835616438356,72.91802970645216,80.38374234600542,-9.699286864375923,-9.447892306259652,0.9921402706084346,1.0-2.0%,0.98-1.00,2025-09-09→2025-09-10
2025-09-09,2025-09-10,P,6475.0,0.019178082191780823,14.741493009657464,-0.2820747882462107,18.55151121916265,-0.29764580408175456,6512.610000000001,6532.04,0.01643835616438356,14.719540176930803,11.660270152346811,2.630713135623698,2.9332579733083053,0.9921402706084346,1.0-2.0%,0.98-1.00,2025-09-09→2025-09-10
2025-09-09,2025-09-10,C,6480.0,0.019178082191780823,62.47312271202723,0.7031227834909314,65.8465009333695,0.6890858661275792,6512.610000000001,6532.04,0.01643835616438356,69.2577105815973,76.18461427521561,-9.511675683228356,-9.238938378858432,0.9929064020915299,1.0-2.0%,0.98-1.00,2025-09-09→2025-09-10
2025-09-09,2025-09-10,P,6480.0,0.019178082191780823,16.275286037321962,-0.29687721650915505,19.601590257240787,-0.3132615597103221,6512.610000000001,6532.04,0.01643835616438356,16.058326465568207,12.421747914722346,2.8183243167726966,3.136672105171362,0.9929064020915299,1.0-2.0%,0.98-1.00,2025-09-09→2025-09-10
2025-09-09,2025-09-10,C,6485.0,0.019178082191780823,59.05381317834583,0.6826776131323976,64.19663276366828,0.6631725665464295,6512.610000000001,6532.04,0.01643835616438356,65.65571446970607,73.83500673770777,-11.464426023162066,-11.085442967996718,0.9936725335746253,1.0-2.0%,0.98-1.00,2025-09-09→2025-09-10
2025-09-09,2025-09-10,P,6485.0,0.019178082191780823,17.845492061763583,-0.3173223868676406,20.851676888336442,-0.3302769879692482,6512.610000000001,6532.04,0.01643835616438356,17.45543576716673,13.347461017522164,2.9655739768380576,3.2172818762422857,0.9936725335746253,1.0-2.0%,0.98-1.00,2025-09-09→2025-09-10
2025-09-09,2025-09-10,C,6490.0,0.019178082191780823,55.74281621588524,0.6552509130111468,58.2466742882134,0.654993675953049,6512.610000000001,6532.04,0.01643835616438356,62.114041218807664,67.95627849253651,-9.031525239806173,-9.026527123767334,0.9944386650577205,1.0-2.0%,0.98-1.00,2025-09-09→2025-09-10
2025-09-09,2025-09-10,P,6490.0,0.019178082191780823,19.52401065742402,-0.3447490869889004,22.051764409720818,-0.3475130904101836,6512.610000000001,6532.04,0.01643835616438356,18.912867929757688,14.235610920992258,3.448474760194121,3.502179346669652,0.9944386650577205,1.0-2.0%,0.98-1.00,2025-09-09→2025-09-10
2025-09-09,2025-09-10,C,6495.0,0.019178082191780823,52.668999149878424,0.6318787079801688,54.64676889934208,0.6364285878063349,6512.610000000001,6532.04,0.01643835616438356,58.69629587699336,64.01185339551193,-8.727403296054284,-8.81580746107669,0.9952047965408158,1.0-2.0%,0.98-1.00,2025-09-09→2025-09-10
2025-09-09,2025-09-10,P,6495.0,0.019178082191780823,21.439709149539162,-0.3681212920198392,23.451858755161084,-0.36602952085566637,6512.610000000001,6532.04,0.01643835616438356,20.494228001435225,15.292216835496447,3.7025967039452485,3.661953590225372,0.9952047965408158,1.0-2.0%,0.98-1.00,2025-09-09→2025-09-10
2025-09-09,2025-09-10,C,6500.0,0.019178082191780823,49.62419053127424,0.618869281903397,51.096866075630714,0.6172230218121102,6512.610000000001,6532.04,0.01643835616438356,55.32897810811294,60.11366022582297,-8.724630147382616,-8.692643313808915,0.9959709280239112,1.0-2.0%,0.98-1.00,2025-09-09→2025-09-10
2025-09-09,2025-09-10,P,6500.0,0.019178082191780823,23.384416089056316,-0.38113071809663734,24.701952573848303,-0.38457003568757686,6512.610000000001,6532.04,0.01643835616438356,22.12601564604393,16.225993087372217,4.0053698526174255,4.072195793409379,0.9959709280239112,1.0-2.0%,0.98-1.00,2025-09-09→2025-09-10
2025-09-09,2025-09-10,C,6505.0,0.019178082191780823,46.63554371771344,0.590261486335027,47.64696767815121,0.5972093019981053,6512.610000000001,6532.04,0.01643835616438356,52.0276875254499,56.304482234882926,-8.318780679489217,-8.453776737822825,0.9967370595070065,1.0-2.0%,0.98-1.00,2025-09-09→2025-09-10
2025-09-09,2025-09-10,P,6505.0,0.019178082191780823,25.385284833617483,-0.40973851366503794,26.402056384543357,-0.4050187705286044,6512.610000000001,6532.04,0.01643835616438356,23.823830476872924,17.54413342291309,4.161219320511437,4.069514711370536,0.9967370595070065,1.0-2.0%,0.98-1.00,2025-09-09→2025-09-10
2025-09-09,2025-09-10,C,6510.0,0.019178082191780823,44.00891237920577,0.5635354323924959,44.24707272275418,0.5765202797576843,6512.610000000001,6532.04,0.01643835616438356,48.831784590274744,52.54246760575825,-7.949493451385848,-8.20178903569145,0.9975031909901018,1.0-2.0%,0.98-1.00,2025-09-09→2025-09-10
2025-09-09,2025-09-10,P,6510.0,0.019178082191780823,27.748169053231152,-0.4364645676075308,28.002161287904528,-0.4256799728181228,6512.610000000001,6532.04,0.01643835616438356,25.62703295518871,18.782658854923284,4.5305065486140546,4.3209618718558644,0.9975031909901018,1.0-2.0%,0.98-1.00,2025-09-09→2025-09-10
2025-09-09,2025-09-10,C,6515.0,0.019178082191780823,41.418400825249606,0.5536515550752987,40.99718196220556,0.5549601151746016,6512.610000000001,6532.04,0.01643835616438356,45.692981599400014,48.91518013449422,-7.957449715112714,-7.98287503784217,0.9982693224731971,1.0-2.0%,0.98-1.00,2025-09-09→2025-09-10
2025-09-09,2025-09-10,P,6515.0,0.019178082191780823,30.147173057395726,-0.4463484449247433,29.75227037952436,-0.4472104449880564,6512.610000000001,6532.04,0.01643835616438356,27.487335377804378,20.155934573516333,4.522550284887487,4.539298946117661,0.9982693224731971,1.0-2.0%,0.98-1.00,2025-09-09→2025-09-10
2025-09-09,2025-09-10,C,6520.0,0.019178082191780823,38.88103821234853,0.5264624497872437,37.897295482177924,0.5326468883107033,6512.610000000001,6532.04,0.01643835616438356,42.625230293493864,45.42567054418987,-7.629165399365817,-7.749329039876635,0.9990354539562925,1.0-2.0%,0.98-1.00,2025-09-09→2025-09-10
2025-09-09,2025-09-10,P,6520.0,0.019178082191780823,32.599326002615456,-0.47353755021281063,31.602383544800432,-0.46945440624514806,6512.610000000001,6532.04,0.01643835616438356,29.418689485388516,21.62251488048605,4.850834600634617,4.771499113342935,0.9990354539562925,1.0-2.0%,0.98-1.00,2025-09-09→2025-09-10
2025-09-09,2025-09-10,C,6525.0,0.019178082191780823,36.65039058203503,0.4994130965356882,34.897411941191876,0.5097100299044766,6512.610000000001,6532.04,0.01643835616438356,39.655262944460176,42.03191283318438,-7.303596465688122,-7.503665881043673,0.9998015854393878,1.0-2.0%,0.98-1.00,2025-09-09→2025-09-10
2025-09-09,2025-09-10,P,6525.0,0.019178082191780823,35.35819393042445,-0.5005869034643633,33.602500003813475,-0.49239126465137395,6512.610000000001,6532.04,0.01643835616438356,31.4478275498455,23.228757169479195,5.226403534312269,5.067162272175892,0.9998015854393878,1.0-2.0%,0.98-1.00,2025-09-09→2025-09-10
2025-09-09,2025-09-10,C,6530.0,0.019178082191780823,34.670404579702826,0.4840244458006107,31.99753143171347,0.48617610169473724,6512.610000000001,6532.04,0.01643835616438356,36.734215488938815,38.73512972722892,-7.2545949819055675,-7.296401655928445,1.0005677169224831,1.0-2.0%,1.00-1.02,2025-09-09→2025-09-10
2025-09-09,2025-09-10,P,6530.0,0.019178082191780823,38.36772348621204,-0.5159755541994512,35.75261934391938,-0.5158955503609568,6512.610000000001,6532.04,0.01643835616438356,33.52588550781542,24.977662192685784,5.325405018095019,5.323850543513073,1.0005677169224831,1.0-2.0%,1.00-1.02,2025-09-09→2025-09-10
2025-09-09,2025-09-10,C,6535.0,0.019178082191780823,32.61305547632316,0.468399588953134,29.297653144081778,0.46219947536772743,6512.610000000001,6532.04,0.01643835616438356,33.88369453264572,35.62905559116507,-7.151004013359104,-7.030535806394658,1.0013338484055785,1.0-2.0%,1.00-1.02,2025-09-09→2025-09-10
2025-09-09,2025-09-10,P,6535.0,0.019178082191780823,41.299889940955644,-0.5316004110469296,37.95274154105482,-0.5399677579184512,6512.610000000001,6532.04,0.01643835616438356,35.67446996501292,26.77959447610101,5.428995986641507,5.591573536355167,1.0013338484055785,1.0-2.0%,1.00-1.02,2025-09-09→2025-09-10
2025-09-09,2025-09-10,C,6540.0,0.019178082191780823,30.739765344319885,0.4426840245893819,26.59777801791597,0.4376104326757099,6512.610000000001,6532.04,0.01643835616438356,31.11049563956336,32.53074779354438,-6.7513505977714185,-6.652770706888775,1.0020999798886736,1.0-2.0%,1.00-1.02,2025-09-09→2025-09-10
2025-09-09,2025-09-10,P,6540.0,0.019178082191780823,44.41611536707315,-0.5573159754106386,40.75286137734247,-0.5635643993169421,6512.610000000001,6532.04,0.01643835616438356,37.90037648542223,29.149940521903773,5.328649402228363,5.450056278727837,1.0020999798886736,1.0-2.0%,1.00-1.02,2025-09-09→2025-09-10
2025-09-09,2025-09-10,C,6545.0,0.019178082191780823,29.324414001748657,0.42311188407736067,24.14790341257958,0.41291380997512606,6512.610000000001,6532.04,0.01643835616438356,28.44416512840227,29.675221400596,-6.621063907622855,-6.422915327816442,1.002866111371769,1.0-2.0%,1.00-1.02,2025-09-09→2025-09-10
2025-09-09,2025-09-10,P,6545.0,0.019178082191780823,47.99027958262206,-0.5768881159226958,42.60299515734141,-0.5899127745077949,6512.610000000001,6532.04,0.01643835616438356,40.23315138775041,30.634151489085525,6.108936092377622,6.362005208686089,1.002866111371769,1.0-2.0%,1.00-1.02,2025-09-09→2025-09-10
2025-09-09,2025-09-10,C,6550.0,0.019178082191780823,27.776439210018314,0.4187477816745858,21.748031192280905,0.387751014344832,6512.610000000001,6532.04,0.01643835616438356,25.830995957094753,26.87624131036955,-6.686269397936945,-6.084002208719847,1.0036322428548643,1.0-2.0%,1.00-1.02,2025-09-09→2025-09-10
2025-09-09,2025-09-10,P,6550.0,0.019178082191780823,51.43182034901472,-0.581252218325502,45.353121152984386,-0.6147239167326337,6512.610000000001,6532.04,0.01643835616438356,42.61908762993371,32.97661975060055,5.99373060206414,6.644085702114689,1.0036322428548643,1.0-2.0%,1.00-1.02,2025-09-09→2025-09-10
2025-09-09,2025-09-10,C,6555.0,0.019178082191780823,26.200703855339693,0.39566533716114227,19.548158359941226,0.36270168121787083,6512.610000000001,6532.04,0.01643835616438356,23.302256245611535,24.2792812577145,-6.43777750104075,-5.797293666063006,1.0043983743379596,1.0-2.0%,1.00-1.02,2025-09-09→2025-09-10
2025-09-09,2025-09-10,P,6555.0,0.019178082191780823,54.845600552457135,-0.6043346628388774,47.90325468359697,-0.6410267605384509,6512.610000000001,6532.04,0.01643835616438356,45.089453331941925,35.133735129212255,6.542222498959019,7.2551499572617075,1.0043983743379596,1.0-2.0%,1.00-1.02,2025-09-09→2025-09-10
2025-09-09,2025-09-10,C,6560.0,0.019178082191780823,25.084894420066842,0.37783922806836495,17.448286307166654,0.3375015384968018,6512.610000000001,6532.04,0.01643835616438356,20.89147985644817,21.78991963037106,-6.191416201368095,-5.407654892992649,1.005164505821055,1.0-2.0%,1.00-1.02,2025-09-09→2025-09-10
2025-09-09,2025-09-10,P,6560.0,0.019178082191780823,58.719306675305454,-0.6221607719316932,50.20340187544116,-0.6700190953672663,6512.610000000001,6532.04,0.01643835616438356,47.67778235626921,37.04312997051102,7.338583798632413,8.26847102298557,1.005164505821055,1.0-2.0%,1.00-1.02,2025-09-09→2025-09-10
2025-09-09,2025-09-10,C,6565.0,0.019178082191780823,24.008439792655015,0.3716290252331572,15.548411098185852,0.31281929763219807,6512.610000000001,6532.04,0.01643835616438356,18.57260344067376,19.50923724720724,-6.170751960280014,-5.028078952993415,1.0059306373041503,1.0-2.0%,1.00-1.02,2025-09-09→2025-09-10
2025-09-09,2025-09-10,P,6565.0,0.019178082191780823,62.63236760601691,-0.6283709747668467,52.203572279662694,-0.7035779192355384,6512.610000000001,6532.04,0.01643835616438356,50.35801135398532,38.6340349570346,8.409248039719445,9.870518970746078,1.0059306373041503,1.0-2.0%,1.00-1.02,2025-09-09→2025-09-10
2025-09-09,2025-09-10,C,6570.0,0.019178082191780823,22.768861502001393,0.35808078008163374,13.748536493223355,0.288228485971982,6512.610000000001,6532.04,0.01643835616438356,16.353006690763085,17.34007578430237,-6.057509556985922,-4.700279482435431,1.0066967687872457,1.0-2.0%,1.00-1.02,2025-09-09→2025-09-10
2025-09-09,2025-09-10,P,6570.0,0.019178082191780823,66.3823048734839,-0.6419192199183965,55.30371317764639,-0.731326260941019,6512.610000000001,6532.04,0.01643835616438356,53.137520017567255,41.330399349259096,8.472490443014047,10.209669250083548,1.0066967687872457,1.0-2.0%,1.00-1.02,2025-09-09→2025-09-10
2025-09-09,2025-09-10,C,6575.0,0.019178082191780823,21.57454898996238,0.3375322880671071,12.09865860547825,0.2641878444700516,6512.610000000001,6532.04,0.01643835616438356,14.2343928819454,15.33454511816717,-5.7082523571436825,-4.28316981805294,1.007462900270341,1.0-2.0%,1.00-1.02,2025-09-09→2025-09-10
2025-09-09,2025-09-10,P,6575.0,0.019178082191780823,70.17750791956573,-0.6624677119329578,58.60385062801652,-0.7583984378105093,6512.610000000001,6532.04,0.01643835616438356,56.018011622238994,44.239097694893644,8.77174764285696,10.635681646657725,1.007462900270341,1.0-2.0%,1.00-1.02,2025-09-09→2025-09-10
2025-09-09,2025-09-10,C,6580.0,0.019178082191780823,21.076243428343023,0.3299699277334874,10.548779250109419,0.2404174236680717,6512.610000000001,6532.04,0.01643835616438356,12.28245144127434,13.442952890018432,-5.661315695861456,-3.9213105418704846,1.0082290317534361,1.0-2.0%,1.00-1.02,2025-09-09→2025-09-10
2025-09-09,2025-09-10,P,6580.0,0.019178082191780823,74.6687179160668,-0.6700300722665811,62.00398861949361,-0.7855754238427032,6512.610000000001,6532.04,0.01643835616438356,59.06517559505773,47.258112945880384,8.918684304139255,11.163730485263235,1.0082290317534361,1.0-2.0%,1.00-1.02,2025-09-09→2025-09-10
2025-09-09,2025-09-10,C,6585.0,0.019178082191780823,20.135660082873564,0.32841016885178276,9.14889561835821,0.21749946454382252,6512.610000000001,6532.04,0.01643835616438356,10.440967176761783,11.71870356345562,-5.681009580789937,-3.5260145960863376,1.0089951632365315,1.0-2.0%,1.00-1.02,2025-09-09→2025-09-10
2025-09-09,2025-09-10,P,6585.0,0.019178082191780823,78.71765012871994,-0.6715898311482824,66.90403775505001,-0.7952519192677244,6512.610000000001,6532.04,0.01643835616438356,62.22279674403644,51.903921637271196,7.598990419210709,10.00174479137139,1.0089951632365315,1.0-2.0%,1.00-1.02,2025-09-09→2025-09-10
2025-09-09,2025-09-10,C,6445.0,0.021917808219178082,93.7700349620502,0.7947010388455156,101.55379194745728,0.7468780177032307,6512.610000000001,6532.04,0.052054794520547946,143.06906855341086,152.97827109773243,16.60895881523212,17.53816011602669,0.9874435955270303,2.0-3.0%,0.98-1.00,2025-09-09→2025-09-10
2025-09-09,2025-09-10,P,6445.0,0.021917808219178082,11.995069627315697,-0.20529896115454715,18.748726528121097,-0.25093475974517065,6512.610000000001,6532.04,0.052054794520547946,46.41723923786525,30.377586282738548,21.938958815232727,22.825662381848513,0.9874435955270303,2.0-3.0%,0.98-1.00,2025-09-09→2025-09-10
2025-09-09,2025-09-10,C,6450.0,0.021917808219178082,89.91411933669835,0.7856555589327424,97.45373646131702,0.7359808188873559,6512.610000000001,6532.04,0.03561643835616438,114.85255370682745,129.7610321792199,3.6847124899373043,4.649892689019133,0.9882096495189054,2.0-3.0%,0.98-1.00,2025-09-09→2025-09-10
2025-09-09,2025-09-10,P,6450.0,0.021917808219178082,13.128164889988382,-0.21434444106733133,19.598671051135625,-0.2617641889945658,6512.610000000001,6532.04,0.03561643835616438,27.223271435939655,23.20796266141724,13.114712489938114,14.03607819216425,0.9882096495189054,2.0-3.0%,0.98-1.00,2025-09-09→2025-09-10
2025-09-09,2025-09-10,C,6455.0,0.021917808219178082,86.09961585768599,0.7665493671925134,94.60365136305973,0.7192207131590526,6512.610000000001,6532.04,0.03561643835616438,111.52676589686644,127.01396710137669,2.805945795449942,3.725541543320057,0.9889757035107805,2.0-3.0%,0.98-1.00,2025-09-09→2025-09-10
2025-09-09,2025-09-10,P,6455.0,0.021917808219178082,14.302672299002431,-0.23345063280757425,20.54861222935483,-0.2733443391185138,6512.610000000001,6532.04,0.03561643835616438,28.893150849028746,23.981015698903775,13.335945795451025,14.111080509072554,0.9889757035107805,2.0-3.0%,0.98-1.00,2025-09-09→2025-09-10
2025-09-09,2025-09-10,C,6460.0,0.021917808219178082,82.50987185781904,0.7483171748398892,90.60359257314849,0.7076409992624774,6512.610000000001,6532.04,0.019178082191780823,90.1215947212286,100.94627316749757,-11.939802707138577,-11.149464615669489,0.9897417575026556,2.0-3.0%,0.98-1.00,2025-09-09→2025-09-10
2025-09-09,2025-09-10,P,6460.0,0.021917808219178082,15.701939187159358,-0.2516828251602663,21.598549802691878,-0.28564016777053963,6512.610000000001,6532.04,0.019178082191780823,16.29708173192139,14.619073690896585,2.540197292863817,3.199988459781407,0.9897417575026556,2.0-3.0%,0.98-1.00,2025-09-09→2025-09-10
2025-09-09,2025-09-10,C,6465.0,0.021917808219178082,78.95115029037935,0.7417006270455226,86.603533226521,0.6957913657374576,6512.610000000001,6532.04,0.019178082191780823,86.4194964381735,96.72285530839144,-11.961243183494043,-11.069226236278368,0.9905078114945307,2.0-3.0%,0.98-1.00,2025-09-09→2025-09-10
2025-09-09,2025-09-10,P,6465.0,0.021917808219178082,17.132228507746277,-0.25829937295458744,22.648486125840464,-0.2981824552475737,6512.610000000001,6532.04,0.019178082191780823,17.59360224686277,15.425195622304727,2.6187568165074753,3.3936851054601735,0.9905078114945307,2.0-3.0%,0.98-1.00,2025-09-09→2025-09-10
2025-09-09,2025-09-10,C,6470.0,0.021917808219178082,75.40953314917952,0.7208116420161323,80.403513778655,0.6922111557215723,6512.610000000001,6532.04,0.019178082191780823,82.77164388351082,90.65176874463941,-9.105370204373015,-8.54966275566973,0.9912738654864058,2.0-3.0%,0.98-1.00,2025-09-09→2025-09-10
2025-09-09,2025-09-10,P,6470.0,0.021917808219178082,18.57962225457293,-0.27918835798396224,23.748419594595816,-0.31121535732803884,6512.610000000001,6532.04,0.019178082191780823,18.94436849019564,16.274950301886747,2.824629795628212,3.446914392883601,0.9912738654864058,2.0-3.0%,0.98-1.00,2025-09-09→2025-09-10
2025-09-09,2025-09-10,C,6475.0,0.021917808219178082,72.07532202030104,0.7002063218524058,75.50346598919441,0.6827235732201027,6512.610000000001,6532.04,0.019178082191780823,79.20319523297604,85.66170914560826,-7.905008833591809,-7.56531902766617,0.992039919478281,2.0-3.0%,0.98-1.00,2025-09-09→2025-09-10
2025-09-09,2025-09-10,P,6475.0,0.021917808219178082,20.23442201372033,-0.29979367814765284,24.898351249350526,-0.3247435293994888,6512.610000000001,6532.04,0.019178082191780823,20.374538637657295,17.168695310918793,3.224991166408712,3.709766776231869,0.992039919478281,2.0-3.0%,0.98-1.00,2025-09-09→2025-09-10
2025-09-09,2025-09-10,C,6480.0,0.021917808219178082,68.88537958607131,0.6895289362134819,74.60334170768692,0.6582286791505997,6512.610000000001,6532.04,0.019178082191780823,75.68397018476254,84.05663082747105,-10.747547230627521,-10.139383235895739,0.9928059734701561,2.0-3.0%,0.98-1.00,2025-09-09→2025-09-10
2025-09-09,2025-09-10,P,6480.0,0.021917808219178082,22.033490467515787,-0.31047106378663786,26.1482791620474,-0.3389474539045722,6512.610000000001,6532.04,0.019178082191780823,21.853932387439336,18.14926669821648,3.2824527693741814,3.835749029365628,0.9928059734701561,2.0-3.0%,0.98-1.00,2025-09-09→2025-09-10
2025-09-09,2025-09-10,C,6485.0,0.021917808219178082,65.66575796492324,0.6731749886156424,69.80328631316934,0.6473178470560453,6512.610000000001,6532.04,0.019178082191780823,72.22040687167353,79.14598679690698,-9.379790028801512,-8.877385768298558,0.9935720274620312,2.0-3.0%,0.98-1.00,2025-09-09→2025-09-10
2025-09-09,2025-09-10,P,6485.0,0.021917808219178082,23.802879734393635,-0.3268250113844427,27.44820461244899,-0.35363163421298477,6512.610000000001,6532.04,0.019178082191780823,23.38898787234543,19.175133655843183,3.5002099711995216,4.0210626527580775,0.9935720274620312,2.0-3.0%,0.98-1.00,2025-09-09→2025-09-10
2025-09-09,2025-09-10,C,6490.0,0.021917808219178082,62.619758085040374,0.6511111911878892,66.20320939444036,0.6321317758321343,6512.610000000001,6532.04,0.019178082191780823,68.81437382862103,75.26348693422551,-9.101090444780287,-8.732320404417981,0.9943380814539063,2.0-3.0%,0.98-1.00,2025-09-09→2025-09-10
2025-09-09,2025-09-10,P,6490.0,0.021917808219178082,25.745890742537007,-0.3488888088121899,28.748128521704984,-0.36866352586582507,6512.610000000001,6532.04,0.019178082191780823,24.981573627291368,20.203355516223837,3.928909555220633,4.313132307572752,0.9943380814539063,2.0-3.0%,0.98-1.00,2025-09-09→2025-09-10
2025-09-09,2025-09-10,C,6495.0,0.021917808219178082,59.82408603483294,0.6339769810545686,62.45313226868711,0.6169733444083914,6512.610000000001,6532.04,0.019178082191780823,65.49317340249186,71.2530088205358,-8.668172741889883,-8.337792081854671,0.9951041354457815,2.0-3.0%,0.98-1.00,2025-09-09→2025-09-10
2025-09-09,2025-09-10,P,6495.0,0.021917808219178082,27.939229580356542,-0.366023018945475,30.248047363097157,-0.3846077348279633,6512.610000000001,6532.04,0.019178082191780823,26.658991999157696,21.407362829538215,4.061827258110353,4.422928287707088,0.9951041354457815,2.0-3.0%,0.98-1.00,2025-09-09→2025-09-10
2025-09-09,2025-09-10,C,6500.0,0.021917808219178082,56.97962456323346,0.6250222159666636,58.253057693102164,0.6022868713981282,6512.610000000001,6532.04,0.019178082191780823,62.20417236565311,66.84730341827799,-7.894181656231888,-7.452433911265258,0.9958701894376566,2.0-3.0%,0.98-1.00,2025-09-09→2025-09-10
2025-09-09,2025-09-10,P,6500.0,0.021917808219178082,30.083778996781792,-0.37497778403342014,31.647965762491822,-0.4006777233817691,6512.610000000001,6532.04,0.019178082191780823,28.368609760313337,22.52698833395334,4.235818343769124,4.735168165307528,0.9958701894376566,2.0-3.0%,0.98-1.00,2025-09-09→2025-09-10
2025-09-09,2025-09-10,C,6505.0,0.021917808219178082,54.2200004202208,0.6024531437857348,52.95298952908979,0.5888612634160351,6512.610000000001,6532.04,0.019178082191780823,58.97488320103996,61.464796078298605,-5.655664583756456,-5.391574348173201,0.9966362434295317,2.0-3.0%,0.98-1.00,2025-09-09→2025-09-10
2025-09-09,2025-09-10,P,6505.0,0.021917808219178082,32.313165741795714,-0.3975468562143683,33.44787809642685,-0.4179451546545849,6512.610000000001,6532.04,0.019178082191780823,30.137939393696733,24.002186510345382,4.324335416244928,4.720674354938325,0.9966362434295317,2.0-3.0%,0.98-1.00,2025-09-09→2025-09-10
2025-09-09,2025-09-10,C,6510.0,0.021917808219178082,51.841032972388554,0.5827896715410816,51.552881774417074,0.5676364484375477,6512.610000000001,6532.04,0.019178082191780823,55.82913118967956,59.530104587471214,-7.273603318042852,-6.979176193141196,0.9974022974214068,2.0-3.0%,0.98-1.00,2025-09-09→2025-09-10
2025-09-09,2025-09-10,P,6510.0,0.021917808219178082,34.923209181989584,-0.41721032845899225,35.19778950318596,-0.4354030729080457,6512.610000000001,6532.04,0.019178082191780823,31.990806180332694,25.43875206574421,4.556396681957958,4.909881706603054,0.9974022974214068,2.0-3.0%,0.98-1.00,2025-09-09→2025-09-10
2025-09-09,2025-09-10,C,6515.0,0.021917808219178082,49.44394832607284,0.5775180935415397,48.40278940545886,0.5494565299142774,6512.610000000001,6532.04,0.019178082191780823,52.69837283556693,56.05628743753641,-7.321176557511761,-6.775940376234072,0.998168351413282,2.0-3.0%,0.98-1.00,2025-09-09→2025-09-10
2025-09-09,2025-09-10,P,6515.0,0.021917808219178082,37.51513542369909,-0.42248190645853634,36.997698611166015,-0.4532858810607498,6512.610000000001,6532.04,0.019178082191780823,33.85866662421505,26.924631609856988,4.558823442489102,5.15734466901009,0.998168351413282,2.0-3.0%,0.98-1.00,2025-09-09→2025-09-10
2025-09-09,2025-09-10,C,6520.0,0.021917808219178082,47.03774905527136,0.5561259694101751,45.85269353363083,0.5305586274185361,6512.610000000001,6532.04,0.019178082191780823,49.63296554499968,53.13302375853573,-7.65552758563936,-7.15875413074183,0.9989344054051571,2.0-3.0%,0.98-1.00,2025-09-09→2025-09-10
2025-09-09,2025-09-10,P,6520.0,0.021917808219178082,40.09794704092229,-0.4438740305899353,38.897605471007864,-0.47164403603937444,6512.610000000001,6532.04,0.019178082191780823,35.791878131643585,28.505355379950288,4.8744724143621685,5.414043620244753,0.9989344054051571,2.0-3.0%,0.98-1.00,2025-09-09→2025-09-10
2025-09-09,2025-09-10,C,6525.0,0.021917808219178082,44.93121629603907,0.5349996475371143,42.80259813701559,0.5117683151429172,6512.610000000001,6532.04,0.019178082191780823,46.64794531027917,49.76384123232492,-7.295043151645791,-6.843658363226556,0.9997004593970322,2.0-3.0%,0.98-1.00,2025-09-09→2025-09-10
2025-09-09,2025-09-10,P,6525.0,0.021917808219178082,42.98042516971637,-0.4650003524629815,40.847510074393995,-0.4904343483149932,6512.610000000001,6532.04,0.019178082191780823,37.80547669491985,30.13617285374039,5.1349568483554435,5.629139387760016,0.9997004593970322,2.0-3.0%,0.98-1.00,2025-09-09→2025-09-10
2025-09-09,2025-09-10,C,6530.0,0.021917808219178082,43.084342872756636,0.5254335459943967,40.002500658993995,0.49258695510139683,6512.610000000001,6532.04,0.019178082191780823,43.6736767695069,46.62996609968104,-7.309173798670798,-6.670964537619829,1.0004665133889072,2.0-3.0%,1.00-1.02,2025-09-09→2025-09-10
2025-09-09,2025-09-10,P,6530.0,0.021917808219178082,46.12256263445925,-0.47456645400570935,42.947412411884216,-0.5096516505147044,6512.610000000001,6532.04,0.019178082191780823,39.82982695214256,31.90964113004702,5.270826201330637,5.952531569500389,1.0004665133889072,2.0-3.0%,1.00-1.02,2025-09-09→2025-09-10
2025-09-09,2025-09-10,C,6535.0,0.021917808219178082,41.05076504676028,0.5138164622289662,37.20240159823288,0.47305627202179956,6512.610000000001,6532.04,0.019178082191780823,40.75215167422378,43.502505535573164,-7.283453861108491,-6.491483365383271,1.0012325673807825,2.0-3.0%,1.00-1.02,2025-09-09→2025-09-10
2025-09-09,2025-09-10,P,6535.0,0.021917808219178082,49.07799569648925,-0.4861835377711612,45.147313109624974,-0.529230266818005,6512.610000000001,6532.04,0.019178082191780823,41.90692065485612,33.781349271953786,5.346546138893352,6.182944084273501,1.0012325673807825,2.0-3.0%,1.00-1.02,2025-09-09→2025-09-10
2025-09-09,2025-09-10,C,6540.0,0.021917808219178082,39.20507822212514,0.4928034228387964,34.50230058074976,0.4532047986283103,6512.610000000001,6532.04,0.019178082191780823,37.891494450625494,40.4743570331716,-6.92517050575751,-6.155769237347791,1.0019986213726575,2.0-3.0%,1.00-1.02,2025-09-09→2025-09-10
2025-09-09,2025-09-10,P,6540.0,0.021917808219178082,52.2213197598802,-0.5071965771612993,47.397211489976144,-0.5491987574020065,6512.610000000001,6532.04,0.019178082191780823,44.04488222925349,35.70519382638258,5.654829494243735,6.470931856320652,1.0019986213726575,2.0-3.0%,1.00-1.02,2025-09-09→2025-09-10
2025-09-09,2025-09-10,C,6545.0,0.021917808219178082,37.80203589228188,0.47807021149679874,31.952199070321512,0.4331638216582253,6512.610000000001,6532.04,0.019178082191780823,35.104873108322494,37.59413216838266,-6.888904209382501,-6.016373054819049,1.0027646753645327,2.0-3.0%,1.00-1.02,2025-09-09→2025-09-10
2025-09-09,2025-09-10,P,6545.0,0.021917808219178082,55.80728831806194,-0.5219297885033041,50.34711426514377,-0.5683973026602537,6512.610000000001,6532.04,0.019178082191780823,46.256879684946064,38.29952066158421,5.241095790618877,6.143959590688379,1.0027646753645327,2.0-3.0%,1.00-1.02,2025-09-09→2025-09-10
2025-09-09,2025-09-10,C,6550.0,0.021917808219178082,36.190268123275764,0.4762363072131329,29.352094542380655,0.41257480483468295,6512.610000000001,6532.04,0.019178082191780823,32.338759393609905,34.67203381527315,-6.8532714491508795,-5.616328457937636,1.0035307293564077,2.0-3.0%,1.00-1.02,2025-09-09→2025-09-10
2025-09-09,2025-09-10,P,6550.0,0.021917808219178082,59.184531437082875,-0.5237636927869704,51.64699716873429,-0.5914616938604131,6512.610000000001,6532.04,0.019178082191780823,48.489384768229385,39.323701686075765,6.376728550850508,7.692100711707457,1.0035307293564077,2.0-3.0%,1.00-1.02,2025-09-09→2025-09-10
2025-09-09,2025-09-10,C,6555.0,0.021917808219178082,34.558977849356566,0.456328829264887,27.101992172395512,0.39240884872963183,6512.610000000001,6532.04,0.019178082191780823,29.64157635440341,32.092719673116335,-6.666469152616473,-5.424503930816504,1.004296783348283,2.0-3.0%,1.00-1.02,2025-09-09→2025-09-10
2025-09-09,2025-09-10,P,6555.0,0.021917808219178082,62.54225205118869,-0.5436711707351957,55.796913658477024,-0.6079125987502428,6512.610000000001,6532.04,0.019178082191780823,50.790820527019406,43.094459191988335,5.113530847384519,6.361741793716847,1.004296783348283,2.0-3.0%,1.00-1.02,2025-09-09→2025-09-10
2025-09-09,2025-09-10,C,6560.0,0.021917808219178082,33.38774576290825,0.4414007887887811,24.801887467313918,0.3717221493222069,6512.610000000001,6532.04,0.019178082191780823,27.037072687570927,29.472535877187966,-6.426417326165746,-5.072561361330251,1.005062837340158,2.0-3.0%,1.00-1.02,2025-09-09→2025-09-10
2025-09-09,2025-09-10,P,6560.0,0.021917808219178082,66.36003085276762,-0.5585992112113172,56.846781226567145,-0.6341055256963898,6512.610000000001,6532.04,0.019178082191780823,53.1849356581832,43.866074984564875,7.003582673835545,8.47067036428046,1.005062837340158,2.0-3.0%,1.00-1.02,2025-09-09→2025-09-10
2025-09-09,2025-09-10,C,6565.0,0.021917808219178082,32.2003603187365,0.4371348150647261,22.70178359229385,0.3513264220223703,6512.610000000001,6532.04,0.019178082191780823,24.470405347596245,27.05503001894067,-6.543529456707363,-4.876272379894442,1.0058288913320332,2.0-3.0%,1.00-1.02,2025-09-09→2025-09-10
2025-09-09,2025-09-10,P,6565.0,0.021917808219178082,70.1616562966219,-0.562865184935341,59.44666732458791,-0.6564313945558339,6512.610000000001,6532.04,0.019178082191780823,55.6168871162035,46.14277267025909,7.186470543293327,9.004461996219446,1.0058288913320332,2.0-3.0%,1.00-1.02,2025-09-09→2025-09-10
2025-09-09,2025-09-10,C,6570.0,0.021917808219178082,30.82443322321548,0.42518660556342497,20.651679044405682,0.3307378348031046,6512.610000000001,6532.04,0.019178082191780823,21.996234693429443,24.6944083668036,-6.361375746097082,-4.526236130224116,1.0065949453239083,2.0-3.0%,1.00-1.02,2025-09-09→2025-09-10
2025-09-09,2025-09-10,P,6570.0,0.021917808219178082,73.77474008912556,-0.5748133944366656,62.596563562985466,-0.6768573358076171,6512.610000000001,6532.04,0.019178082191780823,58.14133526003286,48.97003545244297,7.068624253904055,9.05133803474158,1.0065949453239083,2.0-3.0%,1.00-1.02,2025-09-09→2025-09-10
2025-09-09,2025-09-10,C,6575.0,0.021917808219178082,29.577589112870765,0.40668717841333535,18.75157674553975,0.3104486727372527,6512.610000000001,6532.04,0.019178082191780823,19.591463055914012,22.490546998697937,-6.151931876570854,-4.282017711284627,1.0073609993157835,2.0-3.0%,1.00-1.02,2025-09-09→2025-09-10
2025-09-09,2025-09-10,P,6575.0,0.021917808219178082,77.51690686680809,-0.5933128215867451,64.6964267139474,-0.7038251234340186,6512.610000000001,6532.04,0.019178082191780823,60.73518242051376,50.74522664295546,8.328068123430088,10.475322148322544,1.0073609993157835,2.0-3.0%,1.00-1.02,2025-09-09→2025-09-10
2025-09-09,2025-09-10,C,6580.0,0.021917808219178082,28.895545317486977,0.39929541188768014,16.951473795239963,0.2903047328843517,6512.610000000001,6532.04,0.019178082191780823,17.305254958017,20.394912713329177,-6.108309852977376,-3.990620959942772,1.0081270533076585,2.0-3.0%,1.00-1.02,2025-09-09→2025-09-10
2025-09-09,2025-09-10,P,6580.0,0.021917808219178082,81.82387395944934,-0.6007045881124159,67.84631488032119,-0.7258537329383543,6512.610000000001,6532.04,0.019178082191780823,63.44759312061217,53.57818820198827,8.071690147023874,10.503338030991781,1.0081270533076585,2.0-3.0%,1.00-1.02,2025-09-09→2025-09-10
2025-09-09,2025-09-10,C,6585.0,0.021917808219178082,27.796869224547585,0.39855259415512423,15.301374266500488,0.2706981962886227,6512.610000000001,6532.04,0.019178082191780823,15.115897211346265,18.459319600827257,-6.193876904433816,-3.7096659538877708,1.0088931072995337,2.0-3.0%,1.00-1.02,2025-09-09→2025-09-10
2025-09-09,2025-09-10,P,6585.0,0.021917808219178082,85.71420875453566,-0.6014474058449574,71.09620384889422,-0.7478523860369111,6512.610000000001,6532.04,0.019178082191780823,66.25685417193765,56.51866043269274,8.036123095567158,10.880771860696727,1.0088931072995337,2.0-3.0%,1.00-1.02,2025-09-09→2025-09-10
2025-09-09,2025-09-10,C,6445.0,0.024657534246575342,98.52852027348023,0.7772912114379588,105.04110116017273,0.7351261293403314,6512.610000000001,6532.04,0.052054794520547946,143.06906855341086,151.9980216725262,13.44723176176094,14.266499306917813,0.9873251854449028,2.0-3.0%,0.98-1.00,2025-09-09→2025-09-10
2025-09-09,2025-09-10,P,6445.0,0.024657534246575342,15.982396253803756,-0.22270878856167414,21.603195975272683,-0.2640356408425376,6512.610000000001,6532.04,0.052054794520547946,46.41723923786525,31.86026871483432,19.42723176175319,20.230212501570342,0.9873251854449028,2.0-3.0%,0.98-1.00,2025-09-09→2025-09-10
2025-09-09,2025-09-10,C,6450.0,0.024657534246575342,94.85607713034999,0.7695032618797082,102.29129353087956,0.7192335617009183,6512.610000000001,6532.04,0.03561643835616438,114.85255370682745,130.68443367673171,-0.851448378322246,0.12529189615161052,0.9880911475748058,2.0-3.0%,0.98-1.00,2025-09-09→2025-09-10
2025-09-09,2025-09-10,P,6450.0,0.024657534246575342,17.29836573750024,-0.2304967381199668,22.30331157598812,-0.27358721887690585,6512.610000000001,6532.04,0.03561643835616438,27.223271435939655,24.11091542283475,10.728551621670812,11.565799662778112,0.9880911475748058,2.0-3.0%,0.98-1.00,2025-09-09→2025-09-10
2025-09-09,2025-09-10,C,6455.0,0.024657534246575342,91.23045376140232,0.7522212337118818,98.29142297265844,0.7085398521475271,6512.610000000001,6532.04,0.03561643835616438,111.52676589686644,126.50107683956139,-0.6156585710213971,0.23307067277398552,0.9888571097047086,2.0-3.0%,0.98-1.00,2025-09-09→2025-09-10
2025-09-09,2025-09-10,P,6455.0,0.024657534246575342,18.661154995380215,-0.2477787662877789,23.503456602173856,-0.28556843385985353,6512.610000000001,6532.04,0.03561643835616438,28.893150849028746,25.164060111415893,10.664341428971392,11.398594669896779,0.9888571097047086,2.0-3.0%,0.98-1.00,2025-09-09→2025-09-10
2025-09-09,2025-09-10,C,6460.0,0.024657534246575342,87.83513456475015,0.7361857860457081,94.29155580114548,0.6976167820421386,6512.610000000001,6532.04,0.021917808219178082,94.34892478134799,104.58132490891785,-11.10408982286765,-10.354694075078319,0.9896230718346116,2.0-3.0%,0.98-1.00,2025-09-09→2025-09-10
2025-09-09,2025-09-10,P,6460.0,0.024657534246575342,20.254248425555673,-0.26381421395397747,24.353586449160503,-0.29629570447106074,6512.610000000001,6532.04,0.021917808219178082,19.72434125089468,17.18482853881028,3.275910177125618,3.907025537872525,0.9896230718346116,2.0-3.0%,0.98-1.00,2025-09-09→2025-09-10
2025-09-09,2025-09-10,C,6465.0,0.024657534246575342,84.46260508255773,0.7311788472398664,89.74166707109816,0.6883559184477259,6512.610000000001,6532.04,0.021917808219178082,90.74089319167412,99.9034509996145,-10.456805001870151,-9.624755495438889,0.9903890339645146,2.0-3.0%,0.98-1.00,2025-09-09→2025-09-10
2025-09-09,2025-09-10,P,6465.0,0.024657534246575342,21.87013157018828,-0.26882115275982754,25.703742594975438,-0.30923822253100064,6512.610000000001,6532.04,0.021917808219178082,21.11430920957306,18.266476262534752,3.02319499812328,3.808498663777148,0.9903890339645146,2.0-3.0%,0.98-1.00,2025-09-09→2025-09-10
2025-09-09,2025-09-10,C,6470.0,0.024657534246575342,81.08780529342899,0.7127071219642931,86.09182146690091,0.6756170681484335,6512.610000000001,6532.04,0.021917808219178082,87.191645221386,95.99735493279059,-10.547899379765763,-9.827239634123632,0.9911549960944175,2.0-3.0%,0.98-1.00,2025-09-09→2025-09-10
2025-09-09,2025-09-10,P,6470.0,0.024657534246575342,23.483744407887013,-0.2872928780354055,26.803890718785624,-0.3214367110729241,6512.610000000001,6532.04,0.021917808219178082,22.563060787634765,19.137845057735376,3.3321006202277506,3.995515296146716,0.9911549960944175,2.0-3.0%,0.98-1.00,2025-09-09→2025-09-10
2025-09-09,2025-09-10,C,6475.0,0.024657534246575342,77.91588317234795,0.6945654182896359,82.14196664306019,0.6636248176436292,6512.610000000001,6532.04,0.021917808219178082,83.71912537670238,91.83418233545035,-10.395406077367202,-9.794230206815312,0.9919209582243205,2.0-3.0%,0.98-1.00,2025-09-09→2025-09-10
2025-09-09,2025-09-10,P,6475.0,0.024657534246575342,25.300234913634462,-0.3054345817100149,28.054047897238434,-0.3344178880903709,6512.610000000001,6532.04,0.021917808219178082,24.08854049130248,20.13963481231258,3.6845939226254005,4.247739565595699,0.9919209582243205,2.0-3.0%,0.98-1.00,2025-09-09→2025-09-10
2025-09-09,2025-09-10,C,6480.0,0.024657534246575342,74.90948013947668,0.6864705489231581,78.2921194465489,0.6510012478847714,6512.610000000001,6532.04,0.021917808219178082,80.27841407302454,87.75814794186863,-10.238122765576541,-9.548954246400712,0.9926869203542235,2.0-3.0%,0.98-1.00,2025-09-09→2025-09-10
2025-09-09,2025-09-10,P,6480.0,0.024657534246575342,27.282244507591,-0.31352945107651686,29.304208164246575,-0.3476578482817438,6512.610000000001,6532.04,0.021917808219178082,25.645828735977517,21.143419302864004,3.6418772344165298,4.304991992114068,0.9926869203542235,2.0-3.0%,0.98-1.00,2025-09-09→2025-09-10
2025-09-09,2025-09-10,C,6485.0,0.024657534246575342,71.82554499711944,0.6725267585641193,72.64221700599956,0.6429406817961132,6512.610000000001,6532.04,0.021917808219178082,76.8924606084792,82.10566418258168,-8.067194918900421,-7.492337447298082,0.9934528824841263,2.0-3.0%,0.98-1.00,2025-09-09→2025-09-10
2025-09-09,2025-09-10,P,6485.0,0.024657534246575342,29.186721992059464,-0.3274732414355401,30.65437610731078,-0.3614742468460258,6512.610000000001,6532.04,0.021917808219178082,27.257874819783275,22.236147201718722,3.7628050810923437,4.42344461621806,0.9934528824841263,2.0-3.0%,0.98-1.00,2025-09-09→2025-09-10
2025-09-09,2025-09-10,C,6490.0,0.024657534246575342,68.90760970730364,0.6533093125020673,69.99242063722022,0.6261237847102482,6512.610000000001,6532.04,0.021917808219178082,73.56375407932859,79.0766230086665,-8.693799941914763,-8.165585136919736,0.9942188446140293,2.0-3.0%,0.98-1.00,2025-09-09→2025-09-10
2025-09-09,2025-09-10,P,6490.0,0.024657534246575342,31.257199329073156,-0.34669068749756915,32.054547776571326,-0.3757085508891285,6512.610000000001,6532.04,0.021917808219178082,28.92716783898397,23.374879787430245,4.036200058077559,4.600017143775539,0.9942188446140293,2.0-3.0%,0.98-1.00,2025-09-09→2025-09-10
2025-09-09,2025-09-10,C,6495.0,0.024657534246575342,66.2527015232408,0.6394076973243837,66.34259470696816,0.6117383470667992,6512.610000000001,6532.04,0.021917808219178082,70.30453391049134,75.17399565382857,-8.473691559012378,-7.936076083507528,0.9949848067439323,2.0-3.0%,0.98-1.00,2025-09-09→2025-09-10
2025-09-09,2025-09-10,P,6495.0,0.024657534246575342,33.59070377183605,-0.3605923026752677,33.55472646798171,-0.3904761864426859,6512.610000000001,6532.04,0.021917808219178082,30.665947218497077,24.604229414428573,4.206308440980231,4.786952302581148,0.9949848067439323,2.0-3.0%,0.98-1.00,2025-09-09→2025-09-10
2025-09-09,2025-09-10,C,6500.0,0.024657534246575342,63.509648975341854,0.6324702565508138,66.39285123806985,0.590546630660757,6512.610000000001,6532.04,0.021917808219178082,67.0732658604301,74.592361003326,-11.838897084781932,-11.024321033738154,0.9957507688738352,2.0-3.0%,0.98-1.00,2025-09-09→2025-09-10
2025-09-09,2025-09-10,P,6500.0,0.024657534246575342,35.836063850765036,-0.36752974344883466,35.00490784227122,-0.4054604806847854,6512.610000000001,6532.04,0.021917808219178082,32.43267871678684,25.791221214250072,4.491102915210631,5.228097139705131,0.9957507688738352,2.0-3.0%,0.98-1.00,2025-09-09→2025-09-10
2025-09-09,2025-09-10,C,6505.0,0.024657534246575342,60.82505913881407,0.6128361576822148,59.44296567503034,0.5810911818615244,6512.610000000001,6532.04,0.021917808219178082,63.90405433557901,67.72959495060695,-8.007406543765056,-7.390601663569061,0.9965167310037382,2.0-3.0%,0.98-1.00,2025-09-09→2025-09-10
2025-09-09,2025-09-10,P,6505.0,0.024657534246575342,38.139886641063946,-0.38716384231747564,36.455094034374724,-0.42084243081230144,6512.610000000001,6532.04,0.021917808219178082,34.26146674028618,26.979164386687444,4.722593456228315,5.37696843068276,0.9965167310037382,2.0-3.0%,0.98-1.00,2025-09-09→2025-09-10
2025-09-09,2025-09-10,C,6510.0,0.024657534246575342,58.520676749423906,0.5963888996745079,56.143160864400215,0.565020333496168,6512.610000000001,6532.04,0.021917808219178082,60.80627898666582,64.14588259559969,-7.787836320675316,-7.178345079830191,0.9972826931336412,2.0-3.0%,0.98-1.00,2025-09-09→2025-09-10
2025-09-09,2025-09-10,P,6510.0,0.024657534246575342,40.823916878500086,-0.4036111003251776,38.45529468600762,-0.4373632902538189,6512.610000000001,6532.04,0.021917808219178082,36.16169093972379,28.665861710527224,4.642163679317949,5.297968729631428,0.9972826931336412,2.0-3.0%,0.98-1.00,2025-09-09→2025-09-10
2025-09-09,2025-09-10,C,6515.0,0.024657534246575342,56.17976187098287,0.592961587154435,52.94336013617203,0.5484993118655243,6512.610000000001,6532.04,0.021917808219178082,57.71618493623071,60.65593326680846,-7.821243638410303,-6.957341629546795,0.9980486552635441,2.0-3.0%,0.98-1.00,2025-09-09→2025-09-10
2025-09-09,2025-09-10,P,6515.0,0.024657534246575342,43.47141462688683,-0.40703841284523024,40.205493208578446,-0.45382354593305296,6512.610000000001,6532.04,0.021917808219178082,38.06959643763921,30.130561091689742,4.658756361582571,5.567791497478938,0.9980486552635441,2.0-3.0%,0.98-1.00,2025-09-09→2025-09-10
2025-09-09,2025-09-10,C,6520.0,0.024657534246575342,53.78925419620535,0.5742818271284215,49.8935654774732,0.5315400460859204,6512.610000000001,6532.04,0.021917808219178082,54.70808969244303,57.30684109819458,-7.65829590110488,-6.827823095449112,0.998814617393447,2.0-3.0%,0.98-1.00,2025-09-09→2025-09-10
2025-09-09,2025-09-10,P,6520.0,0.024657534246575342,46.06931957893677,-0.42571817287125374,42.105698241606206,-0.4707573680815907,6512.610000000001,6532.04,0.021917808219178082,40.05950074220338,31.735445549326414,4.9217040988881955,5.796815661825015,0.998814617393447,2.0-3.0%,0.98-1.00,2025-09-09→2025-09-10
2025-09-09,2025-09-10,C,6525.0,0.024657534246575342,51.68965450556795,0.5558093448643079,46.89377476060645,0.5142504548381457,6512.610000000001,6532.04,0.021917808219178082,51.756468905723,54.00795781981924,-7.449375570713164,-6.641886337504859,0.99958057952335,2.0-3.0%,0.98-1.00,2025-09-09→2025-09-10
2025-09-09,2025-09-10,P,6525.0,0.024657534246575342,48.95813251512533,-0.44419065513537814,44.105907751377345,-0.4880656895609749,6512.610000000001,6532.04,0.021917808219178082,42.1058795038343,33.43621773686482,5.180624429280126,6.033116348169445,0.99958057952335,2.0-3.0%,0.98-1.00,2025-09-09→2025-09-10
2025-09-09,2025-09-10,C,6530.0,0.024657534246575342,49.85272373676336,0.5485550152758408,43.94398825598819,0.4966134794733966,6512.610000000001,6532.04,0.021917808219178082,48.82329682689579,50.75928683203347,-7.358423946809252,-6.349199906167792,1.0003465416532529,2.0-3.0%,1.00-1.02,2025-09-09→2025-09-10
2025-09-09,2025-09-10,P,6530.0,0.024657534246575342,52.10961437314938,-0.4514449847238485,46.20612132839506,-0.5057093783251806,6512.610000000001,6532.04,0.021917808219178082,44.17070697335858,35.2339146569152,5.121576053184091,6.1759332208579405,1.0003465416532529,2.0-3.0%,1.00-1.02,2025-09-09→2025-09-10
2025-09-09,2025-09-10,C,6535.0,0.024657534246575342,47.804484662731646,0.5387474694889274,41.14420540689298,0.4786743367829089,6512.610000000001,6532.04,0.021917808219178082,45.96780641247345,47.654924881055194,-7.367863332169524,-6.200642363691623,1.0011125037831559,2.0-3.0%,1.00-1.02,2025-09-09→2025-09-10
2025-09-09,2025-09-10,P,6535.0,0.024657534246575342,55.049787925945374,-0.4612525305107516,48.306339276020026,-0.5237143874309623,6512.610000000001,6532.04,0.021917808219178082,46.31321610728677,37.035413284317656,5.262136667823622,6.475770547783279,1.0011125037831559,2.0-3.0%,1.00-1.02,2025-09-09→2025-09-10
2025-09-09,2025-09-10,C,6540.0,0.024657534246575342,45.90803686252596,0.5199573461814878,38.394426238441156,0.4604266598516857,6512.610000000001,6532.04,0.021917808219178082,43.15538516684646,44.602070656407705,-7.05277123630599,-5.896090000917971,1.0018784659130588,2.0-3.0%,1.00-1.02,2025-09-09→2025-09-10
2025-09-09,2025-09-10,P,6540.0,0.024657534246575342,58.1417527525669,-0.4800426538181644,50.606559962177926,-0.5419500765374043,6512.610000000001,6532.04,0.021917808219178082,48.49879441001139,39.029270808434376,5.477228763686636,6.6800899871214305,1.0018784659130588,2.0-3.0%,1.00-1.02,2025-09-09→2025-09-10
2025-09-09,2025-09-10,C,6545.0,0.024657534246575342,44.4560032636784,0.5074049379264032,35.744650473779075,0.441922393728533,6512.610000000001,6532.04,0.021917808219178082,40.40152219714582,41.64839963609484,-6.958877943909695,-5.686552110145117,1.0026444280429618,2.0-3.0%,1.00-1.02,2025-09-09→2025-09-10
2025-09-09,2025-09-10,P,6545.0,0.024657534246575342,61.67813178054533,-0.4925950620732982,52.50679260511879,-0.5611646772209362,6512.610000000001,6532.04,0.021917808219178082,50.742930988660945,40.64506414536709,6.07112205608388,7.403429678402443,1.0026444280429618,2.0-3.0%,1.00-1.02,2025-09-09→2025-09-10
2025-09-09,2025-09-10,C,6550.0,0.024657534246575342,42.78548119023896,0.5065083059643101,33.244875712504836,0.4232996319072118,6512.610000000001,6532.04,0.021917808219178082,37.68827476440221,38.8430005362211,-7.041456384886235,-5.424711847956866,1.0034103901728648,2.0-3.0%,1.00-1.02,2025-09-09→2025-09-10
2025-09-09,2025-09-10,P,6550.0,0.024657534246575342,64.99602233393314,-0.4934916940353924,54.657029332101956,-0.5807210718803163,6512.610000000001,6532.04,0.021917808219178082,53.02768310426864,42.49868581157216,6.2385436151073606,7.933410426634177,1.0034103901728648,2.0-3.0%,1.00-1.02,2025-09-09→2025-09-10
2025-09-09,2025-09-10,C,6555.0,0.024657534246575342,41.08548743185351,0.48848326569218103,30.845102704278816,0.4045477830941355,6512.610000000001,6532.04,0.021917808219178082,35.090551935728136,36.13936687945443,-6.891229852398775,-5.260363425518801,1.0041763523027676,2.0-3.0%,1.00-1.02,2025-09-09→2025-09-10
2025-09-09,2025-09-10,P,6555.0,0.024657534246575342,68.28444120237451,-0.5115167343074881,57.30725966520595,-0.5997488852594106,6512.610000000001,6532.04,0.021917808219178082,55.427959823945805,44.837258284034306,6.4387701475941785,8.153120840589978,1.0041763523027676,2.0-3.0%,1.00-1.02,2025-09-09→2025-09-10
2025-09-09,2025-09-10,C,6560.0,0.024657534246575342,39.826735656889824,0.475124129375739,28.445334274151264,0.3854206256360657,6512.610000000001,6532.04,0.021917808219178082,32.50976325807127,33.4406089142617,-6.631661833770318,-4.88872275610852,1.0049423144326706,2.0-3.0%,1.00-1.02,2025-09-09→2025-09-10
2025-09-09,2025-09-10,P,6560.0,0.024657534246575342,72.01410205423734,-0.5248758706239645,61.60743627008105,-0.6143355972846105,6512.610000000001,6532.04,0.021917808219178082,57.845170694640615,48.794710541431414,4.948338166223305,6.686540655239602,1.0049423144326706,2.0-3.0%,1.00-1.02,2025-09-09→2025-09-10
2025-09-09,2025-09-10,C,6565.0,0.024657534246575342,38.542918220194736,0.47172544536266825,26.245563492231668,0.36649554475176765,6512.610000000001,6532.04,0.021917808219178082,29.961830656854502,30.94242574240161,-6.71562540339635,-4.671008434526616,1.0057082765625736,2.0-3.0%,1.00-1.02,2025-09-09→2025-09-10
2025-09-09,2025-09-10,P,6565.0,0.024657534246575342,75.71869724437023,-0.5282745546370107,62.507738708319266,-0.6393230347682295,6512.610000000001,6532.04,0.021917808219178082,60.295237641774754,49.43057884875088,6.76437459659679,8.922046565546303,1.0057082765625736,2.0-3.0%,1.00-1.02,2025-09-09→2025-09-10
2025-09-09,2025-09-10,C,6570.0,0.024657534246575342,37.08807778260476,0.4610158092371486,24.145792336870272,0.3475769465600201,6512.610000000001,6532.04,0.021917808219178082,27.642184942695458,28.548618968371557,-6.657537173477511,-4.453420071660974,1.0064742386924765,2.0-3.0%,1.00-1.02,2025-09-09→2025-09-10
2025-09-09,2025-09-10,P,6570.0,0.024657534246575342,79.25226943360705,-0.5389841907625544,65.40797413003656,-0.6587713254413042,6512.610000000001,6532.04,0.021917808219178082,62.97359147596707,52.02904785691635,6.8224628265160945,9.149926853324128,1.0064742386924765,2.0-3.0%,1.00-1.02,2025-09-09→2025-09-10
2025-09-09,2025-09-10,C,6575.0,0.024657534246575342,35.75471572712261,0.44391435076799385,22.296012591559247,0.32937927753577045,6512.610000000001,6532.04,0.021917808219178082,25.261813116152304,26.410038820306,-6.575255835421846,-4.349839362519815,1.0072402008223795,2.0-3.0%,1.00-1.02,2025-09-09→2025-09-10
2025-09-09,2025-09-10,P,6575.0,0.024657534246575342,82.90732000495417,-0.5560856492317113,67.5082613970917,-0.6825181493123407,6512.610000000001,6532.04,0.021917808219178082,65.59121919777446,53.828001418440635,7.954744164571814,10.411327641138362,1.0072402008223795,2.0-3.0%,1.00-1.02,2025-09-09→2025-09-10
2025-09-09,2025-09-10,C,6580.0,0.024657534246575342,34.94113225036651,0.43708331259485006,20.246248358156663,0.3099568370247765,6512.610000000001,6532.04,0.021917808219178082,22.944886569186664,24.07742234853822,-6.3925287637176655,-3.9224613433912143,1.0080061629522825,2.0-3.0%,1.00-1.02,2025-09-09→2025-09-10
2025-09-09,2025-09-10,P,6580.0,0.024657534246575342,87.08214915502356,-0.5629166874048622,70.508508953204,-0.702953171827473,6512.610000000001,6532.04,0.021917808219178082,68.27229219915998,56.52841998469921,8.137471236276127,10.858380128607369,1.0080061629522825,2.0-3.0%,1.00-1.02,2025-09-09→2025-09-10
2025-09-09,2025-09-10,C,6585.0,0.024657534246575342,33.7501010993562,0.43694000433027985,18.44647285639053,0.2913597306101935,6512.610000000001,6532.04,0.021917808219178082,20.863917970340765,22.00162631070998,-6.4397442841370705,-3.6111195657558826,1.0087721250821853,2.0-3.0%,1.00-1.02,2025-09-09→2025-09-10
2025-09-09,2025-09-10,P,6585.0,0.024657534246575342,90.87953063084048,-0.5630599956694092,73.70874899765204,-0.7227829255428316,6512.610000000001,6532.04,0.021917808219178082,71.18932314866608,59.43615111097006,7.340255715856264,10.443672243296763,1.0087721250821853,2.0-3.0%,1.00-1.02,2025-09-09→2025-09-10
2025-09-09,2025-09-10,C,6480.0,0.0273972602739726,79.82798428147339,0.6922885182090044,80.74830631441091,0.656333599141715,6512.610000000001,6532.04,0.021917808219178082,80.27841407302454,86.7976052000995,-12.801165908800522,-12.10256183132311,0.9922978374024981,2.0-3.0%,0.98-1.00,2025-09-09→2025-09-10
2025-09-09,2025-09-10,C,6480.0,0.0273972602739726,79.82798428147339,0.6922885182090044,80.74830631441091,0.656333599141715,6512.610000000001,6532.04,0.021917808219178082,80.27841407302454,86.7976052000995,-15.451165908800528,-14.752561831323115,0.9922978374024981,2.0-3.0%,0.98-1.00,2025-09-09→2025-09-10
2025-09-09,2025-09-10,P,6480.0,0.0273972602739726,29.666803127333043,-0.30771148179076896,30.550894582258934,-0.3466724438881578,6512.610000000001,6532.04,0.021917808219178082,25.645828735977517,20.651390254856096,2.278834091194451,3.035845584746693,0.9922978374024981,2.0-3.0%,0.98-1.00,2025-09-09→2025-09-10
2025-09-09,2025-09-10,P,6480.0,0.0273972602739726,29.666803127333043,-0.30771148179076896,30.550894582258934,-0.3466724438881578,6512.610000000001,6532.04,0.021917808219178082,25.645828735977517,20.651390254856096,0.7288340911944502,1.4858455847466923,0.9922978374024981,2.0-3.0%,0.98-1.00,2025-09-09→2025-09-10
2025-09-09,2025-09-10,C,6485.0,0.0273972602739726,76.79865156491361,0.6795418084825882,77.09834134338325,0.6431188684059953,6512.610000000001,6532.04,0.021917808219178082,76.8924606084792,82.89887787504085,-12.653497338816257,-11.945799613128079,0.9930634993140741,2.0-3.0%,0.98-1.00,2025-09-09→2025-09-10
2025-09-09,2025-09-10,C,6485.0,0.0273972602739726,76.79865156491361,0.6795418084825882,77.09834134338325,0.6431188684059953,6512.610000000001,6532.04,0.021917808219178082,76.8924606084792,82.89887787504085,-15.153497338816257,-14.445799613128079,0.9930634993140741,2.0-3.0%,0.98-1.00,2025-09-09→2025-09-10
2025-09-09,2025-09-10,P,6485.0,0.0273972602739726,31.623927832718834,-0.32045819151721217,31.850929187005477,-0.35972988940134065,6512.610000000001,6532.04,0.021917808219178082,27.257874819783275,21.711948544327925,2.4265026611792333,3.1895517510678255,0.9930634993140741,2.0-3.0%,0.98-1.00,2025-09-09→2025-09-10
2025-09-09,2025-09-10,P,6485.0,0.0273972602739726,31.623927832718834,-0.32045819151721217,31.850929187005477,-0.35972988940134065,6512.610000000001,6532.04,0.021917808219178082,27.257874819783275,21.711948544327925,0.8265026611792319,1.589551751067824,0.9930634993140741,2.0-3.0%,0.98-1.00,2025-09-09→2025-09-10
2025-09-09,2025-09-10,C,6490.0,0.0273972602739726,73.9313903139757,0.6617656990207029,73.44837530822906,0.6296388861476113,6512.610000000001,6532.04,0.021917808219178082,73.56375407932859,79.00845100810875,-12.308107531971837,-11.683883557847688,0.9938291612256501,2.0-3.0%,0.98-1.00,2025-09-09→2025-09-10
2025-09-09,2025-09-10,C,6490.0,0.0273972602739726,73.9313903139757,0.6617656990207029,73.44837530822906,0.6296388861476113,6512.610000000001,6532.04,0.021917808219178082,73.56375407932859,79.00845100810875,-14.158107531971845,-13.533883557847696,0.9938291612256501,2.0-3.0%,0.98-1.00,2025-09-09→2025-09-10
2025-09-09,2025-09-10,P,6490.0,0.0273972602739726,33.74312400373166,-0.33823430097908924,33.25096344357871,-0.373317455637128,6512.610000000001,6532.04,0.021917808219178082,28.92716783898397,22.863536671700558,2.671892468023496,3.3535581630291675,0.9938291612256501,2.0-3.0%,0.98-1.00,2025-09-09→2025-09-10
2025-09-09,2025-09-10,P,6490.0,0.0273972602739726,33.74312400373166,-0.33823430097908924,33.25096344357871,-0.373317455637128,6512.610000000001,6532.04,0.021917808219178082,28.92716783898397,22.863536671700558,1.2218924680234933,1.9035581630291647,0.9938291612256501,2.0-3.0%,0.98-1.00,2025-09-09→2025-09-10
2025-09-09,2025-09-10,C,6495.0,0.0273972602739726,71.33174391010775,0.6494012634979377,69.94841162065677,0.6155285816368694,6512.610000000001,6532.04,0.024657534246575342,73.40583365888921,78.92649299816549,-8.367866549764514,-7.709720341203978,0.9945948231372261,2.0-3.0%,0.98-1.00,2025-09-09→2025-09-10
2025-09-09,2025-09-10,C,6495.0,0.0273972602739726,71.33174391010775,0.6494012634979377,69.94841162065677,0.6155285816368694,6512.610000000001,6532.04,0.024657534246575342,73.40583365888921,78.92649299816549,-9.917866549764526,-9.25972034120399,0.9945948231372261,2.0-3.0%,0.98-1.00,2025-09-09→2025-09-10
2025-09-09,2025-09-10,P,6495.0,0.0273972602739726,36.12993502181282,-0.3505987365018574,34.70099941530589,-0.3872941636178225,6512.610000000001,6532.04,0.024657534246575342,33.086815542892715,25.967292248998092,4.412133450230867,5.125125599094046,0.9945948231372261,2.0-3.0%,0.98-1.00,2025-09-09→2025-09-10
2025-09-09,2025-09-10,P,6495.0,0.0273972602739726,36.12993502181282,-0.3505987365018574,34.70099941530589,-0.3872941636178225,6512.610000000001,6532.04,0.024657534246575342,33.086815542892715,25.967292248998092,2.8121334502308724,3.5251255990940518,0.9945948231372261,2.0-3.0%,0.98-1.00,2025-09-09→2025-09-10
2025-09-09,2025-09-10,C,6500.0,0.0273972602739726,68.62834389836026,0.6434023067148366,66.49844897351386,0.6010502722719235,6512.610000000001,6532.04,0.024657534246575342,70.21415346590088,75.21590644118078,-8.401306819468882,-7.578406790243108,0.9953604850488021,2.0-3.0%,0.98-1.00,2025-09-09→2025-09-10
2025-09-09,2025-09-10,C,6500.0,0.0273972602739726,68.62834389836026,0.6434023067148366,66.49844897351386,0.6010502722719235,6512.610000000001,6532.04,0.024657534246575342,70.21415346590088,75.21590644118078,-13.45130681946888,-12.628406790243105,0.9953604850488021,2.0-3.0%,0.98-1.00,2025-09-09→2025-09-10
2025-09-09,2025-09-10,P,6500.0,0.0273972602739726,38.4129924320139,-0.3565976932849553,36.20103649253997,-0.4016655993188785,6512.610000000001,6532.04,0.024657534246575342,34.89261108653574,27.21190870834789,4.478693180526458,5.354362594765559,0.9953604850488021,2.0-3.0%,0.98-1.00,2025-09-09→2025-09-10
2025-09-09,2025-09-10,P,6500.0,0.0273972602739726,38.4129924320139,-0.3565976932849553,36.20103649253997,-0.4016655993188785,6512.610000000001,6532.04,0.024657534246575342,34.89261108653574,27.21190870834789,2.9786931805264576,3.8543625947655586,0.9953604850488021,2.0-3.0%,0.98-1.00,2025-09-09→2025-09-10
2025-09-09,2025-09-10,C,6505.0,0.0273972602739726,65.97530397294113,0.6252737906927772,63.09848729948635,0.5861979252196932,6512.610000000001,6532.04,0.024657534246575342,67.15983473599321,71.55244070629305,-8.09906975316027,-7.339825687018271,0.9961261469603782,2.0-3.0%,0.98-1.00,2025-09-09→2025-09-10
2025-09-09,2025-09-10,C,6505.0,0.0273972602739726,65.97530397294113,0.6252737906927772,63.09848729948635,0.5861979252196932,6512.610000000001,6532.04,0.024657534246575342,67.15983473599321,71.55244070629305,-9.599069753160263,-8.839825687018264,0.9961261469603782,2.0-3.0%,0.98-1.00,2025-09-09→2025-09-10
2025-09-09,2025-09-10,P,6505.0,0.0273972602739726,40.74640992854311,-0.3747262093070599,37.85107502123037,-0.4165964996248567,6512.610000000001,6532.04,0.024657534246575342,36.835768093258224,28.593812500743752,4.680930246835941,5.494469987710707,0.9961261469603782,2.0-3.0%,0.98-1.00,2025-09-09→2025-09-10
2025-09-09,2025-09-10,P,6505.0,0.0273972602739726,40.74640992854311,-0.3747262093070599,37.85107502123037,-0.4165964996248567,6512.610000000001,6532.04,0.024657534246575342,36.835768093258224,28.593812500743752,3.0309302468359425,3.844469987710708,0.9961261469603782,2.0-3.0%,0.98-1.00,2025-09-09→2025-09-10
2025-09-09,2025-09-10,C,6510.0,0.0273972602739726,63.69690805559618,0.6103859830694964,59.79852677595318,0.570899921410806,6512.610000000001,6532.04,0.024657534246575342,64.10483623333323,67.98189790578408,-7.959799651039932,-7.192585473011603,0.9968918088719542,2.0-3.0%,0.98-1.00,2025-09-09→2025-09-10
2025-09-09,2025-09-10,C,6510.0,0.0273972602739726,63.69690805559618,0.6103859830694964,59.79852677595318,0.570899921410806,6512.610000000001,6532.04,0.024657534246575342,64.10483623333323,67.98189790578408,-12.80979965103994,-12.042585473011611,0.9968918088719542,2.0-3.0%,0.98-1.00,2025-09-09→2025-09-10
2025-09-09,2025-09-10,P,6510.0,0.0273972602739726,43.454471433148015,-0.38961401693029496,39.50111429498065,-0.431815950179998,6512.610000000001,6532.04,0.024657534246575342,38.7782453272302,29.97790017295165,4.920200348955391,5.7401839119970965,0.9968918088719542,2.0-3.0%,0.98-1.00,2025-09-09→2025-09-10
2025-09-09,2025-09-10,P,6510.0,0.0273972602739726,43.454471433148015,-0.38961401693029496,39.50111429498065,-0.431815950179998,6512.610000000001,6532.04,0.024657534246575342,38.7782453272302,29.97790017295165,3.2702003489553926,4.090183911997098,0.9968918088719542,2.0-3.0%,0.98-1.00,2025-09-09→2025-09-10
2025-09-09,2025-09-10,C,6515.0,0.0273972602739726,61.372754566101705,0.6077948186670679,56.54856697855894,0.555240790898639,6512.610000000001,6532.04,0.024657534246575342,61.06421719814726,64.45932003020198,-7.909453326700747,-6.888328567160206,0.9976574707835301,2.0-3.0%,0.98-1.00,2025-09-09→2025-09-10
2025-09-09,2025-09-10,C,6515.0,0.0273972602739726,61.372754566101705,0.6077948186670679,56.54856697855894,0.555240790898639,6512.610000000001,6532.04,0.024657534246575342,61.06421719814726,64.45932003020198,-12.709453326700752,-11.68832856716021,0.9976574707835301,2.0-3.0%,0.98-1.00,2025-09-09→2025-09-10
2025-09-09,2025-09-10,P,6515.0,0.0273972602739726,46.11677536560355,-0.39220518133270543,41.30115462317099,-0.44752298297621657,6512.610000000001,6532.04,0.024657534246575342,40.73510202867569,31.50128562377631,4.77054667329423,5.845371559227617,0.9976574707835301,2.0-3.0%,0.98-1.00,2025-09-09→2025-09-10
2025-09-09,2025-09-10,P,6515.0,0.0273972602739726,46.11677536560355,-0.39220518133270543,41.30115462317099,-0.44752298297621657,6512.610000000001,6532.04,0.024657534246575342,40.73510202867569,31.50128562377631,3.1705466732942282,4.245371559227616,0.9976574707835301,2.0-3.0%,0.98-1.00,2025-09-09→2025-09-10
2025-09-09,2025-09-10,C,6520.0,0.0273972602739726,58.9876115341801,0.5905379510464965,53.44860871257333,0.5391462279488781,6512.610000000001,6532.04,0.024657534246575342,58.24353231835112,61.07732744602845,-7.724152388833062,-6.725611209046368,0.9984231326951061,2.0-3.0%,0.98-1.00,2025-09-09→2025-09-10
2025-09-09,2025-09-10,C,6520.0,0.0273972602739726,58.9876115341801,0.5905379510464965,53.44860871257333,0.5391462279488781,6512.610000000001,6532.04,0.024657534246575342,58.24353231835112,61.07732744602845,-9.324152388833056,-8.325611209046363,0.9984231326951061,2.0-3.0%,0.98-1.00,2025-09-09→2025-09-10
2025-09-09,2025-09-10,P,6520.0,0.0273972602739726,48.7180897556279,-0.4094620489533286,43.15119623159762,-0.4635696436419238,6512.610000000001,6532.04,0.024657534246575342,42.9118928855109,33.07332971319465,5.10584761116292,6.157158175962293,0.9984231326951061,2.0-3.0%,0.98-1.00,2025-09-09→2025-09-10
2025-09-09,2025-09-10,P,6520.0,0.0273972602739726,48.7180897556279,-0.4094620489533286,43.15119623159762,-0.4635696436419238,6512.610000000001,6532.04,0.024657534246575342,42.9118928855109,33.07332971319465,3.555847611162916,4.607158175962288,0.9984231326951061,2.0-3.0%,0.98-1.00,2025-09-09→2025-09-10
2025-09-09,2025-09-10,C,6525.0,0.0273972602739726,56.869738980045874,0.5734035175821651,50.398651542278,0.5227334965422975,6512.610000000001,6532.04,0.024657534246575342,55.37725136307323,57.74467054036268,-7.491230346621116,-6.506711837816519,0.9991887946066821,2.0-3.0%,0.98-1.00,2025-09-09→2025-09-10
2025-09-09,2025-09-10,C,6525.0,0.0273972602739726,56.869738980045874,0.5734035175821651,50.398651542278,0.5227334965422975,6512.610000000001,6532.04,0.024657534246575342,55.37725136307323,57.74467054036268,-9.091230346621117,-8.10671183781652,0.9991887946066821,2.0-3.0%,0.98-1.00,2025-09-09→2025-09-10
2025-09-09,2025-09-10,P,6525.0,0.0273972602739726,51.586674623442825,-0.426596482417666,45.10123906130411,-0.47998237504850483,6512.610000000001,6532.04,0.024657534246575342,45.04308766686537,34.740672807528426,5.288769653374986,6.326057547192152,0.9991887946066821,2.0-3.0%,0.98-1.00,2025-09-09→2025-09-10
2025-09-09,2025-09-10,P,6525.0,0.0273972602739726,51.586674623442825,-0.426596482417666,45.10123906130411,-0.47998237504850483,6512.610000000001,6532.04,0.024657534246575342,45.04308766686537,34.740672807528426,3.688769653374985,4.72605754719215,0.9991887946066821,2.0-3.0%,0.98-1.00,2025-09-09→2025-09-10
2025-09-09,2025-09-10,C,6530.0,0.0273972602739726,55.008044874657344,0.5671704585763261,47.3986942787692,0.5059900324090454,6512.610000000001,6532.04,0.024657534246575342,52.514416812915314,54.461383011389444,-7.470122010137661,-6.281386329707434,0.9999544565182581,2.0-3.0%,0.98-1.00,2025-09-09→2025-09-10
2025-09-09,2025-09-10,C,6530.0,0.0273972602739726,55.008044874657344,0.5671704585763261,47.3986942787692,0.5059900324090454,6512.610000000001,6532.04,0.024657534246575342,52.514416812915314,54.461383011389444,-9.070122010137663,-7.881386329707436,0.9999544565182581,2.0-3.0%,0.98-1.00,2025-09-09→2025-09-10
2025-09-09,2025-09-10,P,6530.0,0.0273972602739726,54.7114379400041,-0.43282954142350505,47.101281797794854,-0.49672583918175683,6512.610000000001,6532.04,0.024657534246575342,47.177728853337335,36.45738527855565,5.309877989858434,6.551383055301226,0.9999544565182581,2.0-3.0%,0.98-1.00,2025-09-09→2025-09-10
2025-09-09,2025-09-10,P,6530.0,0.0273972602739726,54.7114379400041,-0.43282954142350505,47.101281797794854,-0.49672583918175683,6512.610000000001,6532.04,0.024657534246575342,47.177728853337335,36.45738527855565,3.709877989858432,4.951383055301225,0.9999544565182581,2.0-3.0%,0.98-1.00,2025-09-09→2025-09-10
2025-09-09,2025-09-10,C,6535.0,0.0273972602739726,52.92993135983482,0.5582504553061086,44.49873756816987,0.48892141600109157,6512.610000000001,6532.04,0.024657534246575342,49.8860264887716,51.27467572283331,-7.396806346597343,-6.049743112900904,1.0007201184298342,2.0-3.0%,1.00-1.02,2025-09-09→2025-09-10
2025-09-09,2025-09-10,C,6535.0,0.0273972602739726,52.92993135983482,0.5582504553061086,44.49873756816987,0.48892141600109157,6512.610000000001,6532.04,0.024657534246575342,49.8860264887716,51.27467572283331,-8.996806346597344,-7.6497431129009055,1.0007201184298342,2.0-3.0%,1.00-1.02,2025-09-09→2025-09-10
2025-09-09,2025-09-10,P,6535.0,0.0273972602739726,57.61978184712798,-0.441749544693776,49.251325038910636,-0.5137735063941217,6512.610000000001,6532.04,0.024657534246575342,49.546814265825915,38.3178926636574,5.333193653399794,6.732619229237466,1.0007201184298342,2.0-3.0%,1.00-1.02,2025-09-09→2025-09-10
2025-09-09,2025-09-10,P,6535.0,0.0273972602739726,57.61978184712798,-0.441749544693776,49.251325038910636,-0.5137735063941217,6512.610000000001,6532.04,0.024657534246575342,49.546814265825915,38.3178926636574,3.783193653399797,5.182619229237469,1.0007201184298342,2.0-3.0%,1.00-1.02,2025-09-09→2025-09-10
2025-09-09,2025-09-10,C,6540.0,0.0273972602739726,50.98336176820799,0.5406123396273406,41.74878300238106,0.47160560685100056,6512.610000000001,6532.04,0.024657534246575342,47.30196074669512,48.23301697504985,-7.204097758958895,-5.863296941114651,1.0014857803414101,2.0-3.0%,1.00-1.02,2025-09-09→2025-09-10
2025-09-09,2025-09-10,C,6540.0,0.0273972602739726,50.98336176820799,0.5406123396273406,41.74878300238106,0.47160560685100056,6512.610000000001,6532.04,0.024657534246575342,47.30196074669512,48.23301697504985,-8.804097758958896,-7.463296941114653,1.0014857803414101,2.0-3.0%,1.00-1.02,2025-09-09→2025-09-10
2025-09-09,2025-09-10,P,6540.0,0.0273972602739726,60.659669677453465,-0.4593876603724557,51.451370521406716,-0.5311102647398015,6512.610000000001,6532.04,0.024657534246575342,51.96022426038033,40.22901924221651,5.575902241036529,6.969472443894013,1.0014857803414101,2.0-3.0%,1.00-1.02,2025-09-09→2025-09-10
2025-09-09,2025-09-10,P,6540.0,0.0273972602739726,60.659669677453465,-0.4593876603724557,51.451370521406716,-0.5311102647398015,6512.610000000001,6532.04,0.024657534246575342,51.96022426038033,40.22901924221651,4.0259022410365315,5.419472443894016,1.0014857803414101,2.0-3.0%,1.00-1.02,2025-09-09→2025-09-10
2025-09-09,2025-09-10,C,6545.0,0.0273972602739726,49.46516525822582,0.5290346222801059,39.048828157526714,0.4540216717637881,6512.610000000001,6532.04,0.024657534246575342,44.639724648205785,45.242568676983865,-7.079142710902127,-5.62164108237012,1.0022514422529862,2.0-3.0%,1.00-1.02,2025-09-09→2025-09-10
2025-09-09,2025-09-10,C,6545.0,0.0273972602739726,49.46516525822582,0.5290346222801059,39.048828157526714,0.4540216717637881,6512.610000000001,6532.04,0.024657534246575342,44.639724648205785,45.242568676983865,-8.629142710902132,-7.171641082370124,1.0022514422529862,2.0-3.0%,1.00-1.02,2025-09-09→2025-09-10
2025-09-09,2025-09-10,P,6545.0,0.0273972602739726,64.12793058941816,-0.4709653777197553,53.751415676552824,-0.5486941998270138,6512.610000000001,6532.04,0.024657534246575342,54.29546389852291,42.238570944150524,5.550857289094552,7.061128302638538,1.0022514422529862,2.0-3.0%,1.00-1.02,2025-09-09→2025-09-10
2025-09-09,2025-09-10,P,6545.0,0.0273972602739726,64.12793058941816,-0.4709653777197553,53.751415676552824,-0.5486941998270138,6512.610000000001,6532.04,0.024657534246575342,54.29546389852291,42.238570944150524,4.000857289094554,5.511128302638541,1.0022514422529862,2.0-3.0%,1.00-1.02,2025-09-09→2025-09-10
2025-09-09,2025-09-10,C,6550.0,0.0273972602739726,47.72492674844468,0.5284805509590452,36.49887408560244,0.4363100974677624,6512.610000000001,6532.04,0.024657534246575342,42.04474652534119,42.399644306634855,-7.368377105133916,-5.577505193798348,1.0030171041645621,2.0-3.0%,1.00-1.02,2025-09-09→2025-09-10
2025-09-09,2025-09-10,C,6550.0,0.0273972602739726,47.72492674844468,0.5284805509590452,36.49887408560244,0.4363100974677624,6512.610000000001,6532.04,0.024657534246575342,42.04474652534119,42.399644306634855,-8.918377105133914,-7.127505193798346,1.0030171041645621,2.0-3.0%,1.00-1.02,2025-09-09→2025-09-10
2025-09-09,2025-09-10,P,6550.0,0.0273972602739726,67.37414950158684,-0.47151944904081206,56.20146160462855,-0.5664057741230395,6512.610000000001,6532.04,0.024657534246575342,56.697961512287584,44.39564657380197,5.4116228948626866,7.255264191210307,1.0030171041645621,2.0-3.0%,1.00-1.02,2025-09-09→2025-09-10
2025-09-09,2025-09-10,P,6550.0,0.0273972602739726,67.37414950158684,-0.47151944904081206,56.20146160462855,-0.5664057741230395,6512.610000000001,6532.04,0.024657534246575342,56.697961512287584,44.39564657380197,4.611622894862689,6.4552641912103095,1.0030171041645621,2.0-3.0%,1.00-1.02,2025-09-09→2025-09-10
2025-09-09,2025-09-10,C,6445.0,0.03561643835616438,106.98510063464587,0.7657806593234626,114.60271349628238,0.7130439521884225,6512.610000000001,6532.04,0.052054794520547946,143.06906855341086,145.8009670830461,4.120881789345594,5.145556008979391,0.9868918987496038,3.0-4.0%,0.98-1.00,2025-09-09→2025-09-10
2025-09-09,2025-09-10,P,6445.0,0.03561643835616438,21.6171493502681,-0.23421934067646294,27.348919308148652,-0.28397492155358733,6512.610000000001,6532.04,0.052054794520547946,46.41723923786525,30.42722952519125,13.900881789343533,14.867632725786027,0.9868918987496038,3.0-4.0%,0.98-1.00,2025-09-09→2025-09-10
2025-09-09,2025-09-10,C,6450.0,0.03561643835616438,103.5043331935257,0.7595566376649487,110.60267766833658,0.7036293550698146,6512.610000000001,6532.04,0.03561643835616438,114.85255370682745,124.68404219067816,-8.958185469829473,-7.871518369006051,0.9876575247377727,3.0-4.0%,0.98-1.00,2025-09-09→2025-09-10
2025-09-09,2025-09-10,P,6450.0,0.03561643835616438,23.122605375959324,-0.2404433623349443,28.348882562304425,-0.29363070797856883,6512.610000000001,6532.04,0.03561643835616438,27.223271435939655,23.06217264855809,4.871814530167818,5.90524465602341,0.9876575247377727,3.0-4.0%,0.98-1.00,2025-09-09→2025-09-10
2025-09-09,2025-09-10,C,6455.0,0.03561643835616438,100.06446690019561,0.7445025190012515,105.35265515400442,0.6979830705256894,6512.610000000001,6532.04,0.03561643835616438,111.52676589686644,119.34178380755293,-7.515683944193855,-6.611811060313711,0.9884231507259414,3.0-4.0%,0.98-1.00,2025-09-09→2025-09-10
2025-09-09,2025-09-10,P,6455.0,0.03561643835616438,24.668962549435115,-0.25549748099865327,29.398845367496733,-0.3036383127975622,6512.610000000001,6532.04,0.03561643835616438,28.893150849028746,23.928461940674424,4.914316055803678,5.849692417656449,0.9884231507259414,3.0-4.0%,0.98-1.00,2025-09-09→2025-09-10
2025-09-09,2025-09-10,C,6460.0,0.03561643835616438,96.85466732452707,0.7309749268245158,101.95261107708575,0.6861604157909281,6512.610000000001,6532.04,0.03287671232876712,104.4410213862393,112.73368030584697,-11.102842828199895,-10.232096878817314,0.9891887767141103,3.0-4.0%,0.98-1.00,2025-09-09→2025-09-10
2025-09-09,2025-09-10,P,6460.0,0.03561643835616438,26.445386440573984,-0.2690250731754403,30.44880546741001,-0.3138390905984474,6512.610000000001,6532.04,0.03287671232876712,27.70101259753528,23.235737745391134,3.2771571717986356,4.147893530327636,0.9891887767141103,3.0-4.0%,0.98-1.00,2025-09-09→2025-09-10
2025-09-09,2025-09-10,C,6465.0,0.03561643835616438,93.66096489865765,0.7276363364458532,96.75258600500638,0.6795509147001034,6512.610000000001,6532.04,0.03287671232876712,100.95377045921077,107.4811188891772,-9.287974017142485,-8.353674272622595,0.9899544027022791,3.0-4.0%,0.98-1.00,2025-09-09→2025-09-10
2025-09-09,2025-09-10,P,6465.0,0.03561643835616438,28.237907481514632,-0.2723636635540581,31.648764307561578,-0.32469892351556523,6512.610000000001,6532.04,0.03287671232876712,29.21012389280532,24.22946874001559,2.992025982855184,4.008900083907235,0.9899544027022791,3.0-4.0%,0.98-1.00,2025-09-09→2025-09-10
2025-09-09,2025-09-10,C,6470.0,0.03561643835616438,90.4445622160539,0.711792772727163,92.90254417629149,0.6685523147236623,6512.610000000001,6532.04,0.03287671232876712,97.71684943362116,103.42848350664826,-9.330133574088338,-8.489971475080345,0.990720028690448,3.0-4.0%,0.98-1.00,2025-09-09→2025-09-10
2025-09-09,2025-09-10,P,6470.0,0.03561643835616438,30.007728265718033,-0.2882072272727521,32.74872333476151,-0.3354707244141483,6512.610000000001,6532.04,0.03287671232876712,30.969565089516525,25.133978806909454,3.2998664259093946,4.2181961753666934,0.990720028690448,3.0-4.0%,0.98-1.00,2025-09-09→2025-09-10
2025-09-09,2025-09-10,C,6475.0,0.03561643835616438,87.41814458088588,0.6962684714053161,90.25248963449485,0.6542193230419847,6512.610000000001,6532.04,0.03287671232876712,94.43320559142467,100.45570046868488,-10.178496399404867,-9.361481446705364,0.9914856546786167,3.0-4.0%,0.98-1.00,2025-09-09→2025-09-10
2025-09-09,2025-09-10,P,6475.0,0.03561643835616438,31.967534097359373,-0.30373152859456387,34.048679418511256,-0.3470112975858048,6512.610000000001,6532.04,0.03287671232876712,32.6822834696169,26.21772269381586,3.50150360059219,4.342429512091974,0.9914856546786167,3.0-4.0%,0.98-1.00,2025-09-09→2025-09-10
2025-09-09,2025-09-10,C,6480.0,0.03561643835616438,84.56970966616664,0.6905658140521458,86.45244707537859,0.6428234303833255,6512.610000000001,6532.04,0.03287671232876712,91.1156414237645,96.45178223224866,-10.067693767032772,-9.140059252347621,0.9922512806667856,3.0-4.0%,0.98-1.00,2025-09-09→2025-09-10
2025-09-09,2025-09-10,P,6480.0,0.03561643835616438,34.10532264944551,-0.3094341859478059,35.29863616215334,-0.3586369020784594,6512.610000000001,6532.04,0.03287671232876712,34.36108152425544,27.25667087718307,3.5623062329656747,4.518315007384241,0.9922512806667856,3.0-4.0%,0.98-1.00,2025-09-09→2025-09-10
2025-09-09,2025-09-10,C,6485.0,0.03561643835616438,81.61229581047792,0.6790236300715333,82.65240199670279,0.6311578658328496,6512.610000000001,6532.04,0.03287671232876712,88.00341238107004,92.44704714744239,-9.743429132289483,-8.813397333131888,0.9930169066549543,3.0-4.0%,0.98-1.00,2025-09-09→2025-09-10
2025-09-09,2025-09-10,P,6485.0,0.03561643835616438,36.13413226056714,-0.3209763699283464,36.64858927878231,-0.3707352954015835,6512.610000000001,6532.04,0.03287671232876712,36.24521470386375,28.386033134185254,3.736570867707579,4.703386789652545,0.9930169066549543,3.0-4.0%,0.98-1.00,2025-09-09→2025-09-10
2025-09-09,2025-09-10,C,6490.0,0.03561643835616438,78.79735421913009,0.6626742710914065,78.30236050659323,0.620283198186905,6512.610000000001,6532.04,0.03287671232876712,85.00947159813002,87.93906413653258,-8.77576108730561,-7.952102540771172,0.9937825326431232,3.0-4.0%,0.98-1.00,2025-09-09→2025-09-10
2025-09-09,2025-09-10,P,6490.0,0.03561643835616438,38.305414136026386,-0.337325728908501,38.04854180065786,-0.38317788162238625,6512.610000000001,6532.04,0.03287671232876712,38.247636143222564,29.560981709146745,3.954238912691971,4.845146239922734,0.9937825326431232,3.0-4.0%,0.98-1.00,2025-09-09→2025-09-10
2025-09-09,2025-09-10,C,6495.0,0.03561643835616438,76.2511094621473,0.6517033427616828,74.752311530518,0.6074180530377409,6512.610000000001,6532.04,0.03287671232876712,81.88746609714892,84.15820322803211,-8.612595949859097,-7.752132770522932,0.994548158631292,3.0-4.0%,0.98-1.00,2025-09-09→2025-09-10
2025-09-09,2025-09-10,P,6495.0,0.03561643835616438,40.74539284585152,-0.34829665723821973,39.49849311877051,-0.3959662557545015,6512.610000000001,6532.04,0.03287671232876712,40.121992864541944,30.781677027056958,4.117404050138395,5.043624349309721,0.994548158631292,3.0-4.0%,0.98-1.00,2025-09-09→2025-09-10
2025-09-09,2025-09-10,C,6500.0,0.03561643835616438,73.5910033644699,0.6465465533133365,71.30226093650117,0.5941236741025575,6512.610000000001,6532.04,0.03287671232876712,78.79945156686537,80.46926375769635,-8.61239953087774,-7.593822987812336,0.9953137846194609,3.0-4.0%,0.98-1.00,2025-09-09→2025-09-10
2025-09-09,2025-09-10,P,6500.0,0.03561643835616438,43.07151021498356,-0.35345344668653494,41.04844283245711,-0.40917982517745616,6512.610000000001,6532.04,0.03287671232876712,42.03034055655763,32.09435185103575,4.267600469119161,5.3503640031977255,0.9953137846194609,3.0-4.0%,0.98-1.00,2025-09-09→2025-09-10
2025-09-09,2025-09-10,C,6505.0,0.03561643835616438,70.96603801970241,0.6298866980773884,67.90220908246192,0.5804978283436715,6512.610000000001,6532.04,0.03287671232876712,76.21682967549026,76.82677271286275,-8.338698543643275,-7.379072804717186,0.9960794106076296,3.0-4.0%,0.98-1.00,2025-09-09→2025-09-10
2025-09-09,2025-09-10,P,6505.0,0.03561643835616438,45.432768337022196,-0.37011330192255565,42.648391296867885,-0.42272199393797477,6512.610000000001,6532.04,0.03287671232876712,44.44408088748406,33.45350350813078,4.341301456355026,5.363488342214588,0.9960794106076296,3.0-4.0%,0.98-1.00,2025-09-09→2025-09-10
2025-09-09,2025-09-10,C,6510.0,0.03561643835616438,68.7075866277204,0.6163973307187224,65.95214933050374,0.5650866100988492,6512.610000000001,6532.04,0.03287671232876712,73.29909863249848,74.5351333439512,-9.526600135864392,-8.529632834220287,0.9968450365957985,3.0-4.0%,0.98-1.00,2025-09-09→2025-09-10
2025-09-09,2025-09-10,P,6510.0,0.03561643835616438,48.16054041184915,-0.3836026692811813,44.29833959739517,-0.4365965593178816,6512.610000000001,6532.04,0.03287671232876712,46.52271206679172,34.85924878950664,4.553399864133117,5.583071147546171,0.9968450365957985,3.0-4.0%,0.98-1.00,2025-09-09→2025-09-10
2025-09-09,2025-09-10,C,6515.0,0.03561643835616438,66.4016266256491,0.6144599028592671,61.302101283721186,0.5521939525515872,6512.610000000001,6532.04,0.03287671232876712,70.35739160476365,69.72835398529014,-8.138955912555183,-6.9291284980770005,0.9976106625839672,3.0-4.0%,0.98-1.00,2025-09-09→2025-09-10
2025-09-09,2025-09-10,P,6515.0,0.03561643835616438,50.84080387658556,-0.385540097140641,46.098284028974376,-0.45088797427452676,6512.610000000001,6532.04,0.03287671232876712,48.57736726135656,36.40529190198731,4.441044087442412,5.710753340153772,0.9976106625839672,3.0-4.0%,0.98-1.00,2025-09-09→2025-09-10
2025-09-09,2025-09-10,C,6520.0,0.03561643835616438,64.03339434135424,0.5986108459820783,58.452044860644946,0.5373449731908242,6512.610000000001,6532.04,0.03287671232876712,68.01858865588041,66.60243126557452,-8.281008737431415,-7.090612829097388,0.9983762885721361,3.0-4.0%,0.98-1.00,2025-09-09→2025-09-10
2025-09-09,2025-09-10,P,6520.0,0.03561643835616438,53.45879505909794,-0.4013891540178495,47.64822921532095,-0.46531236820818167,6512.610000000001,6532.04,0.03287671232876712,51.23492653477301,37.71675852027738,4.948991262566559,6.191019314284674,0.9983762885721361,3.0-4.0%,0.98-1.00,2025-09-09→2025-09-10
2025-09-09,2025-09-10,C,6525.0,0.03561643835616438,61.90922324631377,0.582804960996035,55.40198753415007,0.5224259343477895,6512.610000000001,6532.04,0.03287671232876712,65.36457546672933,63.29084803495061,-8.073900392152598,-6.9007359043772265,0.9991419145603049,3.0-4.0%,0.98-1.00,2025-09-09→2025-09-10
2025-09-09,2025-09-10,P,6525.0,0.03561643835616438,56.32084743086598,-0.41719503900389276,49.79817148718348,-0.4803369849805548,6512.610000000001,6532.04,0.03287671232876712,53.5772755679205,39.59338622168616,4.906099607845382,6.132947618171887,0.9991419145603049,3.0-4.0%,0.98-1.00,2025-09-09→2025-09-10
2025-09-09,2025-09-10,C,6530.0,0.03561643835616438,60.061779401049805,0.5774705691329154,52.401930272073514,0.5072310143100914,6512.610000000001,6532.04,0.03287671232876712,62.601598757814635,60.02764245936987,-7.9202531582521924,-6.555498608044765,0.9999075405484737,3.0-4.0%,0.98-1.00,2025-09-09→2025-09-10
2025-09-09,2025-09-10,P,6530.0,0.03561643835616438,59.459627052408564,-0.4225294308670391,51.798114225106474,-0.4955319050182526,6512.610000000001,6532.04,0.03287671232876712,55.81066108130646,41.33018064610542,4.909746841746312,6.3281849145043445,0.9999075405484737,3.0-4.0%,0.98-1.00,2025-09-09→2025-09-10
2025-09-09,2025-09-10,C,6535.0,0.03561643835616438,58.005628206239045,0.569512172834573,49.401871269302774,0.4917356846610368,6512.610000000001,6532.04,0.03287671232876712,60.29902815378,56.764999060097125,-7.965621518175407,-6.454424352963647,1.0006731665366426,3.0-4.0%,1.00-1.02,2025-09-09→2025-09-10
2025-09-09,2025-09-10,P,6535.0,0.03561643835616438,62.38969932440991,-0.4304878271653356,53.89805535280084,-0.5109932189121827,6512.610000000001,6532.04,0.03287671232876712,58.50445269957334,43.16322222693634,5.164378481822203,6.7285982434633915,1.0006731665366426,3.0-4.0%,1.00-1.02,2025-09-09→2025-09-10
2025-09-09,2025-09-10,C,6540.0,0.03561643835616438,56.04554431940607,0.5532034399824,46.601811463980994,0.47601408630144026,6512.610000000001,6532.04,0.03287671232876712,58.08476938549309,53.69455857075809,-7.798742838857693,-6.298953696836694,1.0014387925248114,3.0-4.0%,1.00-1.02,2025-09-09→2025-09-10
2025-09-09,2025-09-10,P,6540.0,0.03561643835616438,65.41583890438342,-0.4467965600175005,55.99799541701441,-0.5267488330269031,6512.610000000001,6532.04,0.03287671232876712,61.28655615358474,44.99709675749364,5.231257161139755,6.7847298257123985,1.0014387925248114,3.0-4.0%,1.00-1.02,2025-09-09→2025-09-10
2025-09-09,2025-09-10,C,6545.0,0.03561643835616438,54.53680202006969,0.5427216882073569,43.85175066101874,0.4600518497920357,6512.610000000001,6532.04,0.03287671232876712,55.521730595437354,50.67359423456037,-7.595082401868613,-5.988807441458974,1.0022044185129801,3.0-4.0%,1.00-1.02,2025-09-09→2025-09-10
2025-09-09,2025-09-10,P,6545.0,0.03561643835616438,68.89332007185355,-0.4572783117925889,58.29793479915543,-0.5426625803231345,6512.610000000001,6532.04,0.03287671232876712,63.71987958582625,47.02452464982207,5.284917598129725,6.943933935678174,1.0022044185129801,3.0-4.0%,1.00-1.02,2025-09-09→2025-09-10
2025-09-09,2025-09-10,C,6550.0,0.03561643835616438,52.812290920211616,0.542655166124461,41.20169031714022,0.44390396119754205,6512.610000000001,6532.04,0.03287671232876712,52.97658756497633,47.7507497703009,-7.743789877797944,-5.825053966067971,1.002970044501149,3.0-4.0%,1.00-1.02,2025-09-09→2025-09-10
2025-09-09,2025-09-10,P,6550.0,0.03561643835616438,72.1550324388064,-0.4573448338754646,59.947870828181294,-0.5597156522799532,6512.610000000001,6532.04,0.03287671232876712,66.17109877766947,48.42041403370422,5.83621012219999,7.825275123799141,1.002970044501149,3.0-4.0%,1.00-1.02,2025-09-09→2025-09-10
2025-09-09,2025-09-10,C,6555.0,0.03561643835616438,51.05906020225043,0.5269637253931173,38.60162694668634,0.4275274312547607,6512.610000000001,6532.04,0.03287671232876712,51.46031922324722,44.87785858436109,-7.488905184387944,-5.556857989279736,1.0037356704893179,3.0-4.0%,1.00-1.02,2025-09-09→2025-09-10
2025-09-09,2025-09-10,P,6555.0,0.03561643835616438,75.38802518765259,-0.4730362746067809,62.39780709594925,-0.5762349537324097,6512.610000000001,6532.04,0.03287671232876712,69.65119265824154,50.59270438706426,6.041094815609455,8.04624515102036,1.0037356704893179,3.0-4.0%,1.00-1.02,2025-09-09→2025-09-10
2025-09-09,2025-09-10,C,6560.0,0.03561643835616438,49.70100360330672,0.5153256244218044,36.15156446881883,0.41110971974386284,6512.610000000001,6532.04,0.03287671232876712,49.14030681605971,42.153355966187064,-7.41277688251534,-5.387861854622999,1.0045012964774866,3.0-4.0%,1.00-1.02,2025-09-09→2025-09-10
2025-09-09,2025-09-10,P,6560.0,0.03561643835616438,79.01619205551651,-0.4846743755781266,64.79774263104309,-0.5931748162376155,6512.610000000001,6532.04,0.03287671232876712,72.32754247335163,52.71679292096587,6.3172231174827065,8.425386679496507,1.0045012964774866,3.0-4.0%,1.00-1.02,2025-09-09→2025-09-10
2025-09-09,2025-09-10,C,6565.0,0.03561643835616438,48.314086005567404,0.5127193636778618,33.75150130351267,0.39450951376421295,6512.610000000001,6532.04,0.03287671232876712,46.72310706389343,39.47981029067978,-7.462137236260537,-5.165319852438413,1.0052669224656554,3.0-4.0%,1.00-1.02,2025-09-09→2025-09-10
2025-09-09,2025-09-10,P,6565.0,0.03561643835616438,82.61549792458361,-0.4872806363220659,67.19767653912959,-0.6105449784498146,6512.610000000001,6532.04,0.03287671232876712,74.90670494348554,54.84026874486108,6.517862763737451,8.91288893127953,1.0052669224656554,3.0-4.0%,1.00-1.02,2025-09-09→2025-09-10
2025-09-09,2025-09-10,C,6570.0,0.03561643835616438,46.79107387332455,0.503568078245751,31.501438559210328,0.3779879357611972,6512.610000000001,6532.04,0.03287671232876712,45.390218966722244,36.956820656302625,-7.384327760314632,-4.9443055918398295,1.0060325484538242,3.0-4.0%,1.00-1.02,2025-09-09→2025-09-10
2025-09-09,2025-09-10,P,6570.0,0.03561643835616438,86.07870925915114,-0.49643192175413686,69.99761301854278,-0.6272862839840099,6512.610000000001,6532.04,0.03287671232876712,78.57017906861041,57.3613968131649,6.445672239682569,8.988172497808922,1.0060325484538242,3.0-4.0%,1.00-1.02,2025-09-09→2025-09-10
2025-09-09,2025-09-10,C,6575.0,0.03561643835616438,45.36273117898686,0.48831172952603136,29.301375045276927,0.3613338910620149,6512.610000000001,6532.04,0.03287671232876712,43.45598145923916,34.48576907954293,-7.037896904690488,-4.570717503334727,1.0067981744419932,3.0-4.0%,1.00-1.02,2025-09-09→2025-09-10
2025-09-09,2025-09-10,P,6575.0,0.03561643835616438,89.63659003161952,-0.5116882704739264,72.49754434246734,-0.6452800706516589,6512.610000000001,6532.04,0.03287671232876712,81.63230378342949,59.58316105266431,6.942103095308074,9.537791772761334,1.0067981744419932,3.0-4.0%,1.00-1.02,2025-09-09→2025-09-10
2025-09-09,2025-09-10,C,6580.0,0.03561643835616438,44.393701416176526,0.4820806353221133,27.20131178427164,0.34471076866080846,6512.610000000001,6532.04,0.03287671232876712,41.2460952357696,32.11699086840008,-7.116826744308364,-4.4477302350792955,1.007563800430162,3.0-4.0%,1.00-1.02,2025-09-09→2025-09-10
2025-09-09,2025-09-10,P,6580.0,0.03561643835616438,93.653783735618,-0.5179193646778013,75.34747848480583,-0.6625849791144186,6512.610000000001,6532.04,0.03287671232876712,84.41877978226074,62.15609744367157,7.013173255689361,9.824026144192747,1.007563800430162,3.0-4.0%,1.00-1.02,2025-09-09→2025-09-10
2025-09-09,2025-09-10,C,6590.0,0.03561643835616438,41.761368470624795,0.4678019475004889,23.301185438081802,0.3117481351676823,6512.610000000001,6532.04,0.03287671232876712,38.48904519387253,27.68939796709219,-7.0393918399342095,-4.007266266307873,1.0090950524064994,3.0-4.0%,1.00-1.02,2025-09-09→2025-09-10
2025-09-09,2025-09-10,P,6590.0,0.03561643835616438,100.99389772368127,-0.532198052499458,80.69733548695785,-0.7001622823866246,6512.610000000001,6532.04,0.03287671232876712,91.65445418496344,66.94191233877336,7.940608160064134,11.204153146771677,1.0090950524064994,3.0-4.0%,1.00-1.02,2025-09-09→2025-09-10
