asof0,asof1,cp,K,T,price0_pde,delta0_pde,price0_bsm,delta0_bsm,S0,S1,T1,price1_pde,price1_bsm,pnl_pde,pnl_bsm,m,T_bucket,m_bucket,pair
2025-09-10,2025-09-11,C,6500.0,0.005479452054794521,41.29919891990096,0.7341690782744202,47.24999982160534,0.685828819754121,6532.04,6587.47,0.038356164383561646,158.46683563782264,130.41291820986407,31.705007991248678,34.38450852102888,0.994933492522692,<1.0%,0.98-1.00,2025-09-10→2025-09-11
2025-09-10,2025-09-11,P,6500.0,0.005479452054794521,8.204569417826846,-0.2658309217254834,13.350000357319459,-0.30868949936721485,6532.04,6587.47,0.038356164383561646,64.96387692364141,33.370908187367604,27.33500799124362,29.710658949924806,0.994933492522692,<1.0%,0.98-1.00,2025-09-10→2025-09-11
2025-09-10,2025-09-11,C,6505.0,0.005479452054794521,37.6035212145883,0.6950775068064009,42.54999999465872,0.6679694383818859,6532.04,6587.47,0.038356164383561646,155.10172629150745,123.5110640455141,34.52185379772099,36.02445403049187,0.9956988259784788,<1.0%,0.98-1.00,2025-09-10→2025-09-11
2025-09-10,2025-09-11,P,6505.0,0.005479452054794521,9.508080459049483,-0.3049224931935837,14.449999994657901,-0.33219283864029614,6532.04,6587.47,0.038356164383561646,66.59412683985468,33.55445501281224,29.351853797720434,30.86344904583171,0.9956988259784788,<1.0%,0.98-1.00,2025-09-10→2025-09-11
2025-09-10,2025-09-11,C,6510.0,0.005479452054794521,34.14152787411338,0.6509334568702255,38.84999999998308,0.6421868718613679,6532.04,6587.47,0.038356164383561646,151.17754401543405,118.94598621235946,37.01875848568321,37.50358169272418,0.9964641594342655,<1.0%,0.98-1.00,2025-09-10→2025-09-11
2025-09-10,2025-09-11,P,6510.0,0.005479452054794521,11.045275865112233,-0.3490665431297285,15.749999999983174,-0.3579754051608145,6532.04,6587.47,0.038356164383561646,67.66530382631343,33.98937717965737,31.498758485680952,31.99257670806405,0.9964641594342655,<1.0%,0.98-1.00,2025-09-10→2025-09-11
2025-09-10,2025-09-11,C,6515.0,0.005479452054794521,30.865464291515945,0.61252111156502,35.25000001114131,0.6148428090973476,6532.04,6587.47,0.010958904109589041,106.32091300531256,84.77641350751855,6.547954785950765,6.419263091733846,0.9972294928900521,<1.0%,0.98-1.00,2025-09-10→2025-09-11
2025-09-10,2025-09-11,P,6515.0,0.005479452054794521,12.768401029051471,-0.3874788884349816,17.1500000111414,-0.3853194679248388,6532.04,6587.47,0.010958904109589041,34.66199299285657,10.168250003509684,8.477954785951146,8.358258107073928,0.9972294928900521,<1.0%,0.98-1.00,2025-09-10→2025-09-11
2025-09-10,2025-09-11,C,6520.0,0.005479452054794521,27.668024207629653,0.5836895659115704,31.750000000029104,0.5858987318814011,6532.04,6587.47,0.010958904109589041,103.58036626278944,80.28291322649056,6.946087361521478,6.823633291813763,0.9979948263458388,<1.0%,0.98-1.00,2025-09-10→2025-09-11
2025-09-10,2025-09-11,P,6520.0,0.005479452054794521,14.570149691702687,-0.41631043408839147,18.65000000002965,-0.4142635451407874,6532.04,6587.47,0.010958904109589041,36.922068721555696,10.67474972248101,8.876087361519662,8.762628307153967,0.9979948263458388,<1.0%,0.98-1.00,2025-09-10→2025-09-11
2025-09-10,2025-09-11,C,6525.0,0.005479452054794521,24.614831654470358,0.5339989416516778,28.3999996911366,0.5551784313983993,6532.04,6587.47,0.010958904109589041,99.68631626263515,75.84056043263081,8.450438664247347,7.276459547586569,0.9987601598016255,<1.0%,0.98-1.00,2025-09-10→2025-09-11
2025-09-10,2025-09-11,P,6525.0,0.005479452054794521,16.516145885079517,-0.4660010583482827,20.349999696673876,-0.4450904028644131,6532.04,6587.47,0.010958904109589041,38.0286411926295,11.286436923291149,10.330438664245444,9.171361030774547,0.9987601598016255,<1.0%,0.98-1.00,2025-09-10→2025-09-11
2025-09-10,2025-09-11,C,6530.0,0.005479452054794521,21.83154636908096,0.4824563496196817,25.29999999996153,0.5226904046152633,6532.04,6587.47,0.010958904109589041,98.86182920140666,71.55237389920057,7.907444540580908,5.677270872175811,0.9995254932574122,<1.0%,0.98-1.00,2025-09-10→2025-09-11
2025-09-10,2025-09-11,P,6530.0,0.005479452054794521,18.732049346228482,-0.517543650380243,22.199999999962074,-0.47747187240692357,6532.04,6587.47,0.010958904109589041,42.20477660259823,11.944210395191703,11.837444540577017,9.616265887515912,0.9995254932574122,<1.0%,0.98-1.00,2025-09-10→2025-09-11
2025-09-10,2025-09-11,C,6535.0,0.005479452054794521,19.140214843670112,0.46173064686823534,22.350000403916056,0.4888776918791511,6532.04,6587.47,0.010958904109589041,98.26832556633192,67.30592515011176,9.506270244093582,8.001509539138514,1.000290826713199,<1.0%,1.00-1.02,2025-09-10→2025-09-11
2025-09-10,2025-09-11,P,6535.0,0.005479452054794521,21.03990656735356,-0.5382693531317242,24.250000403916147,-0.5112845851430345,6532.04,6587.47,0.010958904109589041,46.61189543873579,12.697761646104254,11.43627024409163,9.940504554478554,1.000290826713199,<1.0%,1.00-1.02,2025-09-10→2025-09-11
2025-09-10,2025-09-11,C,6540.0,0.005479452054794521,16.54504380962369,0.41013080737761887,19.599999894213852,0.4539404652997383,6532.04,6587.47,0.010958904109589041,94.78989565504918,63.153168608082524,10.616449347058467,8.188080008435374,1.0010561601689856,<1.0%,1.00-1.02,2025-09-10→2025-09-11
2025-09-10,2025-09-11,P,6540.0,0.005479452054794521,23.44392427984413,-0.5898691926223543,26.499999894213943,-0.5462218117224465,6532.04,6587.47,0.010958904109589041,48.13408799865719,13.545005104073425,12.596449347057266,10.17707502377537,1.0010561601689856,<1.0%,1.00-1.02,2025-09-10→2025-09-11
2025-09-10,2025-09-11,C,6545.0,0.005479452054794521,14.258846124243489,0.35940063043555626,17.050000000025193,0.4182004243837678,6532.04,6587.47,0.010958904109589041,90.81157120310608,59.09331805848615,11.678423054957012,8.41915047640763,1.0018214936247722,<1.0%,1.00-1.02,2025-09-10→2025-09-11
2025-09-10,2025-09-11,P,6545.0,0.005479452054794521,26.15691534100159,-0.640599369564402,28.950000000024374,-0.5819618526384159,6532.04,6587.47,0.010958904109589041,49.156386017915715,14.485154554477049,13.55842305495499,10.308145491747563,1.0018214936247722,<1.0%,1.00-1.02,2025-09-10→2025-09-11
2025-09-10,2025-09-11,C,6550.0,0.005479452054794521,12.117202666555855,0.3236741825947629,14.700000032838943,0.3819954412800962,6532.04,6587.47,0.010958904109589041,94.14894379127793,55.12701151654983,11.808740058772202,8.57599268984416,1.002586827080559,<1.0%,1.00-1.02,2025-09-10→2025-09-11
2025-09-10,2025-09-11,P,6550.0,0.005479452054794521,29.01446062984982,-0.6763258174052249,31.550000034339973,-0.6184462999719491,6532.04,6587.47,0.010958904109589041,57.494381077314245,15.45330181408417,13.73874005877181,10.530478407445322,1.002586827080559,<1.0%,1.00-1.02,2025-09-10→2025-09-11
2025-09-10,2025-09-11,C,6555.0,0.005479452054794521,10.089226502928856,0.2876074907078901,12.599999999489683,0.34605436520156574,6532.04,6587.47,0.010958904109589041,91.44827297136521,51.32627682245857,11.807916790061569,8.56820653687711,1.0033521605363456,<1.0%,1.00-1.02,2025-09-10→2025-09-11
2025-09-10,2025-09-11,P,6555.0,0.005479452054794521,31.98567321276095,-0.7123925092920217,34.449999999448664,-0.6544792180613963,6532.04,6587.47,0.010958904109589041,59.79433272860067,16.648442564730885,13.737916790056968,10.527783057143385,1.0033521605363456,<1.0%,1.00-1.02,2025-09-10→2025-09-11
2025-09-10,2025-09-11,C,6560.0,0.005479452054794521,8.28283230050309,0.2417623196440301,10.70000031433483,0.31058458619967444,6532.04,6587.47,0.010958904109589041,87.71862308761705,47.636002634426404,12.249114622131343,8.434296386951956,1.0041174939921322,<1.0%,1.00-1.02,2025-09-10→2025-09-11
2025-09-10,2025-09-11,P,6560.0,0.005479452054794521,35.178467756870944,-0.7582376803558852,37.55000026886137,-0.6900455875071724,6532.04,6587.47,0.010958904109589041,61.06530531606406,17.95320110410057,14.179114622126942,10.399226915522771,1.0041174939921322,<1.0%,1.00-1.02,2025-09-10→2025-09-11
2025-09-10,2025-09-11,C,6565.0,0.005479452054794521,6.753193527529481,0.1957286991919318,9.000000001195303,0.27601914879840367,6532.04,6587.47,0.010958904109589041,90.5288688910978,44.06708303173946,12.600758203791166,8.150258582104406,1.004882827447919,<1.0%,1.00-1.02,2025-09-10→2025-09-11
2025-09-10,2025-09-11,P,6565.0,0.005479452054794521,38.64801773043493,-0.8042713008080515,40.850000001403714,-0.7247122236323171,6532.04,6587.47,0.010958904109589041,68.87617359075529,19.37830391082798,14.58075820379053,10.170798555939548,1.004882827447919,<1.0%,1.00-1.02,2025-09-10→2025-09-11
2025-09-10,2025-09-11,C,6570.0,0.005479452054794521,5.353141490003497,0.17624546695771026,7.499999999296733,0.24283511921755974,6532.04,6587.47,0.010958904109589041,89.59173311794703,40.63593448034726,11.080713766534071,7.389649341770594,1.0056481609037058,<1.0%,1.00-1.02,2025-09-10→2025-09-11
2025-09-10,2025-09-11,P,6570.0,0.005479452054794521,42.24715443944513,-0.8237545330422723,44.349999999117244,-0.758001543830867,6532.04,6587.47,0.010958904109589041,72.9396602888209,20.93997085770434,13.460713766533388,9.81602557454518,1.0056481609037058,<1.0%,1.00-1.02,2025-09-10→2025-09-11
2025-09-10,2025-09-11,C,6575.0,0.005479452054794521,4.087185452975811,0.13992268860113574,6.250000000005457,0.2123415495194928,6532.04,6587.47,0.010958904109589041,86.25221475440708,37.46324123455042,11.294085370839007,7.279907910134453,1.0064134943594925,<1.0%,1.00-1.02,2025-09-10→2025-09-11
2025-09-10,2025-09-11,P,6575.0,0.005479452054794521,45.980387148954605,-0.8600773113988107,48.05000000001564,-0.7893805725102295,6532.04,6587.47,0.010958904109589041,74.6007643964931,22.662479285081645,13.224085370836335,9.305365134242258,1.0064134943594925,<1.0%,1.00-1.02,2025-09-10→2025-09-11
2025-09-10,2025-09-11,C,6580.0,0.005479452054794521,3.1418279527123945,0.10585239699904682,5.149999999639931,0.18368605101308438,6532.04,6587.47,0.010958904109589041,84.69722922969754,34.40290672944957,10.982601634342807,6.66828219234468,1.0071788278152791,<1.0%,1.00-1.02,2025-09-10→2025-09-11
2025-09-10,2025-09-11,P,6580.0,0.005479452054794521,50.03421839522926,-0.8941476030008819,51.949999999031206,-0.8182514792726397,6532.04,6587.47,0.010958904109589041,78.04640134300097,24.581931826856362,12.91260163433914,8.705679496082652,1.0071788278152791,<1.0%,1.00-1.02,2025-09-10→2025-09-11
2025-09-10,2025-09-11,C,6585.0,0.005479452054794521,2.331879148384266,0.08542103693132748,4.250000000875161,0.1581937148361026,6532.04,6587.47,0.010958904109589041,88.96972275689454,31.595544520065687,9.965111922896492,5.931322386634786,1.0079441612710658,<1.0%,1.00-1.02,2025-09-10→2025-09-11
2025-09-10,2025-09-11,P,6585.0,0.005479452054794521,54.22345833743882,-0.9145789630686695,56.00000000607997,-0.8449528651237592,6532.04,6587.47,0.010958904109589041,87.31951734139217,26.632531026927154,11.995111922896612,8.135737313810218,1.0079441612710658,<1.0%,1.00-1.02,2025-09-10→2025-09-11
2025-09-10,2025-09-11,C,6590.0,0.005479452054794521,1.646425969089006,0.06507422279426353,3.4500000000005002,0.13439735461865365,6532.04,6587.47,0.010958904109589041,86.35522893616164,28.854067328901692,9.042935830513956,5.200354633487991,1.0087094947268525,<1.0%,1.00-1.02,2025-09-10→2025-09-11
2025-09-10,2025-09-11,P,6590.0,0.005479452054794521,58.53719390467952,-0.9349257772056955,60.15000000009968,-0.8702101584462868,6532.04,6587.47,0.010958904109589041,89.70564599188124,28.7139672629055,11.172935830511975,7.585749082677928,1.0087094947268525,<1.0%,1.00-1.02,2025-09-10→2025-09-11
2025-09-10,2025-09-11,C,6595.0,0.005479452054794521,1.1318578674043311,0.04530769010764447,2.7499998007640443,0.1124282797139465,6532.04,6587.47,0.010958904109589041,82.74964718112722,26.188040022621863,8.338594737333253,4.618100455455912,1.0094748281826391,<1.0%,1.00-1.02,2025-09-10→2025-09-11
2025-09-10,2025-09-11,P,6595.0,0.005479452054794521,63.021814549531875,-0.9546923098923421,64.50000000001182,-0.8914135444992967,6532.04,6587.47,0.010958904109589041,91.10068670804178,31.12870073882641,10.418594737332803,6.911052771596275,1.0094748281826391,<1.0%,1.00-1.02,2025-09-10→2025-09-11
2025-09-10,2025-09-11,C,6600.0,0.005479452054794521,0.7679006086978278,0.02946798986255931,2.224999977115772,0.09444512806043245,6532.04,6587.47,0.010958904109589041,88.27173273603873,23.866988942809712,7.44158932191833,3.839906551610203,1.0102401616384258,<1.0%,1.00-1.02,2025-09-10→2025-09-11
2025-09-10,2025-09-11,P,6600.0,0.005479452054794521,67.65704603736037,-0.9705320101373727,69.04999983882044,-0.9076976127570004,6532.04,6587.47,0.010958904109589041,101.62339473416847,34.00567169139185,9.99658932191484,6.5136786751207865,1.0102401616384258,<1.0%,1.00-1.02,2025-09-10→2025-09-11
2025-09-10,2025-09-11,C,6605.0,0.005479452054794521,0.48875495500336485,0.02203733121344877,1.7250000659372517,0.07691669972980009,6532.04,6587.47,0.010958904109589041,87.11874874185612,21.45203681276689,6.353470730838529,3.3115073339771595,1.0110054950942124,<1.0%,1.00-1.02,2025-09-10→2025-09-11
2025-09-10,2025-09-11,P,6605.0,0.005479452054794521,72.37708913020185,-0.9779626687865189,73.09999999999945,-0.9395556827074872,6532.04,6587.47,0.010958904109589041,105.47103321120137,34.6393237927864,8.858470730837034,6.729571492476296,1.0110054950942124,<1.0%,1.00-1.02,2025-09-10→2025-09-11
2025-09-10,2025-09-11,C,6500.0,0.0136986301369863,50.09848735062107,0.6340102411464307,50.300071874156856,0.6619615839362926,6532.04,6587.47,0.038356164383561646,158.46683563782264,108.56693922718387,34.20681233325317,32.65746940241112,0.9950324750978125,1.0-2.0%,0.98-1.00,2025-09-10→2025-09-11
2025-09-10,2025-09-11,P,6500.0,0.0136986301369863,17.650415988535887,-0.3659897588534826,17.89996325971697,-0.33835740517119944,6532.04,6587.47,0.038356164383561646,64.96387692364141,20.011955843842998,28.33681233324865,26.805150968639683,0.9950324750978125,1.0-2.0%,0.98-1.00,2025-09-10→2025-09-11
2025-09-10,2025-09-11,C,6505.0,0.0136986301369863,46.753385962792535,0.6053018605220427,46.60006954532673,0.6404995365797482,6532.04,6587.47,0.038356164383561646,155.10172629150745,104.1843357339585,35.448117871262994,33.49711068738437,0.9957978846940415,1.0-2.0%,0.98-1.00,2025-09-10→2025-09-11
2025-09-10,2025-09-11,P,6505.0,0.0136986301369863,19.30500069965777,-0.39469813947794613,19.149960958624433,-0.3595632475714085,6532.04,6587.47,0.038356164383561646,66.59412683985468,20.556221902323387,29.62811787126267,27.680590812883278,0.9957978846940415,1.0-2.0%,0.98-1.00,2025-09-10→2025-09-11
2025-09-10,2025-09-11,C,6510.0,0.0136986301369863,43.53971705372107,0.5736329677264972,43.00006710866501,0.6178782305171737,6532.04,6587.47,0.038356164383561646,151.17754401543405,99.83441110272815,37.1535245989201,34.70100968243288,0.9965632942902706,1.0-2.0%,0.98-1.00,2025-09-10→2025-09-11
2025-09-10,2025-09-11,P,6510.0,0.0136986301369863,21.09101788953934,-0.4263670322734762,20.599958500926732,-0.3823725274971425,6532.04,6587.47,0.038356164383561646,67.66530382631343,21.279036109475783,30.933524598918908,28.494909199166717,0.9965632942902706,1.0-2.0%,0.98-1.00,2025-09-10→2025-09-11
2025-09-10,2025-09-11,C,6515.0,0.0136986301369863,40.41669962504743,0.5455592402933512,39.55006449250686,0.5939623163659571,6532.04,6587.47,0.010958904109589041,106.32091300531256,77.65344631202333,5.959651310539385,3.2766688038348306,0.9973287038864997,1.0-2.0%,0.98-1.00,2025-09-10→2025-09-11
2025-09-10,2025-09-11,P,6515.0,0.0136986301369863,22.96768655981944,-0.45444075970660447,22.099955905803654,-0.40610046778519504,6532.04,6587.47,0.010958904109589041,34.66199299285657,4.852577419556155,7.239651310537216,4.560148929333476,0.9973287038864997,1.0-2.0%,0.98-1.00,2025-09-10→2025-09-11
2025-09-10,2025-09-11,C,6520.0,0.0136986301369863,37.368929756900364,0.5240784855070891,36.15006179264128,0.5690987027797905,6532.04,6587.47,0.010958904109589041,103.58036626278944,73.12303416660507,5.850329548341897,3.354858904916046,0.9980941134827288,1.0-2.0%,0.98-1.00,2025-09-10→2025-09-11
2025-09-10,2025-09-11,P,6520.0,0.0136986301369863,24.919602790623898,-0.4759215144928815,23.699953205938982,-0.4309640813713644,6532.04,6587.47,0.010958904109589041,36.922068721555696,5.3221652741375465,7.130329548340562,4.638339030414855,0.9980941134827288,1.0-2.0%,0.98-1.00,2025-09-10→2025-09-11
2025-09-10,2025-09-11,C,6525.0,0.0136986301369863,34.427686648483586,0.49057027354106,32.90005893849366,0.5430276595613329,6532.04,6587.47,0.010958904109589041,99.68631626263515,68.66083751232873,6.357689737618902,3.449976830515155,0.9988595230789579,1.0-2.0%,0.98-1.00,2025-09-10→2025-09-11
2025-09-10,2025-09-11,P,6525.0,0.0136986301369863,26.97804578115939,-0.5094297264588554,25.49995034493486,-0.4571015225113885,6532.04,6587.47,0.010958904109589041,38.0286411926295,5.888439515179925,7.587689737614507,4.687137392806399,0.9988595230789579,1.0-2.0%,0.98-1.00,2025-09-10→2025-09-11
2025-09-10,2025-09-11,C,6530.0,0.0136986301369863,31.579405002148906,0.45615336632826753,29.85005549798052,0.5158488485865238,6532.04,6587.47,0.010958904109589041,98.86182920140666,64.30095047817758,4.815418904424,1.506498322848838,0.9996249326751869,1.0-2.0%,0.98-1.00,2025-09-10→2025-09-11
2025-09-10,2025-09-11,P,6530.0,0.0136986301369863,29.12945023377581,-0.5438466336716719,27.39994691127822,-0.48421393556462994,6532.04,6587.47,0.010958904109589041,42.20477660259823,6.500081585709722,8.095418904420931,4.789978448347583,0.9996249326751869,1.0-2.0%,0.98-1.00,2025-09-10→2025-09-11
2025-09-10,2025-09-11,C,6535.0,0.0136986301369863,28.81223792463736,0.4393564171983081,26.90005224731749,0.48777411894195044,6532.04,6587.47,0.010958904109589041,98.26832556633192,59.989323942598276,6.19647379469766,3.512680587047548,1.000390342271416,1.0-2.0%,1.00-1.02,2025-09-10→2025-09-11
2025-09-10,2025-09-11,P,6535.0,0.0136986301369863,31.361969255217723,-0.5606435828016364,29.499943670371067,-0.5122592822366488,6532.04,6587.47,0.010958904109589041,46.61189543873579,7.220242866969329,7.426473794694871,4.744532014377597,1.000390342271416,1.0-2.0%,1.00-1.02,2025-09-10→2025-09-11
2025-09-10,2025-09-11,C,6540.0,0.0136986301369863,26.12952227481995,0.40479459181609323,24.100049783033683,0.45886099888756127,6532.04,6587.47,0.010958904109589041,94.78989565504918,55.758849981391904,6.412235775633835,3.4153348316623457,1.001155751867645,1.0-2.0%,1.00-1.02,2025-09-10→2025-09-11
2025-09-10,2025-09-11,P,6540.0,0.0136986301369863,33.67893970435341,-0.5952054081838666,31.64994119633002,-0.5412017852635942,6532.04,6587.47,0.010958904109589041,48.13408799865719,7.957981088923589,7.742235775631897,4.7488149571611835,1.001155751867645,1.0-2.0%,1.00-1.02,2025-09-10→2025-09-11
2025-09-10,2025-09-11,C,6545.0,0.0136986301369863,23.587914284305167,0.370793873976695,21.550046636113166,0.4295099872841361,6532.04,6587.47,0.010958904109589041,90.81157120310608,51.685739168079635,6.5468955654716865,3.292261404840211,1.001921161463874,1.0-2.0%,1.00-1.02,2025-09-10→2025-09-11
2025-09-10,2025-09-11,P,6545.0,0.0136986301369863,36.13701781278909,-0.6292061260232482,33.99993801948767,-0.5708283812804337,6532.04,6587.47,0.010958904109589041,49.156386017915715,8.813170953299732,7.876895565468828,4.641017174374603,1.001921161463874,1.0-2.0%,1.00-1.02,2025-09-10→2025-09-11
2025-09-10,2025-09-11,C,6550.0,0.0136986301369863,21.126065859046218,0.34530799666117407,19.100043391239524,0.39961155461337255,6532.04,6587.47,0.010958904109589041,94.14894379127793,47.67414661214116,6.209577745071023,3.1995315277806426,1.0026865710601034,1.0-2.0%,1.00-1.02,2025-09-10→2025-09-11
2025-09-10,2025-09-11,P,6550.0,0.0136986301369863,38.674855486482485,-0.6546920033387297,36.54993476190975,-0.6008448643788353,6532.04,6587.47,0.010958904109589041,57.494381077314245,9.796788359258471,7.53957774506598,4.55483083251902,1.0026865710601034,1.0-2.0%,1.00-1.02,2025-09-10→2025-09-11
2025-09-10,2025-09-11,C,6555.0,0.0136986301369863,18.757985834990254,0.3185115109155799,16.80004039539608,0.36938653508388314,6532.04,6587.47,0.010958904109589041,91.44827297136521,43.763181317658564,5.894906949949316,3.074904360300252,1.0034519806563325,1.0-2.0%,1.00-1.02,2025-09-10→2025-09-11
2025-09-10,2025-09-11,P,6555.0,0.0136986301369863,41.306461561378825,-0.6814884890843249,39.34993180869242,-0.6306762490672776,6532.04,6587.47,0.010958904109589041,59.79433272860067,10.962312425189793,7.124906949944329,4.308384485799376,1.0034519806563325,1.0-2.0%,1.00-1.02,2025-09-10→2025-09-11
2025-09-10,2025-09-11,C,6560.0,0.0136986301369863,16.52948700943439,0.28549821114573326,14.700036838891265,0.3393017838639584,6532.04,6587.47,0.010958904109589041,87.71862308761705,40.00227228577478,5.824834156191924,2.84250212042069,1.0042173902525615,1.0-2.0%,1.00-1.02,2025-09-10→2025-09-11
2025-09-10,2025-09-11,P,6560.0,0.0136986301369863,44.077648834776056,-0.7145017888541947,42.24992825218851,-0.6607610002871948,6532.04,6587.47,0.010958904109589041,61.06530531606406,12.201403393308738,7.054834156188221,4.075982245919398,1.0042173902525615,1.0-2.0%,1.00-1.02,2025-09-10→2025-09-11
2025-09-10,2025-09-11,C,6565.0,0.0136986301369863,14.437517550308227,0.25200842421574465,12.800034255127912,0.30971312141707913,6532.04,6587.47,0.010958904109589041,90.5288688910978,36.40705578194684,5.681173045721202,2.4826016798512143,1.0049827998487906,1.0-2.0%,1.00-1.02,2025-09-10→2025-09-11
2025-09-10,2025-09-11,P,6565.0,0.0136986301369863,46.98536547460177,-0.7479915757842094,45.399925758044446,-0.6899590955770029,6532.04,6587.47,0.010958904109589041,68.87617359075529,13.653362126099182,6.911173045718947,3.6944326678334747,1.0049827998487906,1.0-2.0%,1.00-1.02,2025-09-10→2025-09-11
2025-09-10,2025-09-11,C,6570.0,0.0136986301369863,12.454423850335292,0.2340880401547089,11.100030511721798,0.2810045199505869,6532.04,6587.47,0.010958904109589041,89.59173311794703,32.995688896000956,4.274499934224417,1.6739194591388866,1.0057482094450196,1.0-2.0%,1.00-1.02,2025-09-10→2025-09-11
2025-09-10,2025-09-11,P,6570.0,0.0136986301369863,50.00195787358118,-0.7659119598452413,48.64992192501995,-0.7190582642005604,6532.04,6587.47,0.010958904109589041,72.9396602888209,15.19482000353446,5.954499934221943,3.357399584637264,1.0057482094450196,1.0-2.0%,1.00-1.02,2025-09-10→2025-09-11
2025-09-10,2025-09-11,C,6575.0,0.0136986301369863,10.585251902066174,0.20323053167393829,9.600028065266542,0.25358960794295227,6532.04,6587.47,0.010958904109589041,86.25221475440708,29.78935104173752,4.434931629313542,1.6435280317220826,1.0065136190412487,1.0-2.0%,1.00-1.02,2025-09-10→2025-09-11
2025-09-10,2025-09-11,P,6575.0,0.0136986301369863,53.13247202426467,-0.7967694683260359,52.099919492553454,-0.747004622510189,6532.04,6587.47,0.010958904109589041,74.6007643964931,16.933701921435386,5.664931629312399,2.9064662257399903,1.0065136190412487,1.0-2.0%,1.00-1.02,2025-09-10→2025-09-11
2025-09-10,2025-09-11,C,6580.0,0.0136986301369863,8.925654474390981,0.17309663762882102,8.20002439815471,0.22670735149544788,6532.04,6587.47,0.010958904109589041,84.69722922969754,26.694612747322935,4.205253376234401,1.233611506607259,1.0072790286374778,1.0-2.0%,1.00-1.02,2025-09-10→2025-09-11
2025-09-10,2025-09-11,P,6580.0,0.0136986301369863,56.47256069554143,-0.8269033623711164,55.59991546339006,-0.7751842236298864,6532.04,6587.47,0.010958904109589041,78.04640134300097,18.715937563850275,5.535253376231225,2.668461515804829,1.0072790286374778,1.0-2.0%,1.00-1.02,2025-09-10→2025-09-11
2025-09-10,2025-09-11,C,6585.0,0.0136986301369863,7.388730690056096,0.1523807971030373,6.950021834441486,0.20106934988535818,6532.04,6587.47,0.010958904109589041,88.96972275689454,23.775993479347562,3.553532416578598,0.8547259358545372,1.0080444382337068,1.0-2.0%,1.00-1.02,2025-09-10→2025-09-11
2025-09-10,2025-09-11,P,6585.0,0.0136986301369863,59.93532301015988,-0.8476192028969004,59.39991310084224,-0.8003655066426987,6532.04,6587.47,0.010958904109589041,87.31951734139217,20.846922582945353,4.8835324165754415,2.2642600332050264,1.0080444382337068,1.0-2.0%,1.00-1.02,2025-09-10→2025-09-11
2025-09-10,2025-09-11,C,6590.0,0.0136986301369863,5.982720554632145,0.12875421207718496,5.850019195209143,0.17695796713180076,6532.04,6587.47,0.010958904109589041,86.35522893616164,21.049805563726295,3.1131540245616023,0.44121988188423344,1.008809847829936,1.0-2.0%,1.00-1.02,2025-09-10→2025-09-11
2025-09-10,2025-09-11,P,6590.0,0.0136986301369863,63.52899897368768,-0.8712457879227721,63.29991042047641,-0.8246373712759517,6532.04,6587.47,0.010958904109589041,89.70564599188124,23.110020439464733,4.493154024559516,1.9096494898262435,1.008809847829936,1.0-2.0%,1.00-1.02,2025-09-10→2025-09-11
2025-09-10,2025-09-11,C,6595.0,0.0136986301369863,4.754718824135274,0.10414995123454956,4.850016733195616,0.15384603069716732,6532.04,6587.47,0.010958904109589041,82.74964718112722,18.46059055769547,2.9769682030688873,0.2223145184559705,1.0095752574261652,1.0-2.0%,1.00-1.02,2025-09-10→2025-09-11
2025-09-10,2025-09-11,P,6595.0,0.0136986301369863,67.3006833421403,-0.8958500487653992,67.34990807366012,-0.84706703759628,6532.04,6587.47,0.010958904109589041,91.10068670804178,25.584312569189024,4.306968203066347,1.6029258939620519,1.0095752574261652,1.0-2.0%,1.00-1.02,2025-09-10→2025-09-11
2025-09-10,2025-09-11,C,6600.0,0.0136986301369863,3.6994086640291655,0.08201156456067614,4.100014617075772,0.13462066474906922,6532.04,6587.47,0.010958904109589041,88.27173273603873,16.25760522612427,2.6540989764016985,-0.2620234470409448,1.0103406670223942,1.0-2.0%,1.00-1.02,2025-09-10→2025-09-11
2025-09-10,2025-09-11,P,6600.0,0.0136986301369863,71.24505928098903,-0.917988435439229,71.49990572734623,-0.868233253978223,6532.04,6587.47,0.010958904109589041,101.62339473416847,28.211859832603295,4.634098976396736,1.8761692680131574,1.0103406670223942,1.0-2.0%,1.00-1.02,2025-09-10→2025-09-11
2025-09-10,2025-09-11,C,6605.0,0.0136986301369863,2.784217973643372,0.06784992734116124,3.400012577634243,0.11613722019721237,6532.04,6587.47,0.010958904109589041,87.11874874185612,14.15644851237721,2.139078527479413,-0.5374861155315154,1.0111060766186233,1.0-2.0%,1.00-1.02,2025-09-10→2025-09-11
2025-09-10,2025-09-11,P,6605.0,0.0136986301369863,75.32955468955471,-0.9321500726587711,75.79990369334791,-0.8869657010977563,6532.04,6587.47,0.010958904109589041,105.47103321120137,31.090267684307037,3.619078527475942,1.1145088118488786,1.0111060766186233,1.0-2.0%,1.00-1.02,2025-09-10→2025-09-11
2025-09-10,2025-09-11,C,6500.0,0.01643835616438356,55.32897810811294,0.6042093045079963,54.40577524078435,0.6487386350112702,6532.04,6587.47,0.038356164383561646,158.46683563782264,110.86385049394448,31.758678251121594,29.290417461325106,0.9949169076640578,1.0-2.0%,0.98-1.00,2025-09-10→2025-09-11
2025-09-10,2025-09-11,P,6500.0,0.01643835616438356,22.12601564604393,-0.3957906954919284,21.29686745426261,-0.35185338515596615,6532.04,6587.47,0.038356164383561646,64.96387692364141,20.77503099178989,26.588678251117706,24.153233139195304,0.9949169076640578,1.0-2.0%,0.98-1.00,2025-09-10→2025-09-11
2025-09-10,2025-09-11,C,6505.0,0.01643835616438356,52.0276875254499,0.578976483433822,50.80560042973684,0.6290882664780477,6532.04,6587.47,0.038356164383561646,155.10172629150745,106.60148522263444,32.707333523263074,29.92963738912163,0.995682228362261,1.0-2.0%,0.98-1.00,2025-09-10→2025-09-11
2025-09-10,2025-09-11,P,6505.0,0.01643835616438356,23.823830476872924,-0.4210235165661361,22.596696320147657,-0.37109068284093677,6532.04,6587.47,0.038356164383561646,66.59412683985468,21.3805694414591,27.637333523261045,24.86955654987323,0.995682228362261,1.0-2.0%,0.98-1.00,2025-09-10→2025-09-11
2025-09-10,2025-09-11,C,6510.0,0.01643835616438356,48.831784590274744,0.5513464051662584,47.255418856662345,0.6087075827401098,6532.04,6587.47,0.038356164383561646,151.17754401543405,102.31910478375084,34.138868761634136,30.95933868871554,0.9964475490604641,1.0-2.0%,0.98-1.00,2025-09-10→2025-09-11
2025-09-10,2025-09-11,P,6510.0,0.01643835616438356,25.62703295518871,-0.4486535948336782,24.046514747072706,-0.3914713665788748,6532.04,6587.47,0.038356164383561646,67.66530382631343,22.098189002576873,28.71886876163091,25.549257849467143,0.9964475490604641,1.0-2.0%,0.98-1.00,2025-09-10→2025-09-11
2025-09-10,2025-09-11,C,6515.0,0.01643835616438356,45.692981599400014,0.5266409194140769,43.80522931597716,0.5874178596632288,6532.04,6587.47,0.0136986301369863,114.99021165797933,80.69452039794305,5.808293836877567,2.4394280388670566,0.9972128697586672,1.0-2.0%,0.98-1.00,2025-09-10→2025-09-11
2025-09-10,2025-09-11,P,6515.0,0.01643835616438356,27.487335377804378,-0.4733590805858968,25.596325206387064,-0.4127610896557562,6532.04,6587.47,0.0136986301369863,42.54039311698996,7.242182320920392,7.188293836876397,3.8293471996186845,0.9972128697586672,1.0-2.0%,0.98-1.00,2025-09-10→2025-09-11
2025-09-10,2025-09-11,C,6520.0,0.01643835616438356,42.625230293493864,0.5073230227093168,40.50503110639784,0.5651539214980298,6532.04,6587.47,0.0136986301369863,112.4160177731235,76.32914740550405,5.779084851222425,2.5735181313640503,0.9979781904568703,1.0-2.0%,0.98-1.00,2025-09-10→2025-09-11
2025-09-10,2025-09-11,P,6520.0,0.01643835616438356,29.418689485388516,-0.49267697729066173,27.246127797496683,-0.43493505745382044,6532.04,6587.47,0.0136986301369863,44.9662147205818,7.8455852224990394,7.159084851221525,3.9584502346653956,0.9979781904568703,1.0-2.0%,0.98-1.00,2025-09-10→2025-09-11
2025-09-10,2025-09-11,C,6525.0,0.01643835616438356,39.655262944460176,0.47831413802180966,37.304825790820814,0.5420937073424051,6532.04,6587.47,0.0136986301369863,108.62679662990307,72.01645256555366,6.087047329450961,2.551745802010334,0.9987435111550734,1.0-2.0%,0.98-1.00,2025-09-10→2025-09-11
2025-09-10,2025-09-11,P,6525.0,0.01643835616438356,31.4478275498455,-0.5216858619781357,29.09592168123163,-0.4580852419765799,6532.04,6587.47,0.0136986301369863,46.17700906579178,8.564114488528958,7.367047329448212,3.841664962761957,0.9987435111550734,1.0-2.0%,0.98-1.00,2025-09-10→2025-09-11
2025-09-10,2025-09-11,C,6530.0,0.01643835616438356,36.734215488938815,0.44863813838920397,34.1546143151395,0.5182783349317852,6532.04,6587.47,0.0136986301369863,108.06803253450232,67.72360660136474,6.481987989086296,2.6218318947309953,0.9995088318532765,1.0-2.0%,0.98-1.00,2025-09-10→2025-09-11
2025-09-10,2025-09-11,P,6530.0,0.01643835616438356,33.52588550781542,-0.5513618616107245,31.04570986454837,-0.4819410850491734,6532.04,6587.47,0.0136986301369863,50.61826045886774,9.338901981027902,7.76198798908262,3.913994344275821,0.9995088318532765,1.0-2.0%,0.98-1.00,2025-09-10→2025-09-11
2025-09-10,2025-09-11,C,6535.0,0.01643835616438356,33.88369453264572,0.4330225681155123,31.254394774270622,0.4936794073767259,6532.04,6587.47,0.0136986301369863,107.67908161806002,63.58796538014576,5.947559049357029,2.585350449107942,1.0002741525514796,1.0-2.0%,1.00-1.02,2025-09-10→2025-09-11
2025-09-10,2025-09-11,P,6535.0,0.01643835616438356,35.67446996501292,-0.5669774318844368,33.04549066468098,-0.5064995419422603,6532.04,6587.47,0.0136986301369863,55.229325030864906,10.135627303122419,7.3775590493545025,4.025269609859642,1.0002741525514796,1.0-2.0%,1.00-1.02,2025-09-10→2025-09-11
2025-09-10,2025-09-11,C,6540.0,0.01643835616438356,31.11049563956336,0.40307936799320815,28.454170497352152,0.46848546655769113,6532.04,6587.47,0.0136986301369863,104.29894958864911,59.513184894883125,6.207310632136355,2.581850588707045,1.0010394732496828,1.0-2.0%,1.00-1.02,2025-09-10→2025-09-11
2025-09-10,2025-09-11,P,6540.0,0.01643835616438356,37.90037648542223,-0.5969206320067649,35.24526638776342,-0.5316934827612948,6532.04,6587.47,0.0136986301369863,56.84920848992916,11.060846817859783,7.487310632135156,3.871769749458725,1.0010394732496828,1.0-2.0%,1.00-1.02,2025-09-10→2025-09-11
2025-09-10,2025-09-11,C,6545.0,0.01643835616438356,28.44416512840227,0.3735691828552124,25.75394166863134,0.44270973637065003,6532.04,6587.47,0.0136986301369863,100.40766750219703,55.499855560602555,6.443060194335466,2.6105993129747382,1.0018047939478858,1.0-2.0%,1.00-1.02,2025-09-10→2025-09-11
2025-09-10,2025-09-11,P,6545.0,0.01643835616438356,40.23315138775041,-0.6264308171447321,37.495036654773685,-0.5575690959826909,6532.04,6587.47,0.0136986301369863,57.95794189192732,12.00890484000206,7.7730601943326825,3.9560549903207196,1.0018047939478858,1.0-2.0%,1.00-1.02,2025-09-10→2025-09-11
2025-09-10,2025-09-11,C,6550.0,0.01643835616438356,25.830995957094753,0.3508896909128767,23.2037077156333,0.4165019730256063,6532.04,6587.47,0.0136986301369863,103.9901472009351,51.58861433396578,6.150184432699142,2.51329563519052,1.002570114646089,1.0-2.0%,1.00-1.02,2025-09-10→2025-09-11
2025-09-10,2025-09-11,P,6550.0,0.01643835616438356,42.61908762993371,-0.6491103090870436,40.04480488803938,-0.5835330079513497,6532.04,6587.47,0.0136986301369863,66.54043707913932,13.176803399468554,7.430184432695015,3.7952346307434865,1.002570114646089,1.0-2.0%,1.00-1.02,2025-09-10→2025-09-11
2025-09-10,2025-09-11,C,6555.0,0.01643835616438356,23.302256245611535,0.3268925686982592,20.803471794308734,0.39000021053439743,6532.04,6587.47,0.0136986301369863,101.37374476188302,47.78517743109296,5.980344917055394,2.4822883300782337,1.003335435344292,1.0-2.0%,1.00-1.02,2025-09-10→2025-09-11
2025-09-10,2025-09-11,P,6555.0,0.01643835616438356,45.089453331941925,-0.6731074313016646,42.694571073907355,-0.6097980349815499,6532.04,6587.47,0.0136986301369863,68.92405012852824,14.418044201297107,7.110344917051464,3.6011050790274908,1.003335435344292,1.0-2.0%,1.00-1.02,2025-09-10→2025-09-11
2025-09-10,2025-09-11,C,6560.0,0.01643835616438356,20.89147985644817,0.2977019663200391,18.603236658205788,0.36358884530816776,6532.04,6587.47,0.0136986301369863,97.72342107300472,44.140541510748335,5.948380006880143,2.29627030456815,1.0041007560424953,1.0-2.0%,1.00-1.02,2025-09-10→2025-09-11
2025-09-10,2025-09-11,P,6560.0,0.01643835616438356,47.67778235626921,-0.7022980336798851,45.444334675820755,-0.6363511944376932,6532.04,6587.47,0.0136986301369863,70.27374192809056,15.733066808074454,7.07838000687623,3.4229467076815183,1.0041007560424953,1.0-2.0%,1.00-1.02,2025-09-10→2025-09-11
2025-09-10,2025-09-11,C,6565.0,0.01643835616438356,18.57260344067376,0.26805063191593154,16.60300503965027,0.33757170992778973,6532.04,6587.47,0.0136986301369863,100.65565257702166,40.66874705605642,5.8919534728998375,2.0384001187025156,1.0048660767406983,1.0-2.0%,1.00-1.02,2025-09-10→2025-09-11
2025-09-10,2025-09-11,P,6565.0,0.01643835616438356,50.35801135398532,-0.7319493680840277,48.39410093006154,-0.6626072393911928,6532.04,6587.47,0.0136986301369863,78.20598892058275,17.21640897903262,7.121953472897864,3.27831927945401,1.0048660767406983,1.0-2.0%,1.00-1.02,2025-09-10→2025-09-11
2025-09-10,2025-09-11,C,6570.0,0.01643835616438356,16.353006690763085,0.25099320174552836,14.652770091414823,0.3112499496289707,6532.04,6587.47,0.0136986301369863,99.77026919037252,37.235724804434085,5.237446827245288,1.8974152920660643,1.0056313974389015,1.0-2.0%,1.00-1.02,2025-09-10→2025-09-11
2025-09-10,2025-09-11,P,6570.0,0.01643835616438356,53.137520017567255,-0.7490067982544482,51.29385815038677,-0.689961003431287,6532.04,6587.47,0.0136986301369863,82.32062102238068,18.6333071923018,6.6174468272442795,3.344538420196436,1.0056313974389015,1.0-2.0%,1.00-1.02,2025-09-10→2025-09-11
2025-09-10,2025-09-11,C,6575.0,0.01643835616438356,14.2343928819454,0.222698648612578,12.952546528475295,0.2860666494485859,6532.04,6587.47,0.0136986301369863,96.4950843656357,34.04506855870204,5.1058139074047375,1.5933256210647997,1.0063967181371047,1.0-2.0%,1.00-1.02,2025-09-10→2025-09-11
2025-09-10,2025-09-11,P,6575.0,0.01643835616438356,56.018011622238994,-0.7773013513873755,54.493624667949916,-0.7161060888159155,6532.04,6587.47,0.0136986301369863,84.04545168610974,20.32798119281506,6.5858139074024535,3.1937605030664074,1.0063967181371047,1.0-2.0%,1.00-1.02,2025-09-10→2025-09-11
2025-09-10,2025-09-11,C,6580.0,0.01643835616438356,12.28245144127434,0.19480737942015333,11.302321160360862,0.26073962150804186,6532.04,6587.47,0.0136986301369863,95.0057810524313,30.900553002704328,5.0518269587408415,1.3972027798091613,1.0071620388353077,1.0-2.0%,1.00-1.02,2025-09-10→2025-09-11
2025-09-10,2025-09-11,P,6580.0,0.01643835616438356,59.06517559505773,-0.805192620579755,57.89340085733602,-0.74126474193525,6532.04,6587.47,0.0136986301369863,87.55616386136286,22.223643723350506,6.531826958736062,2.988304645471132,1.0071620388353077,1.0-2.0%,1.00-1.02,2025-09-10→2025-09-11
2025-09-10,2025-09-11,C,6585.0,0.01643835616438356,10.440967176761783,0.1748536839607094,9.852106737978374,0.23666527683121502,6532.04,6587.47,0.0136986301369863,99.23862072617506,27.97189067751424,4.607860298057826,1.1816437052456816,1.007927359533511,1.0-2.0%,1.00-1.02,2025-09-10→2025-09-11
2025-09-10,2025-09-11,P,6585.0,0.01643835616438356,62.22279674403644,-0.8251463160392318,61.44318428885799,-0.7655728788445296,6532.04,6587.47,0.0136986301369863,96.78901902356569,24.281237747441082,5.987860298054862,2.6857046743525004,1.007927359533511,1.0-2.0%,1.00-1.02,2025-09-10→2025-09-11
2025-09-10,2025-09-11,C,6590.0,0.01643835616438356,8.7194435522251,0.1515746589791725,8.551902092297723,0.21367614536704524,6532.04,6587.47,0.0136986301369863,96.66114227911477,25.218825328902312,4.348216652784425,0.9059312623046196,1.008692680231714,1.0-2.0%,1.00-1.02,2025-09-10→2025-09-11
2025-09-10,2025-09-11,P,6590.0,0.01643835616438356,65.50037853299152,-0.8484253410208002,65.0429671476104,-0.7899663499759718,6532.04,6587.47,0.0136986301369863,99.21155606495971,26.386243343904425,5.878216652783209,2.637834779168351,1.008692680231714,1.0-2.0%,1.00-1.02,2025-09-10→2025-09-11
2025-09-10,2025-09-11,C,6595.0,0.01643835616438356,7.160376864671071,0.12696004885886178,7.351703894382126,0.19139098006395674,6532.04,6587.47,0.0136986301369863,93.11635396371892,22.588899235693134,4.212604491753257,0.6411979750548245,1.0094580009299172,1.0-2.0%,1.00-1.02,2025-09-10→2025-09-11
2025-09-10,2025-09-11,P,6595.0,0.01643835616438356,68.94041725892697,-0.8730399511411142,68.84276509116444,-0.8126350607586097,6532.04,6587.47,0.0136986301369863,100.66678323801963,28.73168457065003,5.792604491752222,2.4443614178499757,1.0094580009299172,1.0-2.0%,1.00-1.02,2025-09-10→2025-09-11
2025-09-10,2025-09-11,C,6600.0,0.01643835616438356,5.763347034972844,0.10424422926411062,6.301518861699833,0.1705875102523595,6532.04,6587.47,0.0136986301369863,98.56475983326357,20.15759865236305,4.121742371890317,0.44433430671166185,1.0102233216281202,1.0-2.0%,1.00-1.02,2025-09-10→2025-09-11
2025-09-10,2025-09-11,P,6600.0,0.01643835616438356,72.54249284271916,-0.8957557707357623,71.04232624545784,-0.8619383822095062,6532.04,6587.47,0.0136986301369863,111.1152045960157,28.594750675109026,7.351742371883553,5.477244525873168,1.0102233216281202,1.0-2.0%,1.00-1.02,2025-09-10→2025-09-11
2025-09-10,2025-09-11,C,6605.0,0.01643835616438356,4.51321885551518,0.08860181231185628,5.401349242924653,0.15155841368565165,6532.04,6587.47,0.0136986301369863,97.40713174300689,17.943704512968907,3.6388015435537797,0.14911712940428323,1.0109886423263235,1.0-2.0%,1.00-1.02,2025-09-10→2025-09-11
2025-09-10,2025-09-11,P,6605.0,0.01643835616438356,76.2914700767504,-0.911398187688038,76.89240394439275,-0.8532329809884694,6532.04,6587.47,0.0136986301369863,114.95759199424572,34.032645644657805,5.168801543548206,1.944704136191099,1.0109886423263235,1.0-2.0%,1.00-1.02,2025-09-10→2025-09-11
2025-09-10,2025-09-11,C,6500.0,0.019178082191780823,62.20417236565311,0.5688440568230047,62.496819698566924,0.6252296432174035,6532.04,6587.47,0.038356164383561646,158.46683563782264,117.73028112563588,25.618973930300694,22.49352087645915,0.9948200619400158,1.0-2.0%,0.98-1.00,2025-09-10→2025-09-11
2025-09-10,2025-09-11,P,6500.0,0.019178082191780823,28.368609760313337,-0.4311559431769181,28.60190705895684,-0.37490829689627364,6532.04,6587.47,0.038356164383561646,64.96387692364141,26.556650483515114,21.248973930296692,18.131166896960554,0.9948200619400158,1.0-2.0%,0.98-1.00,2025-09-10→2025-09-11
2025-09-10,2025-09-11,C,6505.0,0.019178082191780823,58.97488320103996,0.5467652408178574,58.99690349304592,0.6087425510279548,6532.04,6587.47,0.038356164383561646,155.10172629150745,113.60162994134771,26.292802701466,22.857400396520283,0.9955853081415081,1.0-2.0%,0.98-1.00,2025-09-10→2025-09-11
2025-09-10,2025-09-11,P,6505.0,0.019178082191780823,30.137939393696733,-0.45323475918209366,30.051990333802678,-0.3912935422566572,6532.04,6587.47,0.038356164383561646,66.59412683985468,27.36499774575691,21.972802701463582,18.53940104728662,0.9955853081415081,1.0-2.0%,0.98-1.00,2025-09-10→2025-09-11
2025-09-10,2025-09-11,C,6510.0,0.019178082191780823,55.82913118967956,0.5228539818295885,55.59699037270093,0.5916617468376406,6532.04,6587.47,0.038356164383561646,151.17754401543405,109.53716410683955,27.368203787185756,23.55418937278941,0.9963505543430005,1.0-2.0%,0.98-1.00,2025-09-10→2025-09-11
2025-09-10,2025-09-11,P,6510.0,0.019178082191780823,31.990806180332694,-0.47714601817034996,31.652077410394213,-0.4084130964028494,6532.04,6587.47,0.038356164383561646,67.66530382631343,28.3000083459126,22.69820378718264,18.88833793361006,0.9963505543430005,1.0-2.0%,0.98-1.00,2025-09-10→2025-09-11
2025-09-10,2025-09-11,C,6515.0,0.019178082191780823,52.69837283556693,0.5012751571568766,52.297080077726605,0.5740261864523892,6532.04,6587.47,0.01643835616438356,123.45149249471554,86.87355432050026,5.7143180387941825,1.6817284849438963,0.9971158005444928,1.0-2.0%,0.98-1.00,2025-09-10→2025-09-11
2025-09-10,2025-09-11,P,6515.0,0.019178082191780823,33.85866662421505,-0.4987248428430961,33.35216732171057,-0.4260892139768086,6532.04,6587.47,0.01643835616438356,50.24741294826393,12.772273525825085,6.89431803879296,2.868125130734626,0.9971158005444928,1.0-2.0%,0.98-1.00,2025-09-10→2025-09-11
2025-09-10,2025-09-11,C,6520.0,0.019178082191780823,49.63296554499968,0.48390359372093683,48.99717144071337,0.5559939614083382,6532.04,6587.47,0.01643835616438356,121.02750430841445,82.68104076801683,5.777223800048326,1.7812547191356458,0.9978810467459851,1.0-2.0%,0.98-1.00,2025-09-10→2025-09-11
2025-09-10,2025-09-11,P,6520.0,0.019178082191780823,35.791878131643585,-0.5160964062790335,35.1522595033357,-0.4442823553223281,6532.04,6587.47,0.01643835616438356,52.82286138547609,13.650875980706587,6.857223800046977,2.876570955516776,0.9978810467459851,1.0-2.0%,0.98-1.00,2025-09-10→2025-09-11
2025-09-10,2025-09-11,C,6525.0,0.019178082191780823,46.64794531027917,0.4591411253665828,45.8972667648145,0.5373236268456828,6532.04,6587.47,0.01643835616438356,117.35326758021071,78.62761356939609,6.149807420930177,1.8161513639436393,0.9986462929474774,1.0-2.0%,0.98-1.00,2025-09-10→2025-09-11
2025-09-10,2025-09-11,P,6525.0,0.019178082191780823,37.80547669491985,-0.540858874633338,36.95235444599348,-0.4628777448476394,6532.04,6587.47,0.01643835616438356,54.148061280797606,14.522679656662604,7.329807420926084,3.0073133969047845,0.9986462929474774,1.0-2.0%,0.98-1.00,2025-09-10→2025-09-11
2025-09-10,2025-09-11,C,6530.0,0.019178082191780823,43.6736767695069,0.43400449633237487,42.897363102831605,0.5182160620660894,6532.04,6587.47,0.01643835616438356,116.9202589432255,74.64412156258368,6.443130768296335,1.775283679676516,0.9994115391489697,1.0-2.0%,0.98-1.00,2025-09-10→2025-09-11
2025-09-10,2025-09-11,P,6530.0,0.019178082191780823,39.82982695214256,-0.5659955036675645,39.002451085699704,-0.48204581085781223,6532.04,6587.47,0.01643835616438356,58.714489267336845,15.575547739176955,7.573130768293261,2.919799295848673,0.9994115391489697,1.0-2.0%,0.98-1.00,2025-09-10→2025-09-11
2025-09-10,2025-09-11,C,6535.0,0.019178082191780823,40.75215167422378,0.4194813728425107,39.89746327106923,0.49869239239352386,6532.04,6587.47,0.01643835616438356,116.65909865728689,70.65360337800576,6.24814750333951,1.8574806896268257,1.0001767853504622,1.0-2.0%,1.00-1.02,2025-09-10→2025-09-11
2025-09-10,2025-09-11,P,6535.0,0.019178082191780823,41.90692065485612,-0.5805186271574335,41.05255133369201,-0.5015839243371418,6532.04,6587.47,0.01643835616438356,63.45276560492201,16.623438590696423,7.328147503336712,2.9527969260079203,1.0001767853504622,1.0-2.0%,1.00-1.02,2025-09-10→2025-09-11
2025-09-10,2025-09-11,C,6540.0,0.019178082191780823,37.891494450625494,0.3940969668936863,37.14756438128916,0.47881491919502384,6532.04,6587.47,0.01643835616438356,113.401001679353,66.85425683665198,6.505205125082856,1.8092890290196912,1.0009420315519544,1.0-2.0%,1.00-1.02,2025-09-10→2025-09-11
2025-09-10,2025-09-11,P,6540.0,0.019178082191780823,44.04488222925349,-0.6059030331062525,43.202652792824665,-0.521530017258952,6532.04,6587.47,0.01643835616438356,65.19410525050654,17.74292205687243,7.685205125079751,3.008408856663859,1.0009420315519544,1.0-2.0%,1.00-1.02,2025-09-10→2025-09-11
2025-09-10,2025-09-11,C,6545.0,0.019178082191780823,35.104873108322494,0.3690464180514245,34.347667704302694,0.458489331984103,6532.04,6587.47,0.01643835616438356,109.62293619648923,63.00770945077511,9.993757047409442,5.035936328121046,1.0017072777534468,1.0-2.0%,1.00-1.02,2025-09-10→2025-09-11
2025-09-10,2025-09-11,P,6545.0,0.019178082191780823,46.256879684946064,-0.6309535819485219,45.45275607309213,-0.5418473369698458,6532.04,6587.47,0.01643835616438356,66.41547639118703,18.935785069433678,7.973757047406753,3.0345978882387037,1.0017072777534468,1.0-2.0%,1.00-1.02,2025-09-10→2025-09-11
2025-09-10,2025-09-11,C,6550.0,0.019178082191780823,32.338759393609905,0.3492641739359316,31.74777223815454,0.4379516753197864,6532.04,6587.47,0.01643835616438356,113.10481116520627,59.31998581638982,6.890286838731207,1.9743386370241112,1.002472523954939,1.0-2.0%,1.00-1.02,2025-09-10→2025-09-11
2025-09-10,2025-09-11,P,6550.0,0.019178082191780823,48.489384768229385,-0.6507358260640181,47.852860744796544,-0.5624119449542043,6532.04,6587.47,0.01643835616438356,74.89678798341436,20.246800127992174,7.970286838728711,3.0744941088117095,1.002472523954939,1.0-2.0%,1.00-1.02,2025-09-10→2025-09-11
2025-09-10,2025-09-11,C,6555.0,0.019178082191780823,29.64157635440341,0.32829555151194184,29.29787734751926,0.41728795179911193,6532.04,6587.47,0.01643835616438356,110.6050558763999,55.75622267552808,5.302577579692965,0.36972883177509885,1.0032377701564315,1.0-2.0%,1.00-1.02,2025-09-10→2025-09-11
2025-09-10,2025-09-11,P,6555.0,0.019178082191780823,50.790820527019406,-0.6717044484879673,50.352966582054705,-0.5832187796231149,6532.04,6587.47,0.01643835616438356,77.39646931812801,21.63734486885096,7.882577579688224,2.9778169545094215,1.0032377701564315,1.0-2.0%,1.00-1.02,2025-09-10→2025-09-11
2025-09-10,2025-09-11,C,6560.0,0.019178082191780823,27.037072687570927,0.3032096995341274,26.947983191627827,0.39648059227487603,6532.04,6587.47,0.01643835616438356,107.08487189605826,52.27680870497443,7.043086354823227,1.8730807702035044,1.0040030163579237,1.0-2.0%,1.00-1.02,2025-09-10→2025-09-11
2025-09-10,2025-09-11,P,6560.0,0.019178082191780823,53.1849356581832,-0.6967903004657888,53.00307271960719,-0.6040837861028173,6532.04,6587.47,0.01643835616438356,78.87572196131667,23.155107970505014,8.07308635481888,2.9343642636793383,1.0040030163579237,1.0-2.0%,1.00-1.02,2025-09-10→2025-09-11
2025-09-10,2025-09-11,C,6565.0,0.019178082191780823,24.470405347596245,0.2778651345342172,24.64809058538367,0.375399106368746,6532.04,6587.47,0.01643835616438356,109.651270634364,48.836643792649284,7.247935592768259,1.8416275339802972,1.004768262559416,1.0-2.0%,1.00-1.02,2025-09-10→2025-09-11
2025-09-10,2025-09-11,P,6565.0,0.019178082191780823,55.6168871162035,-0.722134865465729,55.703180431394685,-0.625226097153519,6532.04,6587.47,0.01643835616438356,86.44155732315437,24.711958820014388,8.37793559276557,3.0062825652197382,1.004768262559416,1.0-2.0%,1.00-1.02,2025-09-10→2025-09-11
2025-09-10,2025-09-11,C,6570.0,0.019178082191780823,21.996234693429443,0.2621708294794437,22.54819617656767,0.3546086270615824,6532.04,6587.47,0.01643835616438356,108.7753683509704,45.57966778478658,6.8178709219543645,1.6940438019763882,1.0055335087609083,1.0-2.0%,1.00-1.02,2025-09-10→2025-09-11
2025-09-10,2025-09-11,P,6570.0,0.019178082191780823,58.14133526003286,-0.7378291705205188,58.50328842457657,-0.6464905600095945,6532.04,6587.47,0.01643835616438356,90.56509166329555,26.354136109556748,8.047870921952565,2.9849717413320107,1.0055335087609083,1.0-2.0%,1.00-1.02,2025-09-10→2025-09-11
2025-09-10,2025-09-11,C,6575.0,0.019178082191780823,19.591463055914012,0.2372118469553384,20.498302862910805,0.33363277664240404,6532.04,6587.47,0.01643835616438356,105.64648904459902,42.366299698898274,7.001347323265522,1.6567351907114443,1.0062987549624007,1.0-2.0%,1.00-1.02,2025-09-10→2025-09-11
2025-09-10,2025-09-11,P,6575.0,0.019178082191780823,60.73518242051376,-0.7627881530446265,61.50339455576341,-0.667357585728669,6532.04,6587.47,0.01643835616438356,92.43564898044485,28.18458974432224,8.231347323263876,2.941630976940317,1.0062987549624007,1.0-2.0%,1.00-1.02,2025-09-10→2025-09-11
2025-09-10,2025-09-11,C,6580.0,0.019178082191780823,17.305254958017,0.21249873146911147,18.59840743457653,0.31296181822018343,6532.04,6587.47,0.01643835616438356,104.01034092907767,39.298277242312,7.32119531466709,1.7525264160551437,1.007064001163893,1.0-2.0%,1.00-1.02,2025-09-10→2025-09-11
2025-09-10,2025-09-11,P,6580.0,0.019178082191780823,63.44759312061217,-0.7875012685308248,64.25351068778764,-0.6900564279483231,6532.04,6587.47,0.01643835616438356,95.79893748843854,29.74461887829011,8.701195314663842,3.299827801175745,1.007064001163893,1.0-2.0%,1.00-1.02,2025-09-10→2025-09-11
2025-09-10,2025-09-11,C,6585.0,0.019178082191780823,15.115897211346265,0.19430272964410972,16.84851084814204,0.29274700043210683,6532.04,6587.47,0.01643835616438356,107.52952622503253,36.38346929847194,6.929799695826938,1.4730337660482284,1.0078292473653854,1.0-2.0%,1.00-1.02,2025-09-10→2025-09-11
2025-09-10,2025-09-11,P,6585.0,0.019178082191780823,66.25685417193765,-0.8056972703558444,67.45361619507003,-0.7109273965196098,6532.04,6587.47,0.01643835616438356,104.31755940791584,31.756655926984877,8.559799695824687,3.3067055890821777,1.0078292473653854,1.0-2.0%,1.00-1.02,2025-09-10→2025-09-11
2025-09-10,2025-09-11,C,6590.0,0.019178082191780823,13.01346712002997,0.17251802179265965,15.148613993320623,0.27247069149797615,6532.04,6587.47,0.01643835616438356,105.07012839376664,33.5183438481281,6.987326052032822,1.4469495702670994,1.0085944935668776,1.0-2.0%,1.00-1.02,2025-09-10→2025-09-11
2025-09-10,2025-09-11,P,6590.0,0.019178082191780823,69.1530428786174,-0.827481978207324,70.75372140647778,-0.7316079909978975,6532.04,6587.47,0.01643835616438356,106.85759820019226,33.86921436925104,8.617326052032212,3.303030941013674,1.0085944935668776,1.0-2.0%,1.00-1.02,2025-09-10→2025-09-11
2025-09-10,2025-09-11,C,6595.0,0.019178082191780823,11.040648324558058,0.1491643338376844,13.598713329097336,0.25283688798634063,6532.04,6587.47,0.01643835616438356,101.70165516964225,30.81617772344498,7.13182097537711,1.3852512989170656,1.00935973976837,1.0-2.0%,1.00-1.02,2025-09-10→2025-09-11
2025-09-10,2025-09-11,P,6595.0,0.019178082191780823,72.17884288114075,-0.8508356661622714,74.2038233456642,-0.7516512212880437,6532.04,6587.47,0.01643835616438356,108.4885615996026,36.143648734810085,8.711820975374948,3.2140271959964792,1.00935973976837,1.0-2.0%,1.00-1.02,2025-09-10→2025-09-11
2025-09-10,2025-09-11,C,6600.0,0.019178082191780823,9.20470394587704,0.12736477140273017,12.19880954104724,0.23402073243514523,6532.04,6587.47,0.01643835616438356,106.14693592809174,28.286638514675815,7.140170721146629,1.22823080111983,1.0101249859698622,1.0-2.0%,1.00-1.02,2025-09-10→2025-09-11
2025-09-10,2025-09-11,P,6600.0,0.019178082191780823,75.3415173004559,-0.872635228597162,77.85391884990895,-0.7704491245360912,6532.04,6587.47,0.01643835616438356,117.93327898156721,38.65073406037436,8.720170721140953,3.055994973035766,1.0101249859698622,1.0-2.0%,1.00-1.02,2025-09-10→2025-09-11
2025-09-10,2025-09-11,C,6605.0,0.019178082191780823,7.521888518245449,0.11154184530436538,10.898902470849862,0.21575794046516894,6532.04,6587.47,0.01643835616438356,104.99308060819462,25.877773960660306,6.917235514778994,1.1405373600156228,1.0108902321713547,1.0-2.0%,1.00-1.02,2025-09-10→2025-09-11
2025-09-10,2025-09-11,P,6605.0,0.019178082191780823,78.65732067082057,-0.8884581546955872,81.40402097442984,-0.7905029155037454,6532.04,6587.47,0.01643835616438356,121.77886028517543,41.02847026639347,8.59723551477665,3.1675766063728332,1.0108902321713547,1.0-2.0%,1.00-1.02,2025-09-10→2025-09-11
2025-09-10,2025-09-11,C,6500.0,0.021917808219178082,67.0732658604301,0.5514877041448404,66.85275098895181,0.618164329421594,6532.04,6587.47,0.038356164383561646,158.46683563782264,119.58662230604932,22.231036559251347,18.53515122016087,0.9946968195014662,2.0-3.0%,0.98-1.00,2025-09-10→2025-09-11
2025-09-10,2025-09-11,P,6500.0,0.021917808219178082,32.43267871678684,-0.44851229585507946,32.34829736335496,-0.3825886319119396,6532.04,6587.47,0.038356164383561646,64.96387692364141,27.6774292376183,18.461036559247184,14.80688786687892,0.9946968195014662,2.0-3.0%,0.98-1.00,2025-09-10→2025-09-11
2025-09-10,2025-09-11,C,6505.0,0.021917808219178082,63.90405433557901,0.5311390936418329,63.35268350453407,0.6030046774048472,6532.04,6587.47,0.038356164383561646,155.10172629150745,115.4643575752325,22.808960039433043,18.825450731449138,0.9954619709010827,2.0-3.0%,0.98-1.00,2025-09-10→2025-09-11
2025-09-10,2025-09-11,P,6505.0,0.021917808219178082,34.26146674028618,-0.4688609063581484,33.64823190679999,-0.3972928668150177,6532.04,6587.47,0.038356164383561646,66.59412683985468,28.320803918635875,19.238960039432296,15.27194360755654,0.9954619709010827,2.0-3.0%,0.98-1.00,2025-09-10→2025-09-11
2025-09-10,2025-09-11,C,6510.0,0.021917808219178082,60.80627898666582,0.5090678630931808,59.952613709449,0.5873217354674588,6532.04,6587.47,0.038356164383561646,151.17754401543405,111.41162746581995,23.782368348744843,19.444756203038587,0.9962271223006992,2.0-3.0%,0.98-1.00,2025-09-10→2025-09-11
2025-09-10,2025-09-11,P,6510.0,0.021917808219178082,36.16169093972379,-0.4909321369067858,35.24816203963974,-0.41299199895539573,6532.04,6587.47,0.038356164383561646,67.66530382631343,29.267767089151903,19.862368348743278,15.542146502097705,0.9962271223006992,2.0-3.0%,0.98-1.00,2025-09-10→2025-09-11
2025-09-10,2025-09-11,C,6515.0,0.021917808219178082,57.71618493623071,0.4890785203846607,56.652541750536784,0.5711523287802082,6532.04,6587.47,0.019178082191780823,130.282553986551,90.62551304637782,5.99037761507811,1.4410264157128907,0.9969922737003157,2.0-3.0%,0.98-1.00,2025-09-10→2025-09-11
2025-09-10,2025-09-11,P,6515.0,0.021917808219178082,38.06959643763921,-0.5109214796153423,36.94809000531586,-0.42917835089650946,6532.04,6587.47,0.019178082191780823,56.20784878137179,15.810913125875686,7.170377615078571,2.6393559901936428,0.9969922737003157,2.0-3.0%,0.98-1.00,2025-09-10→2025-09-11
2025-09-10,2025-09-11,C,6520.0,0.021917808219178082,54.70808969244303,0.4730218087019487,53.40246776672757,0.5545863289309074,6532.04,6587.47,0.019178082191780823,127.87390618956644,86.54049031903651,6.0304011436508524,1.5092797873596489,0.9977574250999323,2.0-3.0%,0.98-1.00,2025-09-10→2025-09-11
2025-09-10,2025-09-11,P,6520.0,0.021917808219178082,40.05950074220338,-0.5269781912980364,38.74801571193302,-0.44581392153522503,6532.04,6587.47,0.019178082191780823,58.79796943778877,16.763489827079184,7.06040114365031,2.561465670697654,0.9977574250999323,2.0-3.0%,0.98-1.00,2025-09-10→2025-09-11
2025-09-10,2025-09-11,C,6525.0,0.021917808219178082,51.756468905723,0.450354225248954,50.252392312920165,0.5375741113149359,6532.04,6587.47,0.019178082191780823,124.24051383932463,82.52562448086883,6.386865294450342,1.5522670098129403,0.9985225764995488,2.0-3.0%,0.98-1.00,2025-09-10→2025-09-11
2025-09-10,2025-09-11,P,6525.0,0.021917808219178082,42.1058795038343,-0.5496457747509793,40.64794010859032,-0.4628597592451152,6532.04,6587.47,0.019178082191780823,60.16334554097238,17.787819560814796,7.366865294446935,2.5563164549568604,0.9985225764995488,2.0-3.0%,0.98-1.00,2025-09-10→2025-09-11
2025-09-10,2025-09-11,C,6530.0,0.021917808219178082,48.82329682689579,0.4274890145790025,47.252315184302006,0.520138690839673,6532.04,6587.47,0.019178082191780823,123.68010806728785,78.62279178182052,6.65428392188576,1.5187123667567661,0.9992877278991653,2.0-3.0%,0.98-1.00,2025-09-10→2025-09-11
2025-09-10,2025-09-11,P,6530.0,0.021917808219178082,44.17070697335858,-0.5725109854209325,42.547863184473044,-0.48024698275449773,6532.04,6587.47,0.019178082191780823,64.60170822234811,18.8057384214776,7.734283921882458,2.6200902540819513,0.9992877278991653,2.0-3.0%,0.98-1.00,2025-09-10→2025-09-11
2025-09-10,2025-09-11,C,6535.0,0.021917808219178082,45.96780641247345,0.4139914415116995,44.25223561521125,0.5023621656465412,6532.04,6587.47,0.019178082191780823,123.29026121259142,74.71370312965064,6.5024543970063675,1.6040651582120624,1.0000528792987817,2.0-3.0%,1.00-1.02,2025-09-10→2025-09-11
2025-09-10,2025-09-11,P,6535.0,0.021917808219178082,46.31321610728677,-0.586008558488253,44.5977835604167,-0.498038084819591,6532.04,6587.47,0.019178082191780823,69.21062982103038,19.93670263769377,7.632454397004032,2.7562510415500725,1.0000528792987817,2.0-3.0%,1.00-1.02,2025-09-10→2025-09-11
2025-09-10,2025-09-11,C,6540.0,0.021917808219178082,43.15538516684646,0.39114031670336885,41.452155078799024,0.48426564084227575,6532.04,6587.47,0.019178082191780823,120.04267790300712,70.96233854361526,6.719092245132142,1.5571555281125065,1.0008180306983983,2.0-3.0%,1.00-1.02,2025-09-10→2025-09-11
2025-09-10,2025-09-11,P,6540.0,0.021917808219178082,48.49879441001139,-0.6088596832965879,46.747702909284726,-0.5161603784012982,6532.04,6587.47,0.019178082191780823,70.96181496488896,21.143430291934692,7.899092245130042,2.7607697747841122,1.0008180306983983,2.0-3.0%,1.00-1.02,2025-09-10→2025-09-11
2025-09-10,2025-09-11,C,6545.0,0.021917808219178082,40.40152219714582,0.3683562304305352,38.65207300541033,0.46582612019964004,6532.04,6587.47,0.019178082191780823,116.29592405585933,67.2048733001402,7.032014147235312,1.6292581573338047,1.0015831820980148,2.0-3.0%,1.00-1.02,2025-09-10→2025-09-11
2025-09-10,2025-09-11,P,6545.0,0.021917808219178082,50.742930988660945,-0.6316437695694025,48.99762095061624,-0.5345741302664924,6532.04,6587.47,0.019178082191780823,72.21382957116757,22.42787280818311,8.162014147232163,2.7814440406718255,1.0015831820980148,2.0-3.0%,1.00-1.02,2025-09-10→2025-09-11
2025-09-10,2025-09-11,C,6550.0,0.021917808219178082,37.68827476440221,0.35046319092188916,36.05198958646906,0.4472304736342678,6532.04,6587.47,0.019178082191780823,119.30195775905877,63.61297889143134,6.973825327199588,1.6100148464524118,1.0023483334976313,2.0-3.0%,1.00-1.02,2025-09-10→2025-09-11
2025-09-10,2025-09-11,P,6550.0,0.021917808219178082,53.02768310426864,-0.6495368090780529,51.29753690095322,-0.5533082487243488,6532.04,6587.47,0.019178082191780823,80.2186317277728,23.74806713223552,8.003825327196662,2.6698762267908194,1.0023483334976313,2.0-3.0%,1.00-1.02,2025-09-10→2025-09-11
2025-09-10,2025-09-11,C,6555.0,0.021917808219178082,35.090551935728136,0.33232087707798713,33.45190595618351,0.42828657816801263,6532.04,6587.47,0.019178082191780823,116.73555060724395,60.01490039717919,6.979453783567074,1.6600749721469334,1.0031134848972478,2.0-3.0%,1.00-1.02,2025-09-10→2025-09-11
2025-09-10,2025-09-11,P,6555.0,0.021917808219178082,55.427959823945805,-0.6676791229219294,53.79745390138896,-0.5721136722981206,6532.04,6587.47,0.019178082191780823,82.65099302935049,25.237899905222093,7.909453783562743,2.612260855484994,1.0031134848972478,2.0-3.0%,1.00-1.02,2025-09-10→2025-09-11
2025-09-10,2025-09-11,C,6560.0,0.021917808219178082,32.50976325807127,0.3095322247534057,31.051821726210164,0.40935956937529444,6532.04,6587.47,0.019178082191780823,113.21649019162506,56.590806331595104,7.142628781918631,1.6091990695273104,1.0038786362968644,2.0-3.0%,1.00-1.02,2025-09-10→2025-09-11
2025-09-10,2025-09-11,P,6560.0,0.021917808219178082,57.845170694640615,-0.6904677752465245,56.34736915631447,-0.591156419500266,6532.04,6587.47,0.019178082191780823,84.1307010671504,26.76758156748565,8.12262878191505,2.6178003328999147,1.0038786362968644,2.0-3.0%,1.00-1.02,2025-09-10→2025-09-11
2025-09-10,2025-09-11,C,6565.0,0.021917808219178082,29.961830656854502,0.2869347657349456,28.701736547191103,0.39021621707107185,6532.04,6587.47,0.019178082191780823,115.26846990166408,53.20762437063968,7.345205935311883,1.6203150877503738,1.0046437876964809,2.0-3.0%,1.00-1.02,2025-09-10→2025-09-11
2025-09-10,2025-09-11,P,6565.0,0.021917808219178082,60.295237641774754,-0.7130652342650199,58.997283868320665,-0.6103243347603442,6532.04,6587.47,0.019178082191780823,91.18144923058681,28.383178899568065,8.325205935310262,2.6302778757660583,1.0046437876964809,2.0-3.0%,1.00-1.02,2025-09-10→2025-09-11
2025-09-10,2025-09-11,C,6570.0,0.021917808219178082,27.642184942695458,0.2746868796482992,26.451651343090816,0.3709925278703876,6532.04,6587.47,0.019178082191780823,114.14727312368223,49.91258795554495,6.874106261094694,1.5358841801443042,1.0054089390960974,2.0-3.0%,1.00-1.02,2025-09-10→2025-09-11
2025-09-10,2025-09-11,P,6570.0,0.021917808219178082,62.97359147596707,-0.7253131203516832,61.74719855939384,-0.6295734931309626,6532.04,6587.47,0.019178082191780823,95.0590209060231,30.086857623220567,7.954106261094012,2.64725872424944,1.0054089390960974,2.0-3.0%,1.00-1.02,2025-09-10→2025-09-11
2025-09-10,2025-09-11,C,6575.0,0.021917808219178082,25.261813116152304,0.2525068205509909,24.351566128843842,0.3519254677875083,6532.04,6587.47,0.019178082191780823,110.95762848226641,46.75800232793381,8.753546936858502,3.2427713205383135,1.006174090495714,2.0-3.0%,1.00-1.02,2025-09-10→2025-09-11
2025-09-10,2025-09-11,P,6575.0,0.021917808219178082,65.59121919777446,-0.7474931794489653,64.6471132208444,-0.6486664912442933,6532.04,6587.47,0.019178082191780823,96.8681447180273,31.93092634856248,8.233546936856364,2.755583609671362,1.006174090495714,2.0-3.0%,1.00-1.02,2025-09-10→2025-09-11
2025-09-10,2025-09-11,C,6580.0,0.021917808219178082,22.944886569186664,0.23024733969827524,22.351481554635484,0.33292427459845997,6532.04,6587.47,0.019178082191780823,109.12768986865188,43.69893317182823,7.237389960524537,1.5460074590072672,1.0069392418953305,2.0-3.0%,1.00-1.02,2025-09-10→2025-09-11
2025-09-10,2025-09-11,P,6580.0,0.021917808219178082,68.27229219915998,-0.769752660301681,67.69702949984003,-0.6674759758676748,6532.04,6587.47,0.019178082191780823,100.03697455784044,33.92193267987068,8.117389960522395,2.448193342345405,1.0069392418953305,2.0-3.0%,1.00-1.02,2025-09-10→2025-09-11
2025-09-10,2025-09-11,C,6585.0,0.021917808219178082,20.863917970340765,0.21634064831093447,20.501398116837436,0.3142860134218488,6532.04,6587.47,0.019178082191780823,111.98186328415399,40.79095184110838,6.808237864124836,1.3791262760268275,1.007704393294947,2.0-3.0%,1.00-1.02,2025-09-10→2025-09-11
2025-09-10,2025-09-11,P,6585.0,0.021917808219178082,71.18932314866608,-0.7836593516890122,70.09693060084737,-0.6898682811537244,6532.04,6587.47,0.019178082191780823,107.88991642672585,35.21777746710768,8.538237864122188,3.339398824351157,1.007704393294947,2.0-3.0%,1.00-1.02,2025-09-10→2025-09-11
2025-09-10,2025-09-11,C,6590.0,0.021917808219178082,18.90746367136107,0.19965262548899054,18.70131547684423,0.2956022070861904,6532.04,6587.47,0.019178082191780823,109.35991749594521,37.932460827161776,6.633254969145202,1.314769661212388,1.0084695446945635,2.0-3.0%,1.00-1.02,2025-09-10→2025-09-11
2025-09-10,2025-09-11,P,6590.0,0.021917808219178082,74.23086839803561,-0.8003473745109841,73.2968447626181,-0.7089908035710739,6532.04,6587.47,0.019178082191780823,110.26673909194095,37.33537358542662,8.363254969144087,3.2993602419448322,1.0084695446945635,2.0-3.0%,1.00-1.02,2025-09-10→2025-09-11
2025-09-10,2025-09-11,C,6595.0,0.021917808219178082,16.823577046937785,0.17808057208672837,17.001233351368228,0.2771476637792443,6532.04,6587.47,0.019178082191780823,105.91247730752444,35.17785215397498,6.778993889232593,1.2877049967164051,1.00923469609418,2.0-3.0%,1.00-1.02,2025-09-10→2025-09-11
2025-09-10,2025-09-11,P,6595.0,0.021917808219178082,77.14498132196414,-0.8219194279132641,76.59676061944174,-0.7278996735419868,6532.04,6587.47,0.019178082191780823,111.81806735692977,39.555544389038914,8.508993889232471,3.2974789044325448,1.00923469609418,2.0-3.0%,1.00-1.02,2025-09-10→2025-09-11
2025-09-10,2025-09-11,C,6600.0,0.021917808219178082,14.85605143097637,0.15863761219951703,15.45115419349213,0.25931540969896466,6532.04,6587.47,0.019178082191780823,109.67638459461315,32.588061530965206,6.756717155780725,1.1761468403863145,1.0099998474937963,2.0-3.0%,1.00-1.02,2025-09-10→2025-09-11
2025-09-10,2025-09-11,P,6600.0,0.021917808219178082,80.17545525435388,-0.8413623878003726,79.99667844261876,-0.74653532358145,6532.04,6587.47,0.019178082191780823,120.58074309742477,41.881301070354766,8.536717155774909,3.2804529861199967,1.0099998474937963,2.0-3.0%,1.00-1.02,2025-09-10→2025-09-11
2025-09-10,2025-09-11,C,6605.0,0.021917808219178082,13.64993720558463,0.15363037027768836,14.001076479818948,0.24189814005786897,6532.04,6587.47,0.019178082191780823,108.24476479758178,30.112173961796543,6.084268575507691,1.1915860965922533,1.0107649988934129,2.0-3.0%,1.00-1.02,2025-09-10→2025-09-11
2025-09-10,2025-09-11,P,6605.0,0.021917808219178082,83.96734057731231,-0.8463696297222228,83.59659963391641,-0.7640706674658503,6532.04,6587.47,0.019178082191780823,124.14789175381316,44.436539282141894,7.864268575503061,3.302437097632307,1.0107649988934129,2.0-3.0%,1.00-1.02,2025-09-10→2025-09-11
2025-09-10,2025-09-11,C,6500.0,0.024657534246575342,70.21415346590088,0.5457694654144877,70.59349536465015,0.6129889970483978,6532.04,6587.47,0.038356164383561646,158.46683563782264,120.59890175406053,18.7979985320748,15.072019893607141,0.99459257102232,2.0-3.0%,0.98-1.00,2025-09-10→2025-09-11
2025-09-10,2025-09-11,C,6500.0,0.024657534246575342,70.21415346590088,0.5457694654144877,70.59349536465015,0.6129889970483978,6532.04,6587.47,0.038356164383561646,158.46683563782264,120.59890175406053,17.24799853207479,13.52201989360713,0.99459257102232,2.0-3.0%,0.98-1.00,2025-09-10→2025-09-11
2025-09-10,2025-09-11,P,6500.0,0.024657534246575342,34.89261108653574,-0.45423053458542456,33.75407757857056,-0.3842906438789761,6532.04,6587.47,0.038356164383561646,64.96387692364141,26.307699060790583,17.377998532070215,13.501230390211756,0.99459257102232,2.0-3.0%,0.98-1.00,2025-09-10→2025-09-11
2025-09-10,2025-09-11,P,6500.0,0.024657534246575342,34.89261108653574,-0.45423053458542456,33.75407757857056,-0.3842906438789761,6532.04,6587.47,0.038356164383561646,64.96387692364141,26.307699060790583,15.777998532070214,11.901230390211754,0.99459257102232,2.0-3.0%,0.98-1.00,2025-09-10→2025-09-11
2025-09-10,2025-09-11,C,6505.0,0.024657534246575342,67.15983473599321,0.5275670987223795,67.14364682914538,0.5987138382299968,6532.04,6587.47,0.038356164383561646,155.10172629150745,116.54164878312531,19.20695571781834,15.263291946911089,0.9953576422307987,2.0-3.0%,0.98-1.00,2025-09-10→2025-09-11
2025-09-10,2025-09-11,C,6505.0,0.024657534246575342,67.15983473599321,0.5275670987223795,67.14364682914538,0.5987138382299968,6532.04,6587.47,0.038356164383561646,155.10172629150745,116.54164878312531,17.70695571781834,13.763291946911089,0.9953576422307987,2.0-3.0%,0.98-1.00,2025-09-10→2025-09-11
2025-09-10,2025-09-11,P,6505.0,0.024657534246575342,36.835768093258224,-0.47243290127761534,35.254232463172684,-0.398888697327048,6532.04,6587.47,0.038356164383561646,66.59412683985468,27.18649159328379,17.836955717818356,13.760400492838386,0.9953576422307987,2.0-3.0%,0.98-1.00,2025-09-10→2025-09-11
2025-09-10,2025-09-11,P,6505.0,0.024657534246575342,36.835768093258224,-0.47243290127761534,35.254232463172684,-0.398888697327048,6532.04,6587.47,0.038356164383561646,66.59412683985468,27.18649159328379,16.28695571781836,12.210400492838389,0.9953576422307987,2.0-3.0%,0.98-1.00,2025-09-10→2025-09-11
2025-09-10,2025-09-11,C,6510.0,0.024657534246575342,64.10483623333323,0.5066854333375168,63.69380138219549,0.5841482285965232,6532.04,6587.47,0.038356164383561646,151.17754401543405,112.44653667481907,20.164426430101297,15.870663688894552,0.9961227134392775,2.0-3.0%,0.98-1.00,2025-09-10→2025-09-11
2025-09-10,2025-09-11,C,6510.0,0.024657534246575342,64.10483623333323,0.5066854333375168,63.69380138219549,0.5841482285965232,6532.04,6587.47,0.038356164383561646,151.17754401543405,112.44653667481907,18.514426430101306,14.220663688894561,0.9961227134392775,2.0-3.0%,0.98-1.00,2025-09-10→2025-09-11
2025-09-10,2025-09-11,P,6510.0,0.024657534246575342,38.7782453272302,-0.4933145666624329,36.85439259086252,-0.41397970283318053,6532.04,6587.47,0.038356164383561646,67.66530382631343,28.136381052791194,18.394426430098797,13.996894928043314,0.9961227134392775,2.0-3.0%,0.98-1.00,2025-09-10→2025-09-11
2025-09-10,2025-09-11,P,6510.0,0.024657534246575342,38.7782453272302,-0.4933145666624329,36.85439259086252,-0.41397970283318053,6532.04,6587.47,0.038356164383561646,67.66530382631343,28.136381052791194,16.794426430098795,12.396894928043313,0.9961227134392775,2.0-3.0%,0.98-1.00,2025-09-10→2025-09-11
2025-09-10,2025-09-11,C,6515.0,0.024657534246575342,61.06421719814726,0.48771275190786706,60.44396219191913,0.5689930762024418,6532.04,6587.47,0.019178082191780823,130.282553986551,91.29214123031761,2.266082161746784,-2.239286213901515,0.9968877846477562,2.0-3.0%,0.98-1.00,2025-09-10→2025-09-11
2025-09-10,2025-09-11,C,6515.0,0.024657534246575342,61.06421719814726,0.48771275190786706,60.44396219191913,0.5689930762024418,6532.04,6587.47,0.019178082191780823,130.282553986551,91.29214123031761,0.7160821617467867,-3.789286213901512,0.9968877846477562,2.0-3.0%,0.98-1.00,2025-09-10→2025-09-11
2025-09-10,2025-09-11,P,6515.0,0.024657534246575342,40.73510202867569,-0.5122872480921261,38.45455616011759,-0.4293949868337118,6532.04,6587.47,0.019178082191780823,56.20784878137179,15.069193586997699,5.746082161746699,1.151364120192767,0.9968877846477562,2.0-3.0%,0.98-1.00,2025-09-10→2025-09-11
2025-09-10,2025-09-11,P,6515.0,0.024657534246575342,40.73510202867569,-0.5122872480921261,38.45455616011759,-0.4293949868337118,6532.04,6587.47,0.019178082191780823,56.20784878137179,15.069193586997699,4.196082161746702,-0.39863587980723025,0.9968877846477562,2.0-3.0%,0.98-1.00,2025-09-10→2025-09-11
2025-09-10,2025-09-11,C,6520.0,0.024657534246575342,58.24353231835112,0.47426132349312566,57.194125738740695,0.5535610005138865,6532.04,6587.47,0.019178082191780823,127.87390618956644,87.22915170756369,2.161694838775908,-2.2338862584848833,0.9976528558562349,2.0-3.0%,0.98-1.00,2025-09-10→2025-09-11
2025-09-10,2025-09-11,C,6520.0,0.024657534246575342,58.24353231835112,0.47426132349312566,57.194125738740695,0.5535610005138865,6532.04,6587.47,0.019178082191780823,127.87390618956644,87.22915170756369,0.5616948387759138,-3.8338862584848776,0.9976528558562349,2.0-3.0%,0.98-1.00,2025-09-10→2025-09-11
2025-09-10,2025-09-11,P,6520.0,0.024657534246575342,42.9118928855109,-0.5257386765068387,40.30472620116825,-0.44544559675486134,6532.04,6587.47,0.019178082191780823,58.79796943778877,16.05300029475825,5.441694838774225,0.9910494281220963,0.9976528558562349,2.0-3.0%,0.98-1.00,2025-09-10→2025-09-11
2025-09-10,2025-09-11,P,6520.0,0.024657534246575342,42.9118928855109,-0.5257386765068387,40.30472620116825,-0.44544559675486134,6532.04,6587.47,0.019178082191780823,58.79796943778877,16.05300029475825,3.891694838774221,-0.558950571877908,0.9976528558562349,2.0-3.0%,0.98-1.00,2025-09-10→2025-09-11
2025-09-10,2025-09-11,C,6525.0,0.024657534246575342,55.37725136307323,0.45321436191724046,54.04429387022128,0.5377344563564506,6532.04,6587.47,0.019178082191780823,124.24051383932463,83.24003685842126,2.428327918927227,-2.256620915838216,0.9984179270647136,2.0-3.0%,0.98-1.00,2025-09-10→2025-09-11
2025-09-10,2025-09-11,C,6525.0,0.024657534246575342,55.37725136307323,0.45321436191724046,54.04429387022128,0.5377344563564506,6532.04,6587.47,0.019178082191780823,124.24051383932463,83.24003685842126,0.8783279189272228,-3.80662091583822,0.9984179270647136,2.0-3.0%,0.98-1.00,2025-09-10→2025-09-11
2025-09-10,2025-09-11,P,6525.0,0.024657534246575342,45.04308766686537,-0.5467856380826891,42.10489942279446,-0.46174548702480506,6532.04,6587.47,0.019178082191780823,60.16334554097238,17.002818331454364,5.758327918923612,1.0445523457850747,0.9984179270647136,2.0-3.0%,0.98-1.00,2025-09-10→2025-09-11
2025-09-10,2025-09-11,P,6525.0,0.024657534246575342,45.04308766686537,-0.5467856380826891,42.10489942279446,-0.46174548702480506,6532.04,6587.47,0.019178082191780823,60.16334554097238,17.002818331454364,4.158327918923611,-0.5554476542149267,0.9984179270647136,2.0-3.0%,0.98-1.00,2025-09-10→2025-09-11
2025-09-10,2025-09-11,C,6530.0,0.024657534246575342,52.514416812915314,0.43163505825203885,50.94446545140636,0.5215645986879041,6532.04,6587.47,0.019178082191780823,123.68010806728785,79.2892449228384,2.7244687210893517,-2.260325705270681,0.9991829982731922,2.0-3.0%,0.98-1.00,2025-09-10→2025-09-11
2025-09-10,2025-09-11,C,6530.0,0.024657534246575342,52.514416812915314,0.43163505825203885,50.94446545140636,0.5215645986879041,6532.04,6587.47,0.019178082191780823,123.68010806728785,79.2892449228384,1.1744687210893545,-3.810325705270678,0.9991829982731922,2.0-3.0%,0.98-1.00,2025-09-10→2025-09-11
2025-09-10,2025-09-11,P,6530.0,0.024657534246575342,47.177728853337335,-0.5683649417479081,44.00507676651159,-0.47845828796333295,6532.04,6587.47,0.019178082191780823,64.60170822234811,18.02604618289024,6.05446872108671,1.0709429018076868,0.9991829982731922,2.0-3.0%,0.98-1.00,2025-09-10→2025-09-11
2025-09-10,2025-09-11,P,6530.0,0.024657534246575342,47.177728853337335,-0.5683649417479081,44.00507676651159,-0.47845828796333295,6532.04,6587.47,0.019178082191780823,64.60170822234811,18.02604618289024,4.454468721086709,-0.5290570981923146,0.9991829982731922,2.0-3.0%,0.98-1.00,2025-09-10→2025-09-11
2025-09-10,2025-09-11,C,6535.0,0.024657534246575342,49.8860264887716,0.4207081736631157,47.94464078825695,0.5050407047350275,6532.04,6587.47,0.019178082191780823,123.29026121259142,75.41536991987778,2.4301459338533604,-2.2444062634627358,0.999948069481671,2.0-3.0%,0.98-1.00,2025-09-10→2025-09-11
2025-09-10,2025-09-11,C,6535.0,0.024657534246575342,49.8860264887716,0.4207081736631157,47.94464078825695,0.5050407047350275,6532.04,6587.47,0.019178082191780823,123.29026121259142,75.41536991987778,0.9801459338533647,-3.6944062634627315,0.999948069481671,2.0-3.0%,0.98-1.00,2025-09-10→2025-09-11
2025-09-10,2025-09-11,P,6535.0,0.024657534246575342,49.546814265825915,-0.5792918263368236,46.005258103557026,-0.4955476817106214,6532.04,6587.47,0.019178082191780823,69.21062982103038,19.12497250707065,5.860145933850305,1.2182079972198885,0.999948069481671,2.0-3.0%,0.98-1.00,2025-09-10→2025-09-11
2025-09-10,2025-09-11,P,6535.0,0.024657534246575342,49.546814265825915,-0.5792918263368236,46.005258103557026,-0.4955476817106214,6532.04,6587.47,0.019178082191780823,69.21062982103038,19.12497250707065,4.260145933850303,-0.38179200278011294,0.999948069481671,2.0-3.0%,0.98-1.00,2025-09-10→2025-09-11
2025-09-10,2025-09-11,C,6540.0,0.024657534246575342,47.30196074669512,0.4009936090687963,45.044818649465924,0.48819977590339736,6532.04,6587.47,0.019178082191780823,120.04267790300712,71.6207387341683,2.572924249316504,-2.260913578325461,1.0007131406901497,2.0-3.0%,1.00-1.02,2025-09-10→2025-09-11
2025-09-10,2025-09-11,C,6540.0,0.024657534246575342,47.30196074669512,0.4009936090687963,45.044818649465924,0.48819977590339736,6532.04,6587.47,0.019178082191780823,120.04267790300712,71.6207387341683,1.0229242493164996,-3.810913578325465,1.0007131406901497,2.0-3.0%,1.00-1.02,2025-09-10→2025-09-11
2025-09-10,2025-09-11,P,6540.0,0.024657534246575342,51.96022426038033,-0.5990063909311665,48.105444034417815,-0.5129764057751186,6532.04,6587.47,0.019178082191780823,70.96181496488896,20.301932413790155,6.002924249314731,1.2342821721149697,1.0007131406901497,2.0-3.0%,1.00-1.02,2025-09-10→2025-09-11
2025-09-10,2025-09-11,P,6540.0,0.024657534246575342,51.96022426038033,-0.5990063909311665,48.105444034417815,-0.5129764057751186,6532.04,6587.47,0.019178082191780823,70.96181496488896,20.301932413790155,4.402924249314729,-0.3657178278850317,1.0007131406901497,2.0-3.0%,1.00-1.02,2025-09-10→2025-09-11
2025-09-10,2025-09-11,C,6545.0,0.024657534246575342,44.639724648205785,0.3796055886831516,42.245001141056946,0.4710798575032287,6532.04,6587.47,0.019178082191780823,116.29592405585933,67.90772737776115,2.8084622192927924,-2.2619565014041108,1.0014782118986285,2.0-3.0%,1.00-1.02,2025-09-10→2025-09-11
2025-09-10,2025-09-11,C,6545.0,0.024657534246575342,44.639724648205785,0.3796055886831516,42.245001141056946,0.4710798575032287,6532.04,6587.47,0.019178082191780823,116.29592405585933,67.90772737776115,1.3584622192927895,-3.7119565014041136,1.0014782118986285,2.0-3.0%,1.00-1.02,2025-09-10→2025-09-11
2025-09-10,2025-09-11,P,6545.0,0.024657534246575342,54.29546389852291,-0.6203944113167769,50.155632483506,-0.5308306355566008,6532.04,6587.47,0.019178082191780823,72.21382957116757,21.43874207529325,6.388462219289124,1.4239421289025387,1.0014782118986285,2.0-3.0%,1.00-1.02,2025-09-10→2025-09-11
2025-09-10,2025-09-11,P,6545.0,0.024657534246575342,54.29546389852291,-0.6203944113167769,50.155632483506,-0.5308306355566008,6532.04,6587.47,0.019178082191780823,72.21382957116757,21.43874207529325,4.738462219289126,-0.2260578710974599,1.0014782118986285,2.0-3.0%,1.00-1.02,2025-09-10→2025-09-11
2025-09-10,2025-09-11,C,6550.0,0.024657534246575342,42.04474652534119,0.363104619369976,39.3951869809589,0.45354594080782323,6532.04,6587.47,0.021917808219178082,122.6083605198566,67.03400410652739,6.97311094832212,1.9599485010222217,1.002243283107107,2.0-3.0%,1.00-1.02,2025-09-10→2025-09-11
2025-09-10,2025-09-11,C,6550.0,0.024657534246575342,42.04474652534119,0.363104619369976,39.3951869809589,0.45354594080782323,6532.04,6587.47,0.021917808219178082,122.6083605198566,67.03400410652739,5.323110948322128,0.30994850102223026,1.002243283107107,2.0-3.0%,1.00-1.02,2025-09-10→2025-09-11
2025-09-10,2025-09-11,P,6550.0,0.024657534246575342,56.697961512287584,-0.6368953806299725,52.45582375886261,-0.5488843736139789,6532.04,6587.47,0.021917808219178082,82.71951314009513,25.18223375792104,7.80311094831956,2.924660829423008,1.002243283107107,2.0-3.0%,1.00-1.02,2025-09-10→2025-09-11
2025-09-10,2025-09-11,P,6550.0,0.024657534246575342,56.697961512287584,-0.6368953806299725,52.45582375886261,-0.5488843736139789,6532.04,6587.47,0.021917808219178082,82.71951314009513,25.18223375792104,6.253110948319563,1.3746608294230107,1.002243283107107,2.0-3.0%,1.00-1.02,2025-09-10→2025-09-11
2025-09-10,2025-09-11,C,6555.0,0.024657534246575342,39.98596800707075,0.35139676815002063,36.89537249936757,0.43608273063050335,6532.04,6587.47,0.021917808219178082,119.96369204797347,63.592344511776446,6.522077141444253,1.8279342411510733,1.0030083543155859,2.0-3.0%,1.00-1.02,2025-09-10→2025-09-11
2025-09-10,2025-09-11,C,6555.0,0.024657534246575342,39.98596800707075,0.35139676815002063,36.89537249936757,0.43608273063050335,6532.04,6587.47,0.021917808219178082,119.96369204797347,63.592344511776446,5.07207714144425,0.37793424115107044,1.0030083543155859,2.0-3.0%,1.00-1.02,2025-09-10→2025-09-11
2025-09-10,2025-09-11,P,6555.0,0.024657534246575342,59.63665873064878,-0.6486032318498692,54.856018007631064,-0.5671626424863778,6532.04,6587.47,0.021917808219178082,85.07299821983756,26.617597174500588,7.452077141438437,2.9378252730200884,1.0030083543155859,2.0-3.0%,1.00-1.02,2025-09-10→2025-09-11
2025-09-10,2025-09-11,P,6555.0,0.024657534246575342,59.63665873064878,-0.6486032318498692,54.856018007631064,-0.5671626424863778,6532.04,6587.47,0.021917808219178082,85.07299821983756,26.617597174500588,5.852077141438436,1.337825273020087,1.0030083543155859,2.0-3.0%,1.00-1.02,2025-09-10→2025-09-11
2025-09-10,2025-09-11,C,6560.0,0.024657534246575342,37.549016938301996,0.3305620533172291,34.395560725414725,0.41834409023948266,6532.04,6587.47,0.021917808219178082,116.39729868564288,60.146126728318904,6.6769453846258955,1.8111870780253554,1.0037734255240645,2.0-3.0%,1.00-1.02,2025-09-10→2025-09-11
2025-09-10,2025-09-11,C,6560.0,0.024657534246575342,37.549016938301996,0.3305620533172291,34.395560725414725,0.41834409023948266,6532.04,6587.47,0.021917808219178082,116.39729868564288,60.146126728318904,5.226945384625893,0.36118707802535255,1.0037734255240645,2.0-3.0%,1.00-1.02,2025-09-10→2025-09-11
2025-09-10,2025-09-11,P,6560.0,0.024657534246575342,62.19718339851206,-0.6694379466826732,57.40621278871458,-0.5855190111193916,6532.04,6587.47,0.021917808219178082,86.50475840912353,28.182451663173197,7.556945384620768,2.9053187863480474,1.0037734255240645,2.0-3.0%,1.00-1.02,2025-09-10→2025-09-11
2025-09-10,2025-09-11,P,6560.0,0.024657534246575342,62.19718339851206,-0.6694379466826732,57.40621278871458,-0.5855190111193916,6532.04,6587.47,0.021917808219178082,86.50475840912353,28.182451663173197,6.1569453846207765,1.505318786348056,1.0037734255240645,2.0-3.0%,1.00-1.02,2025-09-10→2025-09-11
2025-09-10,2025-09-11,C,6565.0,0.024657534246575342,35.09858609952136,0.3094815310162628,31.995750194212178,0.40048856852742476,6532.04,6587.47,0.021917808219178082,118.22315817774472,56.7866617379309,6.745438735768463,1.7009186465247268,1.0045384967325433,2.0-3.0%,1.00-1.02,2025-09-10→2025-09-11
2025-09-10,2025-09-11,C,6565.0,0.024657534246575342,35.09858609952136,0.3094815310162628,31.995750194212178,0.40048856852742476,6532.04,6587.47,0.021917808219178082,118.22315817774472,56.7866617379309,5.29543873576846,0.25091864652472395,1.0045384967325433,2.0-3.0%,1.00-1.02,2025-09-10→2025-09-11
2025-09-10,2025-09-11,P,6565.0,0.024657534246575342,64.74422829636246,-0.690518468983706,59.90641268982654,-0.6043574853952731,6532.04,6587.47,0.021917808219178082,93.32877145286312,29.691610429575576,7.775438735767011,2.9995354154601586,1.0045384967325433,2.0-3.0%,1.00-1.02,2025-09-10→2025-09-11
2025-09-10,2025-09-11,P,6565.0,0.024657534246575342,64.74422829636246,-0.690518468983706,59.90641268982654,-0.6043574853952731,6532.04,6587.47,0.021917808219178082,93.32877145286312,29.691610429575576,6.325438735767015,1.5495354154601628,1.0045384967325433,2.0-3.0%,1.00-1.02,2025-09-10→2025-09-11
2025-09-10,2025-09-11,C,6500.0,0.03287671232876712,78.79945156686537,0.5473141917625896,75.24749021041089,0.6099155558432305,6532.04,6587.47,0.038356164383561646,158.46683563782264,117.29808128551213,14.062374350599509,10.59238073960956,0.9943709605253039,3.0-4.0%,0.98-1.00,2025-09-10→2025-09-11
2025-09-10,2025-09-11,P,6500.0,0.03287671232876712,42.03034055655763,-0.45268580823745863,38.451608152273366,-0.39081252941928013,6532.04,6587.47,0.038356164383561646,64.96387692364141,24.23212871892315,12.592374350602459,9.16273850571081,0.9943709605253039,3.0-4.0%,0.98-1.00,2025-09-10→2025-09-11
2025-09-10,2025-09-11,C,6505.0,0.03287671232876712,76.21682967549026,0.5358065881380718,71.79754487816626,0.596629490756438,6532.04,6587.47,0.038356164383561646,155.10172629150745,113.23006037095911,14.10024081950652,10.728827327370468,0.9951358612641695,3.0-4.0%,0.98-1.00,2025-09-10→2025-09-11
2025-09-10,2025-09-11,P,6505.0,0.03287671232876712,44.44408088748406,-0.46419341186199975,39.80166147423324,-0.40377156046287516,6532.04,6587.47,0.038356164383561646,66.59412683985468,24.97745963492821,12.83024081951078,9.48105759645729,0.9951358612641695,3.0-4.0%,0.98-1.00,2025-09-10→2025-09-11
2025-09-10,2025-09-11,C,6510.0,0.03287671232876712,73.29909863249848,0.5180699690084362,68.39760089432912,0.5830164840138009,6532.04,6587.47,0.038356164383561646,151.17754401543405,109.18986015829614,14.83338161786223,11.233396291114843,0.9959007620030351,3.0-4.0%,0.98-1.00,2025-09-10→2025-09-11
2025-09-10,2025-09-11,P,6510.0,0.03287671232876712,46.52271206679172,-0.481930030991631,41.401717690024725,-0.4174330844653118,6532.04,6587.47,0.038356164383561646,67.66530382631343,25.935533721564525,13.213381617866247,9.638315871912354,0.9959007620030351,3.0-4.0%,0.98-1.00,2025-09-10→2025-09-11
2025-09-10,2025-09-11,C,6515.0,0.03287671232876712,70.35739160476365,0.5015585762233542,65.09765850450412,0.5690161625385192,6532.04,6587.47,0.030136986301369864,141.07398486421482,98.74615598505261,5.69860811993933,1.9594341104897168,0.9966656627419007,3.0-4.0%,0.98-1.00,2025-09-10→2025-09-11
2025-09-10,2025-09-11,P,6515.0,0.03287671232876712,48.57736726135656,-0.49844142377673095,43.05177527324531,-0.4314268625516991,6532.04,6587.47,0.030136986301369864,64.55962425156626,21.675994490935864,6.378608119944346,2.6639909912408086,0.9966656627419007,3.0-4.0%,0.98-1.00,2025-09-10→2025-09-11
2025-09-10,2025-09-11,C,6520.0,0.03287671232876712,68.01858865588041,0.4945751837132671,61.79771700163519,0.5547500566012369,6532.04,6587.47,0.030136986301369864,138.55732055849066,94.73061711371065,5.335697566773462,2.0002043625932764,0.9974305634807664,3.0-4.0%,0.98-1.00,2025-09-10→2025-09-11
2025-09-10,2025-09-11,P,6520.0,0.03287671232876712,51.23492653477301,-0.5054248162868191,44.80183421244419,-0.4458022271180076,6532.04,6587.47,0.030136986301369864,67.03985606203334,22.698854317857467,6.015697566778535,2.710817449151296,0.9974305634807664,3.0-4.0%,0.98-1.00,2025-09-10→2025-09-11
2025-09-10,2025-09-11,C,6525.0,0.03287671232876712,65.36457546672933,0.4775890269496542,58.6477775613771,0.540081850520776,6532.04,6587.47,0.030136986301369864,134.87006160713855,90.83175305546047,5.477240236180517,2.013263025633222,0.998195464219632,3.0-4.0%,0.98-1.00,2025-09-10→2025-09-11
2025-09-10,2025-09-11,P,6525.0,0.03287671232876712,53.5772755679205,-0.5224109730504026,46.60189487872367,-0.46049456118331783,6532.04,6587.47,0.030136986301369864,68.34949322685449,23.7555479032701,6.257240236183968,2.825213526391437,0.998195464219632,3.0-4.0%,0.98-1.00,2025-09-10→2025-09-11
2025-09-10,2025-09-11,C,6530.0,0.03287671232876712,62.601598757814635,0.4589239393294561,55.6978393329091,0.5250716279910297,6532.04,6587.47,0.030136986301369864,134.06921799771627,87.0957642479625,5.561846042968103,1.8952796604570565,0.9989603649584976,3.0-4.0%,0.98-1.00,2025-09-10→2025-09-11
2025-09-10,2025-09-11,P,6530.0,0.03287671232876712,55.81066108130646,-0.5410760606706013,48.50195674279212,-0.47552722540791664,6532.04,6587.47,0.030136986301369864,72.54554573362846,24.88837138597205,6.491846042971588,2.8584741043609583,0.9989603649584976,3.0-4.0%,0.98-1.00,2025-09-10→2025-09-11
2025-09-10,2025-09-11,C,6535.0,0.03287671232876712,60.29902815378,0.45274184843665943,52.49790192852288,0.5098568291967911,6532.04,6587.47,0.030136986301369864,133.41830838840136,83.13854156044818,5.304519341155842,2.1386359576217266,0.9997252656973632,3.0-4.0%,0.98-1.00,2025-09-10→2025-09-11
2025-09-10,2025-09-11,P,6535.0,0.03287671232876712,58.50445269957334,-0.5472581515633849,50.702019870388085,-0.4908712560657205,6532.04,6587.47,0.030136986301369864,76.89153224048538,26.272121730908566,5.834519341158579,2.708993723723026,0.9997252656973632,3.0-4.0%,0.98-1.00,2025-09-10→2025-09-11
2025-09-10,2025-09-11,C,6540.0,0.03287671232876712,58.08476938549309,0.43884404423030954,49.54796595974767,0.49429754275988574,6532.04,6587.47,0.030136986301369864,130.0866364476085,79.38751297952058,5.224874628313813,2.1510872048193868,1.000490166436229,3.0-4.0%,1.00-1.02,2025-09-10→2025-09-11
2025-09-10,2025-09-11,P,6540.0,0.03287671232876712,61.28655615358474,-0.5611559557697707,52.55208412611273,-0.5064850482872364,6532.04,6587.47,0.030136986301369864,78.55675641590696,27.345106491318347,6.004874628318557,2.9744662265616633,1.000490166436229,3.0-4.0%,1.00-1.02,2025-09-10→2025-09-11
2025-09-10,2025-09-11,C,6545.0,0.03287671232876712,55.521730595437354,0.4205165441820628,46.79803082195076,0.47853640094355193,6532.04,6587.47,0.030136986301369864,126.28598998034461,75.80596028880154,5.340767955988142,2.124727295698783,1.0012550671750944,3.0-4.0%,1.00-1.02,2025-09-10→2025-09-11
2025-09-10,2025-09-11,P,6545.0,0.03287671232876712,63.71987958582625,-0.57948345581803,54.7021494874366,-0.522367576562107,6532.04,6587.47,0.030136986301369864,79.75300606481555,28.67104302685766,6.170767955993568,3.004834768837739,1.0012550671750944,3.0-4.0%,1.00-1.02,2025-09-10→2025-09-11
2025-09-10,2025-09-11,C,6550.0,0.03287671232876712,52.97658756497633,0.4063870975030404,43.99809686222352,0.4624808143636648,6532.04,6587.47,0.030136986301369864,128.74097171852176,72.17261864557167,5.273963185406348,2.1646884598219245,1.00201996791396,3.0-4.0%,1.00-1.02,2025-09-10→2025-09-11
2025-09-10,2025-09-11,P,6550.0,0.03287671232876712,66.17109877766947,-0.5936129024970251,56.90221592908074,-0.5385210986757819,6532.04,6587.47,0.030136986301369864,87.20488391916041,30.033042285178,6.053963185410279,3.000224499598751,1.00201996791396,3.0-4.0%,1.00-1.02,2025-09-10→2025-09-11
2025-09-10,2025-09-11,C,6555.0,0.03287671232876712,51.46031922324722,0.40210861982728213,41.34816277711434,0.44627041186087374,6532.04,6587.47,0.030136986301369864,126.0276949122211,68.6676445209032,4.611119202973633,2.163231070551639,1.0027848686528258,3.0-4.0%,1.00-1.02,2025-09-10→2025-09-11
2025-09-10,2025-09-11,P,6555.0,0.03287671232876712,69.65119265824154,-0.5978913801727127,59.25228221255202,-0.5548322473917231,6532.04,6587.47,0.030136986301369864,89.48850322905305,31.523151458641223,5.441119202973642,3.054351472923372,1.0027848686528258,3.0-4.0%,1.00-1.02,2025-09-10→2025-09-11
2025-09-10,2025-09-11,C,6560.0,0.03287671232876712,49.14030681605971,0.384637693472982,38.74823121962845,0.42983639568970927,6532.04,6587.47,0.030136986301369864,122.44806065697229,65.20099069569642,4.6795326507924955,2.17416858691929,1.0035497693916913,3.0-4.0%,1.00-1.02,2025-09-10→2025-09-11
2025-09-10,2025-09-11,P,6560.0,0.03287671232876712,72.32754247335163,-0.61536230652704,61.702350803308036,-0.5712907106218097,6532.04,6587.47,0.030136986301369864,90.9057650899737,33.09856572987292,5.5595326507940115,3.1166440897670817,1.0035497693916913,3.0-4.0%,1.00-1.02,2025-09-10→2025-09-11
2025-09-10,2025-09-11,C,6565.0,0.03287671232876712,46.72310706389343,0.36611050536183865,36.24829941621101,0.41326352665190635,6532.04,6587.47,0.030136986301369864,123.97967842138935,61.82008597062031,4.856494687793184,2.2428027176847145,1.004314670130557,3.0-4.0%,1.00-1.02,2025-09-10→2025-09-11
2025-09-10,2025-09-11,P,6565.0,0.03287671232876712,74.90670494348554,-0.6338894946382378,64.25241896631769,-0.5878554114066095,6532.04,6587.47,0.030136986301369864,97.43427897058422,34.761283267631825,5.636494687797708,3.0848254542685325,1.004314670130557,3.0-4.0%,1.00-1.02,2025-09-10→2025-09-11
2025-09-10,2025-09-11,C,6570.0,0.03287671232876712,45.390218966722244,0.366628453940701,33.898367544518806,0.3967082748463656,6532.04,6587.47,0.030136986301369864,122.58631281706963,58.57592837558377,3.827784798066837,2.160460325265838,1.0050795708694225,3.0-4.0%,1.00-1.02,2025-09-10→2025-09-11
2025-09-10,2025-09-11,P,6570.0,0.03287671232876712,78.57017906861041,-0.633371546059395,66.80248835744078,-0.6047174216297757,6532.04,6587.47,0.030136986301369864,101.03780948245304,36.41532017012969,4.707784798072453,3.1194866809386426,1.0050795708694225,3.0-4.0%,1.00-1.02,2025-09-10→2025-09-11
2025-09-10,2025-09-11,C,6575.0,0.03287671232876712,43.45598145923916,0.35183109239780114,31.748434719036595,0.3804028830687537,6532.04,6587.47,0.030136986301369864,119.32786576984634,55.5234719735995,3.5480025483897784,1.9642681914988707,1.0058444716082882,3.0-4.0%,1.00-1.02,2025-09-10→2025-09-11
2025-09-10,2025-09-11,P,6575.0,0.03287671232876712,81.63230378342949,-0.6481689076022688,69.50255767615045,-0.6215398294168605,6532.04,6587.47,0.030136986301369864,102.77625855140415,38.20701944360826,4.628002548393951,3.151952744576761,1.0058444716082882,3.0-4.0%,1.00-1.02,2025-09-10→2025-09-11
2025-09-10,2025-09-11,C,6580.0,0.03287671232876712,41.2460952357696,0.33369852613213147,29.448504456517185,0.3634353865160029,6532.04,6587.47,0.030136986301369864,117.2906387333476,52.31406487792128,3.7530906964958604,2.104776525417858,1.0066093723471539,3.0-4.0%,1.00-1.02,2025-09-10→2025-09-11
2025-09-10,2025-09-11,P,6580.0,0.03287671232876712,84.41877978226074,-0.6663014738678747,72.30262685988146,-0.6383769619835691,6532.04,6587.47,0.030136986301369864,105.73592763109943,40.090438557292146,4.6830906964964925,3.1352350027494182,1.0066093723471539,3.0-4.0%,1.00-1.02,2025-09-10→2025-09-11
2025-09-10,2025-09-11,C,6585.0,0.03287671232876712,39.56094316865623,0.32711855717697025,27.34857303084482,0.34677055499382686,6532.04,6587.47,0.030136986301369864,119.5520753343019,49.2989342541332,3.117818375680443,2.028508136692075,1.0073742730860193,3.0-4.0%,1.00-1.02,2025-09-10→2025-09-11
2025-09-10,2025-09-11,P,6585.0,0.03287671232876712,87.72998993744554,-0.6728814428230883,75.30269456688984,-0.6548310452653896,6532.04,6587.47,0.030136986301369864,112.99426034822119,42.17208098433093,3.997818375683984,2.9972848390607396,1.0073742730860193,3.0-4.0%,1.00-1.02,2025-09-10→2025-09-11
2025-09-10,2025-09-11,C,6590.0,0.03287671232876712,38.48904519387253,0.32238968322723394,25.34864124297792,0.33018792578392936,6532.04,6587.47,0.030136986301369864,116.82934527713054,46.380495050688296,2.4299398587143273,1.9976832737966959,1.008139173824885,3.0-4.0%,1.00-1.02,2025-09-10→2025-09-11
2025-09-10,2025-09-11,P,6590.0,0.03287671232876712,91.65445418496344,-0.677610316772843,78.30276319945551,-0.6715170801515935,6532.04,6587.47,0.030136986301369864,115.26842640725657,44.248091875723276,3.3599398587188887,3.0221917528030247,1.008139173824885,3.0-4.0%,1.00-1.02,2025-09-10→2025-09-11
2025-09-10,2025-09-11,C,6595.0,0.03287671232876712,36.522484205754054,0.3053877860432858,23.448708380684366,0.3137370325909062,6532.04,6587.47,0.030136986301369864,113.35299533193553,43.56127544928313,2.422355019620575,1.959556283485977,1.0089040745637508,3.0-4.0%,1.00-1.02,2025-09-10→2025-09-11
2025-09-10,2025-09-11,P,6595.0,0.03287671232876712,94.68425541913986,-0.694612213956788,80.55284766219847,-0.6918546343642772,6532.04,6587.47,0.030136986301369864,116.7889725782344,45.49597646016446,4.20235501962496,4.049502382812086,1.0089040745637508,3.0-4.0%,1.00-1.02,2025-09-10→2025-09-11
2025-09-10,2025-09-11,C,6600.0,0.03287671232876712,34.47696207696153,0.28884827683677683,21.698774929734782,0.2977062347895539,6532.04,6587.47,0.030136986301369864,116.4642386831977,40.8994572992201,2.389140014937375,1.8981434056149418,1.0096689753026162,3.0-4.0%,1.00-1.02,2025-09-10→2025-09-11
2025-09-10,2025-09-11,P,6600.0,0.03287671232876712,97.63509551265093,-0.7111517231632511,83.80291485017915,-0.7083631269660968,6532.04,6587.47,0.030136986301369864,124.89711204569562,47.8073598090682,4.069140014939222,3.914568127730959,1.0096689753026162,3.0-4.0%,1.00-1.02,2025-09-10→2025-09-11
2025-09-10,2025-09-11,C,6605.0,0.03287671232876712,34.11898104401859,0.29553541376910886,19.998840800740027,0.2816987018968833,6532.04,6587.47,0.030136986301369864,114.81418660532337,38.28813605324149,1.0684720147782123,1.8354409538556808,1.010433876041482,3.0-4.0%,1.00-1.02,2025-09-10→2025-09-11
2025-09-10,2025-09-11,P,6605.0,0.03287671232876712,102.27347670201125,-0.7044645862309284,87.10298278340997,-0.7248713779397368,6532.04,6587.47,0.030136986301369864,128.24395608397285,50.16774117792738,2.798472014780579,3.9296204791998264,1.010433876041482,3.0-4.0%,1.00-1.02,2025-09-10→2025-09-11
2025-09-10,2025-09-11,C,6500.0,0.03561643835616438,82.6247690227355,0.5509101077625538,78.15321096395746,0.6082383407538097,6532.04,6587.47,0.038356164383561646,158.46683563782264,117.87582220155855,10.963052726721482,7.78534877201615,0.994232642476097,3.0-4.0%,0.98-1.00,2025-09-10→2025-09-11
2025-09-10,2025-09-11,P,6500.0,0.03561643835616438,44.952158982306784,-0.4490898922372801,40.59792582871023,-0.39288996962563744,6532.04,6587.47,0.038356164383561646,64.96387692364141,24.38591652350351,10.243052726712563,7.127891016349196,0.994232642476097,3.0-4.0%,0.98-1.00,2025-09-10→2025-09-11
2025-09-10,2025-09-11,C,6505.0,0.03561643835616438,80.11642446680595,0.5411521450437171,74.7031437254982,0.5955023326475962,6532.04,6587.47,0.038356164383561646,155.10172629150745,113.81510004612574,10.903936600226594,7.891305701343562,0.9949974368164632,3.0-4.0%,0.98-1.00,2025-09-10→2025-09-11
2025-09-10,2025-09-11,P,6505.0,0.03561643835616438,47.43948164942694,-0.458847854956151,41.94786037256472,-0.40528836509025573,6532.04,6587.47,0.038356164383561646,66.59412683985468,25.147277264872173,10.383936600219577,7.415134076952988,0.9949974368164632,3.0-4.0%,0.98-1.00,2025-09-10→2025-09-11
2025-09-10,2025-09-11,C,6510.0,0.03561643835616438,77.18299379088131,0.5242417774115918,71.25307522362709,0.5825266278783408,6532.04,6587.47,0.038356164383561646,151.17754401543405,109.74003385711057,11.641278278075315,8.410549016703406,0.9957622311568295,3.0-4.0%,0.98-1.00,2025-09-10→2025-09-11
2025-09-10,2025-09-11,P,6510.0,0.03561643835616438,49.50171819654493,-0.4757582225882926,43.49779181285203,-0.41827502539698896,6532.04,6587.47,0.038356164383561646,67.66530382631343,26.071788350722272,10.771278278069197,7.584984657755218,0.9957622311568295,3.0-4.0%,0.98-1.00,2025-09-10→2025-09-11
2025-09-10,2025-09-11,C,6515.0,0.03561643835616438,74.20419870900446,0.5083229580513055,67.953004408771,0.5691127476703656,6532.04,6587.47,0.03287671232876712,143.7415125368921,101.45844243339434,5.423658435215984,2.0540803966314662,0.9965270254971956,3.0-4.0%,0.98-1.00,2025-09-10→2025-09-11
2025-09-10,2025-09-11,P,6515.0,0.03561643835616438,51.51859033771095,-0.49167704194861594,45.19772093679694,-0.43170049804220045,6532.04,6587.47,0.03287671232876712,66.35741081374071,23.6733332126405,6.253658435211925,2.929158606479298,0.9965270254971956,3.0-4.0%,0.98-1.00,2025-09-10→2025-09-11
2025-09-10,2025-09-11,C,6520.0,0.03561643835616438,71.89723990244771,0.5026461662729858,64.60293230437946,0.5554964665487178,6532.04,6587.47,0.03287671232876712,141.20713019951282,97.42921843731347,5.088323003488256,2.1588308592044143,0.9972918198375619,3.0-4.0%,0.98-1.00,2025-09-10→2025-09-11
2025-09-10,2025-09-11,P,6520.0,0.03561643835616438,54.207298754203535,-0.49735383372690306,46.89764854704072,-0.4453708404116406,6532.04,6587.47,0.03287671232876712,68.81925710129197,24.685524847644956,5.868323003482384,2.9869056840173727,0.9972918198375619,3.0-4.0%,0.98-1.00,2025-09-10→2025-09-11
2025-09-10,2025-09-11,C,6525.0,0.03561643835616438,69.22001699157728,0.486520521765065,61.402858530044796,0.5414814883885093,6532.04,6587.47,0.03287671232876712,137.5233039925627,93.51772121933391,5.2821674785623145,2.235681098624781,0.9980566141779281,3.0-4.0%,0.98-1.00,2025-09-10→2025-09-11
2025-09-10,2025-09-11,P,6525.0,0.03561643835616438,56.52574306638007,-0.5134794782347748,48.69757477270605,-0.45938581857184874,6532.04,6587.47,0.03287671232876712,70.13165951927148,25.77402762966517,5.962167478553717,2.9637559234377093,0.9980566141779281,3.0-4.0%,0.98-1.00,2025-09-10→2025-09-11
2025-09-10,2025-09-11,C,6530.0,0.03561643835616438,66.40988124278138,0.46847155744993657,58.302782903497246,0.5271547803286168,6532.04,6587.47,0.03287671232876712,136.68641771526686,89.68407733100685,5.532621570549878,2.2798105263846153,0.9988214085182944,3.0-4.0%,0.98-1.00,2025-09-10→2025-09-11
2025-09-10,2025-09-11,P,6530.0,0.03561643835616438,58.71127454063073,-0.5315284425498995,50.59749914615941,-0.4737125266317414,6532.04,6587.47,0.03287671232876712,74.29100186689905,26.940383741338337,6.212621570541085,3.007885351197565,0.9988214085182944,3.0-4.0%,0.98-1.00,2025-09-10→2025-09-11
2025-09-10,2025-09-11,C,6535.0,0.03561643835616438,64.07397771245118,0.46299092958551546,55.302705774223796,0.5125506219727844,6532.04,6587.47,0.03287671232876712,135.99705400482384,85.92991060916484,5.036412773074744,2.2893190240484103,0.9995862028586606,3.0-4.0%,0.98-1.00,2025-09-10→2025-09-11
2025-09-10,2025-09-11,P,6535.0,0.03561643835616438,61.37103823334351,-0.5370090704143559,52.4974220547324,-0.488309504137656,6532.04,6587.47,0.03287671232876712,78.59786678138259,28.098738524003693,5.766412773067902,3.0669958143504132,0.9995862028586606,3.0-4.0%,0.98-1.00,2025-09-10→2025-09-11
2025-09-10,2025-09-11,C,6540.0,0.03561643835616438,61.83397309842073,0.45003110252134915,52.30262729479546,0.4976841445548424,6532.04,6587.47,0.03287671232876712,132.68235578739984,82.16812344214304,5.004775987241487,2.3633678673249428,1.0003509971990268,3.0-4.0%,1.00-1.02,2025-09-10→2025-09-11
2025-09-10,2025-09-11,P,6540.0,0.03561643835616438,64.12670084236144,-0.5499688974785152,54.59734353745671,-0.5031831624055159,6532.04,6587.47,0.03287671232876712,80.27939718887436,29.424429852474532,5.684775987234257,3.091442692137889,1.0003509971990268,3.0-4.0%,1.00-1.02,2025-09-10→2025-09-11
2025-09-10,2025-09-11,C,6545.0,0.03561643835616438,59.20492395036405,0.4322110436000962,49.50254771383834,0.48260455973417765,6532.04,6587.47,0.03287671232876712,128.91305025213313,78.57671436710461,5.142541853246534,2.3492292539343858,1.0011157915393931,3.0-4.0%,1.00-1.02,2025-09-10→2025-09-11
2025-09-10,2025-09-11,P,6545.0,0.03561643835616438,66.4933189173506,-0.5677889563997469,56.697263697677954,-0.5183117592367126,6532.04,6587.47,0.03287671232876712,81.50632027852593,30.74286533749455,5.872541853238136,3.130020814491129,1.0011157915393931,3.0-4.0%,1.00-1.02,2025-09-10→2025-09-11
2025-09-10,2025-09-11,C,6550.0,0.03561643835616438,56.57176311337597,0.4183597733488617,46.70246679812681,0.4672787275893075,6532.04,6587.47,0.03287671232876712,131.27446097343582,74.97846413714888,4.6103177632724694,1.8987401297245476,1.0018805858797593,3.0-4.0%,1.00-1.02,2025-09-10→2025-09-11
2025-09-10,2025-09-11,P,6550.0,0.03561643835616438,68.85582530340555,-0.5816402266510243,58.89718262571296,-0.5336671615838042,6532.04,6587.47,0.03287671232876712,88.86395962476217,32.14319279409756,5.840317763266448,3.1811707665904265,1.0018805858797593,3.0-4.0%,1.00-1.02,2025-09-10→2025-09-11
2025-09-10,2025-09-11,C,6555.0,0.03561643835616438,55.01813942276019,0.41489695974925334,44.152385465687985,0.4519265966399072,6532.04,6587.47,0.03287671232876712,128.59643866924208,71.60354400327697,4.302261521098771,2.249708748249816,1.0026453802201256,3.0-4.0%,1.00-1.02,2025-09-10→2025-09-11
2025-09-10,2025-09-11,P,6555.0,0.03561643835616438,72.29786883583526,-0.5851030402505843,61.197100258331375,-0.5492127460896473,6532.04,6587.47,0.03287671232876712,91.18216594546966,33.6271599227307,5.232261521090059,3.2428625157493087,1.0026453802201256,3.0-4.0%,1.00-1.02,2025-09-10→2025-09-11
2025-09-10,2025-09-11,C,6560.0,0.03561643835616438,52.61553710822831,0.3978128375937001,41.40230219302293,0.436097275491053,6532.04,6587.47,0.03287671232876712,125.09739313086035,68.03491077690114,4.5492344121810895,2.4271280195308087,1.0034101745604918,3.0-4.0%,1.00-1.02,2025-09-10→2025-09-11
2025-09-10,2025-09-11,P,6560.0,0.03561643835616438,74.89093374434775,-0.6021871624061674,63.69701843568464,-0.5647700314693057,6532.04,6587.47,0.03287671232876712,92.67934903204298,35.29121718723172,5.22923441217403,3.1552028443437727,1.0034101745604918,3.0-4.0%,1.00-1.02,2025-09-10→2025-09-11
2025-09-10,2025-09-11,C,6565.0,0.03561643835616438,50.101321532582816,0.3795286064027504,38.90221889539998,0.42031875562336707,6532.04,6587.47,0.03287671232876712,126.5686204664459,64.69334618799303,4.662729347095432,2.4017313757966363,1.004174968900858,3.0-4.0%,1.00-1.02,2025-09-10→2025-09-11
2025-09-10,2025-09-11,P,6565.0,0.03561643835616438,77.37238539174999,-0.6204713935971563,66.09693422526834,-0.5807214405945033,6532.04,6587.47,0.03287671232876712,99.14680499253878,36.853409052313964,5.442729347090562,3.239389452153489,1.004174968900858,3.0-4.0%,1.00-1.02,2025-09-10→2025-09-11
2025-09-10,2025-09-11,C,6570.0,0.03561643835616438,48.68153094285529,0.38031118203788994,36.45213467750273,0.40436572903556,6532.04,6587.47,0.03287671232876712,125.22397160542585,61.3922583729759,3.7693511796396457,2.4360076395587846,1.0049397632412242,3.0-4.0%,1.00-1.02,2025-09-10→2025-09-11
2025-09-10,2025-09-11,P,6570.0,0.03561643835616438,80.94826202507217,-0.6196888179619684,68.59684928344905,-0.5968115986644793,6532.04,6587.47,0.03287671232876712,102.79838475645776,38.50166009038594,4.5993511796320945,3.3312669139722715,1.0049397632412242,3.0-4.0%,1.00-1.02,2025-09-10→2025-09-11
2025-09-10,2025-09-11,C,6575.0,0.03561643835616438,46.65442013693706,0.3657539558850174,34.152050776250235,0.38846904956443173,6532.04,6587.47,0.03287671232876712,122.13128066964312,58.2307900691535,3.6262582252933697,2.3671605826434288,1.0057045575815904,3.0-4.0%,1.00-1.02,2025-09-10→2025-09-11
2025-09-10,2025-09-11,P,6575.0,0.03561643835616438,83.9168184421941,-0.6342460441148833,71.29676511327989,-0.6127594534240582,6532.04,6587.47,0.03287671232876712,104.70192244559703,40.33755069543304,4.506258225288164,3.3152565032957284,1.0057045575815904,3.0-4.0%,1.00-1.02,2025-09-10→2025-09-11
2025-09-10,2025-09-11,C,6580.0,0.03561643835616438,44.34588655729717,0.34777109324773464,31.901966490854647,0.372448244503439,6532.04,6587.47,0.03287671232876712,120.20370959113498,55.112249696912386,3.7730483012779708,2.405193807174271,1.0064693519219567,3.0-4.0%,1.00-1.02,2025-09-10→2025-09-11
2025-09-10,2025-09-11,P,6580.0,0.03561643835616438,86.6039520856071,-0.6522289067520709,74.09668128954672,-0.628695036684254,6532.04,6587.47,0.03287671232876712,107.77057999201507,42.267025839190865,4.553048301267488,3.2485658834083893,1.0064693519219567,3.0-4.0%,1.00-1.02,2025-09-10→2025-09-11
2025-09-10,2025-09-11,C,6590.0,0.03561643835616438,41.366536015168904,0.3363974556391857,27.751798540656637,0.3406941010670732,6532.04,6587.47,0.03287671232876712,120.03542985420899,49.212411357194924,2.553489033919842,2.315325977852037,1.007998940602689,3.0-4.0%,1.00-1.02,2025-09-10→2025-09-11
2025-09-10,2025-09-11,P,6590.0,0.03561643835616438,93.61593598956627,-0.6636025443606971,79.89651201835932,-0.660696868105835,6532.04,6587.47,0.03287671232876712,117.59475750492994,46.31058864349825,3.3834890339136265,3.222427399106614,1.007998940602689,3.0-4.0%,1.00-1.02,2025-09-10→2025-09-11
2025-09-10,2025-09-11,C,6600.0,0.03561643835616438,37.14957407093146,0.30282883960966955,23.901632307328782,0.30905570726317755,6532.04,6587.47,0.03287671232876712,120.0219109004012,43.60256477603389,2.46419742043593,2.119042146401977,1.0095285292834215,3.0-4.0%,1.00-1.02,2025-09-10→2025-09-11
2025-09-10,2025-09-11,P,6600.0,0.03561643835616438,99.39030849142048,-0.697171160390155,85.39632946627171,-0.6952772513506519,6532.04,6587.47,0.03287671232876712,127.57369580097065,49.97995274587129,4.0941974204264895,3.9892180423668293,1.0095285292834215,3.0-4.0%,1.00-1.02,2025-09-10→2025-09-11
2025-09-10,2025-09-11,C,6610.0,0.03561643835616438,34.97113038278451,0.29469836235737995,20.501470001521056,0.2784598595495442,6532.04,6587.47,0.03287671232876712,116.06914287739478,38.461994335347754,1.114869774530348,2.014969985168685,1.011058117964154,3.0-4.0%,1.00-1.02,2025-09-10→2025-09-11
2025-09-10,2025-09-11,P,6610.0,0.03561643835616438,107.20319924936348,-0.7053016376424865,91.89616174229013,-0.727049133888688,6532.04,6587.47,0.03287671232876712,133.61338502781595,54.68767916446359,2.844869774523225,4.050333491450182,1.011058117964154,3.0-4.0%,1.00-1.02,2025-09-10→2025-09-11
