asof0,asof1,cp,K,T,price0_pde,delta0_pde,price0_bsm,delta0_bsm,S0,S1,T1,price1_pde,price1_bsm,pnl_pde,pnl_bsm,m,T_bucket,m_bucket,pair
2025-09-11,2025-09-12,C,6515.0,0.010958904109589041,106.32091300531256,0.9644335027959837,75.75000000014097,0.8716524579565943,6587.47,6584.29,0.00821917808219178,105.54716831657626,71.44787228433779,0.616898538891506,0.32185481630222057,0.9891219360372876,1.0-2.0%,0.98-1.00,2025-09-11→2025-09-12
2025-09-11,2025-09-12,P,6515.0,0.010958904109589041,34.66199299285657,-0.03556649720406902,4.150000000048976,-0.12910193866869146,6587.47,6584.29,0.00821917808219178,36.6390201761013,2.810093301496522,-1.7131014611089503,-2.010544164966477,0.9891219360372876,1.0-2.0%,0.98-1.00,2025-09-11→2025-09-12
2025-09-11,2025-09-12,C,6520.0,0.010958904109589041,103.58036626278944,0.9741467502357035,71.04999998149651,0.8609509965283545,6587.47,6584.29,0.00821917808219178,101.442727775826,66.72077389329752,-1.5522133342501707,-1.9121758310395736,0.9898810472698565,1.0-2.0%,0.98-1.00,2025-09-11→2025-09-12
2025-09-11,2025-09-12,P,6520.0,0.010958904109589041,36.922068721555696,-0.025853249764199233,4.449999990426704,-0.13978866020444877,6587.47,6584.29,0.00821917808219178,37.53487269127817,3.083634499100299,-1.8072133342501604,-2.169527939450187,0.9898810472698565,1.0-2.0%,0.98-1.00,2025-09-11→2025-09-12
2025-09-11,2025-09-12,C,6525.0,0.010958904109589041,99.68631626263515,0.9611285991866624,66.45000002013967,0.8479050980179648,6587.47,6584.29,0.00821917808219178,96.70266135245105,62.08183514004395,-1.7936110545861355,-2.153661788302627,0.9906401585024254,1.0-2.0%,0.98-1.00,2025-09-11→2025-09-12
2025-09-11,2025-09-12,P,6525.0,0.010958904109589041,38.0286411926295,-0.03887140081299497,4.85000001181993,-0.1528089244231199,6587.47,6584.29,0.00821917808219178,37.795099323829014,3.4453805627855445,-2.0236110545853347,-2.385932379665565,0.9906401585024254,1.0-2.0%,0.98-1.00,2025-09-11→2025-09-12
2025-09-11,2025-09-12,C,6530.0,0.010958904109589041,98.86182920140666,0.9510941067167704,59.9500000000553,0.8701421002535191,6587.47,6584.29,0.00821917808219178,99.10754379740689,55.97850506439681,-0.1255207406403991,-0.3829481211935617,0.9913992697349944,1.0-2.0%,0.98-1.00,2025-09-11→2025-09-12
2025-09-11,2025-09-12,P,6530.0,0.010958904109589041,42.20477660259823,-0.04890589328307361,5.350000232347611,-0.16814038208844356,6587.47,6584.29,0.00821917808219178,45.20027482468111,3.900190887613576,-2.355520740640188,-2.734686415041299,0.9913992697349944,1.0-2.0%,0.98-1.00,2025-09-11→2025-09-12
2025-09-11,2025-09-12,C,6535.0,0.010958904109589041,98.26832556633192,0.9667739212509378,57.44999999985794,0.8164349448336266,6587.47,6584.29,0.00821917808219178,95.82928315448171,53.00773341341301,-2.2256589304217407,-2.703736875428834,0.9921583809675633,1.0-2.0%,0.98-1.00,2025-09-11→2025-09-12
2025-09-11,2025-09-12,P,6535.0,0.010958904109589041,46.61189543873579,-0.03322607874888087,5.849999999909642,-0.1842114979057596,6587.47,6584.29,0.00821917808219178,46.922307237677295,4.372641331449586,-2.5056589304214505,-2.9857925633403686,0.9921583809675633,1.0-2.0%,0.98-1.00,2025-09-11→2025-09-12
2025-09-11,2025-09-12,C,6540.0,0.010958904109589041,94.78989565504918,0.9673638164046936,52.950000000922955,0.7994049667609447,6587.47,6584.29,0.00821917808219178,91.30496094207288,48.49840588847292,-2.473783063832797,-3.0078922056999673,0.9929174922001321,1.0-2.0%,0.98-1.00,2025-09-11→2025-09-12
2025-09-11,2025-09-12,P,6540.0,0.010958904109589041,48.13408799865719,-0.03263618359516223,6.400000000453247,-0.20194478727913448,6587.47,6584.29,0.00821917808219178,47.39827808118514,4.9047647568115735,-2.7537830638326257,-3.292184423547707,0.9929174922001321,1.0-2.0%,0.98-1.00,2025-09-11→2025-09-12
2025-09-11,2025-09-12,C,6545.0,0.010958904109589041,90.81157120310608,0.9364819233508723,48.64999957702639,0.7784165326899011,6587.47,6584.29,0.00821917808219178,93.09084151226284,44.17526176781212,-2.871987483743955,-3.3746354260458893,0.993676603432701,1.0-2.0%,0.98-1.00,2025-09-11→2025-09-12
2025-09-11,2025-09-12,P,6545.0,0.010958904109589041,49.156386017915715,-0.06351807664916152,6.999999577026756,-0.22145898856484578,6587.47,6584.29,0.00821917808219178,54.184451707301875,5.4999744511853805,-3.0519874837443517,-3.5542395836362735,0.993676603432701,1.0-2.0%,0.98-1.00,2025-09-11→2025-09-12
2025-09-11,2025-09-12,C,6550.0,0.010958904109589041,94.14894379127793,0.9588159804478619,44.4499999998643,0.7550337683084613,6587.47,6584.29,0.00821917808219178,91.70205354497092,39.96333218131076,-3.0509651821755215,-3.6989926167788747,0.9944357146652699,1.0-2.0%,0.98-1.00,2025-09-11→2025-09-12
2025-09-11,2025-09-12,P,6550.0,0.010958904109589041,57.494381077314245,-0.04118401955195567,7.799999999863076,-0.24484175294627036,6587.47,6584.29,0.00821917808219178,57.79595679592221,6.288044864682433,-3.3309651821752313,-3.978596774369211,0.9944357146652699,1.0-2.0%,0.98-1.00,2025-09-11→2025-09-12
2025-09-11,2025-09-12,C,6555.0,0.010958904109589041,91.44827297136521,0.9682478939442799,40.35000000240689,0.7292428887113581,6587.47,6584.29,0.00821917808219178,87.59537426532951,35.86802412439192,-3.370971697256911,-4.131007613897672,0.9951948258978389,1.0-2.0%,0.98-1.00,2025-09-11→2025-09-12
2025-09-11,2025-09-12,P,6555.0,0.010958904109589041,59.79433272860067,-0.03175210605569896,8.700000002406341,-0.27063263254337866,6587.47,6584.29,0.00821917808219178,58.689570572186774,7.192736807764277,-3.7009716972571316,-4.460611771488023,0.9951948258978389,1.0-2.0%,0.98-1.00,2025-09-11→2025-09-12
2025-09-11,2025-09-12,C,6560.0,0.010958904109589041,87.71862308761705,0.9435859456122903,36.35000000000127,0.7009968853893603,6587.47,6584.29,0.00821917808219178,85.05859649682327,31.894832383299217,-3.7493966929526423,-4.52082990446163,0.9959539371304078,1.0-2.0%,0.98-1.00,2025-09-11→2025-09-12
2025-09-11,2025-09-12,P,6560.0,0.010958904109589041,61.06530531606406,-0.05641405438764382,9.700000000000045,-0.29887863586537905,6587.47,6584.29,0.00821917808219178,61.15308585960962,8.219545066670435,-4.079396692952724,-4.850434062051992,0.9959539371304078,1.0-2.0%,0.98-1.00,2025-09-11→2025-09-12
2025-09-11,2025-09-12,C,6565.0,0.010958904109589041,90.5288688910978,0.9476742338521761,32.44999999258198,0.6702015134503886,6587.47,6584.29,0.00821917808219178,88.96063799090399,28.049429310050073,-3.936395936349807,-4.818759187227572,0.9967130483629767,1.0-2.0%,0.98-1.00,2025-09-11→2025-09-12
2025-09-11,2025-09-12,P,6565.0,0.010958904109589041,68.87617359075529,-0.0523257661477725,10.849999993197798,-0.3301091125902938,6587.47,6584.29,0.00821917808219178,70.05542040961164,9.417464260594443,-4.316395936349931,-5.19974697803723,0.9967130483629767,1.0-2.0%,0.98-1.00,2025-09-11→2025-09-12
2025-09-11,2025-09-12,C,6570.0,0.010958904109589041,89.59173311794703,0.9612322220402367,28.35000022692566,0.6388671629096344,6587.47,6584.29,0.00821917808219178,85.66577188929486,24.076479595173623,-3.6932815339117675,-4.718402421947177,0.9974721595955456,1.0-2.0%,0.98-1.00,2025-09-11→2025-09-12
2025-09-11,2025-09-12,P,6570.0,0.010958904109589041,72.9396602888209,-0.03876777795962567,12.150000293825542,-0.36423656209132727,6587.47,6584.29,0.00821917808219178,71.76084736391972,10.793181423176065,-4.473281533911622,-5.508272267450527,0.9974721595955456,1.0-2.0%,0.98-1.00,2025-09-11→2025-09-12
2025-09-11,2025-09-12,C,6575.0,0.010958904109589041,86.25221475440708,0.9527350049246893,25.300000000389446,0.5984087684594079,6587.47,6584.29,0.00821917808219178,81.209010653013,21.07205571726263,-4.320302684339213,-5.4470601162989105,0.9982312708281145,1.0-2.0%,0.98-1.00,2025-09-11→2025-09-12
2025-09-11,2025-09-12,P,6575.0,0.010958904109589041,74.6007643964931,-0.04726499507517198,13.600000000410091,-0.40121075093691366,6587.47,6584.29,0.00821917808219178,72.30437918354947,12.353134069463522,-4.650302684339061,-5.775850187979502,0.9982312708281145,1.0-2.0%,0.98-1.00,2025-09-11→2025-09-12
2025-09-11,2025-09-12,C,6580.0,0.010958904109589041,84.69722922969754,0.9278043927912629,21.999999571497483,0.5583799319682864,6587.47,6584.29,0.00821917808219178,87.0329593869382,17.90958576627054,-4.449582030923514,-5.624351816340687,0.9989903820606834,1.0-2.0%,0.98-1.00,2025-09-11→2025-09-12
2025-09-11,2025-09-12,P,6580.0,0.010958904109589041,78.04640134300097,-0.07219560720854006,15.299999561149889,-0.4413441854345732,6587.47,6584.29,0.00821917808219178,83.12862097338643,14.190741152208375,-4.82958203092318,-6.003474509682073,0.9989903820606834,1.0-2.0%,0.98-1.00,2025-09-11→2025-09-12
2025-09-11,2025-09-12,C,6585.0,0.010958904109589041,88.96972275689454,0.9532753964042678,18.949999431003107,0.5158048803893941,6587.47,6584.29,0.00821917808219178,85.50596667405941,15.02936504865238,-4.31858423943415,-5.709740480361576,0.9997494932932524,1.0-2.0%,0.98-1.00,2025-09-11→2025-09-12
2025-09-11,2025-09-12,P,6585.0,0.010958904109589041,87.31951734139217,-0.04672460359566352,17.29999943100347,-0.48407064086535134,6587.47,6584.29,0.00821917808219178,86.60192131641814,16.354077732024507,-4.748584239434225,-6.139344637951959,0.9997494932932524,1.0-2.0%,0.98-1.00,2025-09-11→2025-09-12
2025-09-11,2025-09-12,C,6590.0,0.010958904109589041,86.35522893616164,0.9621742166404239,16.099999999206375,0.4712307045486254,6587.47,6584.29,0.00821917808219178,81.50472194523188,12.391131366039644,-4.040285991083174,-5.601486359535235,1.0005086045258211,1.0-2.0%,1.00-1.02,2025-09-11→2025-09-12
2025-09-11,2025-09-12,P,6590.0,0.010958904109589041,89.70564599188124,-0.03782578335939207,19.49999999922602,-0.5285563948062911,6587.47,6584.29,0.00821917808219178,87.60096964352695,18.758677280397933,-4.520285991082878,-6.08080933548416,1.0005086045258211,1.0-2.0%,1.00-1.02,2025-09-11→2025-09-12
2025-09-11,2025-09-12,C,6595.0,0.010958904109589041,82.74964718112722,0.9293995209374328,13.600000000002638,0.4255858257611987,6587.47,6584.29,0.00821917808219178,83.28424079599203,10.123629527416142,-3.844509523418693,-5.4466370740792645,1.0012677157583902,1.0-2.0%,1.00-1.02,2025-09-11→2025-09-12
2025-09-11,2025-09-12,P,6595.0,0.010958904109589041,91.10068670804178,-0.07060047906260646,22.000000000002274,-0.5740684126961392,6587.47,6584.29,0.00821917808219178,94.38078155018748,21.49050642821794,-4.324509523419111,-5.925537552373891,1.0012677157583902,1.0-2.0%,1.00-1.02,2025-09-11→2025-09-12
2025-09-11,2025-09-12,C,6600.0,0.010958904109589041,88.27173273603873,0.9436425077528748,11.300000035852918,0.37929920924800214,6587.47,6584.29,0.00821917808219178,85.97374210435541,8.096165083369215,-3.149216825345584,-4.943828514591243,1.0020268269909591,1.0-2.0%,1.00-1.02,2025-09-11→2025-09-12
2025-09-11,2025-09-12,P,6600.0,0.010958904109589041,101.62339473416847,-0.05635749224712551,25.250000018195806,-0.6163483609812994,6587.47,6584.29,0.00821917808219178,102.07057591446922,24.916902588325684,-4.079216825345874,-5.85998778792071,1.0020268269909591,1.0-2.0%,1.00-1.02,2025-09-11→2025-09-12
2025-09-11,2025-09-12,C,6605.0,0.010958904109589041,87.11874874185612,0.9556857442177196,9.299999995246708,0.3337134110192887,6587.47,6584.29,0.00821917808219178,82.72221840076412,6.386955638429754,-2.5109193333873745,-4.4887913529585655,1.002785938223528,1.0-2.0%,1.00-1.02,2025-09-11→2025-09-12
2025-09-11,2025-09-12,P,6605.0,0.010958904109589041,105.47103321120137,-0.04431425578222579,27.749999996115548,-0.6651391051719914,6587.47,6584.29,0.00821917808219178,103.81934526678539,27.79202940189589,-2.84091933338749,-4.815142354447126,1.002785938223528,1.0-2.0%,1.00-1.02,2025-09-11→2025-09-12
2025-09-11,2025-09-12,C,6610.0,0.010958904109589041,83.85324078383914,0.9410754747411098,7.600000000012187,0.2901037988153859,6587.47,6584.29,0.00821917808219178,78.3646221933221,4.984542048975754,-1.8573799903229968,-3.9274699197669882,1.003545049456097,1.0-2.0%,1.00-1.02,2025-09-11→2025-09-12
2025-09-11,2025-09-12,P,6610.0,0.010958904109589041,107.20614772438958,-0.05892452525883889,33.54999991013301,-0.6802985809938628,6587.47,6584.29,0.00821917808219178,104.46204211527402,33.36411530201349,-4.6373799903231205,-6.6133494875606775,1.003545049456097,1.0-2.0%,1.00-1.02,2025-09-11→2025-09-12
2025-09-11,2025-09-12,C,6615.0,0.010958904109589041,85.06245243407015,0.9271301103220443,6.099999999924876,0.24821325442657627,6587.47,6584.29,0.00821917808219178,85.7385603993026,3.798635327199463,-1.1767262491756294,-3.3356818509234154,1.0043041606886658,1.0-2.0%,1.00-1.02,2025-09-11→2025-09-12
2025-09-11,2025-09-12,P,6615.0,0.010958904109589041,113.41598184583408,-0.07286988967793673,34.5499997334764,-0.7500175417983169,6587.47,6584.29,0.00821917808219178,116.83627337718426,35.198201394181524,-1.48172624917586,-3.635055782918866,1.0043041606886658,1.0-2.0%,1.00-1.02,2025-09-11→2025-09-12
2025-09-11,2025-09-12,C,6620.0,0.010958904109589041,87.65002953010541,0.9475570932425079,4.900000000016917,0.21057862464065646,6587.47,6584.29,0.00821917808219178,83.85551466589148,2.891111039188104,-0.4617684434885496,-2.8053599736426515,1.0050632719212347,1.0-2.0%,1.00-1.02,2025-09-11→2025-09-12
2025-09-11,2025-09-12,P,6620.0,0.010958904109589041,121.004181413099,-0.05244290675720336,38.25000000001728,-0.789296896614099,6587.47,6584.29,0.00821917808219178,119.95352069967754,39.215823722560344,-0.7667684434879234,-3.109964131233066,1.0050632719212347,1.0-2.0%,1.00-1.02,2025-09-11→2025-09-12
2025-09-11,2025-09-12,C,6625.0,0.010958904109589041,84.95093819521765,0.9529536678617373,3.849999970568888,0.17540578864010983,6587.47,6584.29,0.00821917808219178,79.86812201416284,2.1375691027956236,0.15539266380060202,-2.3172095921244,1.0058223831538036,1.0-2.0%,1.00-1.02,2025-09-11→2025-09-12
2025-09-11,2025-09-12,P,6625.0,0.010958904109589041,123.30571254940669,-0.047046332138168195,42.24999998329167,-0.8233258377037064,6587.47,6584.29,0.00821917808219178,120.96642110387327,43.49635900051271,-0.14960733619938854,-2.618176163898026,1.0058223831538036,1.0-2.0%,1.00-1.02,2025-09-11→2025-09-12
2025-09-11,2025-09-12,C,6630.0,0.010958904109589041,81.37818996731833,0.9190936668704787,3.0499999993520532,0.1456386982403826,6587.47,6584.29,0.00821917808219178,83.19485515301548,1.5933755605940405,0.5227178606483895,-1.9368689395955407,1.0065814943863725,1.0-2.0%,1.00-1.02,2025-09-11→2025-09-12
2025-09-11,2025-09-12,P,6630.0,0.010958904109589041,124.73358679271871,-0.08090633312948395,46.349999998181374,-0.8555436131476754,6587.47,6584.29,0.00821917808219178,129.29344729862999,47.88584491248184,0.29271786064822175,-2.1706286898098526,1.0065814943863725,1.0-2.0%,1.00-1.02,2025-09-11→2025-09-12
2025-09-11,2025-09-12,C,6635.0,0.010958904109589041,87.42556928010869,0.9383305211660253,2.3749999967380973,0.11903147530137757,6587.47,6584.29,0.00821917808219178,84.67780797329243,1.1607496186958883,1.1088910573082336,-1.4964799085415847,1.0073406056189413,1.0-2.0%,1.00-1.02,2025-09-11→2025-09-12
2025-09-11,2025-09-12,P,6635.0,0.010958904109589041,135.78158857672176,-0.061669478833830546,50.749999998445674,-0.8801183650337816,6587.47,6584.29,0.00821917808219178,135.7766931748269,52.500702205766174,0.7538910573084038,-1.848776400807679,1.0073406056189413,1.0-2.0%,1.00-1.02,2025-09-11→2025-09-12
2025-09-11,2025-09-12,C,6640.0,0.010958904109589041,85.94245830506664,0.949539862753705,1.8000000000016598,0.09511968230558661,6587.47,6584.29,0.00821917808219178,81.329565343916,0.8160717711092502,1.5445367635570586,-1.1725194102682068,1.0080997168515102,1.0-2.0%,1.00-1.02,2025-09-11→2025-09-12
2025-09-11,2025-09-12,P,6640.0,0.010958904109589041,139.2991000728893,-0.05046013724623493,55.150000000001455,-0.904755838949191,6587.47,6584.29,0.00821917808219178,137.42874360135812,57.140784454481945,1.2395367635569496,-1.4771235678586994,1.0080997168515102,1.0-2.0%,1.00-1.02,2025-09-11→2025-09-12
2025-09-11,2025-09-12,C,6645.0,0.010958904109589041,82.66250782572013,0.9321139490609079,1.4000000000077648,0.07679037523355266,6587.47,6584.29,0.00821917808219178,76.99965682157018,0.5917931041838074,1.7891223580139586,-0.9308066067572802,1.0088588280840791,1.0-2.0%,1.00-1.02,2025-09-11→2025-09-12
2025-09-11,2025-09-12,P,6645.0,0.010958904109589041,141.01977206476252,-0.06788605093886058,59.750000000007276,-0.923085146021199,6587.47,6584.29,0.00821917808219178,138.09912813494194,61.91650578755616,1.4841223580144065,-1.2354107643476784,1.0088588280840791,1.0-2.0%,1.00-1.02,2025-09-11→2025-09-12
2025-09-11,2025-09-12,C,6650.0,0.010958904109589041,84.7479926379351,0.9225392637980565,1.1000001037845664,0.062159038101157624,6587.47,6584.29,0.00821917808219178,84.69861639533278,0.4342304733519029,2.008674858878088,-0.7273342588383007,1.0096179393166482,1.0-2.0%,1.00-1.02,2025-09-11→2025-09-12
2025-09-11,2025-09-12,P,6650.0,0.010958904109589041,148.10587934817616,-0.07746073620187159,64.45000010378226,-0.9377164831536456,6587.47,6584.29,0.00821917808219178,150.79838076460715,66.75894315672394,1.7036748588780286,-1.0319384164288632,1.0096179393166482,1.0-2.0%,1.00-1.02,2025-09-11→2025-09-12
2025-09-11,2025-09-12,C,6655.0,0.010958904109589041,86.6365033929585,0.9411602002506176,0.8499999627498482,0.04959065078189043,6587.47,6584.29,0.00821917808219178,82.64044741898955,0.311663132463309,2.242889436797238,-0.592301730513574,1.0103770505492171,1.0-2.0%,1.00-1.02,2025-09-11→2025-09-12
2025-09-11,2025-09-12,P,6655.0,0.010958904109589041,154.99501257439402,-0.058839799749444255,68.99999997987652,-0.9587450640377174,6587.47,6584.29,0.00821917808219178,153.74050484418675,71.54593928358281,2.2128894367967558,-0.6488093036402147,1.0103770505492171,1.0-2.0%,1.00-1.02,2025-09-11→2025-09-12
2025-09-11,2025-09-12,C,6660.0,0.010958904109589041,83.90234521757853,0.9453047450750811,0.6999999996502311,0.041251404408525844,6587.47,6584.29,0.03561643835616438,143.1362028783897,5.961985323145541,21.70606908933903,18.831179466019123,1.011136161781786,1.0-2.0%,1.00-1.02,2025-09-11→2025-09-12
2025-09-11,2025-09-12,P,6660.0,0.010958904109589041,157.26147687023297,-0.05469525492503904,73.8000000017264,-0.9698290217726725,6587.47,6584.29,0.03561643835616438,212.55915748843196,83.03559061746728,14.926069089338368,12.015943710762627,1.011136161781786,1.0-2.0%,1.00-1.02,2025-09-11→2025-09-12
2025-09-11,2025-09-12,C,6515.0,0.0136986301369863,114.99021165797933,0.9652289020373549,78.79965967773933,0.8384657323844746,6587.47,6584.29,0.010958904109589041,117.4031658224547,74.25754900879838,-1.3805720915209334,-1.7836789710171295,0.989001874992806,1.0-2.0%,0.98-1.00,2025-09-11→2025-09-12
2025-09-11,2025-09-12,P,6515.0,0.0136986301369863,42.54039311698996,-0.034771097961017274,6.550066620977532,-0.16413759285323787,6587.47,6584.29,0.010958904109589041,47.914095436744375,5.150877208948373,-1.5605720915160461,-1.9719575452733453,0.989001874992806,1.0-2.0%,0.98-1.00,2025-09-11→2025-09-12
2025-09-11,2025-09-12,C,6520.0,0.0136986301369863,112.4160177731235,0.9741042022175997,74.39966533377628,0.8245058684416616,6587.47,6584.29,0.010958904109589041,113.40792115829728,69.81867486888132,-1.5523486369477548,-2.0280713383552817,0.9897608940833608,1.0-2.0%,0.98-1.00,2025-09-11→2025-09-12
2025-09-11,2025-09-12,P,6520.0,0.0136986301369863,44.9662147205818,-0.02589579778080488,7.100071986727471,-0.17736649274958285,6587.47,6584.29,0.010958904109589041,48.91869799408206,5.67158850724104,-1.7823486369429664,-2.2640254469437244,0.9897608940833608,1.0-2.0%,0.98-1.00,2025-09-11→2025-09-12
2025-09-11,2025-09-12,C,6525.0,0.0136986301369863,108.62679662990307,0.9622870135113827,69.8996708609584,0.8113211203346201,6587.47,6584.29,0.010958904109589041,108.69455001824274,65.30803966499661,-1.7399272970335344,-2.2199988373356834,0.9905199131739154,1.0-2.0%,0.98-1.00,2025-09-11→2025-09-12
2025-09-11,2025-09-12,P,6525.0,0.0136986301369863,46.17700906579178,-0.03771298648729799,7.55007717193007,-0.18988863401410175,6587.47,6584.29,0.010958904109589041,49.205174075520226,6.119545736965847,-1.8699272970296195,-2.3538458561648996,0.9905199131739154,1.0-2.0%,0.98-1.00,2025-09-11→2025-09-12
2025-09-11,2025-09-12,C,6530.0,0.0136986301369863,108.06803253450232,0.9533738915151475,65.49967678249959,0.7963242551015359,6587.47,6584.29,0.010958904109589041,111.73606919399049,60.895749825220264,-2.7682710249815505,-3.2676888687768813,0.9912789322644702,1.0-2.0%,0.98-1.00,2025-09-11→2025-09-12
2025-09-11,2025-09-12,P,6530.0,0.0136986301369863,50.61826045886774,-0.04662610848336444,8.25008360554466,-0.20598321109601375,6587.47,6584.29,0.010958904109589041,57.246540472778506,6.794074911595999,-2.1982710249771125,-2.7050266112853834,0.9912789322644702,1.0-2.0%,0.98-1.00,2025-09-11→2025-09-12
2025-09-11,2025-09-12,C,6535.0,0.0136986301369863,107.67908161806002,0.967517151512054,61.19968416237498,0.7795476128607163,6587.47,6584.29,0.010958904109589041,108.59454069275372,56.58493405883655,-2.3732954581913894,-2.9710385911026984,0.9920379513550249,1.0-2.0%,0.98-1.00,2025-09-11→2025-09-12
2025-09-11,2025-09-12,P,6535.0,0.0136986301369863,55.229325030864906,-0.032482848486660665,9.00009032177968,-0.2231783342520626,6587.47,6584.29,0.010958904109589041,59.10485919304291,7.528192553364079,-2.45329545818759,-3.0597071029216236,0.9920379513550249,1.0-2.0%,0.98-1.00,2025-09-11→2025-09-12
2025-09-11,2025-09-12,C,6540.0,0.0136986301369863,104.29894958864911,0.9680284162298969,56.99969110655911,0.7610302380199327,6587.47,6584.29,0.010958904109589041,104.10798198345228,52.37869843432054,-3.121669636388649,-3.779923843096395,0.9927969704455796,1.0-2.0%,0.98-1.00,2025-09-11→2025-09-12
2025-09-11,2025-09-12,P,6540.0,0.0136986301369863,56.84920848992916,-0.03197158376849901,9.650097410158423,-0.23999634661369085,6587.47,6584.29,0.010958904109589041,59.61814770524168,8.19249730718775,-2.4516696363838366,-3.1131883822316073,0.9927969704455796,1.0-2.0%,0.98-1.00,2025-09-11→2025-09-12
2025-09-11,2025-09-12,C,6545.0,0.0136986301369863,100.40766750219703,0.9404533742437707,52.89969937252499,0.7408119363909043,6587.47,6584.29,0.010958904109589041,106.30099522868906,48.280098761034424,-1.8093582699045325,-2.444218042276706,0.9935559895361343,1.0-2.0%,0.98-1.00,2025-09-11→2025-09-12
2025-09-11,2025-09-12,P,6545.0,0.0136986301369863,57.95794189192732,-0.059546625754747624,10.550105631376937,-0.26013716266857745,6587.47,6584.29,0.010958904109589041,66.81100817196636,9.094558622793102,-2.8893582699001157,-3.527236177286153,0.9935559895361343,1.0-2.0%,0.98-1.00,2025-09-11→2025-09-12
2025-09-11,2025-09-12,C,6550.0,0.0136986301369863,103.9901472009351,0.9604545090015525,48.79970784089528,0.7198040794390476,6587.47,6584.29,0.010958904109589041,105.0805261693851,44.2033998900788,-3.0457546613747777,-3.8110230273836136,0.9943150086266891,1.0-2.0%,0.98-1.00,2025-09-11→2025-09-12
2025-09-11,2025-09-12,P,6550.0,0.0136986301369863,66.54043707913932,-0.03954549099682888,11.500114258221629,-0.2815036206316122,6587.47,6584.29,0.010958904109589041,70.59038633418469,10.062799185023323,-3.0757546613699267,-3.8451815136086083,0.9943150086266891,1.0-2.0%,0.98-1.00,2025-09-11→2025-09-12
2025-09-11,2025-09-12,C,6555.0,0.0136986301369863,101.37374476188302,0.9687621668396896,44.89971767973293,0.6961898488875968,6587.47,6584.29,0.010958904109589041,101.01753860439315,40.32846308423723,-3.2693363094495065,-4.136116280537241,0.9950740277172438,1.0-2.0%,0.98-1.00,2025-09-11→2025-09-12
2025-09-11,2025-09-12,P,6555.0,0.0136986301369863,68.92405012852824,-0.031237833158835243,12.50012379685154,-0.304200006817881,6587.47,6584.29,0.010958904109589041,71.5272459906778,11.099388301366389,-3.2493363094451055,-4.11735602168095,0.9950740277172438,1.0-2.0%,0.98-1.00,2025-09-11→2025-09-12
2025-09-11,2025-09-12,C,6560.0,0.0136986301369863,97.72342107300472,0.9469566587079984,41.04972752228059,0.6712893078171593,6587.47,6584.29,0.010958904109589041,98.58822622837998,36.525228900425645,-3.4886778253082897,-4.365300001141238,0.9958330468077985,1.0-2.0%,0.98-1.00,2025-09-11→2025-09-12
2025-09-11,2025-09-12,P,6560.0,0.0136986301369863,70.27374192809056,-0.05304334129064621,13.600133407618614,-0.3287075945011287,6587.47,6584.29,0.010958904109589041,74.09778083616196,12.251545733247895,-3.26867782530427,-4.145290150513684,0.9958330468077985,1.0-2.0%,0.98-1.00,2025-09-11→2025-09-12
2025-09-11,2025-09-12,C,6565.0,0.0136986301369863,100.65565257702166,0.9505938880892779,37.34973846450066,0.6443547960036295,6587.47,6584.29,0.010958904109589041,102.74011897560328,32.88602589979837,-3.2771114358758204,-4.250951748708271,0.9965920658983533,1.0-2.0%,0.98-1.00,2025-09-11→2025-09-12
2025-09-11,2025-09-12,P,6565.0,0.0136986301369863,78.20598892058275,-0.049406111909237244,14.95014446856976,-0.355934623698056,6587.47,6584.29,0.010958904109589041,83.24952080488514,13.657287132438796,-3.5571114358713873,-4.5318721033599205,0.9965920658983533,1.0-2.0%,0.98-1.00,2025-09-11→2025-09-12
2025-09-11,2025-09-12,C,6570.0,0.0136986301369863,99.77026919037252,0.962442222580441,33.79975018067489,0.6155174679492289,6587.47,6584.29,0.010958904109589041,99.48475613463765,29.41414926175503,-3.3394337321939163,-4.442654451921271,0.997351084988908,1.0-2.0%,0.98-1.00,2025-09-11→2025-09-12
2025-09-11,2025-09-12,P,6570.0,0.0136986301369863,82.32062102238068,-0.03755777741813025,16.400156160910228,-0.3847143693220295,6587.47,6584.29,0.010958904109589041,84.99400518542578,15.185482261772904,-3.669433732189664,-4.773391694444165,0.997351084988908,1.0-2.0%,0.98-1.00,2025-09-11→2025-09-12
2025-09-11,2025-09-12,C,6575.0,0.0136986301369863,96.4950843656357,0.9549457117219299,30.399762594344338,0.5849050868534332,6587.47,6584.29,0.010958904109589041,95.03291619365496,26.11256734840299,-3.463272636723985,-4.640001823805912,0.9981101040794627,1.0-2.0%,0.98-1.00,2025-09-11→2025-09-12
2025-09-11,2025-09-12,P,6575.0,0.0136986301369863,84.04545168610974,-0.045054288276515184,18.00016854977912,-0.41526451448459917,6587.47,6584.29,0.010958904109589041,85.54201246594143,16.88389690546819,-3.793272636719332,-4.970541156061147,0.9981101040794627,1.0-2.0%,0.98-1.00,2025-09-11→2025-09-12
2025-09-11,2025-09-12,C,6580.0,0.0136986301369863,95.0057810524313,0.9330735302517885,27.149775526031135,0.5526368530627181,6587.47,6584.29,0.010958904109589041,100.99025144347424,22.98392508569077,-3.532826173799041,-4.742614807260395,0.9988691231700174,1.0-2.0%,0.98-1.00,2025-09-11→2025-09-12
2025-09-11,2025-09-12,P,6580.0,0.0136986301369863,87.55616386136286,-0.06692646974668773,19.80018150316846,-0.44757099923319665,6587.47,6584.29,0.010958904109589041,96.49919493726574,18.80009291517308,-3.912826173794486,-5.123275777561695,0.9988691231700174,1.0-2.0%,0.98-1.00,2025-09-11→2025-09-12
2025-09-11,2025-09-12,C,6585.0,0.0136986301369863,99.23862072617506,0.955255901005509,24.149789445018087,0.5187518146037465,6587.47,6584.29,0.010958904109589041,99.46925801119563,20.120057533762974,-3.512286234802201,-4.900369229559932,0.9996281422605722,1.0-2.0%,0.98-1.00,2025-09-11→2025-09-12
2025-09-11,2025-09-12,P,6585.0,0.0136986301369863,96.78901902356569,-0.04474409899293066,21.700195330355655,-0.48124508771454266,6587.47,6584.29,0.010958904109589041,99.9780487264842,20.84637436658477,-3.7422862347975303,-5.130359378932384,0.9996281422605722,1.0-2.0%,0.98-1.00,2025-09-11→2025-09-12
2025-09-11,2025-09-12,C,6590.0,0.0136986301369863,96.66114227911477,0.9629791535140518,21.299803665691798,0.4837157111400355,6587.47,6584.29,0.010958904109589041,95.46530058833376,17.432421506222454,-3.387726291825036,-4.911784038574547,1.0003871613511268,1.0-2.0%,1.00-1.02,2025-09-11→2025-09-12
2025-09-11,2025-09-12,P,6590.0,0.0136986301369863,99.21155606495971,-0.037020846484396436,23.900209533326233,-0.516237572160965,6587.47,6584.29,0.010958904109589041,100.97393852511425,23.203208791679117,-3.7177262918203895,-5.241635479472016,1.0003871613511268,1.0-2.0%,1.00-1.02,2025-09-11→2025-09-12
2025-09-11,2025-09-12,C,6595.0,0.0136986301369863,93.11635396371892,0.9342681962744332,18.59981802764605,0.4476304909009041,6587.47,6584.29,0.010958904109589041,97.30440513879833,14.922196538425396,-3.279027135847032,-4.826535038934996,1.0011461804416817,1.0-2.0%,1.00-1.02,2025-09-11→2025-09-12
2025-09-11,2025-09-12,P,6595.0,0.0136986301369863,100.66678323801963,-0.06573180372400643,26.25022382219413,-0.5521153189708919,6587.47,6584.29,0.010958904109589041,107.81289029707679,25.736691323141713,-3.6590271358423587,-5.2057267143275965,1.0011461804416817,1.0-2.0%,1.00-1.02,2025-09-11→2025-09-12
2025-09-11,2025-09-12,C,6600.0,0.0136986301369863,98.56475983326357,0.9465900958307832,16.199833090951415,0.41121970326696433,6587.47,6584.29,0.010958904109589041,99.95630258950227,12.721069035394066,-3.039843495257833,-4.742321343610932,1.0019051995322363,1.0-2.0%,1.00-1.02,2025-09-11→2025-09-12
2025-09-11,2025-09-12,P,6600.0,0.0136986301369863,111.1152045960157,-0.053409904167811675,28.75023897628853,-0.5887771990513264,6587.47,6584.29,0.010958904109589041,115.46463496927649,28.44738586821677,-3.269843495253658,-4.9723114929833905,1.0019051995322363,1.0-2.0%,1.00-1.02,2025-09-11→2025-09-12
2025-09-11,2025-09-12,C,6605.0,0.0136986301369863,97.40713174300689,0.9570199401452697,13.949848108452898,0.3744673245386827,6587.47,6584.29,0.010958904109589041,96.69320989293753,10.695238468058506,-2.656676590337763,-4.509193907966879,1.002664218622791,1.0-2.0%,1.00-1.02,2025-09-11→2025-09-12
2025-09-11,2025-09-12,P,6605.0,0.0136986301369863,114.95759199424572,-0.04298005985295959,31.55025386637226,-0.6252267765446067,6587.47,6584.29,0.010958904109589041,117.20138949421823,31.46455569192858,-2.9366765903324246,-4.788221149412032,1.002664218622791,1.0-2.0%,1.00-1.02,2025-09-11→2025-09-12
2025-09-11,2025-09-12,C,6610.0,0.0136986301369863,94.18870607588153,0.9441943695344355,11.949862693849354,0.3382798412977398,6587.47,6584.29,0.010958904109589041,92.3193434071878,8.92852579342457,-2.2974619048802194,-4.224270104673088,1.0034232377133459,1.0-2.0%,1.00-1.02,2025-09-11→2025-09-12
2025-09-11,2025-09-12,P,6610.0,0.0136986301369863,116.73918181554282,-0.05580563046407323,34.50026857918601,-0.6617170610205568,6587.47,6584.29,0.010958904109589041,117.82737022995714,34.65484262624523,-2.2274619048757662,-4.15426025404556,1.0034232377133459,1.0-2.0%,1.00-1.02,2025-09-11→2025-09-12
2025-09-11,2025-09-12,C,6615.0,0.0136986301369863,95.40664696931042,0.9319521444030991,10.299876470747677,0.3043429189624426,6587.47,6584.29,0.010958904109589041,99.73439576961903,7.4978600252545675,-2.1363921807978747,-4.132189517699345,1.0041822568039005,1.0-2.0%,1.00-1.02,2025-09-11→2025-09-12
2025-09-11,2025-09-12,P,6615.0,0.0136986301369863,122.95713819744302,-0.06804785559529088,37.70028295508837,-0.6971297786397099,6587.47,6584.29,0.010958904109589041,130.2422698139031,38.099682198218034,-1.8163921807930463,-3.816872696074482,1.0041822568039005,1.0-2.0%,1.00-1.02,2025-09-11→2025-09-12
2025-09-11,2025-09-12,C,6620.0,0.0136986301369863,97.92241414682213,0.9496434163340993,8.499891195669761,0.26808872281900376,6587.47,6584.29,0.010958904109589041,97.82657145616841,5.984089346575956,-1.2801339360572874,-3.4474778614354897,1.0049412758944551,1.0-2.0%,1.00-1.02,2025-09-11→2025-09-12
2025-09-11,2025-09-12,P,6620.0,0.0136986301369863,130.47292086339993,-0.050356583664461066,41.15029659355423,-0.7307138505943269,6587.47,6584.29,0.010958904109589041,133.3342927219722,41.791512220002915,-1.2601339360530095,-3.423670044890181,1.0049412758944551,1.0-2.0%,1.00-1.02,2025-09-11→2025-09-12
2025-09-11,2025-09-12,C,6625.0,0.0136986301369863,95.25335374058919,0.9542921591134813,7.149904105163387,0.23624477022582488,6587.47,6584.29,0.010958904109589041,93.82362158251799,4.875963602636148,-0.7653509340188518,-3.0487416306818083,1.00570029498501,1.0-2.0%,1.00-1.02,2025-09-11→2025-09-12
2025-09-11,2025-09-12,P,6625.0,0.0136986301369863,132.80387594563396,-0.04570784088487737,44.7503097081817,-0.7630537206716909,6587.47,6584.29,0.010958904109589041,134.33119006980078,45.6418348768384,-0.6953509340139206,-2.976510831736196,1.00570029498501,1.0-2.0%,1.00-1.02,2025-09-11→2025-09-12
2025-09-11,2025-09-12,C,6630.0,0.0136986301369863,91.73682276740219,0.9246665975289313,5.949916348587067,0.2060948648456778,6587.47,6584.29,0.010958904109589041,97.21434369924359,3.9197123997516883,-0.3845602198577285,-2.669618329790684,1.0064593140755647,1.0-2.0%,1.00-1.02,2025-09-11→2025-09-12
2025-09-11,2025-09-12,P,6630.0,0.0136986301369863,134.28736046089756,-0.07533340246950836,48.500322233923725,-0.7939020374726157,6587.47,6584.29,0.010958904109589041,142.72175940803174,49.64602923257462,-0.5395602198530557,-2.824608479163146,1.0064593140755647,1.0-2.0%,1.00-1.02,2025-09-11→2025-09-12
2025-09-11,2025-09-12,C,6635.0,0.0136986301369863,97.69865470841623,0.9413348340014349,4.849928130994613,0.177026995828076,6587.47,6584.29,0.010958904109589041,98.64987291925483,3.0723846580143572,0.2184447721248377,-2.212054153266666,1.0072183331661193,1.0-2.0%,1.00-1.02,2025-09-11→2025-09-12
2025-09-11,2025-09-12,P,6635.0,0.0136986301369863,145.24920789036676,-0.05866516599707694,52.50033328642712,-0.8211481378673844,6587.47,6584.29,0.010958904109589041,149.15713584954068,53.87325021014203,0.013444772129281107,-2.4112510784185184,1.0072183331661193,1.0-2.0%,1.00-1.02,2025-09-11→2025-09-12
2025-09-11,2025-09-12,C,6640.0,0.0136986301369863,96.21672439089285,0.9510314541607123,3.9999383306112577,0.152138026412997,6587.47,6584.29,0.010958904109589041,95.28682157748584,2.4391729130770727,0.624280024231342,-1.916201076006625,1.0079773522566742,1.0-2.0%,1.00-1.02,2025-09-11→2025-09-12
2025-09-11,2025-09-12,P,6640.0,0.0136986301369863,148.76729306131278,-0.048968545837674474,56.600343766588594,-0.8468436081321978,6587.47,6584.29,0.010958904109589041,150.79393172927973,58.20154593335792,0.44428002423618235,-2.092962673860634,1.0079773522566742,1.0-2.0%,1.00-1.02,2025-09-11→2025-09-12
2025-09-11,2025-09-12,C,6645.0,0.0136986301369863,92.98306505169272,0.9357611328434359,3.2999471456797664,0.13021921730699532,6587.47,6584.29,0.010958904109589041,90.93639693965935,1.9356415538084093,0.8757204024423988,-1.6859028889637167,1.0087363713472288,1.0-2.0%,1.00-1.02,2025-09-11→2025-09-12
2025-09-11,2025-09-12,P,6645.0,0.0136986301369863,150.53364921056485,-0.06423886715494871,60.80035348691672,-0.8708993246908336,6587.47,6584.29,0.010958904109589041,151.44335431294533,62.62718576012867,0.7957204024472444,-1.7694598525171044,1.0087363713472288,1.0-2.0%,1.00-1.02,2025-09-11→2025-09-12
2025-09-11,2025-09-12,C,6650.0,0.0136986301369863,95.06410569861113,0.9273451061516399,2.649955640824828,0.10928915275209472,6587.47,6584.29,0.010958904109589041,98.68738989663268,1.48638807384026,1.198957437562485,-1.402460494248307,1.0094953904377835,1.0-2.0%,1.00-1.02,2025-09-11→2025-09-12
2025-09-11,2025-09-12,P,6650.0,0.0136986301369863,157.61470534592948,-0.07265489384687196,65.20036152616103,-0.8907077495662062,6587.47,6584.29,0.010958904109589041,164.19419449141355,67.21270490666211,0.9689574375669289,-1.6324506436207922,1.0094953904377835,1.0-2.0%,1.00-1.02,2025-09-11→2025-09-12
2025-09-11,2025-09-12,C,6655.0,0.0136986301369863,96.89087602301734,0.9434526991239017,2.0499638005627503,0.08921256630555624,6587.47,6584.29,0.010958904109589041,96.59550013293045,1.0904959870257471,1.600179583214282,-1.116304039148305,1.0102544095283383,1.0-2.0%,1.00-1.02,2025-09-11→2025-09-12
2025-09-11,2025-09-12,P,6655.0,0.0136986301369863,164.44149115879753,-0.05654730087448617,69.70036858586082,-0.908100466376113,6587.47,6584.29,0.010958904109589041,167.1021519492221,71.88086732519696,1.4201795832191118,-1.287759483076309,1.0102544095283383,1.0-2.0%,1.00-1.02,2025-09-11→2025-09-12
2025-09-11,2025-09-12,C,6660.0,0.0136986301369863,94.18694622327371,0.9470044474225389,1.6999692566509452,0.07574311859438339,6587.47,6584.29,0.03561643835616438,143.1362028783897,7.705256535420176,20.711474142803947,17.94086311713016,1.011013428618893,1.0-2.0%,1.00-1.02,2025-09-11→2025-09-12
2025-09-11,2025-09-12,P,6660.0,0.0136986301369863,166.73757684750896,-0.052995552575972,74.10037693098548,-0.9286580488980566,6587.47,6584.29,0.03561643835616438,212.55915748843196,83.021829655705,14.631474142808404,11.846867404503922,1.011013428618893,1.0-2.0%,1.00-1.02,2025-09-11→2025-09-12
2025-09-11,2025-09-12,C,6515.0,0.01643835616438356,123.45149249471554,0.9657684304357256,85.80958121601452,0.7772708065757452,6587.47,6584.29,0.0136986301369863,128.1024460531035,80.72546572878582,-2.2788563912141058,-2.8782788350888984,0.9888873756470409,1.0-2.0%,0.98-1.00,2025-09-11→2025-09-12
2025-09-11,2025-09-12,P,6515.0,0.01643835616438356,50.24741294826393,-0.03423156956491713,12.59725244889205,-0.222841881416323,6587.47,6584.29,0.0136986301369863,57.813629588693516,10.817162852105412,-2.258856391216447,-2.8586371829039723,0.9888873756470409,1.0-2.0%,0.98-1.00,2025-09-11→2025-09-12
2025-09-11,2025-09-12,C,6520.0,0.01643835616438356,121.02750430841445,0.9739030006012191,81.60942059085482,0.7642206571241235,6587.47,6584.29,0.0136986301369863,124.25311816034417,76.51529797452895,-2.15298845808784,-2.819778310345065,0.9896463068639612,1.0-2.0%,0.98-1.00,2025-09-11→2025-09-12
2025-09-11,2025-09-12,P,6520.0,0.01643835616438356,52.82286138547609,-0.02609699939954443,13.397091823731444,-0.23589203086793895,6587.47,6584.29,0.0136986301369863,58.96353514454354,11.60699509784763,-2.3329884580905587,-3.0001366581601143,0.9896463068639612,1.0-2.0%,0.98-1.00,2025-09-11→2025-09-12
2025-09-11,2025-09-12,C,6525.0,0.01643835616438356,117.35326758021071,0.9630940239474852,77.50924734782257,0.7501162903437203,6587.47,6584.29,0.0136986301369863,119.60346714767935,72.40578593576265,-2.487361003846714,-3.1646301967067485,0.9904052380808813,1.0-2.0%,0.98-1.00,2025-09-11→2025-09-12
2025-09-11,2025-09-12,P,6525.0,0.01643835616438356,54.148061280797606,-0.036905976053316566,14.296918580699412,-0.2499963976483466,6587.47,6584.29,0.0136986301369863,59.31311758048905,12.497483059082697,-2.5673610038495585,-3.2449885445218163,0.9904052380808813,1.0-2.0%,0.98-1.00,2025-09-11→2025-09-12
2025-09-11,2025-09-12,C,6530.0,0.01643835616438356,116.9202589432255,0.9550225569297266,73.40906851037653,0.7356601640412201,6587.47,6584.29,0.0136986301369863,123.03754069348668,68.3084263026467,-2.613028268963197,-3.3106006783487114,0.9911641692978015,1.0-2.0%,0.98-1.00,2025-09-11→2025-09-12
2025-09-11,2025-09-12,P,6530.0,0.01643835616438356,58.714489267336845,-0.04497744307104229,15.196739743253602,-0.26445252395084623,6587.47,6584.29,0.0136986301369863,67.74642457489061,13.40012342596674,-2.6930282689659264,-3.3909590261637668,0.9911641692978015,1.0-2.0%,0.98-1.00,2025-09-11→2025-09-12
2025-09-11,2025-09-12,C,6535.0,0.01643835616438356,116.65909865728689,0.9678661951995007,69.40887745425425,0.720163680807449,6587.47,6584.29,0.0136986301369863,120.08160893195287,64.31405711956086,-2.5221854992653148,-3.3098794950321113,0.9919231005147218,1.0-2.0%,0.98-1.00,2025-09-11→2025-09-12
2025-09-11,2025-09-12,P,6535.0,0.01643835616438356,63.45276560492201,-0.03213380480130761,16.196548687131326,-0.279949007184619,6587.47,6584.29,0.0136986301369863,69.78972626195464,14.405754242879766,-2.7521854992681662,-3.5402378428471684,0.9919231005147218,1.0-2.0%,0.98-1.00,2025-09-11→2025-09-12
2025-09-11,2025-09-12,C,6540.0,0.01643835616438356,113.401001679353,0.9683080540393694,65.50867413863216,0.7036715593406203,6587.47,6584.29,0.0136986301369863,115.69709809939857,60.42417800543717,-2.6207803881545266,-3.4623244412966256,0.9926820317316419,1.0-2.0%,0.98-1.00,2025-09-11→2025-09-12
2025-09-11,2025-09-12,P,6540.0,0.01643835616438356,65.19410525050654,-0.03169194596150149,17.296345371509915,-0.2964411286514487,6587.47,6584.29,0.0136986301369863,70.40444887801598,15.515875128756988,-2.8007803881575852,-3.6426827891116944,0.9926820317316419,1.0-2.0%,0.98-1.00,2025-09-11→2025-09-12
2025-09-11,2025-09-12,C,6545.0,0.01643835616438356,109.62293619648923,0.9433880577341087,64.80827815165321,0.671549108028001,6587.47,6584.29,0.0136986301369863,118.0405279197449,59.462167390194736,-6.050025976405271,-6.914473836470773,0.9934409629485622,1.0-2.0%,0.98-1.00,2025-09-11→2025-09-12
2025-09-11,2025-09-12,P,6545.0,0.01643835616438356,66.41547639118703,-0.05661194226660685,18.446133356058,-0.31362210903780513,6587.47,6584.29,0.0136986301369863,77.74711214697734,16.68640313436299,-3.030025976407826,-3.8473183067403114,0.9934409629485622,1.0-2.0%,0.98-1.00,2025-09-11→2025-09-12
2025-09-11,2025-09-12,C,6550.0,0.01643835616438356,113.10481116520627,0.9614036039079058,58.00823298496471,0.667887183179456,6587.47,6584.29,0.0136986301369863,117.06934257251554,52.96348936594222,-2.9427365395725795,-3.876118757489136,0.9941998941654824,1.0-2.0%,0.98-1.00,2025-09-11→2025-09-12
2025-09-11,2025-09-12,P,6550.0,0.01643835616438356,74.89678798341436,-0.038596396092940195,19.745907108475876,-0.33199096316471777,6587.47,6584.29,0.0136986301369863,81.77516024834793,18.009565013192514,-3.07273653957556,-4.005731262863899,0.9941998941654824,1.0-2.0%,0.98-1.00,2025-09-11→2025-09-12
2025-09-11,2025-09-12,C,6555.0,0.01643835616438356,110.6050558763999,0.9688467059208106,52.808082301420654,0.6556652178495425,6587.47,6584.29,0.0136986301369863,113.13117262374065,47.93225884255935,-1.4190674751715404,-2.414984607238264,0.9949588253824027,1.0-2.0%,0.98-1.00,2025-09-11→2025-09-12
2025-09-11,2025-09-12,P,6555.0,0.01643835616438356,77.39646931812801,-0.031153294080136923,20.99567782787608,-0.3505898016640434,6587.47,6584.29,0.0136986301369863,82.83622374817388,19.304098078720926,-3.049067475174844,-4.064875569291759,0.9949588253824027,1.0-2.0%,0.98-1.00,2025-09-11→2025-09-12
2025-09-11,2025-09-12,C,6560.0,0.01643835616438356,107.08487189605826,0.9492357312016442,50.80775422022907,0.6290401507353168,6587.47,6584.29,0.0136986301369863,110.62338627500098,45.84511773395525,-3.0814303747784897,-4.099652320661503,0.9957177565993228,1.0-2.0%,0.98-1.00,2025-09-11→2025-09-12
2025-09-11,2025-09-12,P,6560.0,0.01643835616438356,78.87572196131667,-0.050764268799226644,22.445432155740946,-0.3705296772714996,6587.47,6584.29,0.0136986301369863,85.32767084805613,20.79946479468208,-3.1114303747815546,-4.128284373723476,0.9957177565993228,1.0-2.0%,0.98-1.00,2025-09-11→2025-09-12
2025-09-11,2025-09-12,C,6565.0,0.01643835616438356,109.651270634364,0.9523849444207486,47.307500993517806,0.6085095621543143,6587.47,6584.29,0.0136986301369863,115.03318761011131,42.40552788891773,-3.0714158767417366,-4.164939592349098,0.9964766878162431,1.0-2.0%,0.98-1.00,2025-09-11→2025-09-12
2025-09-11,2025-09-12,P,6565.0,0.01643835616438356,86.44155732315437,-0.047615055580016566,24.045174095902894,-0.3914514407954153,6587.47,6584.29,0.0136986301369863,94.73670563176998,22.451401275546687,-3.3014158767444686,-4.394815581729537,0.9964766878162431,1.0-2.0%,0.98-1.00,2025-09-11→2025-09-12
2025-09-11,2025-09-12,C,6570.0,0.01643835616438356,108.7753683509704,0.9629819283418077,43.90723742990849,0.5871302371891761,6587.47,6584.29,0.0136986301369863,111.92676205813873,39.07764825476943,-3.03771746787278,-4.232925845738258,0.9972356190331633,1.0-2.0%,0.98-1.00,2025-09-11→2025-09-12
2025-09-11,2025-09-12,P,6570.0,0.01643835616438356,90.56509166329555,-0.03701807165886145,25.644910158724997,-0.41286105954011193,6587.47,6584.29,0.0136986301369863,96.6295135284043,24.123510372220608,-3.167717467875187,-4.362898169337673,0.9972356190331633,1.0-2.0%,0.98-1.00,2025-09-11→2025-09-12
2025-09-11,2025-09-12,C,6575.0,0.01643835616438356,105.64648904459902,0.9562175951776971,40.6569627334934,0.5648430091897567,6587.47,6584.29,0.0136986301369863,107.57135847505322,35.90838183125197,-3.0092280473346493,-4.253799230776414,0.9979945502500834,1.0-2.0%,0.98-1.00,2025-09-11→2025-09-12
2025-09-11,2025-09-12,P,6575.0,0.01643835616438356,92.43564898044485,-0.04378240482304426,27.4446339663682,-0.4352696788023108,6587.47,6584.29,0.0136986301369863,97.27334339395004,26.000078954570654,-3.289228047337292,-4.534157578591474,0.9979945502500834,1.0-2.0%,0.98-1.00,2025-09-11→2025-09-12
2025-09-11,2025-09-12,C,6580.0,0.01643835616438356,104.01034092907767,0.9364902882927667,37.70667626294335,0.5416105719476166,6587.47,6584.29,0.0136986301369863,113.29640601311469,33.03586403606914,-3.221960883228732,-4.477678381206424,0.9987534814670037,1.0-2.0%,0.98-1.00,2025-09-11→2025-09-12
2025-09-11,2025-09-12,P,6580.0,0.01643835616438356,95.79893748843854,-0.06350971170811921,29.294350203239446,-0.4582822439747916,6587.47,6584.29,0.0136986301369863,107.99762438059855,27.94453058934141,-3.2519608832318383,-4.507337535839971,0.9987534814670037,1.0-2.0%,0.98-1.00,2025-09-11→2025-09-12
2025-09-11,2025-09-12,C,6585.0,0.01643835616438356,107.52952622503253,0.9562481434626826,34.55638680752736,0.5180793915155757,6587.47,6584.29,0.0136986301369863,111.974888458915,30.00320428258101,-3.009130903788388,-4.402507534980316,0.9995124126839239,1.0-2.0%,0.98-1.00,2025-09-11→2025-09-12
2025-09-11,2025-09-12,P,6585.0,0.01643835616438356,104.31755940791584,-0.04375185653815372,31.34405804040489,-0.48203329647649434,6587.47,6584.29,0.0136986301369863,111.67534027499939,30.0949014059006,-3.2891309037913437,-4.682865882795395,0.9995124126839239,1.0-2.0%,0.98-1.00,2025-09-11→2025-09-12
2025-09-11,2025-09-12,C,6590.0,0.01643835616438356,105.07012839376664,0.9631931190540628,31.706086865830002,0.4937995327403758,6587.47,6584.29,0.0136986301369863,108.08171575135778,27.268453114500062,-2.9370458814078,-4.429717485885462,1.0002713439008442,1.0-2.0%,1.00-1.02,2025-09-11→2025-09-12
2025-09-11,2025-09-12,P,6590.0,0.01643835616438356,106.85759820019226,-0.03680688094664301,33.493758098707076,-0.5063131552516943,6587.47,6584.29,0.0136986301369863,112.7814010160561,32.36015023781965,-3.217045881410337,-4.710075833700537,1.0002713439008442,1.0-2.0%,1.00-1.02,2025-09-11→2025-09-12
2025-09-11,2025-09-12,C,6595.0,0.01643835616438356,101.70165516964225,0.9372395793053333,29.005782067853488,0.4690733865281889,6587.47,6584.29,0.0136986301369863,109.38736629680643,24.69447556178102,-2.9695781378087664,-4.4583466308402215,1.0010302751177644,1.0-2.0%,1.00-1.02,2025-09-11→2025-09-12
2025-09-11,2025-09-12,P,6595.0,0.01643835616438356,108.4885615996026,-0.06276042069529814,35.743452613146474,-0.5310950277098655,6587.47,6584.29,0.0136986301369863,119.08628501010772,34.74080490542883,-3.149578137811069,-4.638882188117529,1.0010302751177644,1.0-2.0%,1.00-1.02,2025-09-11→2025-09-12
2025-09-11,2025-09-12,C,6600.0,0.01643835616438356,106.14693592809174,0.9480887520390072,26.405473160814836,0.44394785823825994,6587.47,6584.29,0.0136986301369863,112.38080938324366,22.235952865413765,-2.7850777685156785,-4.388245810802202,1.0017892063346845,1.0-2.0%,1.00-1.02,2025-09-11→2025-09-12
2025-09-11,2025-09-12,P,6600.0,0.01643835616438356,117.93327898156721,-0.05191124796170183,38.19314439369191,-0.5561648297538093,6587.47,6584.29,0.0136986301369863,127.07896154516696,37.32764998873381,-3.0650777685182327,-4.668604158617281,1.0017892063346845,1.0-2.0%,1.00-1.02,2025-09-11→2025-09-12
2025-09-11,2025-09-12,C,6605.0,0.01643835616438356,104.99308060819462,0.9575375451089109,24.005161351681636,0.4187204946489863,6587.47,6584.29,0.0136986301369863,109.25022320684124,19.98298298153759,-2.7550306065533854,-4.468468827016102,1.0025481375516048,1.0-2.0%,1.00-1.02,2025-09-11→2025-09-12
2025-09-11,2025-09-12,P,6605.0,0.01643835616438356,121.77886028517543,-0.042462454892030155,40.74283089278924,-0.5815293832596623,6587.47,6584.29,0.0136986301369863,128.9476088173766,40.02977487003773,-2.9350306065566656,-4.649263438765892,1.0025481375516048,1.0-2.0%,1.00-1.02,2025-09-11→2025-09-12
2025-09-11,2025-09-12,C,6610.0,0.01643835616438356,101.97180109533868,0.9458274762014247,21.70484810203061,0.3933089459817647,6587.47,6584.29,0.0136986301369863,104.96507217271169,17.844805033420926,-2.592268625679192,-4.349277551777872,1.003307068768525,1.0-2.0%,1.00-1.02,2025-09-11→2025-09-12
2025-09-11,2025-09-12,P,6610.0,0.01643835616438356,123.75701739585799,-0.05417252379935662,43.442517112947826,-0.6069839570410355,6587.47,6584.29,0.0136986301369863,129.66169123185423,42.8918933413097,-2.8222686256819753,-4.580208983390675,1.003307068768525,1.0-2.0%,1.00-1.02,2025-09-11→2025-09-12
2025-09-11,2025-09-12,C,6615.0,0.01643835616438356,102.81331873413731,0.9345139804293563,19.554536089500743,0.36796426759485595,6587.47,6584.29,0.0136986301369863,112.05341721183828,15.865593198038823,-2.478245542234376,-4.279873629048252,1.004065999985445,1.0-2.0%,1.00-1.02,2025-09-11→2025-09-12
2025-09-11,2025-09-12,P,6615.0,0.01643835616438356,129.59797165820694,-0.06548601957115212,46.292204567037516,-0.6323730174084119,6587.47,6584.29,0.0136986301369863,141.74926971957046,45.91302182677191,-2.7082455422362828,-4.510946195358934,1.004065999985445,1.0-2.0%,1.00-1.02,2025-09-11→2025-09-12
2025-09-11,2025-09-12,C,6620.0,0.01643835616438356,104.98662246722287,0.9505515861317015,17.654232699359,0.34338699338359563,6587.47,6584.29,0.0136986301369863,110.31403835395966,14.131808596783003,-2.3272459561009105,-4.258029361040064,1.0048249312023654,1.0-2.0%,1.00-1.02,2025-09-11→2025-09-12
2025-09-11,2025-09-12,P,6620.0,0.01643835616438356,136.77071201478782,-0.049448413869105645,49.29189397169284,-0.6575335497143977,6587.47,6584.29,0.0136986301369863,145.0091243103039,49.091834646888856,-2.1572459561037705,-4.0909566880919765,1.0048249312023654,1.0-2.0%,1.00-1.02,2025-09-11→2025-09-12
2025-09-11,2025-09-12,C,6625.0,0.01643835616438356,102.51940475022535,0.9547775782578638,15.703921238123712,0.31813569326055086,6587.47,6584.29,0.0136986301369863,106.41189555879565,12.37841121497604,-2.013807301139714,-4.0383284954313545,1.0055838624192857,1.0-2.0%,1.00-1.02,2025-09-11→2025-09-12
2025-09-11,2025-09-12,P,6625.0,0.01643835616438356,139.30293092132308,-0.045222421742932596,52.39158461966781,-0.6826119961168843,6587.47,6584.29,0.0136986301369863,146.10621496373386,52.38320210720485,-1.8938073011425387,-3.9207061476518907,1.0055838624192857,1.0-2.0%,1.00-1.02,2025-09-11→2025-09-12
2025-09-11,2025-09-12,C,6630.0,0.01643835616438356,99.22998173528838,0.9276954330434267,14.103632896529916,0.2947293220283203,6587.47,6584.29,0.0136986301369863,109.3657045427445,10.952713876347161,-2.099928522921632,-4.1127607559498545,1.006342793636206,1.0-2.0%,1.00-1.02,2025-09-11→2025-09-12
2025-09-11,2025-09-12,P,6630.0,0.01643835616438356,141.01294452990197,-0.07230456695746783,55.6912861888477,-0.7068385596257738,6587.47,6584.29,0.0136986301369863,154.0592573962981,55.87243909551762,-1.779928522924773,-3.797746619610171,1.006342793636206,1.0-2.0%,1.00-1.02,2025-09-11→2025-09-12
2025-09-11,2025-09-12,C,6635.0,0.01643835616438356,104.46867328423468,0.9426991714186767,12.403330965942132,0.2702351471944179,6587.47,6584.29,0.0136986301369863,111.056853475331,9.463992041080019,-1.5522166348883344,-3.690652231921673,1.007101724853126,1.0-2.0%,1.00-1.02,2025-09-11→2025-09-12
2025-09-11,2025-09-12,P,6635.0,0.01643835616438356,151.251072702388,-0.0573008285820551,59.0909919678661,-0.7307075808531266,6587.47,6584.29,0.0136986301369863,160.74963977749235,59.47076474154255,-1.432216634890952,-3.5736501071131554,1.007101724853126,1.0-2.0%,1.00-1.02,2025-09-11→2025-09-12
2025-09-11,2025-09-12,C,6640.0,0.01643835616438356,103.1260167559272,0.951567963578688,11.003054505518548,0.24780824291141826,6587.47,6584.29,0.0136986301369863,107.81435435942984,8.252926156912736,-1.3740138758194957,-3.611969787541618,1.0078606560700463,1.0-2.0%,1.00-1.02,2025-09-11→2025-09-12
2025-09-11,2025-09-12,P,6640.0,0.01643835616438356,154.90785279759652,-0.048432036422172066,62.6907143088074,-0.7532315531070268,6587.47,6584.29,0.0136986301369863,162.50637411019878,63.26079026763182,-1.3540138758225242,-3.5952763388805673,1.0078606560700463,1.0-2.0%,1.00-1.02,2025-09-11→2025-09-12
2025-09-11,2025-09-12,C,6645.0,0.01643835616438356,100.13291679024148,0.9375458465420018,9.702786168560579,0.22606460912261084,6587.47,6584.29,0.0136986301369863,103.54693858695622,7.145922307163346,-1.0686042079961604,-3.3311145429900306,1.0086195872869665,1.0-2.0%,1.00-1.02,2025-09-11→2025-09-12
2025-09-11,2025-09-12,P,6645.0,0.01643835616438356,156.91418945545107,-0.062454153458670544,66.29043171372723,-0.7761122627182482,6587.47,6584.29,0.0136986301369863,163.23819178636145,67.07239345882317,-0.7986042079986133,-3.068036995444278,1.0086195872869665,1.0-2.0%,1.00-1.02,2025-09-11→2025-09-12
2025-09-11,2025-09-12,C,6650.0,0.01643835616438356,101.87117981184292,0.9296804391205068,8.502527854721166,0.20508380061475256,6587.47,6584.29,0.0136986301369863,111.01531106238846,6.141173502606762,-0.7436162035965181,-3.0478335140450272,1.0093785185038868,1.0-2.0%,1.00-1.02,2025-09-11→2025-09-12
2025-09-11,2025-09-12,P,6650.0,0.01643835616438356,163.6518891005656,-0.07031956088027239,70.14017811476333,-0.7967301989798325,6587.47,6584.29,0.0136986301369863,175.70579771037458,71.1108453053912,-0.5236162035992981,-2.8336020327561107,1.0093785185038868,1.0-2.0%,1.00-1.02,2025-09-11→2025-09-12
2025-09-11,2025-09-12,C,6655.0,0.01643835616438356,103.54379575450055,0.9443890076024639,7.402279737302251,0.18495522594398162,6587.47,6584.29,0.0136986301369863,109.05193576278143,5.236663885694952,-0.3968429558238902,-2.811842381498085,1.0101374497208069,1.0-2.0%,1.00-1.02,2025-09-11→2025-09-12
2025-09-11,2025-09-12,P,6655.0,0.01643835616438356,170.32394166673532,-0.055610992398408,74.08993569119048,-0.8163968524269868,6587.47,6584.29,0.0136986301369863,178.74165585938067,75.24836085999414,-0.22684295582693656,-2.6461419907180384,1.0101374497208069,1.0-2.0%,1.00-1.02,2025-09-11→2025-09-12
2025-09-11,2025-09-12,C,6660.0,0.01643835616438356,101.07603410500273,0.9476282210215626,6.452051633404608,0.16645000835608728,6587.47,6584.29,0.03561643835616438,143.1362028783897,15.94718652284655,15.963457742848844,13.479311026572406,1.0108963809377272,1.0-2.0%,1.00-1.02,2025-09-11→2025-09-12
2025-09-11,2025-09-12,P,6660.0,0.01643835616438356,172.85561664078773,-0.05237177897919711,78.0896979500767,-0.8356838817234951,6587.47,6584.29,0.03561643835616438,212.55915748843196,89.76797316124976,10.633457742846149,8.142525256119054,1.0108963809377272,1.0-2.0%,1.00-1.02,2025-09-11→2025-09-12
2025-09-11,2025-09-12,C,6515.0,0.019178082191780823,130.282553986551,0.9660106703628876,89.74466566243791,0.7573559010619528,6587.47,6584.29,0.01643835616438356,136.90790875064533,84.6586082311378,-2.0780860682457423,-2.7416082346227753,0.9887552117573175,1.0-2.0%,0.98-1.00,2025-09-11→2025-09-12
2025-09-11,2025-09-12,P,6515.0,0.019178082191780823,56.20784878137179,-0.03398932963869901,15.80171729582753,-0.24383085063525736,6587.47,6584.29,0.01643835616438356,65.86673514275826,14.115016986441788,-2.1580860682510736,-2.82538210502019,0.9887552117573175,1.0-2.0%,0.98-1.00,2025-09-11→2025-09-12
2025-09-11,2025-09-12,C,6520.0,0.019178082191780823,127.87390618956644,0.9736307850725388,85.64475474381197,0.744729796925768,6587.47,6584.29,0.01643835616438356,133.12129370384315,80.5590676112779,-2.1538541034690435,-2.8817592457758407,0.9895140415437775,1.0-2.0%,0.98-1.00,2025-09-11→2025-09-12
2025-09-11,2025-09-12,P,6520.0,0.019178082191780823,58.79796943778877,-0.02636921492920628,16.601801850398942,-0.2558159192629007,6587.47,6584.29,0.01643835616438356,67.07877614078538,14.924409574000265,-2.133854103474884,-2.8634946232560994,0.9895140415437775,1.0-2.0%,0.98-1.00,2025-09-11→2025-09-12
2025-09-11,2025-09-12,C,6525.0,0.019178082191780823,124.24051383932463,0.9635004610242434,81.59484763063847,0.7315199978646043,6587.47,6584.29,0.01643835616438356,128.44798550933697,76.51474289395719,-2.28606853394262,-3.02376640679034,0.9902728713302374,1.0-2.0%,0.98-1.00,2025-09-11→2025-09-12
2025-09-11,2025-09-12,P,6525.0,0.019178082191780823,60.16334554097238,-0.03649953897738468,17.551894637973874,-0.2690100199424061,6587.47,6584.29,0.01643835616438356,67.4041239910906,15.880220956308904,-2.266068533948091,-3.0054518634169263,0.9902728713302374,1.0-2.0%,0.98-1.00,2025-09-11→2025-09-12
2025-09-11,2025-09-12,C,6530.0,0.019178082191780823,123.68010806728785,0.9559353259091163,77.59494481397269,0.7177209762387968,6587.47,6584.29,0.01643835616438356,131.84662373052782,72.52632636207727,-2.4601256636087316,-3.2176472955604174,0.9910317011166974,1.0-2.0%,0.98-1.00,2025-09-11→2025-09-12
2025-09-11,2025-09-12,P,6530.0,0.019178082191780823,64.60170822234811,-0.04406467409244489,18.551991706461195,-0.2827926886811551,6587.47,6584.29,0.01643835616438356,75.80141825709057,16.891929221677856,-2.3901256636139876,-3.1492807500061555,0.9910317011166974,1.0-2.0%,0.98-1.00,2025-09-11→2025-09-12
2025-09-11,2025-09-12,C,6535.0,0.019178082191780823,123.29026121259142,0.9679297462863135,73.69504797233458,0.7030742062896582,6587.47,6584.29,0.01643835616438356,128.9996986820887,68.64064074750422,-2.421983406809227,-3.264224023998668,0.9917905309031574,1.0-2.0%,0.98-1.00,2025-09-11→2025-09-12
2025-09-11,2025-09-12,P,6535.0,0.019178082191780823,69.21062982103038,-0.0320702537156015,19.752098240621308,-0.2979187273242684,6587.47,6584.29,0.01643835616438356,77.95314925346476,18.098606470520735,-2.501983406815621,-3.3473815528912585,0.9917905309031574,1.0-2.0%,0.98-1.00,2025-09-11→2025-09-12
2025-09-11,2025-09-12,C,6540.0,0.019178082191780823,120.04267790300712,0.9683275670447044,69.84515489770001,0.687854650711175,6587.47,6584.29,0.01643835616438356,124.65434401642517,64.81247243314283,-2.5707183367975497,-3.462622210738255,0.9925493606896173,1.0-2.0%,0.98-1.00,2025-09-11→2025-09-12
2025-09-11,2025-09-12,P,6540.0,0.019178082191780823,70.96181496488896,-0.03167243295689347,20.902204812020955,-0.3130834553852813,6587.47,6584.29,0.01643835616438356,78.60645063260637,19.27073598897732,-2.6507183368029277,-3.545605388125283,0.9925493606896173,1.0-2.0%,0.98-1.00,2025-09-11→2025-09-12
2025-09-11,2025-09-12,C,6545.0,0.019178082191780823,116.29592405585933,0.9450182889914184,66.09526796689079,0.6718370622362397,6587.47,6584.29,0.01643835616438356,126.6935288578701,61.088817199774894,-2.5948418410070087,-3.4635581420885564,0.9933081904760772,1.0-2.0%,0.98-1.00,2025-09-11→2025-09-12
2025-09-11,2025-09-12,P,6545.0,0.019178082191780823,72.21382957116757,-0.054981711010061884,22.152317438084538,-0.3290424935966578,6587.47,6584.29,0.01643835616438356,85.64429151887548,20.547335379008018,-2.7748418410120106,-3.6463551296374654,0.9933081904760772,1.0-2.0%,0.98-1.00,2025-09-11→2025-09-12
2025-09-11,2025-09-12,C,6550.0,0.019178082191780823,119.30195775905877,0.9617949383418498,62.44538610481868,0.655065149316592,6587.47,6584.29,0.01643835616438356,125.8597694798516,57.47059023861402,-2.541492096072639,-3.5168928251730485,0.9940670202625372,1.0-2.0%,0.98-1.00,2025-09-11→2025-09-12
2025-09-11,2025-09-12,P,6550.0,0.019178082191780823,80.2186317277728,-0.03820506165960025,23.302429765970828,-0.3449897595666511,6587.47,6584.29,0.01643835616438356,89.80918818567348,21.743803555842533,-2.62149209607754,-3.597067435422051,0.9940670202625372,1.0-2.0%,0.98-1.00,2025-09-11→2025-09-12
2025-09-11,2025-09-12,C,6555.0,0.019178082191780823,116.73555060724395,0.9687520248417926,58.84550856983333,0.6377531979736432,6587.47,6584.29,0.01643835616438356,122.00587036390282,53.912205701202765,-2.569368561002816,-3.6219448304436277,0.9948258500489972,1.0-2.0%,0.98-1.00,2025-09-11→2025-09-12
2025-09-11,2025-09-12,P,6555.0,0.019178082191780823,82.65099302935049,-0.031247975159935805,24.702552395331622,-0.3623230714886545,6587.47,6584.29,0.01643835616438356,90.95394511451751,23.185366417967543,-2.699368561008603,-3.7521873673340247,0.9948258500489972,1.0-2.0%,0.98-1.00,2025-09-11→2025-09-12
2025-09-11,2025-09-12,C,6560.0,0.019178082191780823,113.21649019162506,0.9503398618028216,55.34563499269234,0.6197314057300638,6587.47,6584.29,0.01643835616438356,119.27145941425505,50.460794490894386,-2.727919239466751,-3.7792541297782165,0.9955846798354571,1.0-2.0%,0.98-1.00,2025-09-11→2025-09-12
2025-09-11,2025-09-12,P,6560.0,0.019178082191780823,84.1307010671504,-0.049660138198843136,26.202678963249127,-0.3803673313274595,6587.47,6584.29,0.01643835616438356,93.21819020969015,24.73392079509358,-2.7579192394723333,-3.8095681136214297,0.9955846798354571,1.0-2.0%,0.98-1.00,2025-09-11→2025-09-12
2025-09-11,2025-09-12,C,6565.0,0.019178082191780823,115.26846990166408,0.9531955361463181,51.945766600022125,0.6010417688012195,6587.47,6584.29,0.01643835616438356,123.44419125128984,47.11711084360513,-2.768838195054435,-3.8886871752119516,0.9963435096219171,1.0-2.0%,0.98-1.00,2025-09-11→2025-09-12
2025-09-11,2025-09-12,P,6565.0,0.019178082191780823,91.18144923058681,-0.04680446385541891,27.802810735587627,-0.3990804947684438,6587.47,6584.29,0.01643835616438356,102.3895780915382,26.39022219046683,-2.848838195060245,-3.9690759733637666,0.9963435096219171,1.0-2.0%,0.98-1.00,2025-09-11→2025-09-12
2025-09-11,2025-09-12,C,6570.0,0.019178082191780823,114.14727312368223,0.963141618560699,48.54590123870912,0.5819254000813823,6587.47,6584.29,0.01643835616438356,120.4520400934959,43.788885970169304,-2.687209652976697,-3.899477227741035,0.997102339408377,1.0-2.0%,0.98-1.00,2025-09-11→2025-09-12
2025-09-11,2025-09-12,P,6570.0,0.019178082191780823,95.0590209060231,-0.03685838144097869,29.502946951723516,-0.41842079569479074,6587.47,6584.29,0.01643835616438356,104.39608297856508,28.154952930421587,-2.8672096529823228,-4.080578130309556,0.997102339408377,1.0-2.0%,0.98-1.00,2025-09-11→2025-09-12
2025-09-11,2025-09-12,C,6575.0,0.019178082191780823,110.95762848226641,0.9567312278796752,47.09605854545862,0.5594953973617857,6587.47,6584.29,0.01643835616438356,116.18426306481874,42.288099400353076,-4.457594695342355,-5.720804636389358,0.997861169194837,1.0-2.0%,0.98-1.00,2025-09-11→2025-09-12
2025-09-11,2025-09-12,P,6575.0,0.019178082191780823,96.8681447180273,-0.043268772121959294,31.453089683186136,-0.438568395244592,6587.47,6584.29,0.01643835616438356,105.1269619947055,30.16806599642996,-3.0875946953478426,-4.344647496877929,0.997861169194837,1.0-2.0%,0.98-1.00,2025-09-11→2025-09-12
2025-09-11,2025-09-12,C,6580.0,0.019178082191780823,109.12768986865188,0.9380250883022185,42.346186794494315,0.5413798668950488,6587.47,6584.29,0.01643835616438356,121.03357036149067,37.738884332607995,-2.8670802191986735,-4.128412023273588,0.9986199989812969,1.0-2.0%,0.98-1.00,2025-09-11→2025-09-12
2025-09-11,2025-09-12,P,6580.0,0.019178082191780823,100.03697455784044,-0.06197491169924771,33.15323113549084,-0.45877163749128275,6587.47,6584.29,0.01643835616438356,114.9749253361885,31.96568191783581,-2.9470802192036256,-4.208893807222413,0.9986199989812969,1.0-2.0%,0.98-1.00,2025-09-11→2025-09-12
2025-09-11,2025-09-12,C,6585.0,0.019178082191780823,111.98186328415399,0.9566368787336517,39.296334231759374,0.5204485866664325,6587.47,6584.29,0.01643835616438356,119.72998673025683,34.78589734812704,-2.8078947256267037,-4.194973494400587,0.9993788287677569,1.0-2.0%,0.98-1.00,2025-09-11→2025-09-12
2025-09-11,2025-09-12,P,6585.0,0.019178082191780823,107.88991642672585,-0.043363121267997955,35.2033792415441,-0.4797977833345266,6587.47,6584.29,0.01643835616438356,118.66999774977823,34.105489071372176,-2.887894725632246,-4.275756951003935,0.9993788287677569,1.0-2.0%,0.98-1.00,2025-09-11→2025-09-12
2025-09-11,2025-09-12,C,6590.0,0.019178082191780823,109.35991749594521,0.9632341906984794,36.396485289535576,0.49900121580611034,6587.47,6584.29,0.01643835616438356,115.96111873751586,31.989768535543135,-2.6869152735785624,-4.163176133736431,1.0001376585542168,1.0-2.0%,1.00-1.02,2025-09-11→2025-09-12
2025-09-11,2025-09-12,P,6590.0,0.019178082191780823,110.26673909194095,-0.03676580930314109,37.303530299320755,-0.5012451541948483,6587.47,6584.29,0.01643835616438356,119.89978580184318,36.309360258789184,-2.766915273583998,-4.243959590339762,1.0001376585542168,1.0-2.0%,1.00-1.02,2025-09-11→2025-09-12
2025-09-11,2025-09-12,C,6595.0,0.019178082191780823,105.91247730752444,0.9384357230566243,33.646639118172516,0.4771606695078226,6587.47,6584.29,0.01643835616438356,116.70610889572323,29.35053726711112,-2.7157744006796576,-4.182629070964981,1.0008964883406768,1.0-2.0%,1.00-1.02,2025-09-11→2025-09-12
2025-09-11,2025-09-12,P,6595.0,0.019178082191780823,111.81806735692977,-0.06156427694505231,39.55368412795633,-0.5230857004931365,6587.47,6584.29,0.01643835616438356,125.64343200488135,38.670128990355806,-2.8457744006852757,-4.3134125275683175,1.0008964883406768,1.0-2.0%,1.00-1.02,2025-09-11→2025-09-12
2025-09-11,2025-09-12,C,6600.0,0.019178082191780823,109.67638459461315,0.9486776280840925,30.996795185462815,0.4549851544526214,6587.47,6584.29,0.01643835616438356,119.35251607172054,26.82207604480982,-2.5832051426923113,-4.153147208840533,1.0016553181271368,1.0-2.0%,1.00-1.02,2025-09-11→2025-09-12
2025-09-11,2025-09-12,P,6600.0,0.019178082191780823,120.58074309742477,-0.051322371917549556,41.903840195247085,-0.5452612155483374,6587.47,6584.29,0.01643835616438356,133.2884952256833,41.14166776805496,-2.763205142697831,-4.33393066544388,1.0016553181271368,1.0-2.0%,1.00-1.02,2025-09-11→2025-09-12
2025-09-11,2025-09-12,C,6605.0,0.019178082191780823,108.24476479758178,0.9577342362882667,28.59695143515637,0.43281807781856024,6587.47,6584.29,0.01643835616438356,116.36202928204925,24.54179347925765,-2.6044051286030316,-4.273638512536851,1.0024141479135966,1.0-2.0%,1.00-1.02,2025-09-11→2025-09-12
2025-09-11,2025-09-12,P,6605.0,0.019178082191780823,124.14789175381316,-0.042265763713340815,44.553995730124825,-0.5673267820628385,6587.47,6584.29,0.01643835616438356,135.29666448081753,43.90714811972157,-2.7844051286084275,-4.454099166959983,1.0024141479135966,1.0-2.0%,1.00-1.02,2025-09-11→2025-09-12
2025-09-11,2025-09-12,C,6610.0,0.019178082191780823,105.10089062385391,0.9464137386707419,26.197109904861463,0.4103187073401278,6587.47,6584.29,0.01643835616438356,112.22379616473883,22.280101097860552,-2.490404311026769,-4.195186510658278,1.0031729777000566,1.0-2.0%,1.00-1.02,2025-09-11→2025-09-12
2025-09-11,2025-09-12,P,6610.0,0.019178082191780823,126.00278603349753,-0.05358626133088405,47.15415396727121,-0.5897931349907571,6587.47,6584.29,0.01643835616438356,136.1570874083165,46.64524528074571,-2.670404311032234,-4.375542169270787,1.0031729777000566,1.0-2.0%,1.00-1.02,2025-09-11→2025-09-12
2025-09-11,2025-09-12,C,6615.0,0.019178082191780823,105.60303381210308,0.9353941045919842,23.89726947044801,0.387666328992669,6587.47,6584.29,0.01643835616438356,118.55156251184567,20.128781987939874,-2.325446747397215,-4.067221073803196,1.0039318074865167,1.0-2.0%,1.00-1.02,2025-09-11→2025-09-12
2025-09-11,2025-09-12,P,6615.0,0.019178082191780823,131.50369767516884,-0.06460589540943559,49.85431329037647,-0.6124111575525785,6587.47,6584.29,0.01643835616438356,147.48350980024307,49.49368434810094,-2.5554467474020255,-4.297467481017379,1.0039318074865167,1.0-2.0%,1.00-1.02,2025-09-11→2025-09-12
2025-09-11,2025-09-12,C,6620.0,0.019178082191780823,107.35408561072111,0.9508767837117889,21.797427046059966,0.3653087269126015,6587.47,6584.29,0.01643835616438356,116.941631920542,18.17773700246471,-2.176211827796234,-4.03831824841782,1.0046906372729765,1.0-2.0%,1.00-1.02,2025-09-11→2025-09-12
2025-09-11,2025-09-12,P,6620.0,0.019178082191780823,138.253517927173,-0.04912321628991469,52.7544706660392,-0.6347340964843956,6587.47,6584.29,0.01643835616438356,150.87223525375532,52.5423715765628,-2.406211827801943,-4.268454426820563,1.0046906372729765,1.0-2.0%,1.00-1.02,2025-09-11→2025-09-12
2025-09-11,2025-09-12,C,6625.0,0.019178082191780823,104.7515862033205,0.9549744562698149,19.797583890924216,0.3430226805948851,6587.47,6584.29,0.01643835616438356,113.22162425068608,16.335422067196305,-2.0131812290617113,-3.9591878757081664,1.0054494670594365,1.0-2.0%,1.00-1.02,2025-09-11→2025-09-12
2025-09-11,2025-09-12,P,6625.0,0.019178082191780823,140.6497869732028,-0.045025543731755976,55.75462721464646,-0.6569842740449879,6587.47,6584.29,0.01643835616438356,152.15088362871367,55.69975710171548,-2.1931812290669943,-4.13920999146325,1.0054494670594365,1.0-2.0%,1.00-1.02,2025-09-11→2025-09-12
2025-09-11,2025-09-12,C,6630.0,0.019178082191780823,101.37524598147407,0.9285492427842642,17.89773989253763,0.3208564912153468,6587.47,6584.29,0.01643835616438356,115.70646892934741,14.601301318989954,-1.8472134079457687,-3.7796763579351027,1.0062082968458965,1.0-2.0%,1.00-1.02,2025-09-11→2025-09-12
2025-09-11,2025-09-12,P,6630.0,0.019178082191780823,142.27221520476735,-0.07145075721732937,58.85478295999019,-0.6791132249372892,6587.47,6584.29,0.01643835616438356,159.63438435217813,58.96530345661995,-1.7772134079511324,-3.7095800553007816,1.0062082968458965,1.0-2.0%,1.00-1.02,2025-09-11→2025-09-12
2025-09-11,2025-09-12,C,6635.0,0.019178082191780823,106.18305685088119,0.9431096047792651,16.19789050868212,0.2994900943754931,6587.47,6584.29,0.01643835616438356,117.34768800531816,13.062834492299089,-1.6509114568016612,-3.697621499885843,1.0069671266323563,1.0-2.0%,1.00-1.02,2025-09-11→2025-09-12
2025-09-11,2025-09-12,P,6635.0,0.019178082191780823,152.07879452758277,-0.056890395222262635,62.154933311469904,-0.700442910580841,6587.47,6584.29,0.01643835616438356,166.27425947297417,62.42648293015736,-1.5809114568068174,-3.627408455647284,1.0069671266323563,1.0-2.0%,1.00-1.02,2025-09-11→2025-09-12
2025-09-11,2025-09-12,C,6640.0,0.019178082191780823,104.69641784251559,0.9517821227999661,14.59803833027786,0.2785029884748806,6587.47,6584.29,0.01643835616438356,114.30011535291038,11.629610759751586,-1.42333284949583,-3.564360496649798,1.0077259564188163,1.0-2.0%,1.00-1.02,2025-09-11→2025-09-12
2025-09-11,2025-09-12,P,6640.0,0.019178082191780823,155.5909239726085,-0.04821787720186047,65.5050833400619,-0.7217433815260776,6587.47,6584.29,0.01643835616438356,168.22534286536103,65.94920248299695,-1.303332849501936,-3.4451439532531425,1.0077259564188163,1.0-2.0%,1.00-1.02,2025-09-11→2025-09-12
2025-09-11,2025-09-12,C,6645.0,0.019178082191780823,101.63575203588857,0.9380044160918101,13.048186039462735,0.25756851143204407,6587.47,6584.29,0.01643835616438356,110.20518754130617,10.257324515250048,-1.217145956827772,-3.380932133646026,1.0084847862052764,1.0-2.0%,1.00-1.02,2025-09-11→2025-09-12
2025-09-11,2025-09-12,P,6645.0,0.019178082191780823,157.52902661942716,-0.06199558390963673,69.05522550018213,-0.7418964591779472,6587.47,6584.29,0.01643835616438356,169.12907109859194,69.66341557162104,-1.1471459568326656,-3.309230740186091,1.0084847862052764,1.0-2.0%,1.00-1.02,2025-09-11→2025-09-12
2025-09-11,2025-09-12,C,6650.0,0.019178082191780823,103.17480003673796,0.9302252476111571,11.748321064297443,0.23836070035224097,6587.47,6584.29,0.01643835616438356,117.08957385583466,9.117317743864305,-1.1418837125962495,-3.342012972879804,1.0092436159917362,1.0-2.0%,1.00-1.02,2025-09-11→2025-09-12
2025-09-11,2025-09-12,P,6650.0,0.019178082191780823,164.06684307366857,-0.06977475239044398,72.65536607408194,-0.7618856696487147,6587.47,6584.29,0.01643835616438356,181.01211345793197,73.43690946711013,-0.921883712601635,-3.1227964294831376,1.0092436159917362,1.0-2.0%,1.00-1.02,2025-09-11→2025-09-12
2025-09-11,2025-09-12,C,6655.0,0.019178082191780823,104.65949209376457,0.9446691235702491,10.398461021265575,0.21849088241533804,6587.47,6584.29,0.01643835616438356,115.27388309589327,7.950099070331589,-0.745952187046333,-3.0551989939191615,1.0100024457781962,1.0-2.0%,1.00-1.02,2025-09-11→2025-09-12
2025-09-11,2025-09-12,P,6655.0,0.019178082191780823,170.55030358410076,-0.05533087643136489,76.35550271117245,-0.7812841237598565,6587.47,6584.29,0.01643835616438356,184.19507874278926,77.31201362534648,-0.625952187051745,-2.9344835135565597,1.0100024457781962,1.0-2.0%,1.00-1.02,2025-09-11→2025-09-12
2025-09-11,2025-09-12,C,6660.0,0.019178082191780823,102.16358184530009,0.947853962745827,9.348582400094983,0.2012585480913194,6587.47,6584.29,0.03561643835616438,143.1362028783897,18.246581057025196,13.064175601532005,10.690002182930453,1.0107612755646562,1.0-2.0%,1.00-1.02,2025-09-11→2025-09-12
2025-09-11,2025-09-12,P,6660.0,0.019178082191780823,173.05316178905414,-0.05214603725588513,80.15563460441808,-0.8000090812469521,6587.47,6584.29,0.03561643835616438,212.55915748843196,90.7845600469982,8.58417560152627,6.205971121634459,1.0107612755646562,1.0-2.0%,1.00-1.02,2025-09-11→2025-09-12
2025-09-11,2025-09-12,C,6550.0,0.021917808219178082,122.6083605198566,0.9619566685945333,66.50231246273597,0.6455779094103457,6587.47,6584.29,0.019178082191780823,132.3939174898117,61.615424629269,-2.440977793869104,-3.447062248074913,0.9939447394250307,2.0-3.0%,0.98-1.00,2025-09-11→2025-09-12
2025-09-11,2025-09-12,C,6550.0,0.021917808219178082,122.6083605198566,0.9619566685945333,66.50231246273597,0.6455779094103457,6587.47,6584.29,0.019178082191780823,132.3939174898117,61.615424629269,-4.290977793869098,-5.297062248074907,0.9939447394250307,2.0-3.0%,0.98-1.00,2025-09-11→2025-09-12
2025-09-11,2025-09-12,P,6550.0,0.021917808219178082,82.71951314009513,-0.038043331405100377,24.948749098110966,-0.3492088211030349,6587.47,6584.29,0.019178082191780823,92.06557215319535,23.649016002273584,-2.420977793868231,-3.4104840511077534,0.9939447394250307,2.0-3.0%,0.98-1.00,2025-09-11→2025-09-12
2025-09-11,2025-09-12,P,6550.0,0.021917808219178082,82.71951314009513,-0.038043331405100377,24.948749098110966,-0.3492088211030349,6587.47,6584.29,0.019178082191780823,92.06557215319535,23.649016002273584,-4.020977793868233,-5.010484051107754,0.9939447394250307,2.0-3.0%,0.98-1.00,2025-09-11→2025-09-12
2025-09-11,2025-09-12,C,6555.0,0.021917808219178082,119.96369204797347,0.9686952834810793,62.902255626187525,0.6296705892127552,6587.47,6584.29,0.019178082191780823,128.45545807501438,58.06135693901615,-2.4695489985298833,-3.5476475263032525,0.9947034758673399,2.0-3.0%,0.98-1.00,2025-09-11→2025-09-12
2025-09-11,2025-09-12,C,6555.0,0.021917808219178082,119.96369204797347,0.9686952834810793,62.902255626187525,0.6296705892127552,6587.47,6584.29,0.019178082191780823,128.45545807501438,58.06135693901615,-4.319548998529885,-5.397647526303254,0.9947034758673399,2.0-3.0%,0.98-1.00,2025-09-11→2025-09-12
2025-09-11,2025-09-12,P,6555.0,0.021917808219178082,85.07299821983756,-0.03130471651847027,26.348690254639678,-0.3657248297295402,6587.47,6584.29,0.019178082191780823,93.1225033144913,25.093890992607157,-2.5495489985287474,-3.613004958540047,0.9947034758673399,2.0-3.0%,0.98-1.00,2025-09-11→2025-09-12
2025-09-11,2025-09-12,P,6555.0,0.021917808219178082,85.07299821983756,-0.03130471651847027,26.348690254639678,-0.3657248297295402,6587.47,6584.29,0.019178082191780823,93.1225033144913,25.093890992607157,-4.149548998528745,-5.213004958540045,0.9947034758673399,2.0-3.0%,0.98-1.00,2025-09-11→2025-09-12
2025-09-11,2025-09-12,C,6560.0,0.021917808219178082,116.39729868564288,0.9508258348818724,59.40219624613883,0.6131317247227294,6587.47,6584.29,0.019178082191780823,125.52945391407246,54.61255296661375,-2.5763738450753704,-3.6502411153815437,0.995462212309649,2.0-3.0%,0.98-1.00,2025-09-11→2025-09-12
2025-09-11,2025-09-12,C,6560.0,0.021917808219178082,116.39729868564288,0.9508258348818724,59.40219624613883,0.6131317247227294,6587.47,6584.29,0.019178082191780823,125.52945391407246,54.61255296661375,-4.376373845075374,-5.450241115381548,0.995462212309649,2.0-3.0%,0.98-1.00,2025-09-11→2025-09-12
2025-09-11,2025-09-12,P,6560.0,0.021917808219178082,86.50475840912353,-0.04917416511764155,27.8486284128212,-0.3829051806757725,6587.47,6584.29,0.019178082191780823,95.1918897296394,26.64449660255059,-2.7063738450741153,-3.7676384745490688,0.995462212309649,2.0-3.0%,0.98-1.00,2025-09-11→2025-09-12
2025-09-11,2025-09-12,P,6560.0,0.021917808219178082,86.50475840912353,-0.04917416511764155,27.8486284128212,-0.3829051806757725,6587.47,6584.29,0.019178082191780823,95.1918897296394,26.64449660255059,-4.456373845074115,-5.517638474549068,0.995462212309649,2.0-3.0%,0.98-1.00,2025-09-11→2025-09-12
2025-09-11,2025-09-12,C,6565.0,0.021917808219178082,118.22315817774472,0.9535668927445756,55.902135637712036,0.5962139270065149,6587.47,6584.29,0.019178082191780823,129.1245800298089,51.17565340637884,-2.5676572810719733,-3.7040397121191106,0.9962209487519582,2.0-3.0%,0.98-1.00,2025-09-11→2025-09-12
2025-09-11,2025-09-12,C,6565.0,0.021917808219178082,118.22315817774472,0.9535668927445756,55.902135637712036,0.5962139270065149,6587.47,6584.29,0.019178082191780823,129.1245800298089,51.17565340637884,-4.417657281071975,-5.554039712119112,0.9962209487519582,2.0-3.0%,0.98-1.00,2025-09-11→2025-09-12
2025-09-11,2025-09-12,P,6565.0,0.021917808219178082,93.32877145286312,-0.04643310725478089,29.398565037238313,-0.40059291758756854,6587.47,6584.29,0.019178082191780823,103.7824064214209,28.254444293063898,-2.7476572810702145,-3.8738854779285825,0.9962209487519582,2.0-3.0%,0.98-1.00,2025-09-11→2025-09-12
2025-09-11,2025-09-12,P,6565.0,0.021917808219178082,93.32877145286312,-0.04643310725478089,29.398565037238313,-0.40059291758756854,6587.47,6584.29,0.019178082191780823,103.7824064214209,28.254444293063898,-4.4976572810702145,-5.6238854779285825,0.9962209487519582,2.0-3.0%,0.98-1.00,2025-09-11→2025-09-12
2025-09-11,2025-09-12,C,6570.0,0.021917808219178082,116.97063407467436,0.9632198806484822,52.602072149597916,0.5784901066472642,6587.47,6584.29,0.019178082191780823,125.9777765671119,47.939007003505594,-2.586960779537545,-3.81040146086153,0.9969796851942674,2.0-3.0%,0.98-1.00,2025-09-11→2025-09-12
2025-09-11,2025-09-12,C,6570.0,0.021917808219178082,116.97063407467436,0.9632198806484822,52.602072149597916,0.5784901066472642,6587.47,6584.29,0.019178082191780823,125.9777765671119,47.939007003505594,-4.1869607795375465,-5.410401460861531,0.9969796851942674,2.0-3.0%,0.98-1.00,2025-09-11→2025-09-12
2025-09-11,2025-09-12,P,6570.0,0.021917808219178082,97.07440090139347,-0.036780119351043625,31.04849943588033,-0.4189065941844873,6587.47,6584.29,0.019178082191780823,105.63099353482067,29.971257848849746,-2.7169607795363273,-3.932122969506789,0.9969796851942674,2.0-3.0%,0.98-1.00,2025-09-11→2025-09-12
2025-09-11,2025-09-12,P,6570.0,0.021917808219178082,97.07440090139347,-0.036780119351043625,31.04849943588033,-0.4189065941844873,6587.47,6584.29,0.019178082191780823,105.63099353482067,29.971257848849746,-4.366960779536329,-5.582122969506791,0.9969796851942674,2.0-3.0%,0.98-1.00,2025-09-11→2025-09-12
2025-09-11,2025-09-12,C,6575.0,0.021917808219178082,113.71974885421773,0.9569745928843935,49.40200609187559,0.5602533585039876,6587.47,6584.29,0.019178082191780823,121.6063839362206,44.80914092784451,-2.656820794627346,-3.918394319957152,0.9977384216365766,2.0-3.0%,0.98-1.00,2025-09-11→2025-09-12
2025-09-11,2025-09-12,C,6575.0,0.021917808219178082,113.71974885421773,0.9569745928843935,49.40200609187559,0.5602533585039876,6587.47,6584.29,0.019178082191780823,121.6063839362206,44.80914092784451,-4.20682079462735,-5.468394319957156,0.9977384216365766,2.0-3.0%,0.98-1.00,2025-09-11→2025-09-12
2025-09-11,2025-09-12,P,6575.0,0.021917808219178082,98.82166923253851,-0.04302540711531892,32.84843233953825,-0.43787850825227037,6587.47,6584.29,0.019178082191780823,106.2549914800183,31.842382518510476,-2.6868207946267204,-3.942453656242341,0.9977384216365766,2.0-3.0%,0.98-1.00,2025-09-11→2025-09-12
2025-09-11,2025-09-12,P,6575.0,0.021917808219178082,98.82166923253851,-0.04302540711531892,32.84843233953825,-0.43787850825227037,6587.47,6584.29,0.019178082191780823,106.2549914800183,31.842382518510476,-4.2868207946267285,-5.542453656242349,0.9977384216365766,2.0-3.0%,0.98-1.00,2025-09-11→2025-09-12
2025-09-11,2025-09-12,C,6580.0,0.021917808219178082,111.78386076907398,0.9387417391290789,46.251939948386735,0.5415873983114272,6587.47,6584.29,0.019178082191780823,125.79103123768184,41.73956220633272,-2.6648012695692547,-3.9277520733695024,0.9984971580788857,2.0-3.0%,0.98-1.00,2025-09-11→2025-09-12
2025-09-11,2025-09-12,C,6580.0,0.021917808219178082,111.78386076907398,0.9387417391290789,46.251939948386735,0.5415873983114272,6587.47,6584.29,0.019178082191780823,125.79103123768184,41.73956220633272,-4.214801269569252,-5.4777520733694995,0.9984971580788857,2.0-3.0%,0.98-1.00,2025-09-11→2025-09-12
2025-09-11,2025-09-12,P,6580.0,0.021917808219178082,101.88393469902202,-0.06125826087057311,34.69836187286228,-0.4573044156335897,6587.47,6584.29,0.019178082191780823,115.43502935755335,33.77436360443926,-2.794801269568442,-4.05422804171495,0.9984971580788857,2.0-3.0%,0.98-1.00,2025-09-11→2025-09-12
2025-09-11,2025-09-12,P,6580.0,0.021917808219178082,101.88393469902202,-0.06125826087057311,34.69836187286228,-0.4573044156335897,6587.47,6584.29,0.019178082191780823,115.43502935755335,33.77436360443926,-4.394801269568436,-5.654228041714944,0.9984971580788857,2.0-3.0%,0.98-1.00,2025-09-11→2025-09-12
2025-09-11,2025-09-12,C,6585.0,0.021917808219178082,114.38481677144019,0.9568434817036786,43.2018713905145,0.5224443855173625,6587.47,6584.29,0.019178082191780823,124.18962376744258,38.77758047861971,-2.6072377281820294,-3.988626854054641,0.9992558945211949,2.0-3.0%,0.98-1.00,2025-09-11→2025-09-12
2025-09-11,2025-09-12,C,6585.0,0.021917808219178082,114.38481677144019,0.9568434817036786,43.2018713905145,0.5224443855173625,6587.47,6584.29,0.019178082191780823,124.18962376744258,38.77758047861971,-4.207237728182024,-5.588626854054635,0.9992558945211949,2.0-3.0%,0.98-1.00,2025-09-11→2025-09-12
2025-09-11,2025-09-12,P,6585.0,0.021917808219178082,109.48304425302514,-0.043156518295732825,36.6482904815316,-0.4772401631459317,6587.47,6584.29,0.019178082191780823,118.82901246338672,35.814562671517706,-2.7372377281804514,-4.11762371880421,0.9992558945211949,2.0-3.0%,0.98-1.00,2025-09-11→2025-09-12
2025-09-11,2025-09-12,P,6585.0,0.021917808219178082,109.48304425302514,-0.043156518295732825,36.6482904815316,-0.4772401631459317,6587.47,6584.29,0.019178082191780823,118.82901246338672,35.814562671517706,-4.337237728180446,-5.717623718804204,0.9992558945211949,2.0-3.0%,0.98-1.00,2025-09-11→2025-09-12
2025-09-11,2025-09-12,C,6590.0,0.021917808219178082,111.68027785821202,0.9632766570030922,40.3018012631951,0.5028668935774037,6587.47,6584.29,0.019178082191780823,120.25594047163393,35.97023018543268,-2.586780230729885,-4.050883278423709,1.000014630963504,2.0-3.0%,1.00-1.02,2025-09-11→2025-09-12
2025-09-11,2025-09-12,C,6590.0,0.021917808219178082,111.68027785821202,0.9632766570030922,40.3018012631951,0.5028668935774037,6587.47,6584.29,0.019178082191780823,120.25594047163393,35.97023018543268,-4.186780230729894,-5.650883278423717,1.000014630963504,2.0-3.0%,1.00-1.02,2025-09-11→2025-09-12
2025-09-11,2025-09-12,P,6590.0,0.021917808219178082,111.77665889139647,-0.036723342996514516,38.698217378742356,-0.49764829879308314,6587.47,6584.29,0.019178082191780823,119.89071974366182,37.96332063666523,-2.6667802307289312,-4.1325215901621535,1.000014630963504,2.0-3.0%,1.00-1.02,2025-09-11→2025-09-12
2025-09-11,2025-09-12,P,6590.0,0.021917808219178082,111.77665889139647,-0.036723342996514516,38.698217378742356,-0.49764829879308314,6587.47,6584.29,0.019178082191780823,119.89071974366182,37.96332063666523,-4.366780230728934,-5.832521590162156,1.000014630963504,2.0-3.0%,1.00-1.02,2025-09-11→2025-09-12
2025-09-11,2025-09-12,C,6595.0,0.021917808219178082,108.17521347722787,0.9390383496043261,37.45172977458378,0.48290951236925317,6587.47,6584.29,0.019178082191780823,120.64667761048399,33.22420988736121,-2.563858048257974,-4.014347750665639,1.0007733674058132,2.0-3.0%,1.00-1.02,2025-09-11→2025-09-12
2025-09-11,2025-09-12,C,6595.0,0.021917808219178082,108.17521347722787,0.9390383496043261,37.45172977458378,0.48290951236925317,6587.47,6584.29,0.019178082191780823,120.64667761048399,33.22420988736121,-4.163858048257968,-5.614347750665633,1.0007733674058132,2.0-3.0%,1.00-1.02,2025-09-11→2025-09-12
2025-09-11,2025-09-12,P,6595.0,0.021917808219178082,113.26974806201864,-0.06096165039543701,40.8981428277375,-0.5184606180501801,6587.47,6584.29,0.019178082191780823,125.27684745858926,40.26753447885767,-2.7438580482575046,-4.198704765399721,1.0007733674058132,2.0-3.0%,1.00-1.02,2025-09-11→2025-09-12
2025-09-11,2025-09-12,P,6595.0,0.021917808219178082,113.26974806201864,-0.06096165039543701,40.8981428277375,-0.5184606180501801,6587.47,6584.29,0.019178082191780823,125.27684745858926,40.26753447885767,-3.9438580482575074,-5.3987047653997235,1.0007733674058132,2.0-3.0%,1.00-1.02,2025-09-11→2025-09-12
2025-09-11,2025-09-12,C,6600.0,0.021917808219178082,111.67572116587907,0.9490090316386456,34.75165716508627,0.4626456025748318,6587.47,6584.29,0.019178082191780823,122.78572556549061,30.633018939488466,-2.532151279388828,-4.078786983811898,1.0015321038481224,2.0-3.0%,1.00-1.02,2025-09-11→2025-09-12
2025-09-11,2025-09-12,C,6600.0,0.021917808219178082,111.67572116587907,0.9490090316386456,34.75165716508627,0.4626456025748318,6587.47,6584.29,0.019178082191780823,122.78572556549061,30.633018939488466,-4.082151279388825,-5.628786983811895,1.0015321038481224,2.0-3.0%,1.00-1.02,2025-09-11→2025-09-12
2025-09-11,2025-09-12,P,6600.0,0.021917808219178082,121.7684093022929,-0.050990968361092695,43.148066798748914,-0.5396759182780171,6587.47,6584.29,0.019178082191780823,132.4112859896723,42.6340796431723,-2.5621512793882952,-4.116169420124257,1.0015321038481224,2.0-3.0%,1.00-1.02,2025-09-11→2025-09-12
2025-09-11,2025-09-12,P,6600.0,0.021917808219178082,121.7684093022929,-0.050990968361092695,43.148066798748914,-0.5396759182780171,6587.47,6584.29,0.019178082191780823,132.4112859896723,42.6340796431723,-4.212151279388287,-5.766169420124249,1.0015321038481224,2.0-3.0%,1.00-1.02,2025-09-11→2025-09-12
2025-09-11,2025-09-12,C,6605.0,0.021917808219178082,110.12476072515032,0.9578688260001218,32.15158416660324,0.44211158286312424,6587.47,6584.29,0.019178082191780823,119.58607043763925,28.150002700459027,-2.3539771333193324,-3.994085166495135,1.0022908402904316,2.0-3.0%,1.00-1.02,2025-09-11→2025-09-12
2025-09-11,2025-09-12,C,6605.0,0.021917808219178082,110.12476072515032,0.9578688260001218,32.15158416660324,0.44211158286312424,6587.47,6584.29,0.019178082191780823,119.58607043763925,28.150002700459027,-3.953977133319334,-5.5940851664951365,1.0022908402904316,2.0-3.0%,1.00-1.02,2025-09-11→2025-09-12
2025-09-11,2025-09-12,P,6605.0,0.021917808219178082,125.21560241320668,-0.04213117399934905,45.59799017599016,-0.5610764503836285,6587.47,6584.29,0.019178082191780823,134.2070214379049,45.20249440701673,-2.533977133317941,-4.184223112220101,1.0022908402904316,2.0-3.0%,1.00-1.02,2025-09-11→2025-09-12
2025-09-11,2025-09-12,P,6605.0,0.021917808219178082,125.21560241320668,-0.04213117399934905,45.59799017599016,-0.5610764503836285,6587.47,6584.29,0.019178082191780823,134.2070214379049,45.20249440701673,-4.233977133317937,-5.884223112220097,1.0022908402904316,2.0-3.0%,1.00-1.02,2025-09-11→2025-09-12
2025-09-11,2025-09-12,C,6610.0,0.021917808219178082,106.91808270645268,0.9467575395454111,29.751510043839062,0.4215671685878487,6587.47,6584.29,0.019178082191780823,115.29615417572252,25.867552319818515,-2.4393110242453164,-4.109416403890518,1.003049576732741,2.0-3.0%,1.00-1.02,2025-09-11→2025-09-12
2025-09-11,2025-09-12,C,6610.0,0.021917808219178082,106.91808270645268,0.9467575395454111,29.751510043839062,0.4215671685878487,6587.47,6584.29,0.019178082191780823,115.29615417572252,25.867552319818515,-3.9393110242453164,-5.609416403890518,1.003049576732741,2.0-3.0%,1.00-1.02,2025-09-11→2025-09-12
2025-09-11,2025-09-12,P,6610.0,0.021917808219178082,127.00707794611407,-0.053242460454158924,48.147912776257726,-0.5826842045983612,6587.47,6584.29,0.019178082191780823,134.91249575208852,47.87953432200811,-2.469311024244245,-4.152935770622962,1.003049576732741,2.0-3.0%,1.00-1.02,2025-09-11→2025-09-12
2025-09-11,2025-09-12,P,6610.0,0.021917808219178082,127.00707794611407,-0.053242460454158924,48.147912776257726,-0.5826842045983612,6587.47,6584.29,0.019178082191780823,134.91249575208852,47.87953432200811,-4.119311024244237,-5.802935770622954,1.003049576732741,2.0-3.0%,1.00-1.02,2025-09-11→2025-09-12
2025-09-11,2025-09-12,C,6615.0,0.021917808219178082,107.26360395955696,0.9359093471732578,27.351435201037475,0.4006727580891565,6587.47,6584.29,0.019178082191780823,121.17286425622983,23.60046507887455,-2.2738082759887677,-3.975860629276366,1.0038083131750501,2.0-3.0%,1.00-1.02,2025-09-11→2025-09-12
2025-09-11,2025-09-12,C,6615.0,0.021917808219178082,107.26360395955696,0.9359093471732578,27.351435201037475,0.4006727580891565,6587.47,6584.29,0.019178082191780823,121.17286425622983,23.60046507887455,-3.823808275988765,-5.525860629276363,1.0038083131750501,2.0-3.0%,1.00-1.02,2025-09-11→2025-09-12
2025-09-11,2025-09-12,P,6615.0,0.021917808219178082,132.35075275084316,-0.06409065282628204,50.79783478475156,-0.6044583124296214,6587.47,6584.29,0.019178082191780823,145.78459640867734,50.66511357759191,-2.4538082759875954,-4.172177433526372,1.0038083131750501,2.0-3.0%,1.00-1.02,2025-09-11→2025-09-12
2025-09-11,2025-09-12,P,6615.0,0.021917808219178082,132.35075275084316,-0.06409065282628204,50.79783478475156,-0.6044583124296214,6587.47,6584.29,0.019178082191780823,145.78459640867734,50.66511357759191,-4.053808275987597,-5.772177433526373,1.0038083131750501,2.0-3.0%,1.00-1.02,2025-09-11→2025-09-12
2025-09-11,2025-09-12,C,6620.0,0.021917808219178082,108.82733651028558,0.9510980469035405,25.151361110068137,0.37996821720083535,6587.47,6584.29,0.019178082191780823,119.36954592507026,21.53292438668177,-2.125508210846463,-3.9417010693012315,1.0045670496173593,2.0-3.0%,1.00-1.02,2025-09-11→2025-09-12
2025-09-11,2025-09-12,C,6620.0,0.021917808219178082,108.82733651028558,0.9510980469035405,25.151361110068137,0.37996821720083535,6587.47,6584.29,0.019178082191780823,119.36954592507026,21.53292438668177,-3.625508210846463,-5.4417010693012315,1.0045670496173593,2.0-3.0%,1.00-1.02,2025-09-11→2025-09-12
2025-09-11,2025-09-12,P,6620.0,0.021917808219178082,138.91263885318307,-0.04890195309604359,53.5477565226156,-0.6263579975712049,6587.47,6584.29,0.019178082191780823,148.97666865357422,53.55908291650212,-2.255508210845427,-4.091818432276608,1.0045670496173593,2.0-3.0%,1.00-1.02,2025-09-11→2025-09-12
2025-09-11,2025-09-12,P,6620.0,0.021917808219178082,138.91263885318307,-0.04890195309604359,53.5477565226156,-0.6263579975712049,6587.47,6584.29,0.019178082191780823,148.97666865357422,53.55908291650212,-3.8055082108454314,-5.6418184322766125,1.0045670496173593,2.0-3.0%,1.00-1.02,2025-09-11→2025-09-12
2025-09-11,2025-09-12,C,6515.0,0.030136986301369864,141.07398486421482,0.9659848970105579,98.6086379762146,0.7270518165549944,6587.47,6584.29,0.0273972602739726,154.37890202590637,94.01515805470353,-2.028168027506139,-2.7879752233549007,0.9883848638987794,3.0-4.0%,0.98-1.00,2025-09-11→2025-09-12
2025-09-11,2025-09-12,P,6515.0,0.030136986301369864,64.55962425156626,-0.03401510298885033,21.796762932716092,-0.27244058644200003,6587.47,6584.29,0.0273972602739726,80.87584689599126,20.768903752025153,-1.9081680275045547,-2.66636106488564,0.9883848638987794,3.0-4.0%,0.98-1.00,2025-09-11→2025-09-12
2025-09-11,2025-09-12,C,6520.0,0.030136986301369864,138.55732055849066,0.9730191826856951,94.55850656087387,0.7159914517985267,6587.47,6584.29,0.0273972602739726,150.4466754655544,89.98764659126755,-1.9557989990592035,-2.7731471832804737,0.9891434094581799,3.0-4.0%,0.98-1.00,2025-09-11→2025-09-12
2025-09-11,2025-09-12,P,6520.0,0.030136986301369864,67.03985606203334,-0.02698081731362688,22.796628332950377,-0.2837689576500592,6587.47,6584.29,0.0273972602739726,81.9403869855769,21.788836111591763,-1.9357989990573428,-2.7523852853272723,0.9891434094581799,3.0-4.0%,0.98-1.00,2025-09-11→2025-09-12
2025-09-11,2025-09-12,C,6525.0,0.030136986301369864,134.87006160713855,0.9636800115128803,90.60836723784996,0.7042654459255553,6587.47,6584.29,0.0273972602739726,145.53566891662064,86.06108764886085,-2.0354975633887546,-2.8604358819565237,0.9899019550175804,3.0-4.0%,0.98-1.00,2025-09-11→2025-09-12
2025-09-11,2025-09-12,P,6525.0,0.030136986301369864,68.34949322685449,-0.03631998848654632,23.896486042098104,-0.2957447670193783,6587.47,6584.29,0.0273972602739726,82.02614708658358,22.909841401355607,-2.0654975633872272,-2.890468359121708,0.9899019550175804,3.0-4.0%,0.98-1.00,2025-09-11→2025-09-12
2025-09-11,2025-09-12,C,6530.0,0.030136986301369864,134.06921799771627,0.9567133655454365,86.70822217888781,0.6920983068159194,6587.47,6584.29,0.0273972602739726,148.2066250406633,82.1881499778583,-2.157651497565222,-2.9991273843251633,0.9906605005769807,3.0-4.0%,0.98-1.00,2025-09-11→2025-09-12
2025-09-11,2025-09-12,P,6530.0,0.030136986301369864,72.54554573362846,-0.04328663445387037,24.996340508929052,-0.3079471789788041,6587.47,6584.29,0.0273972602739726,89.69386986055852,24.0367820717795,-2.1376514975633203,-2.9792720291526864,0.9906605005769807,3.0-4.0%,0.98-1.00,2025-09-11→2025-09-12
2025-09-11,2025-09-12,C,6535.0,0.030136986301369864,133.41830838840136,0.9677539586239983,82.90807068546656,0.6793098806018011,6587.47,6584.29,0.0273972602739726,145.1448742574249,78.41697979610035,-2.122542411575407,-3.0397945796860775,0.9914190461363812,3.0-4.0%,0.98-1.00,2025-09-11→2025-09-12
2025-09-11,2025-09-12,P,6535.0,0.030136986301369864,76.89153224048538,-0.03224604137544337,26.196188615013398,-0.3207735447072488,6587.47,6584.29,0.0273972602739726,91.6288857272838,25.265509960432155,-2.15254241157392,-3.0700598721691454,0.9914190461363812,3.0-4.0%,0.98-1.00,2025-09-11→2025-09-12
2025-09-11,2025-09-12,C,6540.0,0.030136986301369864,130.0866364476085,0.9681131749004122,79.10791576679276,0.6662678785892391,6587.47,6584.29,0.0273972602739726,140.5941591815907,74.65227966200291,-2.1714001038164077,-3.131268146086026,0.9921775916957817,3.0-4.0%,0.98-1.00,2025-09-11→2025-09-12
2025-09-11,2025-09-12,P,6540.0,0.030136986301369864,78.55675641590696,-0.031886825098615276,27.44603126526181,-0.3340205632945692,6587.47,6584.29,0.0273972602739726,92.07493730138947,26.548578724986783,-2.2014001038136035,-3.162185391276825,0.9921775916957817,3.0-4.0%,0.98-1.00,2025-09-11→2025-09-12
2025-09-11,2025-09-12,C,6545.0,0.030136986301369864,126.28598998034461,0.9466330458361087,75.45775185707134,0.6524722056753451,6587.47,6584.29,0.0273972602739726,141.68861199633793,71.03790895132079,-2.339706914240907,-3.275138385952221,0.9929361372551821,3.0-4.0%,0.98-1.00,2025-09-11→2025-09-12
2025-09-11,2025-09-12,P,6545.0,0.030136986301369864,79.75300606481555,-0.05336695416309459,28.745868843333028,-0.34769101049451273,6587.47,6584.29,0.0273972602739726,98.16615676604064,27.886296200442303,-2.319706914238655,-3.25565741337265,0.9929361372551821,3.0-4.0%,0.98-1.00,2025-09-11→2025-09-12
2025-09-11,2025-09-12,C,6550.0,0.030136986301369864,128.74097171852176,0.9620561771060085,71.80758537259499,0.638415882355293,6587.47,6584.29,0.0273972602739726,140.41381578481838,67.4306263213457,-2.290661356802607,-3.3198374941099766,0.9936946828145825,3.0-4.0%,0.98-1.00,2025-09-11→2025-09-12
2025-09-11,2025-09-12,P,6550.0,0.030136986301369864,87.20488391916041,-0.0379438228933943,30.045703561090704,-0.3616500469687038,6587.47,6584.29,0.0273972602739726,101.8881272044738,29.23108931551178,-2.2206613568010063,-3.2500471493605847,0.9936946828145825,3.0-4.0%,0.98-1.00,2025-09-11→2025-09-12
2025-09-11,2025-09-12,C,6555.0,0.030136986301369864,126.0276949122211,0.9684629047187083,68.2574112771058,0.6238033170255506,6587.47,6584.29,0.0273972602739726,136.31136032464246,63.92648716238136,-2.3202879629942244,-3.416305451858566,0.994453228373983,3.0-4.0%,0.98-1.00,2025-09-11→2025-09-12
2025-09-11,2025-09-12,P,6555.0,0.030136986301369864,89.48850322905305,-0.03153709528058664,31.545527240321007,-0.3764462640811535,6587.47,6584.29,0.0273972602739726,102.78243839423767,30.774821803739997,-2.300287962992274,-3.397099119778177,0.994453228373983,3.0-4.0%,0.98-1.00,2025-09-11→2025-09-12
2025-09-11,2025-09-12,C,6560.0,0.030136986301369864,122.44806065697229,0.9514483784987824,64.75723273453696,0.608779980883957,6587.47,6584.29,0.0273972602739726,133.11017689661895,60.47792396807699,-2.3243941563735966,-3.4140796607888406,0.9952117739333834,3.0-4.0%,0.98-1.00,2025-09-11→2025-09-12
2025-09-11,2025-09-12,P,6560.0,0.030136986301369864,90.9057650899737,-0.048551621500632275,33.145345567478216,-0.39173284753086834,6587.47,6584.29,0.0273972602739726,104.57802161613611,32.42204104497205,-2.454394156372029,-3.5457104551482796,0.9952117739333834,3.0-4.0%,0.98-1.00,2025-09-11→2025-09-12
2025-09-11,2025-09-12,C,6565.0,0.030136986301369864,123.97967842138935,0.9540294555295875,61.40704705444705,0.593152355595589,6587.47,6584.29,0.0273972602739726,136.07652081129402,57.1809928846169,-2.3661863314156397,-3.51377550920586,0.9959703194927839,3.0-4.0%,0.98-1.00,2025-09-11→2025-09-12
2025-09-11,2025-09-12,P,6565.0,0.030136986301369864,97.43427897058422,-0.04597054446975174,34.74516079151181,-0.4072843491313155,6587.47,6584.29,0.0273972602739726,112.54113218076452,34.07725106544194,-2.4961863314138255,-3.645164230237703,0.9959703194927839,3.0-4.0%,0.98-1.00,2025-09-11→2025-09-12
2025-09-11,2025-09-12,C,6570.0,0.030136986301369864,122.58631281706963,0.963213411809994,58.05685793229941,0.5772348025484713,6587.47,6584.29,0.0273972602739726,132.707842029215,53.8923389668671,-2.33698135044393,-3.5643933278956847,0.9967288650521844,3.0-4.0%,0.98-1.00,2025-09-11→2025-09-12
2025-09-11,2025-09-12,P,6570.0,0.030136986301369864,101.03780948245304,-0.036786588189266466,36.39497127681443,-0.42323494018382846,6587.47,6584.29,0.0273972602739726,114.16922004863757,35.788641117206225,-2.366981350441871,-3.5958871097846905,0.9967288650521844,3.0-4.0%,0.98-1.00,2025-09-11→2025-09-12
2025-09-11,2025-09-12,C,6575.0,0.030136986301369864,119.32786576984634,0.9572516164699191,54.80666254404059,0.5608483028353893,6587.47,6584.29,0.0273972602739726,128.15406218539485,50.70797752610133,-2.305939859625373,-3.566502396983293,0.9974874106115847,3.0-4.0%,0.98-1.00,2025-09-11→2025-09-12
2025-09-11,2025-09-12,P,6575.0,0.030136986301369864,102.77625855140415,-0.04274838352942763,38.19477477624878,-0.4397144853106236,6587.47,6584.29,0.0273972602739726,114.61220685474532,37.6521619048508,-2.4359398596235966,-3.6982920632879153,0.9974874106115847,3.0-4.0%,0.98-1.00,2025-09-11→2025-09-12
2025-09-11,2025-09-12,C,6580.0,0.030136986301369864,117.2906387333476,0.9398500648049877,51.70646292848096,0.5439905286860905,6587.47,6584.29,0.0273972602739726,131.59648405689146,47.67589148434672,-2.361276793919867,-3.620110118778075,0.9982459561709852,3.0-4.0%,0.98-1.00,2025-09-11→2025-09-12
2025-09-11,2025-09-12,P,6580.0,0.030136986301369864,105.73592763109943,-0.060149935194271725,40.044575432508736,-0.4565499196236323,6587.47,6584.29,0.0273972602739726,123.05139537617325,39.57234358466076,-2.4912767939177987,-3.751828744403281,0.9982459561709852,3.0-4.0%,0.98-1.00,2025-09-11→2025-09-12
2025-09-11,2025-09-12,C,6585.0,0.030136986301369864,119.5520753343019,0.9570796186162561,48.60625895488465,0.5268212994794361,6587.47,6584.29,0.0273972602739726,129.66783824141004,44.652918181323,-2.206486812800027,-3.5747082676552395,0.9990045017303857,3.0-4.0%,0.98-1.00,2025-09-11→2025-09-12
2025-09-11,2025-09-12,P,6585.0,0.030136986301369864,112.99426034822119,-0.04292038138314242,41.99437075887499,-0.4737781244313957,6587.47,6584.29,0.0273972602739726,126.1195162106214,41.59719865778743,-2.3864868127984056,-3.756614435691976,0.9990045017303857,3.0-4.0%,0.98-1.00,2025-09-11→2025-09-12
2025-09-11,2025-09-12,C,6590.0,0.030136986301369864,116.82934527713054,0.9632140699080775,45.656050288363076,0.5092593764033038,6587.47,6584.29,0.0273972602739726,125.52946816975097,41.782503742099834,-2.1369792576920292,-3.5805551830373417,0.9997630472897862,3.0-4.0%,0.98-1.00,2025-09-11→2025-09-12
2025-09-11,2025-09-12,P,6590.0,0.030136986301369864,115.26842640725657,-0.03678593009108484,44.09416183435178,-0.4913617859631301,6587.47,6584.29,0.0273972602739726,126.97791278891373,43.77450582711435,-2.3169792576896633,-3.7625304793628995,0.9997630472897862,3.0-4.0%,0.98-1.00,2025-09-11→2025-09-12
2025-09-11,2025-09-12,C,6595.0,0.030136986301369864,113.35299533193553,0.9400556904701155,42.80583790501805,0.4913854827037921,6587.47,6584.29,0.0273972602739726,125.47084356604607,39.01695056025255,-2.1606229043047507,-3.5873941650017898,1.0005215928491866,3.0-4.0%,1.00-1.02,2025-09-11→2025-09-12
2025-09-11,2025-09-12,P,6595.0,0.030136986301369864,116.7889725782344,-0.059944309529190234,46.243949451007666,-0.5092356796626414,6587.47,6584.29,0.0273972602739726,131.91605483514485,46.00895264526798,-2.340622904302841,-3.7693694613273463,1.0005215928491866,3.0-4.0%,1.00-1.02,2025-09-11→2025-09-12
2025-09-11,2025-09-12,C,6600.0,0.030136986301369864,116.4642386831977,0.9495247969602214,40.10562280766953,0.4732789895055159,6587.47,6584.29,0.0273972602739726,126.98810918850029,36.40378339461449,-2.130511145666218,-3.6449728133723203,1.001280138408587,3.0-4.0%,1.00-1.02,2025-09-11→2025-09-12
2025-09-11,2025-09-12,P,6600.0,0.030136986301369864,124.89711204569562,-0.05047520303893663,48.443733443148176,-0.5274187579639732,6587.47,6584.29,0.0273972602739726,138.4300871075386,48.3008020463094,-2.2105111456638373,-3.727191650325593,1.001280138408587,3.0-4.0%,1.00-1.02,2025-09-11→2025-09-12
2025-09-11,2025-09-12,C,6605.0,0.030136986301369864,114.81418660532337,0.9579886119709312,37.45540462807821,0.45492654492996404,6587.47,6584.29,0.0273972602739726,123.53564038029549,33.84790472546047,-2.0035962139321644,-3.6033335871225862,1.0020386839679873,3.0-4.0%,1.00-1.02,2025-09-11→2025-09-12
2025-09-11,2025-09-12,P,6605.0,0.030136986301369864,128.24395608397285,-0.042011388028567666,50.84351546457219,-0.5457541893485439,6587.47,6584.29,0.0273972602739726,139.97438494927837,50.792515884576915,-2.1835962139308616,-3.7854983221285328,1.0020386839679873,3.0-4.0%,1.00-1.02,2025-09-11→2025-09-12
2025-09-11,2025-09-12,C,6610.0,0.030136986301369864,111.6976545714147,0.9473439867554329,34.90518450695936,0.4363883726970085,6587.47,6584.29,0.0273972602739726,119.04858703465929,31.39683606949302,-1.9374461221174473,-3.5622849748233856,1.002797229527388,3.0-4.0%,1.00-1.02,2025-09-11→2025-09-12
2025-09-11,2025-09-12,P,6610.0,0.030136986301369864,130.1243201662653,-0.05265601324380815,53.293295083532485,-0.5643143585152031,6587.47,6584.29,0.0273972602739726,140.48409825358132,53.34156113393101,-2.117446122115321,-3.744519660078506,1.002797229527388,3.0-4.0%,1.00-1.02,2025-09-11→2025-09-12
2025-09-11,2025-09-12,C,6615.0,0.030136986301369864,111.8481702895228,0.9369168708567186,32.50496379995457,0.41781198064446157,6587.47,6584.29,0.0273972602739726,124.17154033956281,29.097621154954595,-1.8706043506753636,-3.521357901550492,1.0035557750867883,3.0-4.0%,1.00-1.02,2025-09-11→2025-09-12
2025-09-11,2025-09-12,P,6615.0,0.030136986301369864,135.27173200055032,-0.0630831291426476,55.893074109794725,-0.582913200955878,6587.47,6584.29,0.0273972602739726,150.60381820842028,56.042472276238186,-2.000604350673635,-3.653663979039859,1.0035557750867883,3.0-4.0%,1.00-1.02,2025-09-11→2025-09-12
2025-09-11,2025-09-12,C,6620.0,0.030136986301369864,113.1305222493983,0.9514321542007336,30.204742485480892,0.3991842143970168,6587.47,6584.29,0.0273972602739726,122.03627780845115,26.90267334685268,-1.8744457496413927,-3.6305941982173726,1.0043143206461889,3.0-4.0%,1.00-1.02,2025-09-11→2025-09-12
2025-09-11,2025-09-12,P,6620.0,0.030136986301369864,141.55098007660987,-0.04856784579861965,58.54285100830384,-0.6016913615312419,6587.47,6584.29,0.0273972602739726,153.4653223272347,58.80065337071255,-1.9044457496396245,-3.6633785296695245,1.0043143206461889,3.0-4.0%,1.00-1.02,2025-09-11→2025-09-12
2025-09-11,2025-09-12,C,6625.0,0.030136986301369864,110.53046039288198,0.9552840090748445,28.104524758344724,0.3808530168517762,6587.47,6584.29,0.0273972602739726,117.97874372391797,24.905468734462374,-1.7621968511417174,-3.5888874064112413,1.0050728662055892,3.0-4.0%,1.00-1.02,2025-09-11→2025-09-12
2025-09-11,2025-09-12,P,6625.0,0.030136986301369864,143.9478143362594,-0.0447159909246716,61.34262915692398,-0.6203701953124788,6587.47,6584.29,0.0273972602739726,154.4045548926722,61.71002999288885,-1.7921968511404673,-3.6227772210938616,1.0050728662055892,3.0-4.0%,1.00-1.02,2025-09-11→2025-09-12
2025-09-11,2025-09-12,C,6630.0,0.030136986301369864,107.17294469041384,0.930310967085718,25.954302374960207,0.3621410609511561,6587.47,6584.29,0.0273972602739726,119.8165989458424,22.87122654806899,-1.6416111246671439,-3.448391426175216,1.0058314117649896,3.0-4.0%,1.00-1.02,2025-09-11→2025-09-12
2025-09-11,2025-09-12,P,6630.0,0.030136986301369864,145.58719474998196,-0.06968903291374742,64.24240768497202,-0.6390048983741228,6587.47,6584.29,0.0273972602739726,161.23917676451032,64.72314987303344,-1.7716111246657342,-3.5820355768298935,1.0058314117649896,3.0-4.0%,1.00-1.02,2025-09-11→2025-09-12
2025-09-11,2025-09-12,C,6635.0,0.030136986301369864,111.30516906719201,0.9439605410896389,23.95408298942357,0.3436757978843335,6587.47,6584.29,0.0273972602739726,120.81098796481228,20.987189254236455,-1.4982054793346737,-3.407110962727719,1.0065899573243902,3.0-4.0%,1.00-1.02,2025-09-11→2025-09-12
2025-09-11,2025-09-12,P,6635.0,0.030136986301369864,154.71631524295162,-0.05603945890976608,67.1921850274075,-0.6577455188288808,6587.47,6584.29,0.0273972602739726,167.23033243342206,67.79314694367531,-1.528205479333081,-3.441630749876041,1.0065899573243902,3.0-4.0%,1.00-1.02,2025-09-11→2025-09-12
2025-09-11,2025-09-12,C,6640.0,0.030136986301369864,109.64176248460592,0.9521710563434811,22.003862652321914,0.3251353375993405,6587.47,6584.29,0.0273972602739726,117.45690888451186,19.15975144585491,-1.2720960408274502,-3.2660696264339997,1.0073485028837905,3.0-4.0%,1.00-1.02,2025-09-11→2025-09-12
2025-09-11,2025-09-12,P,6640.0,0.030136986301369864,158.04980477655863,-0.04782894365583006,70.34196883293862,-0.675936920297788,6587.47,6584.29,0.0273972602739726,168.8730200030645,71.05912121605525,-1.4520960408255508,-3.4494794065471597,1.0073485028837905,3.0-4.0%,1.00-1.02,2025-09-11→2025-09-12
2025-09-11,2025-09-12,C,6645.0,0.030136986301369864,106.74401281869186,0.9390711628951327,20.253650568934518,0.30724870526863424,6587.47,6584.29,0.0273972602739726,113.1238185119886,17.527393532396218,-1.213753701993204,-3.222949117245653,1.008107048443191,3.0-4.0%,1.00-1.02,2025-09-11→2025-09-12
2025-09-11,2025-09-12,P,6645.0,0.030136986301369864,160.14895122680971,-0.060928837104346704,73.59175600426079,-0.6938744549207656,6587.47,6584.29,0.0273972602739726,169.5366962804782,74.42717382047158,-1.2937537019918346,-3.306520766648231,1.008107048443191,3.0-4.0%,1.00-1.02,2025-09-11→2025-09-12
2025-09-11,2025-09-12,C,6650.0,0.030136986301369864,107.90610191686613,0.9315913910004362,18.553438143628455,0.2893995608828628,6587.47,6584.29,0.0273972602739726,119.39318290784637,15.950598057434718,-1.0875393766183423,-3.1297093963924127,1.0088655940025915,3.0-4.0%,1.00-1.02,2025-09-11→2025-09-12
2025-09-11,2025-09-12,P,6650.0,0.030136986301369864,166.30793644118407,-0.06840860899888902,76.8915430918205,-0.7117768837078301,6587.47,6584.29,0.0273972602739726,180.80282732625605,77.85082541640986,-1.1175393766164927,-3.1634504901911127,1.0088655940025915,3.0-4.0%,1.00-1.02,2025-09-11→2025-09-12
2025-09-11,2025-09-12,C,6655.0,0.030136986301369864,108.98298026614049,0.9452946860816415,17.053237125536043,0.2724794288974529,6587.47,6584.29,0.0273972602739726,117.28666419211484,14.566385214238835,-0.9439628982601063,-3.0835154161060214,1.0096241395619918,3.0-4.0%,1.00-1.02,2025-09-11→2025-09-12
2025-09-11,2025-09-12,P,6655.0,0.030136986301369864,172.38171090664105,-0.05470531391763628,80.34133785334416,-0.7290523481718743,6587.47,6584.29,0.0273972602739726,183.69307526050616,81.42141356443153,-0.9239628982580993,-3.068386467186772,1.0096241395619918,3.0-4.0%,1.00-1.02,2025-09-11→2025-09-12
2025-09-11,2025-09-12,C,6660.0,0.030136986301369864,106.65595353143223,0.9483209117582883,15.553034646062315,0.2553950021207077,6587.47,6584.29,0.03561643835616438,143.1362028783897,17.809674967006003,6.86566049939163,4.662156106743923,1.0103826851213924,3.0-4.0%,1.00-1.02,2025-09-11→2025-09-12
2025-09-11,2025-09-12,P,6660.0,0.030136986301369864,175.05158028811425,-0.05167908824111355,83.89113842265942,-0.7458873900643518,6587.47,6584.29,0.03561643835616438,212.55915748843196,88.5749188673044,4.835660499393244,2.628078099595144,1.0103826851213924,3.0-4.0%,1.00-1.02,2025-09-11→2025-09-12
2025-09-11,2025-09-12,C,6515.0,0.03287671232876712,143.7415125368921,0.9659664794195671,101.54461821267432,0.7195121407330739,6587.47,6584.29,0.030136986301369864,158.8545875215491,96.99519019455965,-1.9782265954454923,-2.7619513924686125,0.9882528342864288,3.0-4.0%,0.98-1.00,2025-09-11→2025-09-12
2025-09-11,2025-09-12,P,6515.0,0.03287671232876712,66.35741081374071,-0.03403352058006109,24.202106587638127,-0.28165073916509836,6587.47,6584.29,0.030136986301369864,84.65460574014912,23.245231925141752,-1.9582265954446056,-2.7456493505450963,0.9882528342864288,3.0-4.0%,0.98-1.00,2025-09-11→2025-09-12
2025-09-11,2025-09-12,C,6520.0,0.03287671232876712,141.20713019951282,0.972879537073499,97.54469888702715,0.70872606295134,6587.47,6584.29,0.030136986301369864,154.8883509635346,93.01893245988231,-1.9562430721059876,-2.7962511198145297,0.9890112785184215,3.0-4.0%,0.98-1.00,2025-09-11→2025-09-12
2025-09-11,2025-09-12,P,6520.0,0.03287671232876712,68.81925710129197,-0.027120462926054953,25.20218711945995,-0.2924177592264315,6587.47,6584.29,0.030136986301369864,85.684600968976,24.26905363963283,-1.936243072104864,-2.7798884743401384,0.9890112785184215,3.0-4.0%,0.98-1.00,2025-09-11→2025-09-12
2025-09-11,2025-09-12,C,6525.0,0.03287671232876712,137.5233039925627,0.963709260440716,93.64478490945294,0.697339015087694,6587.47,6584.29,0.030136986301369864,149.93016813180225,89.14358939117119,-2.085404551798248,-2.9324619320209355,0.9897697227504142,3.0-4.0%,0.98-1.00,2025-09-11→2025-09-12
2025-09-11,2025-09-12,P,6525.0,0.03287671232876712,70.13165951927148,-0.03629073955875471,26.202270232348837,-0.3034158292876269,6587.47,6584.29,0.030136986301369864,85.72264992402849,25.29779456214601,-2.015404551796853,-2.8648623371347437,0.9897697227504142,3.0-4.0%,0.98-1.00,2025-09-11→2025-09-12
2025-09-11,2025-09-12,C,6530.0,0.03287671232876712,136.68641771526686,0.9568731801058312,89.79487204089946,0.6855571838287089,6587.47,6584.29,0.030136986301369864,152.4697266682514,85.32150050649398,-2.0571432872631727,-2.9199281554245005,0.9905281669824069,3.0-4.0%,0.98-1.00,2025-09-11→2025-09-12
2025-09-11,2025-09-12,P,6530.0,0.03287671232876712,74.29100186689905,-0.04312681989367953,27.352357363794,-0.3151976605466105,6587.47,6584.29,0.030136986301369864,93.25844024730611,26.47570567746925,-2.0371432872619155,-2.902328560538315,0.9905281669824069,3.0-4.0%,0.98-1.00,2025-09-11→2025-09-12
2025-09-11,2025-09-12,C,6535.0,0.03287671232876712,135.99705400482384,0.9677087187328173,85.99496323723633,0.6733812053157071,6587.47,6584.29,0.030136986301369864,149.36663970593395,81.55292837998604,-1.1726862744293594,-2.108647767095855,0.9912866112143994,3.0-4.0%,0.98-1.00,2025-09-11→2025-09-12
2025-09-11,2025-09-12,P,6535.0,0.03287671232876712,78.59786678138259,-0.03229128126669235,28.50244734294529,-0.3272109708605907,6587.47,6584.29,0.030136986301369864,95.15158507183068,27.659085662320194,-2.1526862744280884,-3.0905308873367705,0.9912866112143994,3.0-4.0%,0.98-1.00,2025-09-11→2025-09-12
2025-09-11,2025-09-12,C,6540.0,0.03287671232876712,132.68235578739984,0.9680592452317199,82.24505726954885,0.6608107635376752,6587.47,6584.29,0.030136986301369864,144.78204835241922,77.83813172762984,-2.171571600162849,-3.1486217719500007,0.9920450554463921,3.0-4.0%,0.98-1.00,2025-09-11→2025-09-12
2025-09-11,2025-09-12,P,6540.0,0.03287671232876712,80.27939718887436,-0.031940754767812364,29.802542592444297,-0.3399440808376443,6587.47,6584.29,0.030136986301369864,95.56322550513698,28.992336898604663,-2.1015716001616527,-3.081022177063808,0.9920450554463921,3.0-4.0%,0.98-1.00,2025-09-11→2025-09-12
2025-09-11,2025-09-12,C,6545.0,0.03287671232876712,128.91305025213313,0.9469979593471901,78.59515528978682,0.6477057507223052,6587.47,6584.29,0.030136986301369864,145.71926630739094,74.22545158852517,-2.288546489275657,-3.240295712702878,0.9928034996783848,3.0-4.0%,0.98-1.00,2025-09-11→2025-09-12
2025-09-11,2025-09-12,P,6545.0,0.03287671232876712,81.50632027852593,-0.05300204065246297,31.102639575344256,-0.35291041612605145,6587.47,6584.29,0.030136986301369864,101.49667524691235,30.331577082471085,-2.168546489274848,-3.1222551232809463,0.9928034996783848,3.0-4.0%,0.98-1.00,2025-09-11→2025-09-12
2025-09-11,2025-09-12,C,6550.0,0.03287671232876712,131.27446097343582,0.9621123160620395,74.49524691172155,0.6354989021421944,6587.47,6584.29,0.030136986301369864,144.37611623476803,70.18620286506348,-1.7404828349224317,-2.779113491187634,0.9935619439103774,3.0-4.0%,0.98-1.00,2025-09-11→2025-09-12
2025-09-11,2025-09-12,P,6550.0,0.03287671232876712,88.86395962476217,-0.0378876839375359,32.50274075065272,-0.3664015408154353,6587.47,6584.29,0.030136986301369864,105.14975696108216,31.773205046931253,-2.170482834921376,-3.2151568997931914,0.9935619439103774,3.0-4.0%,0.98-1.00,2025-09-11→2025-09-12
2025-09-11,2025-09-12,C,6555.0,0.03287671232876712,128.59643866924208,0.9683855766878426,71.44535975249846,0.6203728284612937,6587.47,6584.29,0.030136986301369864,140.2511964066383,67.1632831837328,-2.270533866132387,-3.3772144054929143,0.9943203881423701,3.0-4.0%,0.98-1.00,2025-09-11→2025-09-12
2025-09-11,2025-09-12,P,6555.0,0.03287671232876712,91.18216594546966,-0.031614423311987355,34.00284507539527,-0.3803820159140285,6587.47,6584.29,0.030136986301369864,106.02106891977843,33.31748835470853,-2.3005338661321284,-3.409614810606721,0.9943203881423701,3.0-4.0%,0.98-1.00,2025-09-11→2025-09-12
2025-09-11,2025-09-12,C,6560.0,0.03287671232876712,125.09739313086035,0.9517228042255159,67.99546694116907,0.6060388519918334,6587.47,6584.29,0.030136986301369864,136.98952109497472,63.76237612301247,-2.2735214825625794,-3.3727964506657906,0.9950788323743628,3.0-4.0%,0.98-1.00,2025-09-11→2025-09-12
2025-09-11,2025-09-12,P,6560.0,0.03287671232876712,92.67934903204298,-0.04827719577394845,35.552952264066334,-0.3947159923834897,6587.47,6584.29,0.030136986301369864,107.7556253949362,34.91658129398911,-2.2535214825611645,-3.3551968557796066,0.9950788323743628,3.0-4.0%,0.98-1.00,2025-09-11→2025-09-12
2025-09-11,2025-09-12,C,6565.0,0.03287671232876712,126.5686204664459,0.9542398792744565,64.59557683073035,0.5913466787404048,6587.47,6584.29,0.030136986301369864,139.77405093532442,60.416517712980294,-2.265517183906948,-3.4195175616053377,0.9958372766063553,3.0-4.0%,0.98-1.00,2025-09-11→2025-09-12
2025-09-11,2025-09-12,P,6565.0,0.03287671232876712,99.14680499253878,-0.04576012072518686,37.153062153626706,-0.40940816563491733,6587.47,6584.29,0.030136986301369864,115.53638702208059,36.57072288395557,-2.245517183906109,-3.4019179667191577,0.9958372766063553,3.0-4.0%,0.98-1.00,2025-09-11→2025-09-12
2025-09-11,2025-09-12,C,6570.0,0.03287671232876712,125.22397160542585,0.9632167998206763,61.29568997153683,0.5762200429065006,6587.47,6584.29,0.030136986301369864,136.4011776299205,57.173996292141055,-2.2869705765699635,-3.5176202635571547,0.996595720838348,3.0-4.0%,0.98-1.00,2025-09-11→2025-09-12
2025-09-11,2025-09-12,P,6570.0,0.03287671232876712,102.79838475645776,-0.036783200178795605,38.85317529443273,-0.42453480146882155,6587.47,6584.29,0.030136986301369864,117.1597455034891,38.32820146311724,-2.216970576568582,-3.4500206686709776,0.996595720838348,3.0-4.0%,0.98-1.00,2025-09-11→2025-09-12
2025-09-11,2025-09-12,C,6575.0,0.03287671232876712,122.13128066964312,0.9573840457958498,58.045805020447915,0.5607508549254446,6587.47,6584.29,0.030136986301369864,131.87289287036955,53.9869657653453,-2.205518734368919,-3.4668122813369227,0.9973541650703407,3.0-4.0%,0.98-1.00,2025-09-11→2025-09-12
2025-09-11,2025-09-12,P,6575.0,0.03287671232876712,104.70192244559703,-0.04261595420364473,40.65329075603222,-0.44005831467301787,6587.47,6584.29,0.030136986301369864,117.62769253074926,40.18918161049123,-2.285518734367601,-3.5493854406603234,0.9973541650703407,3.0-4.0%,0.98-1.00,2025-09-11→2025-09-12
2025-09-11,2025-09-12,C,6580.0,0.03287671232876712,120.20370959113498,0.9404107469420133,54.9459245616149,0.5448531681639699,6587.47,6584.29,0.030136986301369864,135.10752909829296,50.951615517252776,-2.3094938247241212,-3.5673669252384146,0.9981126093023334,3.0-4.0%,0.98-1.00,2025-09-11→2025-09-12
2025-09-11,2025-09-12,P,6580.0,0.03287671232876712,107.77057999201507,-0.0595892530574888,42.50340988450989,-0.45590167621135164,6587.47,6584.29,0.030136986301369864,125.85856054551658,42.10582068822805,-2.2894938247228334,-3.5497673303522324,0.9981126093023334,3.0-4.0%,0.98-1.00,2025-09-11→2025-09-12
2025-09-11,2025-09-12,C,6585.0,0.03287671232876712,122.42818995786469,0.9571890521322449,51.54604456040761,0.5288124655519986,6587.47,6584.29,0.030136986301369864,133.1879810354935,47.636600202554746,-1.8061388142191768,-3.168376359544485,0.998871053534326,3.0-4.0%,0.98-1.00,2025-09-11→2025-09-12
2025-09-11,2025-09-12,P,6585.0,0.03287671232876712,114.99128898365701,-0.04281094786735318,44.453531036596814,-0.47209647768790947,6587.47,6584.29,0.030136986301369864,128.93524426950367,44.12627188083388,-2.1861388142181997,-3.551266799047694,0.998871053534326,3.0-4.0%,0.98-1.00,2025-09-11→2025-09-12
2025-09-11,2025-09-12,C,6590.0,0.03287671232876712,120.03542985420899,0.9631355604533048,48.94616916327823,0.5121512133325549,6587.47,6584.29,0.030136986301369864,129.15823839066624,45.09640535135213,-2.1372289177582133,-3.571359141602329,0.9996294977663187,3.0-4.0%,0.98-1.00,2025-09-11→2025-09-12
2025-09-11,2025-09-12,P,6590.0,0.03287671232876712,117.59475750492994,-0.036864439546282435,46.50365448617549,-0.48860363104276744,6587.47,6584.29,0.030136986301369864,129.9017334115131,46.250610522328316,-2.117228917757189,-3.553759546716143,0.9996294977663187,3.0-4.0%,0.98-1.00,2025-09-11→2025-09-12
2025-09-11,2025-09-12,C,6595.0,0.03287671232876712,116.92457907910156,0.9406772098915793,45.84629515242523,0.49530714155539685,6587.47,6584.29,0.030136986301369864,129.06914543383505,42.08567137927503,-1.958646472544507,-3.3749232898536965,1.0003879419983113,3.0-4.0%,1.00-1.02,2025-09-11→2025-09-12
2025-09-11,2025-09-12,P,6595.0,0.03287671232876712,119.480135354768,-0.059322790107771764,48.65377999220618,-0.5053830844574725,6587.47,6584.29,0.030136986301369864,134.80887224148225,48.47887160413666,-2.138646472542727,-3.5571182085749053,1.0003879419983113,3.0-4.0%,1.00-1.02,2025-09-11→2025-09-12
2025-09-11,2025-09-12,C,6600.0,0.03287671232876712,120.0219109004012,0.9498159918015902,43.14642285076752,0.4782364305992685,6587.47,6584.29,0.030136986301369864,130.48116323327608,39.46595477063738,-1.8295851460706682,-3.329208150694188,1.001146386230304,3.0-4.0%,1.00-1.02,2025-09-11→2025-09-12
2025-09-11,2025-09-12,P,6600.0,0.03287671232876712,127.57369580097065,-0.050184008198038144,50.85390747458723,-0.5224249091121589,6587.47,6584.29,0.030136986301369864,141.21712182774505,50.76332656904333,-2.009585146069777,-3.5113112109768188,1.001146386230304,3.0-4.0%,1.00-1.02,2025-09-11→2025-09-12
2025-09-11,2025-09-12,C,6605.0,0.03287671232876712,118.6940123334399,0.9579733285199497,40.44655240284601,0.46091116803379284,6587.47,6584.29,0.030136986301369864,127.16548402213755,36.85471393725129,-1.7536448153062785,-3.334302485652402,1.0019048304622966,3.0-4.0%,1.00-1.02,2025-09-11→2025-09-12
2025-09-11,2025-09-12,P,6605.0,0.03287671232876712,131.24202585891865,-0.04202667147984254,53.20403623232096,-0.5396437694261155,6587.47,6584.29,0.030136986301369864,142.89767440339847,53.19945995010585,-5.883644815305911,-7.466067186775204,1.0019048304622966,3.0-4.0%,1.00-1.02,2025-09-11→2025-09-12
2025-09-11,2025-09-12,C,6610.0,0.03287671232876712,116.06914287739478,0.9477135639967496,37.94668122596613,0.44353761705572214,6587.47,6584.29,0.030136986301369864,122.8991312684369,34.44256097317202,-1.7362708664900608,-3.3395503777626745,1.0026632746942892,3.0-4.0%,1.00-1.02,2025-09-11→2025-09-12
2025-09-11,2025-09-12,P,6610.0,0.03287671232876712,133.61338502781595,-0.05228643600279461,55.654165031391585,-0.5570096680633052,6587.47,6584.29,0.030136986301369864,143.62755343653896,55.739381754493024,-1.916270866488902,-3.5212907444414725,1.0026632746942892,3.0-4.0%,1.00-1.02,2025-09-11→2025-09-12
2025-09-11,2025-09-12,C,6615.0,0.03287671232876712,116.43703785246632,0.9377054780518216,35.44681416007643,0.4259200293185361,6587.47,6584.29,0.030136986301369864,127.8058302397745,32.03903333663675,-1.6680965797949368,-3.2955743067669334,1.003421718926282,3.0-4.0%,1.00-1.02,2025-09-11→2025-09-12
2025-09-11,2025-09-12,P,6615.0,0.03287671232876712,138.9775086278249,-0.06229452194761359,58.15429748340375,-0.5745674404452842,6587.47,6584.29,0.030136986301369864,153.53048419466694,58.33552937660352,-1.848096579793428,-3.4771244606161695,1.003421718926282,3.0-4.0%,1.00-1.02,2025-09-11→2025-09-12
2025-09-11,2025-09-12,C,6620.0,0.03287671232876712,117.80119236620524,0.9515707522005913,33.09694586394653,0.4083118836190749,6587.47,6584.29,0.030136986301369864,125.7479009729625,29.786561238625836,-1.574005008001837,-3.3015682100912174,1.0041801631582745,3.0-4.0%,1.00-1.02,2025-09-11→2025-09-12
2025-09-11,2025-09-12,P,6620.0,0.03287671232876712,145.3378917664835,-0.0484292477988946,60.95442629359559,-0.5917886801076363,6587.47,6584.29,0.030136986301369864,156.46878671467493,61.224650405956254,-1.9040050080004989,-3.6318880027424556,1.0041801631582745,3.0-4.0%,1.00-1.02,2025-09-11→2025-09-12
2025-09-11,2025-09-12,C,6625.0,0.03287671232876712,115.62477835597988,0.9552157293001583,30.897076706395637,0.39082045124221815,6587.47,6584.29,0.030136986301369864,121.97511974657087,27.68456584641035,-1.5624139808252164,-3.3571909650496305,1.0049386073902673,3.0-4.0%,1.00-1.02,2025-09-11→2025-09-12
2025-09-11,2025-09-12,P,6625.0,0.03287671232876712,148.15770638118465,-0.04478427069929087,63.70455718267522,-0.6092865237364719,6587.47,6584.29,0.030136986301369864,157.6922372750719,64.07470285976797,-1.7424139808237595,-3.537531145482159,1.0049386073902673,3.0-4.0%,1.00-1.02,2025-09-11→2025-09-12
2025-09-11,2025-09-12,C,6630.0,0.03287671232876712,112.76274760322109,0.9314776711785201,28.697209469860354,0.3731020929362154,6587.47,6584.29,0.030136986301369864,123.76745825305126,25.591229048955938,-1.4379010056520372,-3.213535344462729,1.0056970516222599,3.0-4.0%,1.00-1.02,2025-09-11→2025-09-12
2025-09-11,2025-09-12,P,6630.0,0.03287671232876712,150.29190425334636,-0.06852232882099706,66.50468911900589,-0.6268976659308464,6587.47,6584.29,0.030136986301369864,164.4808075684029,66.98066135230874,-1.7179010056507906,-3.4935345776602738,1.0056970516222599,3.0-4.0%,1.00-1.02,2025-09-11→2025-09-12
2025-09-11,2025-09-12,C,6635.0,0.03287671232876712,116.71539805150628,0.944360306031593,26.697338856027272,0.35577080184305054,6587.47,6584.29,0.030136986301369864,124.63893985229326,23.694662490551764,-1.3469342268192608,-3.2186488501389974,1.0064554958542526,3.0-4.0%,1.00-1.02,2025-09-11→2025-09-12
2025-09-11,2025-09-12,P,6635.0,0.03287671232876712,159.24078332655142,-0.055639693968001794,69.45481902099073,-0.6442943967263505,6587.47,6584.29,0.030136986301369864,170.34852095445694,70.03645253480681,-1.5769342268182533,-3.4488561815899734,1.0064554958542526,3.0-4.0%,1.00-1.02,2025-09-11→2025-09-12
2025-09-11,2025-09-12,C,6640.0,0.03287671232876712,115.33996795695776,0.9521153738496302,24.697470075659112,0.3382268659810438,6587.47,6584.29,0.030136986301369864,121.50244470816085,21.80663740994123,-1.122273111157901,-3.0744385661801843,1.0072139400862452,3.0-4.0%,1.00-1.02,2025-09-11→2025-09-12
2025-09-11,2025-09-12,P,6640.0,0.03287671232876712,162.86158185692872,-0.04788462614998079,72.50494812083616,-0.6615548104673121,6587.47,6584.29,0.030136986301369864,172.20825759712136,73.1945111569039,-1.45227311115695,-3.4037442972862424,1.0072139400862452,3.0-4.0%,1.00-1.02,2025-09-11→2025-09-12
2025-09-11,2025-09-12,C,6645.0,0.03287671232876712,112.83573191069436,0.9397077536382098,22.897596843373776,0.32126164408964214,6587.47,6584.29,0.030136986301369864,117.46755304020844,20.1139484945013,-1.1117293434302171,-3.078387971794842,1.0079723843182378,3.0-4.0%,1.00-1.02,2025-09-11→2025-09-12
2025-09-11,2025-09-12,P,6645.0,0.03287671232876712,165.35357443560136,-0.060292246361211346,75.60507731103007,-0.6788420541963393,6587.47,6584.29,0.030136986301369864,173.16959771599343,76.40783780885522,-1.1917293434286695,-3.1587177323445563,1.0079723843182378,3.0-4.0%,1.00-1.02,2025-09-11→2025-09-12
2025-09-11,2025-09-12,C,6650.0,0.03287671232876712,114.0313711592335,0.932608100264362,21.14772351957481,0.30434353839353406,6587.47,6584.29,0.030136986301369864,123.38228801199962,18.4759221457698,-1.0343062411590571,-3.0321875479084732,1.0087308285502306,3.0-4.0%,1.00-1.02,2025-09-11→2025-09-12
2025-09-11,2025-09-12,P,6650.0,0.03287671232876712,171.5454423090527,-0.06739189973521446,78.85520346126123,-0.6956918279978825,6587.47,6584.29,0.030136986301369864,184.08056447461115,79.7692617669727,-1.1643062411579903,-3.1623000130334575,1.0087308285502306,3.0-4.0%,1.00-1.02,2025-09-11→2025-09-12
2025-09-11,2025-09-12,C,6655.0,0.03287671232876712,115.08733129439726,0.9454783329137803,19.447849794858257,0.28746132673705843,6587.47,6584.29,0.030136986301369864,121.26858375948413,16.892560938106953,-0.7933789013339028,-2.8858729809760693,1.0094892727822231,3.0-4.0%,1.00-1.02,2025-09-11→2025-09-12
2025-09-11,2025-09-12,P,6655.0,0.03287671232876712,177.59763106914104,-0.054521667085749854,82.20532724155964,-0.7122404651370076,6587.47,6584.29,0.030136986301369864,186.96309200890815,83.23149436012409,-0.9733789013326833,-3.064924679135874,1.0094892727822231,3.0-4.0%,1.00-1.02,2025-09-11→2025-09-12
2025-09-11,2025-09-12,C,6660.0,0.03287671232876712,112.99217389432535,0.9482914252798247,17.94796942868993,0.27146805155441084,6587.47,6584.29,0.03561643835616438,143.1362028783897,18.670385273629563,4.465566732390117,2.3132684039431046,1.010247717014216,3.0-4.0%,1.00-1.02,2025-09-11→2025-09-12
2025-09-11,2025-09-12,P,6660.0,0.03287671232876712,180.49870229400327,-0.05170857471967743,85.65544832707747,-0.7284280394789,6587.47,6584.29,0.03561643835616438,212.55915748843196,89.15199013985966,3.0855667323914107,0.9335988344568862,1.010247717014216,3.0-4.0%,1.00-1.02,2025-09-11→2025-09-12
2025-09-11,2025-09-12,C,6515.0,0.03561643835616438,147.43902647260566,0.9657086786839095,104.65270784484073,0.7101894354217111,6587.47,6584.29,0.03287671232876712,163.7196889308453,100.1488853475148,-1.979046401784898,-2.7915975953587635,0.9881761926107794,3.0-4.0%,0.98-1.00,2025-09-11→2025-09-12
2025-09-11,2025-09-12,P,6515.0,0.03561643835616438,69.55005001036483,-0.034291321315783455,26.498894602337487,-0.2899074880873462,6587.47,6584.29,0.03287671232876712,89.08471320123526,25.60701170212883,-1.8590464017842014,-2.671905812117845,0.9881761926107794,3.0-4.0%,0.98-1.00,2025-09-11→2025-09-12
2025-09-11,2025-09-12,C,6520.0,0.03561643835616438,144.88078414815493,0.972489763065651,100.70266833781534,0.6997336045988422,6587.47,6584.29,0.03287671232876712,159.90066903340326,96.22336750916566,-2.0074825534509553,-2.874847137375487,0.988934578023374,3.0-4.0%,0.98-1.00,2025-09-11→2025-09-12
2025-09-11,2025-09-12,P,6520.0,0.03561643835616438,71.9876488398207,-0.027510236934004176,27.5488547204086,-0.3003984916002895,6587.47,6584.29,0.03287671232876712,90.26159125028347,26.68137127910518,-1.887482553450142,-2.7552672032890086,0.988934578023374,3.0-4.0%,0.98-1.00,2025-09-11→2025-09-12
2025-09-11,2025-09-12,C,6525.0,0.03561643835616438,141.21065055948964,0.9635283734329665,96.80262644184131,0.6889049457902635,6587.47,6584.29,0.03287671232876712,154.97291926984317,92.35046733116815,-2.0359797724828805,-2.909282272386756,0.9896929634359686,3.0-4.0%,0.98-1.00,2025-09-11→2025-09-12
2025-09-11,2025-09-12,P,6525.0,0.03561643835616438,73.31335640504204,-0.03647162656688401,28.698812266325604,-0.31143028899851494,6587.47,6584.29,0.03287671232876712,90.32973943323061,27.856546307692497,-1.9659797724827033,-2.8403483190153693,0.9896929634359686,3.0-4.0%,0.98-1.00,2025-09-11→2025-09-12
2025-09-11,2025-09-12,C,6530.0,0.03561643835616438,140.3116941259321,0.9568595156777947,93.00258336474417,0.6775494666874683,6587.47,6584.29,0.03287671232876712,157.3468741713866,88.57861341633816,-2.0571867401443287,-2.945392695933648,0.9904513488485632,3.0-4.0%,0.98-1.00,2025-09-11→2025-09-12
2025-09-11,2025-09-12,P,6530.0,0.03561643835616438,77.41024112539071,-0.04314048432205787,29.89876909804252,-0.3228153781373796,6587.47,6584.29,0.03287671232876712,97.69959228124125,29.084626325123736,-2.037186740144155,-2.92655290247696,0.9904513488485632,3.0-4.0%,0.98-1.00,2025-09-11→2025-09-12
2025-09-11,2025-09-12,C,6535.0,0.03561643835616438,139.56244352349623,0.9674531728047989,89.20253931065872,0.6659891594220692,6587.47,6584.29,0.03287671232876712,154.57278481171736,84.81164104149138,-2.123498910480461,-3.082154473037629,0.9912097342611578,3.0-4.0%,0.98-1.00,2025-09-11→2025-09-12
2025-09-11,2025-09-12,P,6535.0,0.03561643835616438,81.65683167687538,-0.03254682719488433,31.09872493291641,-0.3344054412545171,6587.47,6584.29,0.03287671232876712,99.92140086806427,30.317600249062252,-2.0034989104797436,-2.963409303189464,0.9912097342611578,3.0-4.0%,0.98-1.00,2025-09-11→2025-09-12
2025-09-11,2025-09-12,C,6540.0,0.03561643835616438,136.30068669409007,0.9677978355298293,85.50249331005216,0.6539241370550799,6587.47,6584.29,0.03287671232876712,150.14617870768376,81.14618668982712,-2.172402883014861,-3.1705212441646555,0.9919681196737524,3.0-4.0%,0.98-1.00,2025-09-11→2025-09-12
2025-09-11,2025-09-12,P,6540.0,0.03561643835616438,83.39091600136553,-0.03220216446988959,32.398678811470745,-0.346502213919538,6587.47,6584.29,0.03287671232876712,100.49069271052133,31.652107471135423,-2.0524028830142576,-3.0518770402642312,0.9919681196737524,3.0-4.0%,0.98-1.00,2025-09-11→2025-09-12
2025-09-11,2025-09-12,C,6545.0,0.03561643835616438,132.5866834578921,0.9472792010546516,81.85244677551145,0.6415105440122919,6587.47,6584.29,0.03287671232876712,150.90553125420695,77.53425759465244,-2.2376521406459324,-3.209996470040725,0.9927265050863471,3.0-4.0%,0.98-1.00,2025-09-11→2025-09-12
2025-09-11,2025-09-12,P,6545.0,0.03561643835616438,84.67275391907162,-0.0527207989451191,33.69863269080042,-0.35882369903047007,6587.47,6584.29,0.03287671232876712,106.24594320353232,32.9919126620357,-2.117652140645497,-3.091059362917002,0.9927265050863471,3.0-4.0%,0.98-1.00,2025-09-11→2025-09-12
2025-09-11,2025-09-12,C,6550.0,0.03561643835616438,134.79155173287478,0.9620005146676459,78.20239785025387,0.6288609710760281,6587.47,6584.29,0.03287671232876712,149.9412102536527,73.92781748088873,-2.1408383633565946,-3.2002221119780363,0.9934848904989416,3.0-4.0%,0.98-1.00,2025-09-11→2025-09-12
2025-09-11,2025-09-12,P,6550.0,0.03561643835616438,91.87346334796428,-0.037999485332080536,35.198582236548646,-0.37185837386055426,6587.47,6584.29,0.03287671232876712,110.27752014946165,34.53019494545333,-2.170838363356024,-3.232509628876668,0.9934848904989416,3.0-4.0%,0.98-1.00,2025-09-11→2025-09-12
2025-09-11,2025-09-12,C,6555.0,0.03561643835616438,132.20159123494398,0.9681043606154754,74.70234732880544,0.6156354294853651,6587.47,6584.29,0.03287671232876712,146.28028411887104,70.47181040031683,-2.1214281332425093,-3.242279334236363,0.9942432759115363,3.0-4.0%,0.98-1.00,2025-09-11→2025-09-12
2025-09-11,2025-09-12,P,6555.0,0.03561643835616438,94.27934400393725,-0.03189563938424557,36.59853244240503,-0.3848927871766758,6587.47,6584.29,0.03287671232876712,111.61249196116994,35.97770835040092,-2.251428133241909,-3.37395906322194,0.9942432759115363,3.0-4.0%,0.98-1.00,2025-09-11→2025-09-12
2025-09-11,2025-09-12,C,6560.0,0.03561643835616438,128.81194674735892,0.9519066974529354,71.25229563867697,0.6020811921831917,6587.47,6584.29,0.03287671232876712,143.0781869555389,67.06995089331167,-2.222936702099388,-3.3353818088572753,0.9950016613241309,3.0-4.0%,0.98-1.00,2025-09-11→2025-09-12
2025-09-11,2025-09-12,P,6560.0,0.03561643835616438,95.88554067026064,-0.04809330254671335,38.198480270606524,-0.39857321229660325,6587.47,6584.29,0.03287671232876712,113.40629274430711,37.62410847581168,-2.2029367020985595,-3.3174628151033114,0.9950016613241309,3.0-4.0%,0.98-1.00,2025-09-11→2025-09-12
2025-09-11,2025-09-12,C,6565.0,0.03561643835616438,130.167448801734,0.9543391901971915,67.85224269418404,0.5881957325484269,6587.47,6584.29,0.03287671232876712,145.6496371961991,63.72243951687142,-2.115201375172645,-3.2795375704958225,0.9957600467367255,3.0-4.0%,0.98-1.00,2025-09-11→2025-09-12
2025-09-11,2025-09-12,P,6565.0,0.03561643835616438,102.23688387853086,-0.04566080980258888,39.798427229407935,-0.412484028119796,6587.47,6584.29,0.03287671232876712,120.97364093146976,39.2766271842338,-2.145201375172246,-3.3116992094210715,0.9957600467367255,3.0-4.0%,0.98-1.00,2025-09-11→2025-09-12
2025-09-11,2025-09-12,C,6570.0,0.03561643835616438,128.8525637855519,0.9630505388967341,64.55218823228415,0.5739121383804003,6587.47,6584.29,0.03287671232876712,143.68963524743626,60.47767661098351,-2.0874992863081183,-3.3249593999501728,0.9965184321493201,3.0-4.0%,0.98-1.00,2025-09-11→2025-09-12
2025-09-11,2025-09-12,P,6570.0,0.03561643835616438,105.91784001626914,-0.036949461102857545,41.49837266656914,-0.4267940953130911,6587.47,6584.29,0.03287671232876712,124.00953692914719,41.03190773182996,-2.1174992863070976,-3.357205223095754,0.9965184321493201,3.0-4.0%,0.98-1.00,2025-09-11→2025-09-12
2025-09-11,2025-09-12,C,6575.0,0.03561643835616438,125.89470620412789,0.9573852256602488,61.30213210441343,0.5593152625722929,6587.47,6584.29,0.03287671232876712,139.5303255260087,57.287622098082466,-2.055514982400125,-3.32137746501994,0.9972768175619147,3.0-4.0%,0.98-1.00,2025-09-11→2025-09-12
2025-09-11,2025-09-12,P,6575.0,0.03561643835616438,107.95582358873294,-0.042614774339527275,43.2483164258515,-0.44141827775469783,6587.47,6584.29,0.03287671232876712,124.84612515425066,42.841909897347705,-2.085514982399712,-3.35371012326007,0.9972768175619147,3.0-4.0%,0.98-1.00,2025-09-11→2025-09-12
2025-09-11,2025-09-12,C,6580.0,0.03561643835616438,124.00487362057444,0.9409372409228006,58.1520755525994,0.5443642517495724,6587.47,6584.29,0.03287671232876712,142.2583194010577,54.20060755228633,-2.1078195738652217,-3.3689216794362027,0.9980352029745093,3.0-4.0%,0.98-1.00,2025-09-11→2025-09-12
2025-09-11,2025-09-12,P,6580.0,0.03561643835616438,111.06183215908402,-0.059062759077012146,45.148259639776825,-0.45643298014575173,6587.47,6584.29,0.03287671232876712,132.57001697576948,44.80309786107682,-2.1878195738649087,-3.4514568768636162,0.9980352029745093,3.0-4.0%,0.98-1.00,2025-09-11→2025-09-12
2025-09-11,2025-09-12,C,6585.0,0.03561643835616438,126.04786050263222,0.9571644790113619,55.102017351774066,0.5290956559699365,6587.47,6584.29,0.03287671232876712,142.50869673892626,51.21671131932726,-1.9062169567435934,-3.2674758140154507,0.998793588387104,3.0-4.0%,0.98-1.00,2025-09-11→2025-09-12
2025-09-11,2025-09-12,P,6585.0,0.03561643835616438,118.10066019503596,-0.04283552098849718,47.048201461600456,-0.4716956718081922,6587.47,6584.29,0.03287671232876712,137.8162922601244,46.77115614745253,-2.086216956743429,-3.4499922363501843,0.998793588387104,3.0-4.0%,0.98-1.00,2025-09-11→2025-09-12
2025-09-11,2025-09-12,C,6590.0,0.03561643835616438,123.71927101062919,0.9629144622982351,52.15195804252107,0.5135471949631291,6587.47,6584.29,0.03287671232876712,139.43429460134394,48.335978377657284,-2.187932009891325,-3.616919920017093,0.9995519737996985,3.0-4.0%,0.98-1.00,2025-09-11→2025-09-12
2025-09-11,2025-09-12,P,6590.0,0.03561643835616438,120.76791185695168,-0.037085537701490236,49.048142057469704,-0.4872690791716062,6587.47,6584.29,0.03287671232876712,139.73778806903107,48.84248644500349,-1.967932009890744,-3.399515671765844,0.9995519737996985,3.0-4.0%,0.98-1.00,2025-09-11→2025-09-12
2025-09-11,2025-09-12,C,6595.0,0.03561643835616438,120.65939021678969,0.9411589398877035,49.15189772117401,0.49772692474212515,6587.47,6584.29,0.03287671232876712,139.10048123410908,45.41447905972518,-1.8571145711568304,-3.2672283793198984,1.000310359212293,3.0-4.0%,1.00-1.02,2025-09-11→2025-09-12
2025-09-11,2025-09-12,P,6595.0,0.03561643835616438,122.70387221701175,-0.058841060112109246,51.198081674207515,-0.5031055368929132,6587.47,6584.29,0.03287671232876712,144.39987264826024,51.065100558186714,-1.9871145711565288,-3.399875607319615,1.000310359212293,3.0-4.0%,1.00-1.02,2025-09-11→2025-09-12
2025-09-11,2025-09-12,C,6600.0,0.03561643835616438,123.49310311753483,0.9499682533260376,46.35183649105602,0.48166156740227695,6587.47,6584.29,0.03287671232876712,141.1813777722445,42.692348081515775,-1.7291009544229237,-3.218316215660619,1.0010687446248878,3.0-4.0%,1.00-1.02,2025-09-11→2025-09-12
2025-09-11,2025-09-12,P,6600.0,0.03561643835616438,130.5334262716695,-0.050031746673702845,53.398020444088615,-0.5191708942327614,6587.47,6584.29,0.03287671232876712,151.4766671329176,53.34296957997776,-1.9591009544223867,-3.4509634436603296,1.0010687446248878,3.0-4.0%,1.00-1.02,2025-09-11→2025-09-12
2025-09-11,2025-09-12,C,6605.0,0.03561643835616438,122.13466325971478,0.9578654846824112,43.65177448203667,0.46540150051468115,6587.47,6584.29,0.03287671232876712,140.21356523758712,40.07346903058169,-1.703987758709654,-3.2700232283631783,1.0018271300374824,3.0-4.0%,1.00-1.02,2025-09-11→2025-09-12
2025-09-11,2025-09-12,P,6605.0,0.03561643835616438,134.1708275677604,-0.04213451531726134,55.69795843506972,-0.5354309611203576,6587.47,6584.29,0.03287671232876712,155.50475254473344,55.724090529043224,-1.8339877587089062,-3.4026704563628956,1.0018271300374824,3.0-4.0%,1.00-1.02,2025-09-11→2025-09-12
2025-09-11,2025-09-12,C,6610.0,0.03561643835616438,119.50629889574492,0.947901744764137,41.05171144726182,0.4489874296418985,6587.47,6584.29,0.03287671232876712,136.28040168047016,37.55776285153024,-1.635672451649767,-3.222219973738631,1.002585515450077,3.0-4.0%,1.00-1.02,2025-09-11→2025-09-12
2025-09-11,2025-09-12,P,6610.0,0.03561643835616438,136.5383043576843,-0.05209825523560241,58.09789540029624,-0.5518450319931396,6587.47,6584.29,0.03287671232876712,156.56748693410367,58.20838434999223,-1.7656724516492321,-3.354867201738346,1.002585515450077,3.0-4.0%,1.00-1.02,2025-09-11→2025-09-12
2025-09-11,2025-09-12,C,6615.0,0.03561643835616438,119.71097876943215,0.9381560768953173,38.55164889609523,0.4324611879374287,6587.47,6584.29,0.03287671232876712,139.87734185574485,35.14511320712518,-1.5666636754726149,-3.174773422358848,1.0033439008626717,3.0-4.0%,1.00-1.02,2025-09-11→2025-09-12
2025-09-11,2025-09-12,P,6615.0,0.03561643835616438,141.73882538526553,-0.061843923104556824,60.59783284912828,-0.5683712736976095,6587.47,6584.29,0.03287671232876712,165.16032505585687,60.79573470558671,-1.7466636754725129,-3.357420650358568,1.0033439008626717,3.0-4.0%,1.00-1.02,2025-09-11→2025-09-12
2025-09-11,2025-09-12,C,6620.0,0.03561643835616438,120.88587128937455,0.9515980505320719,36.15158562001261,0.41586577827768995,6587.47,6584.29,0.03287671232876712,140.63330919289584,32.83536106593192,-1.42391819930773,-3.127546825076821,1.0041022862752662,3.0-4.0%,1.00-1.02,2025-09-11→2025-09-12
2025-09-11,2025-09-12,P,6620.0,0.03561643835616438,147.9095590591331,-0.048401949467576845,63.29777030090236,-0.5847758003247087,6587.47,6584.29,0.03287671232876712,170.9121903394772,63.58110790379396,-1.7539181993069028,-3.459587045032738,1.0041022862752662,3.0-4.0%,1.00-1.02,2025-09-11→2025-09-12
2025-09-11,2025-09-12,C,6625.0,0.03561643835616438,118.74069734296165,0.9551279531264643,33.90152268542215,0.3993593003592524,6587.47,6584.29,0.03287671232876712,137.56455494480488,30.675760624093982,-1.6126931090575645,-3.38003742485746,1.0048606716878608,3.0-4.0%,1.00-1.02,2025-09-11→2025-09-12
2025-09-11,2025-09-12,P,6625.0,0.03561643835616438,150.76022626662024,-0.04487204687320604,65.99770707163134,-0.6013595451905965,6587.47,6584.29,0.03287671232876712,172.83933403787057,66.37383616874558,-1.6426931090568082,-3.412323353706272,1.0048606716878608,3.0-4.0%,1.00-1.02,2025-09-11→2025-09-12
2025-09-11,2025-09-12,C,6630.0,0.03561643835616438,115.87368323666426,0.9320326706491837,31.70145951437189,0.3827783137595315,6587.47,6584.29,0.03287671232876712,138.49923647853538,28.57104628846764,-1.3861361073353224,-3.1327649622445763,1.0056190571004555,3.0-4.0%,1.00-1.02,2025-09-11→2025-09-12
2025-09-11,2025-09-12,P,6630.0,0.03561643835616438,152.88905331423226,-0.0679673293504748,68.89764497386841,-0.6176582178839997,6587.47,6584.29,0.03287671232876712,178.76991351811157,69.36368069286073,-1.7161361073345296,-3.4641531328712984,1.0056190571004555,3.0-4.0%,1.00-1.02,2025-09-11→2025-09-12
2025-09-11,2025-09-12,C,6635.0,0.03561643835616438,119.52507185028725,0.9445189144370535,29.551396694836058,0.36611377766822,6587.47,6584.29,0.03287671232876712,140.03637851091077,26.52128712137528,-1.1964298520898944,-3.0357581870149533,1.00637744251305,3.0-4.0%,1.00-1.02,2025-09-11→2025-09-12
2025-09-11,2025-09-12,P,6635.0,0.03561643835616438,161.53628308174888,-0.055481085562753885,71.59758064787002,-0.6347186839668173,6587.47,6584.29,0.03287671232876712,185.3029534969553,72.17190861983818,-1.4264298520895735,-3.2684054150146635,1.00637744251305,3.0-4.0%,1.00-1.02,2025-09-11→2025-09-12
2025-09-11,2025-09-12,C,6640.0,0.03561643835616438,118.16122190352388,0.9520621036378366,27.601333982648157,0.34986893148586806,6587.47,6584.29,0.03287671232876712,138.62955381654174,24.66777209744214,-1.1224425104314046,-3.03741679787484,1.0071358279256446,3.0-4.0%,1.00-1.02,2025-09-11→2025-09-12
2025-09-11,2025-09-12,P,6640.0,0.03561643835616438,165.1682742888869,-0.047937896362007376,74.5975172839544,-0.6511344486352361,6587.47,6584.29,0.03287671232876712,188.89202674908074,75.27132174354301,-1.3524425104311861,-3.2706075466602287,1.0071358279256446,3.0-4.0%,1.00-1.02,2025-09-11→2025-09-12
2025-09-11,2025-09-12,C,6645.0,0.03561643835616438,115.6622425713407,0.9399548171542419,25.651271362490206,0.3334487310744934,6587.47,6584.29,0.03287671232876712,134.6825279600082,22.82157355876825,-1.0109436814492372,-2.939633035183014,1.0078942133382394,3.0-4.0%,1.00-1.02,2025-09-11→2025-09-12
2025-09-11,2025-09-12,P,6645.0,0.03561643835616438,167.66513611062024,-0.06004518284542418,77.6474545868241,-0.6675747143871585,6587.47,6584.29,0.03287671232876712,189.94089883904073,78.42527020270063,-1.2409436814484778,-3.17288759175137,1.0078942133382394,3.0-4.0%,1.00-1.02,2025-09-11→2025-09-12
2025-09-11,2025-09-12,C,6650.0,0.03561643835616438,116.69889158834116,0.9329958813328157,23.80120915080579,0.31720706277007127,6587.47,6584.29,0.03287671232876712,138.72920499811426,21.076705583441708,-0.9830730973613737,-2.9412815403910804,1.008652598750834,3.0-4.0%,1.00-1.02,2025-09-11→2025-09-12
2025-09-11,2025-09-12,P,6650.0,0.03561643835616438,173.697626281521,-0.06700411866693225,80.79739228638027,-0.6838368023238045,6587.47,6584.29,0.03287671232876712,198.98347382362232,81.6805585473976,0.18692690263912742,-1.7746010313899059,1.008652598750834,3.0-4.0%,1.00-1.02,2025-09-11→2025-09-12
2025-09-11,2025-09-12,C,6655.0,0.03561643835616438,117.62064941768807,0.9455360131432629,22.051148404476407,0.3011970984657119,6587.47,6584.29,0.03287671232876712,139.22631369135286,19.432714979798902,-0.7931954782041495,-2.8421932268789494,1.0094109841634284,3.0-4.0%,1.00-1.02,2025-09-11→2025-09-12
2025-09-11,2025-09-12,P,6655.0,0.03561643835616438,179.61522526476583,-0.05446398685649376,84.09733235750991,-0.6996353631693266,6587.47,6584.29,0.03287671232876712,204.47648046334572,85.08333647826021,-0.9731954782036631,-3.0248404548786594,1.0094109841634284,3.0-4.0%,1.00-1.02,2025-09-11→2025-09-12
2025-09-11,2025-09-12,C,6660.0,0.03561643835616438,115.55591186347498,0.9482700635421473,20.451089418474112,0.285726728928755,6587.47,6584.29,0.03561643835616438,143.1362028783897,19.55724680857088,1.9654988020643036,-0.14138900200647664,1.0101693695760232,3.0-4.0%,1.00-1.02,2025-09-11→2025-09-12
2025-09-11,2025-09-12,P,6660.0,0.03561643835616438,182.54632886446186,-0.05172993645765248,87.44727240879729,-0.7153582196957093,6587.47,6584.29,0.03561643835616438,212.55915748843196,89.73689228468356,1.285498802064653,-0.8248391386325609,1.0101693695760232,3.0-4.0%,1.00-1.02,2025-09-11→2025-09-12
