asof0,asof1,cp,K,T,price0_pde,delta0_pde,price0_bsm,delta0_bsm,S0,S1,T1,price1_pde,price1_bsm,pnl_pde,pnl_bsm,m,T_bucket,m_bucket,pair
2025-09-12,2025-09-15,C,6535.0,0.00821917808219178,95.82928315448171,0.9653250392000265,52.15353536061957,0.8602342737935015,6584.29,6615.28,0.038356164383561646,123.2018145816022,90.29622821106477,34.93457703519138,38.191339855139574,0.9925721716514955,<1.0%,0.98-1.00,2025-09-12→2025-09-15
2025-09-12,2025-09-15,P,6535.0,0.00821917808219178,46.922307237677295,-0.034674960800279236,3.4494067611231003,-0.14433618123182818,6584.29,6615.28,0.038356164383561646,37.032966380612734,12.385143225087859,28.17457703520065,31.572978256374327,0.9925721716514955,<1.0%,0.98-1.00,2025-09-12→2025-09-15
2025-09-12,2025-09-15,C,6540.0,0.00821917808219178,91.30496094207288,0.9366359600480256,47.403475824985435,0.8457442617376814,6584.29,6615.28,0.038356164383561646,119.98527251865187,85.03177170252366,36.37365159811189,39.19038532874944,0.9933315994798441,<1.0%,0.98-1.00,2025-09-12→2025-09-15
2025-09-12,2025-09-15,P,6540.0,0.00821917808219178,47.39827808118514,-0.06336403995226615,3.7493428347625013,-0.15988960731022406,6584.29,6615.28,0.038356164383561646,38.811918695454196,12.2236465345527,29.763651598120713,32.75497893054381,0.9933315994798441,<1.0%,0.98-1.00,2025-09-12→2025-09-15
2025-09-12,2025-09-15,C,6545.0,0.00821917808219178,93.09084151226284,0.9388966343491656,42.80339578414987,0.8262791416432473,6584.29,6615.28,0.005479452054794521,77.74004696379852,70.26714130110486,3.653593301519564,7.143609400475945,0.9940910273081925,<1.0%,0.98-1.00,2025-09-12→2025-09-15
2025-09-12,2025-09-15,P,6545.0,0.00821917808219178,54.184451707301875,-0.061103365651005825,4.149263731690553,-0.17913507770524528,6584.29,6615.28,0.005479452054794521,9.469096977030636,0.2851365510005053,5.093593301524656,8.751396058085511,0.9940910273081925,<1.0%,0.98-1.00,2025-09-12→2025-09-15
2025-09-12,2025-09-15,C,6550.0,0.00821917808219178,91.70205354497092,0.9567544855445435,38.353295256692036,0.8018123133461351,6584.29,6615.28,0.005479452054794521,73.83538018472126,65.31508652383309,3.200178492974807,8.001836409403449,0.994850455136541,<1.0%,0.98-1.00,2025-09-12→2025-09-15
2025-09-12,2025-09-15,P,6550.0,0.00821917808219178,57.79595679592221,-0.04324551445572133,4.599172928501503,-0.2012282682178899,6584.29,6615.28,0.005479452054794521,10.56596499551979,0.3187688952912424,4.690178492982794,9.586064032072365,0.994850455136541,<1.0%,0.98-1.00,2025-09-12→2025-09-15
2025-09-12,2025-09-15,C,6555.0,0.00821917808219178,87.59537426532951,0.9460789589489054,33.90318612434112,0.7752964861010431,6584.29,6615.28,0.005479452054794521,69.96792022973955,60.35767714203848,6.48101306217362,11.773561895728836,0.9956098829648895,<1.0%,0.98-1.00,2025-09-12→2025-09-15
2025-09-12,2025-09-15,P,6555.0,0.00821917808219178,58.689570572186774,-0.05392104105148896,5.099068644294221,-0.22658088923037586,6584.29,6615.28,0.005479452054794521,11.700039838102926,0.3538544789631146,5.221013062185632,10.571741757249299,0.9956098829648895,<1.0%,0.98-1.00,2025-09-12→2025-09-15
2025-09-12,2025-09-15,C,6560.0,0.00821917808219178,85.05859649682327,0.9152238057666,29.603054753541073,0.7432760178396625,6584.29,6615.28,0.005479452054794521,66.24167763517308,55.418914588922235,4.637214259293266,9.965876207149023,0.996369310793238,<1.0%,0.98-1.00,2025-09-12→2025-09-15
2025-09-12,2025-09-15,P,6560.0,0.00821917808219178,61.15308585960962,-0.08477619423361459,5.798937956584268,-0.25841149427913856,6584.29,6615.28,0.005479452054794521,12.975332041101046,0.4165633120009602,6.227214259299698,11.60817220771045,0.996369310793238,<1.0%,0.98-1.00,2025-09-12→2025-09-15
2025-09-12,2025-09-15,C,6565.0,0.00821917808219178,88.96063799090399,0.9465532080000191,25.502896557338318,0.7048077104153795,6584.29,6615.28,0.005479452054794521,62.62798597136024,50.50982570103315,3.6163160840796174,11.108009054227548,0.9971287386215866,<1.0%,0.98-1.00,2025-09-12→2025-09-15
2025-09-12,2025-09-15,P,6565.0,0.00821917808219178,70.05542040961164,-0.053446792000119474,6.698780821030368,-0.29662954600124364,6584.29,6615.28,0.005479452054794521,14.363175174854966,0.5096121886172682,5.15631608408369,12.692549630578476,0.9971287386215866,<1.0%,0.98-1.00,2025-09-12→2025-09-15
2025-09-12,2025-09-15,C,6570.0,0.00821917808219178,85.66577188929486,0.9572730383369735,21.602712405177044,0.6600022580411375,6584.29,6615.28,0.005479452054794521,59.056196050303605,45.633731526535485,3.0841085419374004,12.29653002330529,0.997888166449935,<1.0%,0.98-1.00,2025-09-12→2025-09-15
2025-09-12,2025-09-15,P,6570.0,0.00821917808219178,71.76084736391972,-0.042726961663163886,7.798597924764181,-0.341129483469092,6584.29,6615.28,0.005479452054794521,15.792920051363051,0.6363246573285437,4.624108541941439,13.871602692707086,0.997888166449935,<1.0%,0.98-1.00,2025-09-12→2025-09-15
2025-09-12,2025-09-15,C,6575.0,0.00821917808219178,81.209010653013,0.916617424415848,17.952500463643446,0.6084341198057901,6584.29,6615.28,0.005479452054794521,55.55962425379778,40.80695172907781,3.9940260173530753,13.544626627218705,0.9986475942782835,<1.0%,0.98-1.00,2025-09-12→2025-09-15
2025-09-12,2025-09-15,P,6575.0,0.00821917808219178,72.30437918354947,-0.08338257558436922,9.098389180400318,-0.39191955437095183,6584.29,6615.28,0.005479452054794521,17.29788305242083,0.7993049631741087,5.584026017359584,15.145586989955712,0.9986475942782835,<1.0%,0.98-1.00,2025-09-12→2025-09-15
2025-09-12,2025-09-15,C,6580.0,0.00821917808219178,87.0329593869382,0.9347023983633963,14.602261389502928,0.5502831939267598,6584.29,6615.28,0.005479452054794521,52.25498715031322,36.05251811713606,2.883572674718554,14.796723820209834,0.999407022106632,<1.0%,0.98-1.00,2025-09-12→2025-09-15
2025-09-12,2025-09-15,P,6580.0,0.00821917808219178,83.12862097338643,-0.06529760163689975,10.698151800461801,-0.4496581983249511,6584.29,6615.28,0.005479452054794521,18.994780746499934,1.030991751988381,4.523572674727509,16.434907566090136,0.999407022106632,<1.0%,0.98-1.00,2025-09-12→2025-09-15
2025-09-12,2025-09-15,C,6585.0,0.00821917808219178,85.50596667405941,0.951056470805475,11.601999022539985,0.48653143899065115,6584.29,6615.28,0.005479452054794521,49.00087215952186,31.404064517553707,1.5767599697385357,15.972390705679825,1.0001664499349805,<1.0%,1.00-1.02,2025-09-12→2025-09-15
2025-09-12,2025-09-15,P,6585.0,0.00821917808219178,86.60192131641814,-0.04894352919485568,12.697889433498403,-0.5134099532610641,6584.29,6615.28,0.005479452054794521,20.74220055327679,1.3825381524073919,3.216759969748568,17.610574451560264,1.0001664499349805,<1.0%,1.00-1.02,2025-09-12→2025-09-15
2025-09-12,2025-09-15,C,6590.0,0.00821917808219178,81.50472194523188,0.930202596477029,9.001722774341943,0.4192110077791312,6584.29,6615.28,0.005479452054794521,45.76244530153403,26.912494511474506,1.2230215351770717,17.058650868924815,1.000925877763329,<1.0%,1.00-1.02,2025-09-12→2025-09-15
2025-09-12,2025-09-15,P,6590.0,0.00821917808219178,87.60096964352695,-0.06979740352309015,15.097613185300816,-0.5807303844725898,6584.29,6615.28,0.005479452054794521,22.50530849285469,1.8909681463280776,2.8130215351805488,18.646834614805435,1.000925877763329,<1.0%,1.00-1.02,2025-09-12→2025-09-15
2025-09-12,2025-09-15,C,6595.0,0.00821917808219178,83.28424079599203,0.9155810685630202,6.801442614096231,0.35104197553100386,6584.29,6615.28,0.005479452054794521,42.75676990967734,22.627064238204184,0.3761426852321996,17.871209178294265,1.0016853055916777,<1.0%,1.00-1.02,2025-09-12→2025-09-15
2025-09-12,2025-09-15,P,6595.0,0.00821917808219178,94.38078155018748,-0.08441893143732977,17.89733302505647,-0.6488994167207028,6584.29,6615.28,0.005479452054794521,24.501167898563352,2.6055378730579832,1.9661426852428328,19.45939292417444,1.0016853055916777,<1.0%,1.00-1.02,2025-09-12→2025-09-15
2025-09-12,2025-09-15,C,6600.0,0.00821917808219178,85.97374210435541,0.9408159530712328,5.151183840480826,0.2880754362894647,6584.29,6615.28,0.005479452054794521,39.827662786926126,18.730704065243117,-2.1558863856772987,18.07254222938955,1.0024447334200262,<1.0%,1.00-1.02,2025-09-12→2025-09-15
2025-09-12,2025-09-15,P,6600.0,0.00821917808219178,102.07057591446922,-0.05918404692906112,21.347082251883876,-0.7099194637681384,6584.29,6615.28,0.005479452054794521,26.57359557337654,3.787284403794729,-0.6158863856684118,19.55040418217445,1.0024447334200262,<1.0%,1.00-1.02,2025-09-12→2025-09-15
2025-09-12,2025-09-15,C,6605.0,0.00821917808219178,82.72221840076412,0.9443698843293213,3.750940567164662,0.22889207159358327,6584.29,6615.28,0.005479452054794521,36.945615648157805,15.111923640715759,-4.066022715365463,18.106634701314903,1.0032041612483746,<1.0%,1.00-1.02,2025-09-12→2025-09-15
2025-09-12,2025-09-15,P,6605.0,0.00821917808219178,103.81934526678539,-0.055630115671153946,25.046852228106218,-0.7658887674147007,6584.29,6615.28,0.005479452054794521,28.69308323217491,5.286315059999652,-2.6760227153509533,19.334892902181405,1.0032041612483746,<1.0%,1.00-1.02,2025-09-12→2025-09-15
2025-09-12,2025-09-15,C,6610.0,0.00821917808219178,78.3646221933221,0.9025376232125988,2.750737626848604,0.17949835376354029,6584.29,6615.28,0.005479452054794521,34.148222856608825,11.993897280769943,-4.869640943358238,17.53734601686793,1.0039635890767231,<1.0%,1.00-1.02,2025-09-12→2025-09-15
2025-09-12,2025-09-15,P,6610.0,0.00821917808219178,104.46204211527402,-0.09746237678769087,29.09666004182418,-0.8125718313155006,6584.29,6615.28,0.005479452054794521,30.897225238190543,7.273523040152668,-3.479640943349481,18.681601052467187,1.0039635890767231,<1.0%,1.00-1.02,2025-09-12→2025-09-15
2025-09-12,2025-09-15,C,6615.0,0.00821917808219178,85.7385603993026,0.9299606664034662,1.9755647768446352,0.13751479445256257,6584.29,6615.28,0.005479452054794521,31.53316998487583,9.294104997873546,-7.794481051843217,16.763416519915115,1.0047230169050716,<1.0%,1.00-1.02,2025-09-12→2025-09-15
2025-09-12,2025-09-15,P,6615.0,0.00821917808219178,116.83627337718426,-0.07003933359660548,33.29649000871359,-0.8540316934721254,6584.29,6615.28,0.005479452054794521,33.28370716402339,9.600722757227686,-6.379481051841209,17.916442180700983,1.0047230169050716,<1.0%,1.00-1.02,2025-09-12→2025-09-15
2025-09-12,2025-09-15,C,6620.0,0.00821917808219178,83.85551466589148,0.9449920704903791,1.4254295616773334,0.10449622690975102,6584.29,6615.28,0.005479452054794521,28.96966158746968,7.085405969013209,-10.460304264496646,15.586661928066839,1.00548244473342,<1.0%,1.00-1.02,2025-09-12→2025-09-15
2025-09-12,2025-09-15,P,6620.0,0.00821917808219178,119.95352069967754,-0.05500792950988884,37.64634193669008,-0.8900634111550592,6584.29,6615.28,0.005479452054794521,35.72173356418341,12.280827552470328,-8.995304264488556,16.88306511169509,1.00548244473342,<1.0%,1.00-1.02,2025-09-12→2025-09-15
2025-09-12,2025-09-15,C,6625.0,0.00821917808219178,79.86812201416284,0.918496447345667,0.9753128331120706,0.07612785464887117,6584.29,6615.28,0.005479452054794521,26.429345764396675,5.203523216441681,-11.739204903242022,14.365797784431496,1.0062418725617686,<1.0%,1.00-1.02,2025-09-12→2025-09-15
2025-09-12,2025-09-15,P,6625.0,0.00821917808219178,120.96642110387327,-0.08150355265447685,42.246237931344695,-0.9153691168269965,6584.29,6615.28,0.005479452054794521,38.182952538675266,15.534379847597847,-10.27420490323778,15.567288930468422,1.0062418725617686,<1.0%,1.00-1.02,2025-09-12→2025-09-15
2025-09-12,2025-09-15,C,6630.0,0.00821917808219178,83.19485515301548,0.9124599276196362,0.6502216896014374,0.053950501460938265,6584.29,6615.28,0.005479452054794521,24.1262885592322,3.70702955662955,-13.52713315693233,13.078073959725534,1.007001300390117,<1.0%,1.00-1.02,2025-09-12→2025-09-15
2025-09-12,2025-09-15,P,6630.0,0.00821917808219178,129.29344729862999,-0.08754007238064691,46.896145391230675,-0.9378891376428937,6584.29,6615.28,0.005479452054794521,40.881430131078,19.034188563006865,-12.037133156923778,14.315184375553066,1.007001300390117,<1.0%,1.00-1.02,2025-09-12→2025-09-15
2025-09-12,2025-09-15,C,6635.0,0.00821917808219178,84.67780797329243,0.9349044780028734,0.5001722274613485,0.04191248026402824,6584.29,6615.28,0.005479452054794521,21.915359414337185,2.767969281871956,-16.17268977330884,11.501132236617774,1.0077607282184655,<1.0%,1.00-1.02,2025-09-12→2025-09-15
2025-09-12,2025-09-15,P,6635.0,0.00821917808219178,135.7766931748269,-0.065095521997412,51.69608602098742,-0.9523409704293582,6584.29,6615.28,0.005479452054794521,43.672035783747155,22.996266129355718,-14.632689773300221,12.863046673605595,1.0077607282184655,<1.0%,1.00-1.02,2025-09-12→2025-09-15
2025-09-12,2025-09-15,C,6640.0,0.00821917808219178,81.329565343916,0.9343987141298444,0.3251182038312379,0.028780714169571234,6584.29,6615.28,0.005479452054794521,19.73850605066295,1.8834610964732974,-17.882016150883672,10.183085667884995,1.0085201560468142,<1.0%,1.00-1.02,2025-09-12→2025-09-15
2025-09-12,2025-09-15,P,6640.0,0.00821917808219178,137.42874360135812,-0.06560128587058227,56.5460401014343,-0.9635217742492824,6584.29,6615.28,0.005479452054794521,46.496717217639635,27.201881789756044,-16.21701615087067,11.609539783985053,1.0085201560468142,<1.0%,1.00-1.02,2025-09-12→2025-09-15
2025-09-12,2025-09-15,C,6645.0,0.00821917808219178,76.99965682157018,0.8922681495785444,0.2250844994550789,0.02056672410206432,6584.29,6615.28,0.005479452054794521,17.693739058602283,1.3013263319749058,-18.176389955438893,8.837637220077031,1.0092795838751627,<1.0%,1.00-1.02,2025-09-12→2025-09-15
2025-09-12,2025-09-15,P,6645.0,0.00821917808219178,138.09912813494194,-0.10773185042167616,61.446007756792824,-0.9713849230181141,6584.29,6615.28,0.005479452054794521,49.45348502314286,31.63500657586519,-16.511389955432282,10.253218764331141,1.0092795838751627,<1.0%,1.00-1.02,2025-09-12→2025-09-15
2025-09-12,2025-09-15,C,6650.0,0.00821917808219178,84.69861639533278,0.9236035929103115,0.17506579693707636,0.016012330858290146,6584.29,6615.28,0.005479452054794521,15.863977905949042,0.949001035207516,-20.597475344290352,7.52877786670159,1.0100390117035112,<1.0%,1.00-1.02,2025-09-12→2025-09-15
2025-09-12,2025-09-15,P,6650.0,0.00821917808219178,150.79838076460715,-0.0763964070900893,66.39598926569397,-0.9758826234650331,6584.29,6615.28,0.005479452054794521,52.62525866805629,36.27814774472154,-17.33247534427815,10.542602501181157,1.0100390117035112,<1.0%,1.00-1.02,2025-09-12→2025-09-15
2025-09-12,2025-09-15,C,6655.0,0.00821917808219178,82.64044741898955,0.9381137690306172,0.10004020343366449,0.009790237546264315,6584.29,6615.28,0.005479452054794521,14.056624278888306,0.5714526027685451,-22.27214570225862,6.496600538441272,1.0107984395318597,<1.0%,1.00-1.02,2025-09-12→2025-09-15
2025-09-12,2025-09-15,P,6655.0,0.00821917808219178,153.74050484418675,-0.06188623096971671,71.39598408580514,-0.9771453706897749,6584.29,6615.28,0.005479452054794521,55.819439838560534,41.103388047238695,-19.132145702248497,9.231735037675907,1.0107984395318597,<1.0%,1.00-1.02,2025-09-12→2025-09-15
2025-09-12,2025-09-15,C,6535.0,0.010958904109589041,108.59454069275372,0.965669344629016,55.742903930387,0.8058037268316621,6584.29,6615.28,0.038356164383561646,123.2018145816022,95.2057542429111,31.323907009947007,36.27814250548697,0.9924836722714675,1.0-2.0%,0.98-1.00,2025-09-12→2025-09-15
2025-09-12,2025-09-15,P,6535.0,0.010958904109589041,59.10485919304291,-0.034330655371076164,6.65176085031726,-0.19998108563675301,6584.29,6615.28,0.038356164383561646,37.032966380612734,15.035541497863505,24.96390700994964,30.097413843882933,0.9924836722714675,1.0-2.0%,0.98-1.00,2025-09-12→2025-09-15
2025-09-12,2025-09-15,C,6540.0,0.010958904109589041,104.10798198345228,0.9403515316830677,50.79299907090535,0.7949957255593314,6584.29,6615.28,0.038356164383561646,119.98527251865187,89.41992805384871,32.858506033141936,37.363082464916495,0.9932430323879721,1.0-2.0%,0.98-1.00,2025-09-12→2025-09-15
2025-09-12,2025-09-15,P,6540.0,0.010958904109589041,59.61814770524168,-0.059648468316972084,7.301929448507508,-0.21910840279366947,6584.29,6615.28,0.038356164383561646,38.811918695454196,15.411674605799135,26.098506033142954,31.04016940257577,0.9932430323879721,1.0-2.0%,0.98-1.00,2025-09-12→2025-09-15
2025-09-12,2025-09-15,C,6545.0,0.010958904109589041,106.30099522868906,0.9427570220126605,48.09336940738012,0.7529397834007835,6584.29,6615.28,0.00821917808219178,83.48856588469032,72.30015145387642,3.8839598878278565,9.766396112409886,0.9940023925044766,1.0-2.0%,0.98-1.00,2025-09-12→2025-09-15
2025-09-12,2025-09-15,P,6545.0,0.010958904109589041,66.81100817196636,-0.057242977987548155,7.8520959310724265,-0.23803643474500438,6584.29,6615.28,0.00821917808219178,14.389795941005772,1.5684959021355667,6.123959887834104,11.726749112747633,0.9940023925044766,1.0-2.0%,0.98-1.00,2025-09-12→2025-09-15
2025-09-12,2025-09-15,C,6550.0,0.010958904109589041,105.0805261693851,0.9582921585483999,42.69344828344856,0.7439943636612569,6584.29,6615.28,0.00821917808219178,79.7852796221693,67.0292696622837,4.602526006585293,11.243614670137806,0.9947617526209812,1.0-2.0%,0.98-1.00,2025-09-12→2025-09-15
2025-09-12,2025-09-15,P,6550.0,0.010958904109589041,70.59038633418469,-0.041707841451554095,8.552291318923835,-0.26022138770716097,6584.29,6615.28,0.00821917808219178,15.687412069667207,1.7361856119355252,5.742526006583652,12.514260805044861,0.9947617526209812,1.0-2.0%,0.98-1.00,2025-09-12→2025-09-15
2025-09-12,2025-09-15,C,6555.0,0.010958904109589041,101.01753860439315,0.9489748536378642,38.54367526153146,0.7182022963055651,6584.29,6615.28,0.00821917808219178,76.10827219142709,62.24183509445811,4.941269285762804,12.092910837490702,0.9955211127374858,1.0-2.0%,0.98-1.00,2025-09-12→2025-09-15
2025-09-12,2025-09-15,P,6555.0,0.010958904109589041,71.5272459906778,-0.05102514636227111,9.352510232212126,-0.28508803966442275,6584.29,6615.28,0.00821917808219178,17.011307030104874,1.934581458630646,6.081269285766771,13.334878349200398,0.9955211127374858,1.0-2.0%,0.98-1.00,2025-09-12→2025-09-15
2025-09-12,2025-09-15,C,6560.0,0.010958904109589041,98.58822622837998,0.9222735279987138,34.5439304633619,0.6891875016442176,6584.29,6615.28,0.00821917808219178,72.53278933065772,57.507845377195736,5.668743367320062,12.892079324045849,0.9962804728539904,1.0-2.0%,0.98-1.00,2025-09-12→2025-09-15
2025-09-12,2025-09-15,P,6560.0,0.010958904109589041,74.09778083616196,-0.0777264720014237,10.502774353254154,-0.31509822560497175,6584.29,6615.28,0.00821917808219178,18.436726560518647,2.274565993672809,6.708743367324104,14.064894011498007,0.9962804728539904,1.0-2.0%,0.98-1.00,2025-09-12→2025-09-15
2025-09-12,2025-09-15,C,6565.0,0.010958904109589041,102.74011897560328,0.9495300972173778,31.0442386615714,0.6542192664963232,6584.29,6615.28,0.00821917808219178,69.07806938528738,52.9940141645111,4.324062287233669,13.475744931279085,0.9970398329704949,1.0-2.0%,0.98-1.00,2025-09-12→2025-09-15
2025-09-12,2025-09-15,P,6565.0,0.010958904109589041,83.24952080488514,-0.050469902782733736,11.5530449238031,-0.34581129013738954,6584.29,6615.28,0.00821917808219178,19.982909006329745,2.5624092276874535,5.814062287236908,14.966691881357626,0.9970398329704949,1.0-2.0%,0.98-1.00,2025-09-12→2025-09-15
2025-09-12,2025-09-15,C,6570.0,0.010958904109589041,99.48475613463765,0.9586924865185845,27.394546856526176,0.6192212890334693,6584.29,6615.28,0.00821917808219178,65.64938074034013,48.41298617188477,2.140119842789275,12.660332252852925,0.9977991930869995,1.0-2.0%,0.98-1.00,2025-09-12→2025-09-15
2025-09-12,2025-09-15,P,6570.0,0.010958904109589041,84.99400518542578,-0.04130751348148174,12.85335041856979,-0.38050260246194834,6584.29,6615.28,0.00821917808219178,21.555122752563893,2.9561476140005425,5.230119842791111,15.741775650295697,0.9977991930869995,1.0-2.0%,0.98-1.00,2025-09-12→2025-09-15
2025-09-12,2025-09-15,C,6575.0,0.010958904109589041,95.03291619365496,0.9236312781553969,23.89488026349045,0.5813557560626585,6584.29,6615.28,0.00821917808219178,62.26769726585092,43.89918274700358,4.5266666899644505,15.133785119618338,0.9985585532035041,1.0-2.0%,0.98-1.00,2025-09-12→2025-09-15
2025-09-12,2025-09-15,P,6575.0,0.010958904109589041,85.54201246594143,-0.0763687218447308,14.353684666318259,-0.4184637440155727,6584.29,6615.28,0.00821917808219178,23.174341669252218,3.4404772393775147,6.016666689968192,16.618191427042504,0.9985585532035041,1.0-2.0%,0.98-1.00,2025-09-12→2025-09-15
2025-09-12,2025-09-15,C,6580.0,0.010958904109589041,100.99025144347424,0.939306707975132,20.645241137470748,0.5403725316747084,6584.29,6615.28,0.00821917808219178,59.05094381714926,39.512907151145555,3.540885119850863,15.903855243400901,0.9993179133200086,1.0-2.0%,0.98-1.00,2025-09-12→2025-09-15
2025-09-12,2025-09-15,P,6580.0,0.010958904109589041,96.49919493726574,-0.06069329202491153,16.10404649111888,-0.45955497995010974,6584.29,6615.28,0.00821917808219178,24.95849061173269,4.051963916780778,5.030885119851994,17.3916088286538,0.9993179133200086,1.0-2.0%,0.98-1.00,2025-09-12→2025-09-15
2025-09-12,2025-09-15,C,6585.0,0.010958904109589041,99.46925801119563,0.9532155346946631,17.595624540788776,0.4968336192986189,6584.29,6615.28,0.00821917808219178,55.898440653008066,35.23689293494226,2.5098505798125963,16.653126137935907,1.000077273436513,1.0-2.0%,1.00-1.02,2025-09-12→2025-09-15
2025-09-12,2025-09-15,P,6585.0,0.010958904109589041,99.9780487264842,-0.046784465305310295,18.10443080301775,-0.5031969373350912,6584.29,6615.28,0.00821917808219178,26.80688983877297,4.805287998118047,3.899850579811555,18.044073088014365,1.000077273436513,1.0-2.0%,1.00-1.02,2025-09-12→2025-09-15
2025-09-12,2025-09-15,C,6590.0,0.010958904109589041,95.46530058833376,0.9352576023511686,14.846025806074067,0.451253064278624,6584.29,6615.28,0.00821917808219178,52.72945657645385,31.148187302643237,2.316366903137485,17.31566753800554,1.0008366335530177,1.0-2.0%,1.00-1.02,2025-09-12→2025-09-15
2025-09-12,2025-09-15,P,6590.0,0.010958904109589041,100.97393852511425,-0.06474239764897856,20.304833368060827,-0.5489255276374965,6584.29,6615.28,0.00821917808219178,28.63880815339923,5.681636420054929,3.7563669031418314,18.761202101485896,1.0008366335530177,1.0-2.0%,1.00-1.02,2025-09-12→2025-09-15
2025-09-12,2025-09-15,C,6595.0,0.010958904109589041,97.30440513879833,0.922738065098481,12.346438740038138,0.40437339182404336,6584.29,6615.28,0.00821917808219178,49.731223860617156,27.2348682809843,1.7543473625982777,17.818468587372983,1.0015959936695222,1.0-2.0%,1.00-1.02,2025-09-12→2025-09-15
2025-09-12,2025-09-15,P,6595.0,0.010958904109589041,107.81289029707679,-0.07726193490169853,22.805247565933314,-0.5959484032046699,6584.29,6615.28,0.00821917808219178,30.64147782874615,6.76481771183785,3.194347362603621,19.26844101531259,1.0015959936695222,1.0-2.0%,1.00-1.02,2025-09-12→2025-09-15
2025-09-12,2025-09-15,C,6600.0,0.010958904109589041,99.95630258950227,0.94426280431221,10.146853183320218,0.3573103059964194,6584.29,6615.28,0.00821917808219178,46.86266571648135,23.55812299151239,-0.06270430563517948,18.126953617171043,1.0023553537860268,1.0-2.0%,1.00-1.02,2025-09-12→2025-09-15
2025-09-12,2025-09-15,P,6600.0,0.010958904109589041,115.46463496927649,-0.05573719568801488,25.655659445549645,-0.6427202506372983,6584.29,6615.28,0.00821917808219178,32.77382207579005,8.126518054688404,1.3272956943715704,19.517900567249736,1.0023553537860268,1.0-2.0%,1.00-1.02,2025-09-12→2025-09-15
2025-09-12,2025-09-15,C,6605.0,0.010958904109589041,96.69320989293753,0.9472115639638673,8.247258242666476,0.3112755874307731,6584.29,6615.28,0.00821917808219178,43.97503999718085,20.151991966453807,-1.4540863672400413,18.253569545520406,1.0031147139025314,1.0-2.0%,1.00-1.02,2025-09-12→2025-09-15
2025-09-12,2025-09-15,P,6605.0,0.010958904109589041,117.20138949421823,-0.052788436036282055,28.75606450489795,-0.6887549692029276,6584.29,6615.28,0.00821917808219178,34.88709874767238,9.720387029631183,-0.014086367235629282,19.694516495598577,1.0031147139025314,1.0-2.0%,1.00-1.02,2025-09-12→2025-09-15
2025-09-12,2025-09-15,C,6610.0,0.010958904109589041,92.3193434071878,0.9112659159599779,6.647643123624448,0.26761009121004176,6584.29,6615.28,0.00821917808219178,41.13440490475251,17.056378995501746,-1.7901307355995186,18.156763273400863,1.003874074019036,1.0-2.0%,1.00-1.02,2025-09-12→2025-09-15
2025-09-12,2025-09-15,P,6610.0,0.010958904109589041,117.82737022995714,-0.08873408404029774,32.456409766323304,-0.7279215251769027,6584.29,6615.28,0.00821917808219178,37.047366046425076,11.936050626096403,-0.6501307355911945,19.158288065232053,1.003874074019036,1.0-2.0%,1.00-1.02,2025-09-12→2025-09-15
2025-09-12,2025-09-15,C,6615.0,0.010958904109589041,99.73439576961903,0.9348067810959427,5.198018305497499,0.22498065523870858,6584.29,6615.28,0.00821917808219178,38.51855232433438,14.145196965415835,-3.96966214616306,18.02784949415247,1.0046334341355405,1.0-2.0%,1.00-1.02,2025-09-12→2025-09-15
2025-09-12,2025-09-15,P,6615.0,0.010958904109589041,130.2422698139031,-0.06519321890410511,36.10676005813093,-0.7677007847733258,6584.29,6615.28,0.00821917808219178,39.432415857188474,14.172223297885012,-2.9296621461618,18.841047320125195,1.0046334341355405,1.0-2.0%,1.00-1.02,2025-09-12→2025-09-15
2025-09-12,2025-09-15,C,6620.0,0.010958904109589041,97.82657145616841,0.9475469060267454,4.198325399495388,0.19015791199783566,6584.29,6615.28,0.00821917808219178,35.89415975183023,11.802030319588994,-6.1644786177686335,17.307006307187113,1.005392794252045,1.0-2.0%,1.00-1.02,2025-09-12→2025-09-15
2025-09-12,2025-09-15,P,6620.0,0.010958904109589041,133.3342927219722,-0.05245309397309743,40.05706587869372,-0.8024228571892162,6584.29,6615.28,0.00821917808219178,41.80892567586587,16.809041388894002,-5.074478617773718,18.16708434429364,1.005392794252045,1.0-2.0%,1.00-1.02,2025-09-12→2025-09-15
2025-09-12,2025-09-15,C,6625.0,0.010958904109589041,93.82362158251799,0.9247716330336844,3.3486018516944114,0.15874597191388645,6584.29,6615.28,0.00821917808219178,33.25141394453578,9.72388908160201,-7.258672907713677,16.48046233038869,1.0061521543685497,1.0-2.0%,1.00-1.02,2025-09-12→2025-09-15
2025-09-12,2025-09-15,P,6625.0,0.010958904109589041,134.33119006980078,-0.07522836696641101,44.207333790692246,-0.8328445625855969,6584.29,6615.28,0.00821917808219178,44.1670822597527,19.76846594848803,-6.168672907710939,17.309852994527468,1.0061521543685497,1.0-2.0%,1.00-1.02,2025-09-12→2025-09-15
2025-09-12,2025-09-15,C,6630.0,0.010958904109589041,97.21434369924359,0.919623019448917,2.623850982603358,0.13045810491309862,6584.29,6615.28,0.00821917808219178,30.7914045681283,7.8869673686835995,-8.824117372721737,15.632103328743103,1.0069115144850542,1.0-2.0%,1.00-1.02,2025-09-12→2025-09-15
2025-09-12,2025-09-15,P,6630.0,0.010958904109589041,142.72175940803174,-0.08037698055112655,48.20763885228371,-0.8674838830276183,6584.29,6615.28,0.00821917808219178,46.707975274525694,22.567527911006437,-7.459117372720609,16.9333255350257,1.0069115144850542,1.0-2.0%,1.00-1.02,2025-09-12→2025-09-15
2025-09-12,2025-09-15,C,6635.0,0.010958904109589041,98.64987291925483,0.9387386753676419,2.0740563296139953,0.10714259305925906,6584.29,6615.28,0.00821917808219178,28.568494840584123,6.380348716458911,-11.166511549643015,14.604651041093586,1.0076708746015588,1.0-2.0%,1.00-1.02,2025-09-12→2025-09-15
2025-09-12,2025-09-15,P,6635.0,0.010958904109589041,149.15713584954068,-0.06126132463241462,52.70782915834661,-0.8890918675961624,6584.29,6615.28,0.00821917808219178,49.4859679381628,26.148482727344344,-9.901511549641482,15.752956976804882,1.0076708746015588,1.0-2.0%,1.00-1.02,2025-09-12→2025-09-15
2025-09-12,2025-09-15,C,6640.0,0.010958904109589041,95.28682157748584,0.9382089079559378,1.5992402965832753,0.08625402646226309,6584.29,6615.28,0.00821917808219178,26.20449717031191,5.0596439257087695,-12.875094057554307,13.526987719934485,1.0084302347180634,1.0-2.0%,1.00-1.02,2025-09-12→2025-09-15
2025-09-12,2025-09-15,P,6640.0,0.010958904109589041,150.79393172927973,-0.06179109204411437,57.20801718778512,-0.910439654038255,6584.29,6615.28,0.00821917808219178,52.12287265907289,29.799526490792232,-11.535094057552913,14.764524878645322,1.0084302347180634,1.0-2.0%,1.00-1.02,2025-09-12→2025-09-15
2025-09-12,2025-09-15,C,6645.0,0.010958904109589041,90.93639693965935,0.9020394828859376,1.1994024359200353,0.06784673606547316,6584.29,6615.28,0.00821917808219178,23.930324893170358,3.9217934425535077,-13.354203574635008,12.497429649331004,1.009189594834568,1.0-2.0%,1.00-1.02,2025-09-12→2025-09-15
2025-09-12,2025-09-15,P,6645.0,0.010958904109589041,151.44335431294533,-0.09796051711415238,61.80817654384191,-0.9285341804899608,6584.29,6615.28,0.00821917808219178,54.84960277311333,33.67380666298777,-12.014203574632436,13.725274253383688,1.009189594834568,1.0-2.0%,1.00-1.02,2025-09-12→2025-09-15
2025-09-12,2025-09-15,C,6650.0,0.010958904109589041,98.68738989663268,0.9288957274219084,0.899532400592534,0.05307261998280565,6584.29,6615.28,0.00821917808219178,22.068660538813287,3.01637387059327,-15.686478592804738,11.455279506732865,1.0099489549510725,1.0-2.0%,1.00-1.02,2025-09-12→2025-09-15
2025-09-12,2025-09-15,P,6650.0,0.010958904109589041,164.19419449141355,-0.07110427257825495,66.40833866282173,-0.9469579366509141,6584.29,6615.28,0.00821917808219178,57.98884080993702,37.58476893376883,-13.996478592799898,13.146226456811618,1.0099489549510725,1.0-2.0%,1.00-1.02,2025-09-12→2025-09-15
2025-09-12,2025-09-15,C,6655.0,0.010958904109589041,96.59550013293045,0.941208246476134,0.649645594856679,0.04023597114867053,6584.29,6615.28,0.00821917808219178,20.009784543274545,2.2506501135857206,-17.41804355829519,10.50308725410271,1.010708315067577,1.0-2.0%,1.00-1.02,2025-09-12→2025-09-15
2025-09-12,2025-09-15,P,6655.0,0.010958904109589041,167.1021519492221,-0.05879175352382216,71.30839632075822,-0.9534891669398905,6584.29,6615.28,0.00821917808219178,60.930867205578416,42.12569483201332,-16.428043558296764,11.298629283466997,1.010708315067577,1.0-2.0%,1.00-1.02,2025-09-12→2025-09-15
2025-09-12,2025-09-15,C,6535.0,0.0136986301369863,120.08160893195287,0.9656755526446246,63.79970269757632,0.7326059041352967,6584.29,6615.28,0.038356164383561646,123.2018145816022,106.10698344701632,23.2737146235433,30.496543030847317,0.9923618366338843,1.0-2.0%,0.98-1.00,2025-09-12→2025-09-15
2025-09-12,2025-09-15,P,6535.0,0.0136986301369863,69.78972626195464,-0.03432444735640639,13.550108732059016,-0.2679164773735529,6584.29,6615.28,0.038356164383561646,37.032966380612734,23.070762450388656,18.063714623575027,25.302731633806346,0.9923618366338843,1.0-2.0%,0.98-1.00,2025-09-12→2025-09-15
2025-09-12,2025-09-15,C,6540.0,0.0136986301369863,115.69709809939857,0.9427845158568299,59.799709904581505,0.7148314042241604,6584.29,6615.28,0.038356164383561646,119.98527251865187,101.83720331649965,23.78310785359705,30.847374783093425,0.9931211035326096,1.0-2.0%,0.98-1.00,2025-09-12→2025-09-15
2025-09-12,2025-09-15,P,6540.0,0.0136986301369863,70.40444887801598,-0.057215484144107216,14.600116066916144,-0.28600449904495384,6584.29,6615.28,0.038356164383561646,38.811918695454196,23.882896470099922,18.723107853625873,25.81327942540306,0.9931211035326096,1.0-2.0%,0.98-1.00,2025-09-12→2025-09-15
2025-09-12,2025-09-15,C,6545.0,0.0136986301369863,118.0405279197449,0.9452211311772986,55.74971725159776,0.6967859174063722,6584.29,6615.28,0.00821917808219178,83.48856588469032,74.68536423242313,-3.8424028551842717,3.85660441957668,0.9938803704313348,1.0-2.0%,0.98-1.00,2025-09-12→2025-09-15
2025-09-12,2025-09-15,P,6545.0,0.0136986301369863,77.74711214697734,-0.05477886882356084,15.600123721731052,-0.30431179174167927,6584.29,6615.28,0.00821917808219178,14.389795941005772,3.8651737495147245,-1.7024028551578618,6.030622426074574,0.9938803704313348,1.0-2.0%,0.98-1.00,2025-09-12→2025-09-15
2025-09-12,2025-09-15,C,6550.0,0.0136986301369863,117.06934257251554,0.9590552227576609,51.999725536693404,0.6762409256573989,6584.29,6615.28,0.00821917808219178,79.7852796221693,70.19087467148347,-4.721121353259701,4.043293713877354,0.9946396373300601,1.0-2.0%,0.98-1.00,2025-09-12→2025-09-15
2025-09-12,2025-09-15,P,6550.0,0.0136986301369863,81.77516024834793,-0.04094477724329563,16.80013165434957,-0.32447745272303047,6584.29,6615.28,0.00821917808219178,15.687412069667207,4.350121180268843,-2.531121353230278,6.255556259886642,0.9946396373300601,1.0-2.0%,0.98-1.00,2025-09-12→2025-09-15
2025-09-12,2025-09-15,C,6555.0,0.0136986301369863,113.13117262374065,0.9506859134804815,48.29973423842057,0.6548687399161656,6584.29,6615.28,0.00821917808219178,76.10827219142709,65.73805949325106,-4.861756458759906,4.305617749998181,0.9953989042287853,1.0-2.0%,0.98-1.00,2025-09-12→2025-09-15
2025-09-12,2025-09-15,P,6555.0,0.0136986301369863,82.83622374817388,-0.04931408652057006,18.05014022492287,-0.3455338344961789,6584.29,6615.28,0.00821917808219178,17.011307030104874,4.874524546487692,-2.671756458727546,6.508093531036508,0.9953989042287853,1.0-2.0%,0.98-1.00,2025-09-12→2025-09-15
2025-09-12,2025-09-15,C,6560.0,0.0136986301369863,110.62338627500098,0.926851394982556,44.69974358303807,0.632385713902364,6584.29,6615.28,0.00821917808219178,72.53278933065772,61.35409770511069,-4.623124730509215,4.502366726165874,0.9961581711275106,1.0-2.0%,0.98-1.00,2025-09-12→2025-09-15
2025-09-12,2025-09-15,P,6560.0,0.0136986301369863,85.32767084805613,-0.07314860501831309,19.500149627280734,-0.3681937544372488,6584.29,6615.28,0.00821917808219178,18.436726560518647,5.518075574055274,-2.4331247304824926,6.71032445001026,0.9961581711275106,1.0-2.0%,0.98-1.00,2025-09-12→2025-09-15
2025-09-12,2025-09-15,C,6565.0,0.0136986301369863,115.03318761011131,0.9512126419965421,41.19975293083235,0.6088179607531612,6584.29,6615.28,0.00821917808219178,69.07806938528738,57.043401586880464,-5.878079775472639,4.732731396259663,0.9969174380262358,1.0-2.0%,0.98-1.00,2025-09-12→2025-09-15
2025-09-12,2025-09-15,P,6565.0,0.0136986301369863,94.73670563176998,-0.04878735800434542,20.900158816170006,-0.39133537303296784,6584.29,6615.28,0.00821917808219178,19.982909006329745,6.154812692350333,-3.588079775445344,7.0274832102915905,0.9969174380262358,1.0-2.0%,0.98-1.00,2025-09-12→2025-09-15
2025-09-12,2025-09-15,C,6570.0,0.0136986301369863,111.92676205813873,0.9592651852314772,37.79976292430365,0.584183784619584,6584.29,6615.28,0.00821917808219178,65.64938074034013,52.81032300169409,-8.277628090323265,3.3461445146392244,0.997676704924961,1.0-2.0%,0.98-1.00,2025-09-12→2025-09-15
2025-09-12,2025-09-15,P,6570.0,0.0136986301369863,96.6295135284043,-0.04073481476943612,22.600168919442694,-0.4162401114063776,6584.29,6615.28,0.00821917808219178,21.555122752563893,6.9794483474256594,-4.537628090295184,7.099281052483551,0.997676704924961,1.0-2.0%,0.98-1.00,2025-09-12→2025-09-15
2025-09-12,2025-09-15,C,6575.0,0.0136986301369863,107.57135847505322,0.9281505882052219,34.59977289845074,0.5583061312253736,6584.29,6615.28,0.00821917808219178,62.26769726585092,48.71953576607757,-6.313386728479621,5.148092993325797,0.9984359718236863,1.0-2.0%,0.98-1.00,2025-09-12→2025-09-15
2025-09-12,2025-09-15,P,6575.0,0.0136986301369863,97.27334339395004,-0.07184941179548208,24.300178783787942,-0.44184720256075405,6584.29,6615.28,0.00821917808219178,23.174341669252218,7.830946871545848,-4.0733867284580265,7.392844807357671,0.9984359718236863,1.0-2.0%,0.98-1.00,2025-09-12→2025-09-15
2025-09-12,2025-09-15,C,6580.0,0.0136986301369863,113.29640601311469,0.9420340997882027,31.499784283802455,0.5315489616308384,6584.29,6615.28,0.010958904109589041,66.19186450129676,47.75798512189249,-2.643636752436201,10.077297679060429,0.9991952387224114,1.0-2.0%,0.98-1.00,2025-09-12→2025-09-15
2025-09-12,2025-09-15,P,6580.0,0.0136986301369863,107.99762438059855,-0.0579659002126653,26.250190188244687,-0.46865141619999573,6584.29,6615.28,0.010958904109589041,26.94333898275586,11.704994237484698,-3.053636752409516,9.673507388037764,0.9991952387224114,1.0-2.0%,0.98-1.00,2025-09-12→2025-09-15
2025-09-12,2025-09-15,C,6585.0,0.0136986301369863,111.974888458915,0.9542262527825695,28.49979550060698,0.5039116651768235,6584.29,6615.28,0.010958904109589041,63.04809801068547,43.929772815215074,-3.721471573731616,10.233777496170351,0.9999545056211367,1.0-2.0%,0.98-1.00,2025-09-12→2025-09-15
2025-09-12,2025-09-15,P,6585.0,0.0136986301369863,111.67534027499939,-0.04577374721832017,28.200201385944183,-0.4962416686093042,6584.29,6615.28,0.010958904109589041,28.79655689525073,12.838308514177697,-4.031471573704267,9.92852931020223,0.9999545056211367,1.0-2.0%,0.98-1.00,2025-09-12→2025-09-15
2025-09-12,2025-09-15,C,6590.0,0.0136986301369863,108.08171575135778,0.9382937324040895,25.699807037181472,0.47548303419590815,6584.29,6615.28,0.010958904109589041,59.829023285168404,40.26539189625055,-3.9777227672025326,10.364780770268908,1.000713772519862,1.0-2.0%,1.00-1.02,2025-09-12→2025-09-15
2025-09-12,2025-09-15,P,6590.0,0.0136986301369863,112.7814010160561,-0.061706267596819485,30.40021292251913,-0.5246702995902193,6584.29,6615.28,0.010958904109589041,30.57446657283278,14.173927595212263,-4.287722767174573,10.059532584300786,1.000713772519862,1.0-2.0%,1.00-1.02,2025-09-12→2025-09-15
2025-09-12,2025-09-15,C,6595.0,0.0136986301369863,109.38736629680643,0.9270144053044699,23.049818347079054,0.4464498207595746,6584.29,6615.28,0.010958904109589041,56.760397109777735,36.73154777754644,-4.378176420385323,10.514520054660878,1.0014730394185871,1.0-2.0%,1.00-1.02,2025-09-12→2025-09-15
2025-09-12,2025-09-15,P,6595.0,0.0136986301369863,119.08628501010772,-0.07298559469646725,32.80022419741954,-0.5535986920785358,6584.29,6615.28,0.010958904109589041,32.50282480054313,15.682817138339033,-4.788176420356493,10.106023467513708,1.0014730394185871,1.0-2.0%,1.00-1.02,2025-09-12→2025-09-15
2025-09-12,2025-09-15,C,6600.0,0.0136986301369863,112.38080938324366,0.9460966693153584,20.599830724826006,0.4171145878805175,6584.29,6615.28,0.010958904109589041,53.915174192574746,33.377709683449666,-5.869535782082753,10.52361892158285,1.0022323063173124,1.0-2.0%,1.00-1.02,2025-09-12→2025-09-15
2025-09-12,2025-09-15,P,6600.0,0.0136986301369863,127.07896154516696,-0.05390333068542974,35.300236610162756,-0.5830387459056083,6584.29,6615.28,0.010958904109589041,34.65458628644307,17.286245382411835,-6.229535782058543,10.168370735614676,1.0022323063173124,1.0-2.0%,1.00-1.02,2025-09-12→2025-09-15
2025-09-12,2025-09-15,C,6605.0,0.0136986301369863,109.25022320684124,0.9486176067825148,18.199842905152764,0.3871387067261394,6584.29,6615.28,0.010958904109589041,50.93491733533276,30.07604392645453,-6.747659634189926,10.652571478557025,1.0029915732160377,1.0-2.0%,1.00-1.02,2025-09-12→2025-09-15
2025-09-12,2025-09-15,P,6605.0,0.0136986301369863,128.9476088173766,-0.0513823932182733,37.950248700565226,-0.6127944124786936,6584.29,6615.28,0.010958904109589041,36.671313832300946,19.030576014940834,-7.1576596341657215,10.24049884271458,1.0029915732160377,1.0-2.0%,1.00-1.02,2025-09-12→2025-09-15
2025-09-12,2025-09-15,C,6610.0,0.0136986301369863,104.96507217271169,0.9168193222448663,16.099854829311425,0.35771788835322743,6584.29,6615.28,0.010958904109589041,47.99656922833601,27.060158371325542,-6.812230796368205,10.514322639933562,1.003750840114763,1.0-2.0%,1.00-1.02,2025-09-12→2025-09-15
2025-09-12,2025-09-15,P,6610.0,0.0136986301369863,129.66169123185423,-0.08318067775589605,40.800260714649085,-0.6424354454329,6584.29,6615.28,0.010958904109589041,38.72995012840518,20.96869407028771,-7.172230796344796,10.159074453965435,1.003750840114763,1.0-2.0%,1.00-1.02,2025-09-12→2025-09-15
2025-09-12,2025-09-15,C,6615.0,0.0136986301369863,112.05341721183828,0.9375334522141711,14.099866787138126,0.3281945885196747,6584.29,6615.28,0.010958904109589041,45.385534227306096,24.153167365645004,-8.504161684116958,10.37924970177535,1.004510107013488,1.0-2.0%,1.00-1.02,2025-09-12→2025-09-15
2025-09-12,2025-09-15,P,6615.0,0.0136986301369863,141.74926971957046,-0.062466547786727215,43.80027267247533,-0.6719587452664524,6584.29,6615.28,0.010958904109589041,41.11589953047985,23.061703064607173,-8.814161684089337,10.074001515807211,1.004510107013488,1.0-2.0%,1.00-1.02,2025-09-12→2025-09-15
2025-09-12,2025-09-15,C,6620.0,0.0136986301369863,110.31403835395966,0.9486776388680318,12.299878506302548,0.29937491561142693,6584.29,6615.28,0.010958904109589041,42.66043431907294,21.458101252487722,-10.099520028520097,10.022371365201945,1.0052693739122134,1.0-2.0%,1.00-1.02,2025-09-12→2025-09-15
2025-09-12,2025-09-15,P,6620.0,0.0136986301369863,145.0091243103039,-0.05132236113286104,47.30028340232093,-0.6983406037677391,6584.29,6615.28,0.010958904109589041,43.38778402534608,25.67510792585381,-10.509520028492641,9.541575310762088,1.0052693739122134,1.0-2.0%,1.00-1.02,2025-09-12→2025-09-15
2025-09-12,2025-09-15,C,6625.0,0.0136986301369863,106.41189555879565,0.9285093828455198,10.64988995691374,0.27117260973903007,6584.29,6615.28,0.010958904109589041,39.865504061289656,18.933146859942553,-10.374505774382456,9.996360824187516,1.0060286408109387,1.0-2.0%,1.00-1.02,2025-09-12→2025-09-15
2025-09-12,2025-09-15,P,6625.0,0.0136986301369863,146.10621496373386,-0.071490617155495,50.65029468525154,-0.7261370170175706,6584.29,6615.28,0.010958904109589041,45.589838170663384,28.16188424523216,-10.984505774351222,9.30298615737436,1.0060286408109387,1.0-2.0%,1.00-1.02,2025-09-12→2025-09-15
2025-09-12,2025-09-15,C,6630.0,0.0136986301369863,109.3657045427445,0.923756464203264,9.049901509530173,0.2426899836170346,6584.29,6615.28,0.010958904109589041,37.24077507429493,16.473246604623455,-11.177212825658948,9.929037407708151,1.0067879077096638,1.0-2.0%,1.00-1.02,2025-09-12→2025-09-15
2025-09-12,2025-09-15,P,6630.0,0.0136986301369863,154.0592573962981,-0.07624353579767852,54.150305619608844,-0.7530872254650721,6584.29,6615.28,0.010958904109589041,47.96209358676784,30.82543622310004,-11.837212825629955,9.138173117162424,1.0067879077096638,1.0-2.0%,1.00-1.02,2025-09-12→2025-09-15
2025-09-12,2025-09-15,C,6635.0,0.0136986301369863,111.056853475331,0.9406862768454164,7.8499114824142,0.21811769730954378,6584.29,6615.28,0.010958904109589041,35.07063185047226,14.476479804534847,-12.901867719439249,9.490532560377286,1.007547174608389,1.0-2.0%,1.00-1.02,2025-09-12→2025-09-15
2025-09-12,2025-09-15,P,6635.0,0.0136986301369863,160.74963977749235,-0.059313723155537984,57.85031612399871,-0.7783519069263042,6584.29,6615.28,0.010958904109589041,50.788934766050005,33.72955645898219,-13.461867719409895,8.821125595645992,1.007547174608389,1.0-2.0%,1.00-1.02,2025-09-12→2025-09-15
2025-09-12,2025-09-15,C,6640.0,0.0136986301369863,107.81435435942984,0.9401373941667484,6.599921980854333,0.19250940399975863,6584.29,6615.28,0.010958904109589041,32.49751925231242,12.443055618890867,-13.934857845227326,9.234133570047522,1.0083064415071143,1.0-2.0%,1.00-1.02,2025-09-12→2025-09-15
2025-09-12,2025-09-15,P,6640.0,0.0136986301369863,162.50637411019878,-0.0598626058342632,61.50032666269908,-0.8048592004270828,6584.29,6615.28,0.010958904109589041,53.212806570990416,36.590613609719185,-14.394857845196196,8.692586621235122,1.0083064415071143,1.0-2.0%,1.00-1.02,2025-09-12→2025-09-15
2025-09-12,2025-09-15,C,6645.0,0.0136986301369863,103.54693858695622,0.9081697333622389,5.649931095661486,0.1707003441200472,6584.29,6615.28,0.010958904109589041,29.99659338617694,10.789218548351755,-14.094180036895589,8.759996335719773,1.0090657084058396,1.0-2.0%,1.00-1.02,2025-09-12→2025-09-15
2025-09-12,2025-09-15,P,6645.0,0.0136986301369863,163.23819178636145,-0.09183026663843163,65.70033443003831,-0.824157008629209,6584.29,6615.28,0.010958904109589041,55.708865107956015,40.12849980476858,-14.754180036875011,7.940625697419023,1.0090657084058396,1.0-2.0%,1.00-1.02,2025-09-12→2025-09-15
2025-09-12,2025-09-15,C,6650.0,0.0136986301369863,111.01531106238846,0.9317325202688154,4.799939255049935,0.1502825763020037,6584.29,6615.28,0.010958904109589041,28.20559119144223,9.285842499476303,-15.974390803130387,8.242742960400935,1.0098249753045647,1.0-2.0%,1.00-1.02,2025-09-12→2025-09-15
2025-09-12,2025-09-15,P,6650.0,0.0136986301369863,175.70579771037458,-0.06826747973210345,69.85034256271592,-0.8441013362866185,6584.29,6615.28,0.010958904109589041,58.91484731632354,43.63861356941743,-16.584390803102117,7.458700411522134,1.0098249753045647,1.0-2.0%,1.00-1.02,2025-09-12→2025-09-15
2025-09-12,2025-09-15,C,6655.0,0.0136986301369863,109.05193576278143,0.9425566518743778,3.999947050979472,0.13047285897758518,6584.29,6615.28,0.00821917808219178,20.009784543274545,5.602170803379067,-20.809830641586764,4.356646100284665,1.01058424220329,1.0-2.0%,1.00-1.02,2025-09-12→2025-09-15
2025-09-12,2025-09-15,P,6655.0,0.0136986301369863,178.74165585938067,-0.05744334812645682,74.05035055950611,-0.8633860952679366,6584.29,6615.28,0.00821917808219178,60.930867205578416,45.079103439463324,-19.21983064156113,5.756335092353154,1.01058424220329,1.0-2.0%,1.00-1.02,2025-09-12→2025-09-15
2025-09-12,2025-09-15,C,6535.0,0.01643835616438356,128.9996986820887,0.9653778546143744,68.24279014543936,0.710228280819833,6584.29,6615.28,0.038356164383561646,123.2018145816022,108.96606047002388,18.882940285500744,26.79002557739353,0.9922472203641398,1.0-2.0%,0.98-1.00,2025-09-12→2025-09-15
2025-09-12,2025-09-15,P,6535.0,0.01643835616438356,77.95314925346476,-0.034622145385833164,17.332464490076745,-0.29089863644025626,6584.29,6615.28,0.038356164383561646,37.032966380612734,24.75926709275518,14.272940285506962,22.21494874328348,0.9922472203641398,1.0-2.0%,0.98-1.00,2025-09-12→2025-09-15
2025-09-12,2025-09-15,C,6540.0,0.01643835616438356,124.65434401642517,0.9439823527110444,64.24183225227353,0.6943254433892153,6584.29,6615.28,0.038356164383561646,119.98527251865187,104.62890201394293,19.345986889484937,27.082854509368364,0.993006399568703,1.0-2.0%,0.98-1.00,2025-09-12→2025-09-15
2025-09-12,2025-09-15,P,6540.0,0.01643835616438356,78.60645063260637,-0.0560176472892247,18.331508841205505,-0.30674150715080695,6584.29,6615.28,0.038356164383561646,38.811918695454196,25.42015140431863,14.93598688949306,22.70591930660344,0.993006399568703,1.0-2.0%,0.98-1.00,2025-09-12→2025-09-15
2025-09-12,2025-09-15,C,6545.0,0.01643835616438356,126.6935288578701,0.9464010481402186,60.54075131983882,0.6764021094623671,6584.29,6615.28,0.00821917808219178,83.48856588469032,75.59533972691861,-8.628968481865165,-0.2617013722386048,0.9937655787732662,1.0-2.0%,0.98-1.00,2025-09-12→2025-09-15
2025-09-12,2025-09-15,P,6545.0,0.01643835616438356,85.64429151887548,-0.05359895185994258,19.530462782424365,-0.32410862747333213,6584.29,6615.28,0.00821917808219178,14.389795941005772,4.447496703715956,-5.6889684818603925,2.694126365398491,0.9937655787732662,1.0-2.0%,0.98-1.00,2025-09-12→2025-09-15
2025-09-12,2025-09-15,C,6550.0,0.01643835616438356,125.8597694798516,0.9592070270023609,56.88963512903683,0.6578819393099822,6584.29,6615.28,0.00821917808219178,79.7852796221693,71.1656578989514,-9.575825766802957,-0.23776129921620637,0.9945247579778295,1.0-2.0%,0.98-1.00,2025-09-12→2025-09-15
2025-09-12,2025-09-15,P,6550.0,0.01643835616438356,89.80918818567348,-0.04079297299779707,20.77937422567129,-0.3421698799869654,6584.29,6615.28,0.00821917808219178,15.687412069667207,4.973947906073022,-6.535825766798278,2.8038445807959818,0.9945247579778295,1.0-2.0%,0.98-1.00,2025-09-12→2025-09-15
2025-09-12,2025-09-15,C,6555.0,0.01643835616438356,122.00587036390282,0.9513876967903765,53.238493193420254,0.6389251002583753,6584.29,6615.28,0.00821917808219178,76.10827219142709,66.76334087813211,-9.783504723533557,-0.10028885700690893,0.9952839371823927,1.0-2.0%,0.98-1.00,2025-09-12→2025-09-15
2025-09-12,2025-09-15,P,6555.0,0.01643835616438356,90.95394511451751,-0.04861230321000696,22.078242335202958,-0.3609604251792703,6584.29,6615.28,0.00821917808219178,17.011307030104874,5.547027820678522,-6.743504723521896,2.936163576305505,0.9952839371823927,1.0-2.0%,0.98-1.00,2025-09-12→2025-09-15
2025-09-12,2025-09-15,C,6560.0,0.01643835616438356,119.27145941425505,0.9292060996119997,49.63730674889439,0.6192492822816775,6584.29,6615.28,0.00821917808219178,72.53278933065772,62.412070315558594,-9.596097026975674,0.009464742090944611,0.996043116386956,1.0-2.0%,0.98-1.00,2025-09-12→2025-09-15
2025-09-12,2025-09-15,P,6560.0,0.01643835616438356,93.21819020969015,-0.07079390038829307,23.577032776292526,-0.38101958102364714,6584.29,6615.28,0.00821917808219178,18.436726560518647,6.242827059545107,-6.606097026966814,3.0077968159227417,0.996043116386956,1.0-2.0%,0.98-1.00,2025-09-12→2025-09-15
2025-09-12,2025-09-15,C,6565.0,0.01643835616438356,123.44419125128984,0.9518642171076742,46.18605814928469,0.5985323687931782,6584.29,6615.28,0.00821917808219178,69.07806938528738,58.16568610000104,-10.848272088166617,0.10148189109953876,0.9968022955915191,1.0-2.0%,0.98-1.00,2025-09-12→2025-09-15
2025-09-12,2025-09-15,P,6565.0,0.01643835616438356,102.3895780915382,-0.048135782892597005,25.075792351556174,-0.40160064185828903,6584.29,6615.28,0.00821917808219178,19.982909006329745,6.970630246465589,-7.80827208815843,3.145603891188289,0.9968022955915191,1.0-2.0%,0.98-1.00,2025-09-12→2025-09-15
2025-09-12,2025-09-15,C,6570.0,0.01643835616438356,120.4520400934959,0.9592952314691444,42.834760348871896,0.5769983297223357,6584.29,6615.28,0.00821917808219178,65.64938074034013,54.00638151053863,-13.278559223228573,-1.431178238095054,0.9975614747960824,1.0-2.0%,0.98-1.00,2025-09-12→2025-09-15
2025-09-12,2025-09-15,P,6570.0,0.01643835616438356,104.39608297856508,-0.04070476853106644,26.724492719983573,-0.423165059670253,6584.29,6615.28,0.00821917808219178,21.555122752563893,7.810130251082228,-8.68855922322226,3.1638851991810473,0.9975614747960824,1.0-2.0%,0.98-1.00,2025-09-12→2025-09-15
2025-09-12,2025-09-15,C,6575.0,0.01643835616438356,116.18426306481874,0.9303611700483814,39.63341044348408,0.5546033657712822,6584.29,6615.28,0.00821917808219178,62.26769726585092,49.96818977187468,-11.381892659799139,0.2628416947480794,0.9983206540006456,1.0-2.0%,0.98-1.00,2025-09-12→2025-09-15
2025-09-12,2025-09-15,P,6575.0,0.01643835616438356,105.1269619947055,-0.06963882995180032,28.473145279002892,-0.4455187959307767,6584.29,6615.28,0.00821917808219178,23.174341669252218,8.742470627029661,-8.341892659793723,3.3066274858946727,0.9983206540006456,1.0-2.0%,0.98-1.00,2025-09-12→2025-09-15
2025-09-12,2025-09-15,C,6580.0,0.01643835616438356,121.03357036149067,0.9431955922595306,36.53201920546326,0.5315136413310273,6584.29,6615.28,0.010958904109589041,66.19186450129676,49.35950671030423,-7.679631404122652,5.078392255151577,0.9990798332052089,1.0-2.0%,0.98-1.00,2025-09-12→2025-09-15
2025-09-12,2025-09-15,P,6580.0,0.01643835616438356,114.9749253361885,-0.05680440774066179,30.3717499692425,-0.4686761912693173,6584.29,6615.28,0.010958904109589041,26.94333898275586,12.822629518008398,-7.239631404116904,5.524275167436041,0.9990798332052089,1.0-2.0%,0.98-1.00,2025-09-12→2025-09-15
2025-09-12,2025-09-15,C,6585.0,0.01643835616438356,119.72998673025683,0.9544857967147952,33.480587665831536,0.5077592075924202,6584.29,6615.28,0.010958904109589041,63.04809801068547,45.567031368628705,-8.679514840191295,5.164542156711008,0.999839012409772,1.0-2.0%,0.98-1.00,2025-09-12→2025-09-15
2025-09-12,2025-09-15,P,6585.0,0.01643835616438356,118.66999774977823,-0.045514203285263476,32.42031369322876,-0.4925096557129026,6584.29,6615.28,0.010958904109589041,28.79655689525073,14.101347131535476,-8.289514840189698,5.562874230542741,0.999839012409772,1.0-2.0%,0.98-1.00,2025-09-12→2025-09-15
2025-09-12,2025-09-15,C,6590.0,0.01643835616438356,115.96111873751586,0.9395739935088511,30.67911869959198,0.48338261947745936,6584.29,6615.28,0.010958904109589041,59.829023285168404,41.982855439025116,-8.967398058839091,5.169972622393638,1.0005981916143354,1.0-2.0%,1.00-1.02,2025-09-12→2025-09-15
2025-09-12,2025-09-15,P,6590.0,0.01643835616438356,119.89978580184318,-0.06042600649132416,34.61884472698921,-0.5168862438278636,6584.29,6615.28,0.010958904109589041,30.57446657283278,15.517171201931887,-8.577398058833873,5.568304696225386,1.0005981916143354,1.0-2.0%,1.00-1.02,2025-09-12→2025-09-15
2025-09-12,2025-09-15,C,6595.0,0.01643835616438356,116.70610889572323,0.9288828290069154,27.977620942125668,0.4585287047729332,6584.29,6615.28,0.010958904109589041,56.760397109777735,38.50324507828918,-9.336078870924112,5.240195439086895,1.0013573708188985,1.0-2.0%,1.00-1.02,2025-09-12→2025-09-15
2025-09-12,2025-09-15,P,6595.0,0.01643835616438356,125.64343200488135,-0.07111717099311092,36.867342594021466,-0.5418125304524055,6584.29,6615.28,0.010958904109589041,32.50282480054313,16.998501115762338,-8.946078870923515,5.640770318719923,1.0013573708188985,1.0-2.0%,1.00-1.02,2025-09-12→2025-09-15
2025-09-12,2025-09-15,C,6600.0,0.01643835616438356,119.35251607172054,0.9467297421199403,25.42610266938027,0.43333182887657473,6584.29,6615.28,0.010958904109589041,53.915174192574746,35.17130752394405,-10.689154708296744,5.221046623115042,1.0021165500234617,1.0-2.0%,1.00-1.02,2025-09-12→2025-09-15
2025-09-12,2025-09-15,P,6600.0,0.01643835616438356,133.2884952256833,-0.05327025788017989,39.26581502354384,-0.567163487604284,6584.29,6615.28,0.010958904109589041,34.65458628644307,18.625113112987037,-10.249154708293236,5.6763964808566385,1.0021165500234617,1.0-2.0%,1.00-1.02,2025-09-12→2025-09-15
2025-09-12,2025-09-15,C,6605.0,0.01643835616438356,116.36202928204925,0.9490438563118293,22.974563023618884,0.4077806634896,6584.29,6615.28,0.010958904109589041,50.93491733533276,31.95185077993392,-11.510869107103385,5.262877238457383,1.002875729228025,1.0-2.0%,1.00-1.02,2025-09-12→2025-09-15
2025-09-12,2025-09-15,P,6605.0,0.01643835616438356,135.29666448081753,-0.05095614368838262,41.86427964885661,-0.5926440040493297,6584.29,6615.28,0.010958904109589041,36.671313832300946,20.444703651616692,-11.120869107097036,5.666037685488597,1.002875729228025,1.0-2.0%,1.00-1.02,2025-09-12→2025-09-15
2025-09-12,2025-09-15,C,6610.0,0.01643835616438356,112.22379616473883,0.919197356280419,20.723027261471998,0.3822922535286331,6584.29,6615.28,0.010958904109589041,47.99656922833601,28.93270255807556,-11.485926071129981,5.152763063147747,1.0036349084325882,1.0-2.0%,1.00-1.02,2025-09-12→2025-09-15
2025-09-12,2025-09-15,P,6610.0,0.01643835616438356,136.1570874083165,-0.08080264371978325,44.612741241779986,-0.6181763354748092,6584.29,6615.28,0.010958904109589041,38.72995012840518,22.42434648014796,-11.095926071123932,5.557284636364205,1.0036349084325882,1.0-2.0%,1.00-1.02,2025-09-12→2025-09-15
2025-09-12,2025-09-15,C,6615.0,0.01643835616438356,118.55156251184567,0.9385302203253826,18.621497905349315,0.3569108511342372,6584.29,6615.28,0.010958904109589041,45.385534227306096,26.079522577232183,-13.035051527883404,4.9893327233500635,1.0043940876371515,1.0-2.0%,1.00-1.02,2025-09-12→2025-09-15
2025-09-12,2025-09-15,P,6615.0,0.01643835616438356,147.48350980024307,-0.06146977967476778,47.46119431981242,-0.643849015652085,6584.29,6615.28,0.010958904109589041,41.11589953047985,24.526084900714068,-12.545051527878963,5.502880995057971,1.0043940876371515,1.0-2.0%,1.00-1.02,2025-09-12→2025-09-15
2025-09-12,2025-09-15,C,6620.0,0.01643835616438356,116.941631920542,0.9489604136036857,16.619967446464216,0.33151011235004835,6584.29,6615.28,0.010958904109589041,42.66043431907294,23.35292877895381,-14.40828321757801,4.726501618272074,1.0051532668417147,1.0-2.0%,1.00-1.02,2025-09-12→2025-09-15
2025-09-12,2025-09-15,P,6620.0,0.01643835616438356,150.87223525375532,-0.05103958639641514,50.45965809714744,-0.6693453965630091,6584.29,6615.28,0.010958904109589041,43.38778402534608,26.797095480691496,-13.718283217575102,5.443013839487509,1.0051532668417147,1.0-2.0%,1.00-1.02,2025-09-12→2025-09-15
2025-09-12,2025-09-15,C,6625.0,0.01643835616438356,113.22162425068608,0.929948634018639,14.768458169087808,0.3064596227674499,6584.29,6615.28,0.010958904109589041,39.865504061289656,20.80103100553015,-14.51910816823742,4.802816290436795,1.0059124460462778,1.0-2.0%,1.00-1.02,2025-09-12→2025-09-15
2025-09-12,2025-09-15,P,6625.0,0.01643835616438356,152.15088362871367,-0.07005136598150279,53.6581635686216,-0.6941513739587782,6584.29,6615.28,0.010958904109589041,45.589838170663384,29.289105806257794,-14.079108168233244,5.261751078982385,1.0059124460462778,1.0-2.0%,1.00-1.02,2025-09-12→2025-09-15
2025-09-12,2025-09-15,C,6630.0,0.01643835616438356,115.70646892934741,0.9253113615997941,13.117004583502194,0.2823326748363292,6584.29,6615.28,0.010958904109589041,37.24077507429493,18.476332417840695,-15.275399095977418,4.650510406822221,1.0066716252508412,1.0-2.0%,1.00-1.02,2025-09-12→2025-09-15
2025-09-12,2025-09-15,P,6630.0,0.01643835616438356,159.63438435217813,-0.07468863840043508,57.25682407961631,-0.7163857400904715,6584.29,6615.28,0.010958904109589041,47.96209358676784,32.199796179180794,-15.035399095970527,4.85079408540356,1.0066716252508412,1.0-2.0%,1.00-1.02,2025-09-12→2025-09-15
2025-09-12,2025-09-15,C,6635.0,0.01643835616438356,117.34768800531816,0.9412999322149127,11.56557456709129,0.2585931670464774,6584.29,6615.28,0.010958904109589041,35.07063185047226,16.290011353632508,-16.620884899339938,4.5361977532297235,1.0074308044554043,1.0-2.0%,1.00-1.02,2025-09-12→2025-09-15
2025-09-12,2025-09-15,P,6635.0,0.01643835616438356,166.27425947297417,-0.05870006778523232,60.70540627267383,-0.7399214142846855,6584.29,6615.28,0.010958904109589041,50.788934766050005,35.01775029078135,-16.380884899335665,4.730164628682239,1.0074308044554043,1.0-2.0%,1.00-1.02,2025-09-12→2025-09-15
2025-09-12,2025-09-15,C,6640.0,0.01643835616438356,114.30011535291038,0.9407393737522641,10.164200689730933,0.2357912136591319,6584.29,6615.28,0.010958904109589041,32.49751925231242,14.292656265194182,-17.50351319258246,4.342830288703555,1.0081899836599675,1.0-2.0%,1.00-1.02,2025-09-12→2025-09-15
2025-09-12,2025-09-15,P,6640.0,0.01643835616438356,168.22534286536103,-0.059260626248098906,64.30404489988268,-0.7625169678206659,6584.29,6615.28,0.010958904109589041,53.212806570990416,38.02439287441484,-17.263513192571423,4.530400832762275,1.0081899836599675,1.0-2.0%,1.00-1.02,2025-09-12→2025-09-15
2025-09-12,2025-09-15,C,6645.0,0.01643835616438356,110.20518754130617,0.9106071334982657,8.86286407251282,0.21360359179197239,6584.29,6615.28,0.010958904109589041,29.99659338617694,12.437745510289005,-17.36971506711106,4.230424690366822,1.0089491628645308,1.0-2.0%,1.00-1.02,2025-09-12→2025-09-15
2025-09-12,2025-09-15,P,6645.0,0.01643835616438356,169.12907109859194,-0.08939286650183824,68.05275373339919,-0.7839502217846428,6584.29,6615.28,0.010958904109589041,55.708865107956015,41.22349352033507,-17.229715067108046,4.294617373105915,1.0089491628645308,1.0-2.0%,1.00-1.02,2025-09-12→2025-09-15
2025-09-12,2025-09-15,C,6650.0,0.01643835616438356,117.08957385583466,0.932671339057812,7.66156924369443,0.19210659753800804,6584.29,6615.28,0.010958904109589041,28.20559119144223,10.725910335540448,-18.853484797401393,4.096616542297172,1.009708342069094,1.0-2.0%,1.00-1.02,2025-09-12→2025-09-15
2025-09-12,2025-09-15,P,6650.0,0.01643835616438356,181.01211345793197,-0.06732866094230064,71.90151146402968,-0.8045728475639341,6584.29,6615.28,0.010958904109589041,58.91484731632354,44.567198964306044,-18.713484797398117,4.133712546006144,1.009708342069094,1.0-2.0%,1.00-1.02,2025-09-12→2025-09-15
2025-09-12,2025-09-15,C,6655.0,0.01643835616438356,115.27388309589327,0.9428909936370855,6.660400781765702,0.1727162864839869,6584.29,6615.28,0.00821917808219178,20.009784543274545,6.701445320562698,-23.470191892813073,0.397522281861284,1.0104675212736574,1.0-2.0%,1.00-1.02,2025-09-12→2025-09-15
2025-09-12,2025-09-15,P,6655.0,0.01643835616438356,184.19507874278926,-0.05710900636316954,75.85032367579424,-0.8242898579817478,6584.29,6615.28,0.00821917808219178,60.930867205578416,45.741066165857774,-21.080191892805395,2.694742698854178,1.0104675212736574,1.0-2.0%,1.00-1.02,2025-09-12→2025-09-15
2025-09-12,2025-09-15,C,6550.0,0.019178082191780823,132.3939174898117,0.959989587802673,60.97694579798281,0.6699087531522587,6584.29,6615.28,0.019178082191780823,91.22376659001831,83.48872705675058,-3.1000773260046195,5.889527739811655,0.9938750654457104,1.0-2.0%,0.98-1.00,2025-09-12→2025-09-15
2025-09-12,2025-09-15,C,6550.0,0.019178082191780823,132.3939174898117,0.959989587802673,60.97694579798281,0.6699087531522587,6584.29,6615.28,0.019178082191780823,91.22376659001831,83.48872705675058,-4.950077326004621,4.039527739811653,0.9938750654457104,1.0-2.0%,0.98-1.00,2025-09-12→2025-09-15
2025-09-12,2025-09-15,P,6550.0,0.019178082191780823,92.06557215319535,-0.04001041219864723,22.661688226160095,-0.3397335527536859,6584.29,6615.28,0.019178082191780823,24.531070697051618,13.81266370840899,-0.41007732596392965,8.878342799836652,0.9938750654457104,1.0-2.0%,0.98-1.00,2025-09-12→2025-09-15
2025-09-12,2025-09-15,P,6550.0,0.019178082191780823,92.06557215319535,-0.04001041219864723,22.661688226160095,-0.3397335527536859,6584.29,6615.28,0.019178082191780823,24.531070697051618,13.81266370840899,-2.1100773259639327,7.178342799836649,0.9938750654457104,1.0-2.0%,0.98-1.00,2025-09-12→2025-09-15
2025-09-12,2025-09-15,C,6555.0,0.019178082191780823,128.45545807501438,0.9525532848782163,57.327569450455485,0.6517829502553668,6584.29,6615.28,0.019178082191780823,87.83885625706104,79.34178749766579,-3.1196262983757173,6.201246371586322,0.9946337487017758,1.0-2.0%,0.98-1.00,2025-09-12→2025-09-15
2025-09-12,2025-09-15,C,6555.0,0.019178082191780823,128.45545807501438,0.9525532848782163,57.327569450455485,0.6517829502553668,6584.29,6615.28,0.019178082191780823,87.83885625706104,79.34178749766579,-4.969626298375719,4.3512463715863205,0.9946337487017758,1.0-2.0%,0.98-1.00,2025-09-12→2025-09-15
2025-09-12,2025-09-15,P,6555.0,0.019178082191780823,93.1225033144913,-0.04744671512299487,23.912267613184667,-0.3565730745092409,6584.29,6615.28,0.019178082191780823,26.145081970282302,14.60255738397268,-0.4296262983383978,9.150199579041299,0.9946337487017758,1.0-2.0%,0.98-1.00,2025-09-12→2025-09-15
2025-09-12,2025-09-15,P,6555.0,0.019178082191780823,93.1225033144913,-0.04744671512299487,23.912267613184667,-0.3565730745092409,6584.29,6615.28,0.019178082191780823,26.145081970282302,14.60255738397268,-2.2296262983383985,7.350199579041298,0.9946337487017758,1.0-2.0%,0.98-1.00,2025-09-12→2025-09-15
2025-09-12,2025-09-15,C,6560.0,0.019178082191780823,125.52945391407246,0.9315385808652814,53.778220894111655,0.6328560615964678,6584.29,6615.28,0.019178082191780823,84.49389177081277,75.26848941706339,-2.818380621014871,6.437790651125599,0.9953924319578412,1.0-2.0%,0.98-1.00,2025-09-12→2025-09-15
2025-09-12,2025-09-15,C,6560.0,0.019178082191780823,125.52945391407246,0.9315385808652814,53.778220894111655,0.6328560615964678,6584.29,6615.28,0.019178082191780823,84.49389177081277,75.26848941706339,-4.668380621014872,4.587790651125598,0.9953924319578412,1.0-2.0%,0.98-1.00,2025-09-12→2025-09-15
2025-09-12,2025-09-15,P,6560.0,0.019178082191780823,95.1918897296394,-0.06846141913580352,25.312881403307983,-0.374409853072516,6584.29,6615.28,0.019178082191780823,27.79903909022135,15.50869506636127,-0.07838062098146326,9.40296134671719,0.9953924319578412,1.0-2.0%,0.98-1.00,2025-09-12→2025-09-15
2025-09-12,2025-09-15,P,6560.0,0.019178082191780823,95.1918897296394,-0.06846141913580352,25.312881403307983,-0.374409853072516,6584.29,6615.28,0.019178082191780823,27.79903909022135,15.50869506636127,-1.9283806209814611,7.552961346717192,0.9953924319578412,1.0-2.0%,0.98-1.00,2025-09-12→2025-09-15
2025-09-12,2025-09-15,C,6565.0,0.019178082191780823,129.1245800298089,0.9530019075027553,50.27889281644639,0.6133209826295761,6584.29,6615.28,0.019178082191780823,81.46289417863947,71.22668155637166,-3.833529113510174,6.693182748309571,0.9961511152139066,1.0-2.0%,0.98-1.00,2025-09-12→2025-09-15
2025-09-12,2025-09-15,C,6565.0,0.019178082191780823,129.1245800298089,0.9530019075027553,50.27889281644639,0.6133209826295761,6584.29,6615.28,0.019178082191780823,81.46289417863947,71.22668155637166,-5.73352911351018,4.793182748309565,0.9961511152139066,1.0-2.0%,0.98-1.00,2025-09-12→2025-09-15
2025-09-12,2025-09-15,P,6565.0,0.019178082191780823,103.7824064214209,-0.04699809249859834,26.81352116064818,-0.3930058975710577,6584.29,6615.28,0.019178082191780823,29.766963104233408,16.489717089307533,-1.0935291134684484,9.629252765726992,0.9961511152139066,1.0-2.0%,0.98-1.00,2025-09-12→2025-09-15
2025-09-12,2025-09-15,P,6565.0,0.019178082191780823,103.7824064214209,-0.04699809249859834,26.81352116064818,-0.3930058975710577,6584.29,6615.28,0.019178082191780823,29.766963104233408,16.489717089307533,-2.9935291134684467,7.729252765726994,0.9961511152139066,1.0-2.0%,0.98-1.00,2025-09-12→2025-09-15
2025-09-12,2025-09-15,C,6570.0,0.019178082191780823,125.9777765671119,0.9600348896247644,46.92959572796417,0.5928917509908916,6584.29,6615.28,0.019178082191780823,78.3161843160477,67.30254327378952,-4.451481229471241,6.926284636792396,0.9969097984699721,1.0-2.0%,0.98-1.00,2025-09-12→2025-09-15
2025-09-12,2025-09-15,C,6570.0,0.019178082191780823,125.9777765671119,0.9600348896247644,46.92959572796417,0.5928917509908916,6584.29,6615.28,0.019178082191780823,78.3161843160477,67.30254327378952,-6.35148122947124,5.026284636792397,0.9969097984699721,1.0-2.0%,0.98-1.00,2025-09-12→2025-09-15
2025-09-12,2025-09-15,P,6570.0,0.019178082191780823,105.63099353482067,-0.039965110376460895,28.46418963258111,-0.41243396893566914,6584.29,6615.28,0.019178082191780823,31.619174847836543,17.59064693694404,-1.7614812294334892,9.781328697316294,0.9969097984699721,1.0-2.0%,0.98-1.00,2025-09-12→2025-09-15
2025-09-12,2025-09-15,P,6570.0,0.019178082191780823,105.63099353482067,-0.039965110376460895,28.46418963258111,-0.41243396893566914,6584.29,6615.28,0.019178082191780823,31.619174847836543,17.59064693694404,-3.6614812294334875,7.881328697316295,0.9969097984699721,1.0-2.0%,0.98-1.00,2025-09-12→2025-09-15
2025-09-12,2025-09-15,C,6575.0,0.019178082191780823,121.6063839362206,0.9324628272620269,43.68032196889317,0.5717849174101273,6584.29,6615.28,0.019178082191780823,75.1082986581767,63.45451019396569,-4.097023016850013,7.080385409460277,0.9976684817260375,1.0-2.0%,0.98-1.00,2025-09-12→2025-09-15
2025-09-12,2025-09-15,C,6575.0,0.019178082191780823,121.6063839362206,0.9324628272620269,43.68032196889317,0.5717849174101273,6584.29,6615.28,0.019178082191780823,75.1082986581767,63.45451019396569,-5.997023016850012,5.180385409460278,0.9976684817260375,1.0-2.0%,0.98-1.00,2025-09-12→2025-09-15
2025-09-12,2025-09-15,P,6575.0,0.019178082191780823,106.2549914800183,-0.06753717273914002,30.314885664739904,-0.4326625591486478,6584.29,6615.28,0.019178082191780823,33.41021079615112,18.85919730373189,-1.457023016814066,9.8582127080165,0.9976684817260375,1.0-2.0%,0.98-1.00,2025-09-12→2025-09-15
2025-09-12,2025-09-15,P,6575.0,0.019178082191780823,106.2549914800183,-0.06753717273914002,30.314885664739904,-0.4326625591486478,6584.29,6615.28,0.019178082191780823,33.41021079615112,18.85919730373189,-3.257023016814067,8.0582127080165,0.9976684817260375,1.0-2.0%,0.98-1.00,2025-09-12→2025-09-15
2025-09-12,2025-09-15,C,6580.0,0.019178082191780823,125.79103123768184,0.9446719224389413,40.581072302880784,0.5499753383417686,6584.29,6615.28,0.019178082191780823,72.10820575428417,59.72854365583953,-4.975382876382579,7.256264264788715,0.9984271649821029,1.0-2.0%,0.98-1.00,2025-09-12→2025-09-15
2025-09-12,2025-09-15,C,6580.0,0.019178082191780823,125.79103123768184,0.9446719224389413,40.581072302880784,0.5499753383417686,6584.29,6615.28,0.019178082191780823,72.10820575428417,59.72854365583953,-6.82538287638258,5.406264264788714,0.9984271649821029,1.0-2.0%,0.98-1.00,2025-09-12→2025-09-15
2025-09-12,2025-09-15,P,6580.0,0.019178082191780823,115.43502935755335,-0.05532807756220844,32.11559256249575,-0.453208819089752,6584.29,6615.28,0.019178082191780823,35.409039498445004,20.071960897666486,-2.2353828763471753,10.094941303591314,0.9984271649821029,1.0-2.0%,0.98-1.00,2025-09-12→2025-09-15
2025-09-12,2025-09-15,P,6580.0,0.019178082191780823,115.43502935755335,-0.05532807756220844,32.11559256249575,-0.453208819089752,6584.29,6615.28,0.019178082191780823,35.409039498445004,20.071960897666486,-4.085382876347177,8.244941303591313,0.9984271649821029,1.0-2.0%,0.98-1.00,2025-09-12→2025-09-15
2025-09-12,2025-09-15,C,6585.0,0.019178082191780823,124.18962376744258,0.955413223501222,37.53184037562232,0.5276560376800771,6584.29,6615.28,0.019178082191780823,69.36417184143113,56.03571549494882,-5.808255796302657,7.447939392294533,0.9991858482381684,1.0-2.0%,0.98-1.00,2025-09-12→2025-09-15
2025-09-12,2025-09-15,C,6585.0,0.019178082191780823,124.18962376744258,0.955413223501222,37.53184037562232,0.5276560376800771,6584.29,6615.28,0.019178082191780823,69.36417184143113,56.03571549494882,-7.708255796302662,5.547939392294527,0.9991858482381684,1.0-2.0%,0.98-1.00,2025-09-12→2025-09-15
2025-09-12,2025-09-15,P,6585.0,0.019178082191780823,118.82901246338672,-0.04458677649998595,34.06632159580886,-0.4743945543511448,6584.29,6615.28,0.019178082191780823,37.66392719178464,21.40899685285649,-3.1182557962654416,10.201487239341878,0.9991858482381684,1.0-2.0%,0.98-1.00,2025-09-12→2025-09-15
2025-09-12,2025-09-15,P,6585.0,0.019178082191780823,118.82901246338672,-0.04458677649998595,34.06632159580886,-0.4743945543511448,6584.29,6615.28,0.019178082191780823,37.66392719178464,21.40899685285649,-5.018255796265447,8.301487239341872,0.9991858482381684,1.0-2.0%,0.98-1.00,2025-09-12→2025-09-15
2025-09-12,2025-09-15,C,6590.0,0.019178082191780823,120.25594047163393,0.9410865234353937,34.63262793818876,0.5047678186128336,6584.29,6615.28,0.019178082191780823,66.3205185341507,52.46798348076027,-5.914271361262639,7.607245301188405,0.9999445314942338,1.0-2.0%,0.98-1.00,2025-09-12→2025-09-15
2025-09-12,2025-09-15,C,6590.0,0.019178082191780823,120.25594047163393,0.9410865234353937,34.63262793818876,0.5047678186128336,6584.29,6615.28,0.019178082191780823,66.3205185341507,52.46798348076027,-7.814271361262637,5.707245301188406,0.9999445314942338,1.0-2.0%,0.98-1.00,2025-09-12→2025-09-15
2025-09-12,2025-09-15,P,6590.0,0.019178082191780823,119.89071974366182,-0.058913476565844565,36.16706842710528,-0.49609898864076285,6584.29,6615.28,0.019178082191780823,39.61919549069122,22.873286803078827,-3.2742713612244874,10.274107657977135,0.9999445314942338,1.0-2.0%,0.98-1.00,2025-09-12→2025-09-15
2025-09-12,2025-09-15,P,6590.0,0.019178082191780823,119.89071974366182,-0.058913476565844565,36.16706842710528,-0.49609898864076285,6584.29,6615.28,0.019178082191780823,39.61919549069122,22.873286803078827,-5.174271361224486,8.374107657977136,0.9999445314942338,1.0-2.0%,0.98-1.00,2025-09-12→2025-09-15
2025-09-12,2025-09-15,C,6595.0,0.019178082191780823,120.64667761048399,0.9307713346368368,31.883430536184278,0.48144295871448717,6584.29,6615.28,0.019178082191780823,63.329176452783095,49.02865251937692,-6.2446036603953665,7.68008270943815,1.0007032147502992,1.0-2.0%,1.00-1.02,2025-09-12→2025-09-15
2025-09-12,2025-09-15,C,6595.0,0.019178082191780823,120.64667761048399,0.9307713346368368,31.883430536184278,0.48144295871448717,6584.29,6615.28,0.019178082191780823,63.329176452783095,49.02865251937692,-8.094603660395368,5.830082709438148,1.0007032147502992,1.0-2.0%,1.00-1.02,2025-09-12→2025-09-15
2025-09-12,2025-09-15,P,6595.0,0.019178082191780823,125.27684745858926,-0.06922866536437115,38.367829877460736,-0.5182281087957946,6584.29,6615.28,0.019178082191780823,41.62677501550911,24.419957567277834,-3.5046036603581516,10.409889091581565,1.0007032147502992,1.0-2.0%,1.00-1.02,2025-09-12→2025-09-15
2025-09-12,2025-09-15,P,6595.0,0.019178082191780823,125.27684745858926,-0.06922866536437115,38.367829877460736,-0.5182281087957946,6584.29,6615.28,0.019178082191780823,41.62677501550911,24.419957567277834,-5.40460366035815,8.509889091581567,1.0007032147502992,1.0-2.0%,1.00-1.02,2025-09-12→2025-09-15
2025-09-12,2025-09-15,C,6600.0,0.019178082191780823,122.78572556549061,0.9478990937553355,29.184248258047774,0.4576768633450992,6584.29,6615.28,0.019178082191780823,60.957229853562744,45.62352875523584,-7.425392915477644,7.76659400493547,1.0014618980063645,1.0-2.0%,1.00-1.02,2025-09-12→2025-09-15
2025-09-12,2025-09-15,C,6600.0,0.019178082191780823,122.78572556549061,0.9478990937553355,29.184248258047774,0.4576768633450992,6584.29,6615.28,0.019178082191780823,60.957229853562744,45.62352875523584,-9.325392915477643,5.866594004935472,1.0014618980063645,1.0-2.0%,1.00-1.02,2025-09-12→2025-09-15
2025-09-12,2025-09-15,P,6600.0,0.019178082191780823,132.4112859896723,-0.0521009062459037,40.76860026992517,-0.5406177718286309,6584.29,6615.28,0.019178082191780823,44.25375002247951,26.147756922539884,-4.73539291543945,10.40374474896916,1.0014618980063645,1.0-2.0%,1.00-1.02,2025-09-12→2025-09-15
2025-09-12,2025-09-15,P,6600.0,0.019178082191780823,132.4112859896723,-0.0521009062459037,40.76860026992517,-0.5406177718286309,6584.29,6615.28,0.019178082191780823,44.25375002247951,26.147756922539884,-6.585392915439451,8.553744748969159,1.0014618980063645,1.0-2.0%,1.00-1.02,2025-09-12→2025-09-15
2025-09-12,2025-09-15,C,6605.0,0.019178082191780823,119.58607043763925,0.9500990489646212,26.73506916890028,0.4338223868250742,6584.29,6615.28,0.019178082191780823,58.163388502960395,42.449760800383956,-8.243569527413399,7.755844232291048,1.00222058126243,1.0-2.0%,1.00-1.02,2025-09-12→2025-09-15
2025-09-12,2025-09-15,C,6605.0,0.019178082191780823,119.58607043763925,0.9500990489646212,26.73506916890028,0.4338223868250742,6584.29,6615.28,0.019178082191780823,58.163388502960395,42.449760800383956,-10.0435695274134,5.955844232291048,1.00222058126243,1.0-2.0%,1.00-1.02,2025-09-12→2025-09-15
2025-09-12,2025-09-15,P,6605.0,0.019178082191780823,134.2070214379049,-0.04990095103661702,43.21938172520504,-0.5633265948002654,6584.29,6615.28,0.019178082191780823,46.45883027806915,27.913254515663994,-5.453569527375249,10.457491172860102,1.00222058126243,1.0-2.0%,1.00-1.02,2025-09-12→2025-09-15
2025-09-12,2025-09-15,P,6605.0,0.019178082191780823,134.2070214379049,-0.04990095103661702,43.21938172520504,-0.5633265948002654,6584.29,6615.28,0.019178082191780823,46.45883027806915,27.913254515663994,-7.253569527375246,8.657491172860105,1.00222058126243,1.0-2.0%,1.00-1.02,2025-09-12→2025-09-15
2025-09-12,2025-09-15,C,6610.0,0.019178082191780823,115.29615417572252,0.9212112437107094,24.28590545087127,0.40951938948134925,6584.29,6615.28,0.019178082191780823,55.23902405664059,39.262537396478365,-7.998336442594681,7.858994119973078,1.0029792645184954,1.0-2.0%,1.00-1.02,2025-09-12→2025-09-15
2025-09-12,2025-09-15,C,6610.0,0.019178082191780823,115.29615417572252,0.9212112437107094,24.28590545087127,0.40951938948134925,6584.29,6615.28,0.019178082191780823,55.23902405664059,39.262537396478365,-9.848336442594679,6.00899411997308,1.0029792645184954,1.0-2.0%,1.00-1.02,2025-09-12→2025-09-15
2025-09-12,2025-09-15,P,6610.0,0.019178082191780823,134.91249575208852,-0.07878875629030978,45.870162770792376,-0.586024182690079,6584.29,6615.28,0.019178082191780823,48.53338743793364,29.86725251830012,-5.308336442563317,10.410889421565422,1.0029792645184954,1.0-2.0%,1.00-1.02,2025-09-12→2025-09-15
2025-09-12,2025-09-15,P,6610.0,0.019178082191780823,134.91249575208852,-0.07878875629030978,45.870162770792376,-0.586024182690079,6584.29,6615.28,0.019178082191780823,48.53338743793364,29.86725251830012,-7.058336442563317,8.660889421565422,1.0029792645184954,1.0-2.0%,1.00-1.02,2025-09-12→2025-09-15
2025-09-12,2025-09-15,C,6615.0,0.019178082191780823,121.17286425622983,0.9398742317235261,22.08673224526774,0.3854934429221937,6584.29,6615.28,0.019178082191780823,52.95267615276451,36.316730235718296,-9.37670244111187,7.803558203841302,1.003737947774561,1.0-2.0%,1.00-1.02,2025-09-12→2025-09-15
2025-09-12,2025-09-15,C,6615.0,0.019178082191780823,121.17286425622983,0.9398742317235261,22.08673224526774,0.3854934429221937,6584.29,6615.28,0.019178082191780823,52.95267615276451,36.316730235718296,-11.12670244111187,6.053558203841302,1.003737947774561,1.0-2.0%,1.00-1.02,2025-09-12→2025-09-15
2025-09-12,2025-09-15,P,6615.0,0.019178082191780823,145.78459640867734,-0.06012576827740775,48.57095205320957,-0.6089607704757083,6584.29,6615.28,0.019178082191780823,51.24596114024627,31.86084991624466,-6.536702441083145,10.471694277042069,1.003737947774561,1.0-2.0%,1.00-1.02,2025-09-12→2025-09-15
2025-09-12,2025-09-15,P,6615.0,0.019178082191780823,145.78459640867734,-0.06012576827740775,48.57095205320957,-0.6089607704757083,6584.29,6615.28,0.019178082191780823,51.24596114024627,31.86084991624466,-8.33670244108315,8.671694277042064,1.003737947774561,1.0-2.0%,1.00-1.02,2025-09-12→2025-09-15
2025-09-12,2025-09-15,C,6620.0,0.019178082191780823,119.36954592507026,0.9499619107059559,19.98755924920124,0.36146022316809945,6584.29,6615.28,0.019178082191780823,50.53022984666308,33.46351187458231,-10.38931961277737,7.848347684020673,1.0044966310306263,1.0-2.0%,1.00-1.02,2025-09-12→2025-09-15
2025-09-12,2025-09-15,C,6620.0,0.019178082191780823,119.36954592507026,0.9499619107059559,19.98755924920124,0.36146022316809945,6584.29,6615.28,0.019178082191780823,50.53022984666308,33.46351187458231,-12.08931961277737,6.148347684020674,1.0044966310306263,1.0-2.0%,1.00-1.02,2025-09-12→2025-09-15
2025-09-12,2025-09-15,P,6620.0,0.019178082191780823,148.97666865357422,-0.05003808929524021,51.47173141054736,-0.6315978450012296,6584.29,6615.28,0.019178082191780823,53.82243644033457,34.051134456835825,-7.64931961274052,10.373217216587964,1.0044966310306263,1.0-2.0%,1.00-1.02,2025-09-12→2025-09-15
2025-09-12,2025-09-15,P,6620.0,0.019178082191780823,148.97666865357422,-0.05003808929524021,51.47173141054736,-0.6315978450012296,6584.29,6615.28,0.019178082191780823,53.82243644033457,34.051134456835825,-9.39931961274052,8.623217216587964,1.0044966310306263,1.0-2.0%,1.00-1.02,2025-09-12→2025-09-15
2025-09-12,2025-09-15,C,6535.0,0.0273972602739726,145.1448742574249,0.9639679613709106,77.70042132584967,0.6822058740457069,6584.29,6615.28,0.038356164383561646,123.2018145816022,108.26487363284014,9.42663287711569,18.15843996332369,0.9918721701914629,2.0-3.0%,0.98-1.00,2025-09-12→2025-09-15
2025-09-12,2025-09-15,P,6535.0,0.0273972602739726,91.6288857272838,-0.03603203862972443,24.14980321692883,-0.31844121441925316,6584.29,6615.28,0.038356164383561646,37.032966380612734,21.991158208100615,7.516632877135154,16.26849323485259,0.9918721701914629,2.0-3.0%,0.98-1.00,2025-09-12→2025-09-15
2025-09-12,2025-09-15,C,6540.0,0.0273972602739726,140.5941591815907,0.9441774569751951,73.85041285497573,0.6683732778617347,6584.29,6615.28,0.038356164383561646,119.98527251865187,104.07835564688321,9.689940608338915,18.23711211906499,0.9926310624410355,2.0-3.0%,0.98-1.00,2025-09-12→2025-09-15
2025-09-12,2025-09-15,P,6540.0,0.0273972602739726,92.07493730138947,-0.055822543025434455,25.34979463386844,-0.3324557164319017,6584.29,6615.28,0.038356164383561646,38.811918695454196,22.858859294970898,7.929940608358201,16.50280265222456,0.9926310624410355,2.0-3.0%,0.98-1.00,2025-09-12→2025-09-15
2025-09-12,2025-09-15,C,6545.0,0.0273972602739726,141.68861199633793,0.9466721377596802,70.10040388323705,0.6538417231249485,6584.29,6615.28,0.024657534246575342,101.54545522532557,89.69806499636161,-0.43736954917227777,8.637445000357996,0.9933899546906082,2.0-3.0%,0.98-1.00,2025-09-12→2025-09-15
2025-09-12,2025-09-15,P,6545.0,0.0273972602739726,98.16615676604064,-0.05332786224127634,26.599785671423433,-0.3469719482063789,6584.29,6615.28,0.024657534246575342,28.38974522377954,15.605937304783765,-0.14736954914285838,8.952660674915606,0.9933899546906082,2.0-3.0%,0.98-1.00,2025-09-12→2025-09-15
2025-09-12,2025-09-15,C,6550.0,0.0273972602739726,140.41381578481838,0.9584585308014156,66.45039504959368,0.6386467541713524,6584.29,6615.28,0.024657534246575342,98.55797733308009,85.59917544717246,-1.1026298695356687,8.808337088229923,0.9941488469401809,2.0-3.0%,0.98-1.00,2025-09-12→2025-09-15
2025-09-12,2025-09-15,P,6550.0,0.0273972602739726,101.8881272044738,-0.041541469199418965,27.949776835368084,-0.3621505929060961,6584.29,6615.28,0.024657534246575342,30.40007045605924,16.507528072761488,-0.7126298695100153,9.223046874159838,0.9941488469401809,2.0-3.0%,0.98-1.00,2025-09-12→2025-09-15
2025-09-12,2025-09-15,C,6555.0,0.0273972602739726,136.31136032464246,0.9512163884081231,62.85038484885763,0.6229591615520048,6584.29,6615.28,0.024657534246575342,95.34652640429262,81.53841710770848,-2.328195876767527,7.844495583503505,0.9949077391897535,2.0-3.0%,0.98-1.00,2025-09-12→2025-09-15
2025-09-12,2025-09-15,P,6555.0,0.0273972602739726,102.78243839423767,-0.04878361159273307,29.349766656634074,-0.37782124937717976,6584.29,6615.28,0.024657534246575342,32.1864226517956,17.447263387001158,-0.8381958767412143,9.358680518198717,0.9949077391897535,2.0-3.0%,0.98-1.00,2025-09-12→2025-09-15
2025-09-12,2025-09-15,C,6560.0,0.0273972602739726,133.11017689661895,0.9307423200800987,59.400374662322974,0.606533037528068,6584.29,6615.28,0.024657534246575342,91.99428905709811,77.59935239833794,-1.7937044992820503,8.25354116700531,0.9956666314393262,2.0-3.0%,0.98-1.00,2025-09-12→2025-09-15
2025-09-12,2025-09-15,P,6560.0,0.0273972602739726,104.57802161613611,-0.06925767992089671,30.84975655340304,-0.39411405093688806,6584.29,6615.28,0.024657534246575342,33.83198842912105,18.46687277515707,-0.5037044992514246,9.563594438534077,0.9956666314393262,2.0-3.0%,0.98-1.00,2025-09-12→2025-09-15
2025-09-12,2025-09-15,C,6565.0,0.0273972602739726,136.07652081129402,0.9518018264429307,56.000364234951576,0.5896554267444882,6584.29,6615.28,0.024657534246575342,89.08747640195286,73.70022657038771,-2.9463386014662163,8.276578325188435,0.9964255236888988,2.0-3.0%,0.98-1.00,2025-09-12→2025-09-15
2025-09-12,2025-09-15,P,6565.0,0.0273972602739726,112.54113218076452,-0.04819817355788014,32.39974618569613,-0.41089507082964427,6584.29,6615.28,0.024657534246575342,35.92297889849569,19.525352172981684,-1.4563386014413042,9.783638245010588,0.9964255236888988,2.0-3.0%,0.98-1.00,2025-09-12→2025-09-15
2025-09-12,2025-09-15,C,6570.0,0.0273972602739726,132.707842029215,0.9587026815746966,52.6503535193192,0.5723081543476899,6584.29,6615.28,0.024657534246575342,86.27800887618282,69.84080818680468,-3.51019610199965,8.464170296765204,0.9971844159384715,2.0-3.0%,0.98-1.00,2025-09-12→2025-09-15
2025-09-12,2025-09-15,P,6570.0,0.0273972602739726,114.16922004863757,-0.041297318426005175,34.14973536291427,-0.42841580628282394,6584.29,6615.28,0.024657534246575342,38.11131449724313,20.75129625045838,-2.1201961019781144,9.876605836704615,0.9971844159384715,2.0-3.0%,0.98-1.00,2025-09-12→2025-09-15
2025-09-12,2025-09-15,C,6575.0,0.0273972602739726,128.15406218539485,0.9317363263719798,49.45034221827473,0.5543558267929619,6584.29,6615.28,0.024657534246575342,83.06690529125606,66.1078552715353,-3.074508754267452,8.620512927686228,0.9979433081880441,2.0-3.0%,0.98-1.00,2025-09-12→2025-09-15
2025-09-12,2025-09-15,P,6575.0,0.0273972602739726,114.61220685474532,-0.06826367362885374,35.89972410935388,-0.4462912616719938,6584.29,6615.28,0.024657534246575342,39.898014036843904,21.97537564835511,-1.6845087542418344,10.030566199214993,0.9979433081880441,2.0-3.0%,0.98-1.00,2025-09-12→2025-09-15
2025-09-12,2025-09-15,C,6580.0,0.0273972602739726,131.59648405689146,0.9437875237607962,46.35033104888771,0.5359344273574171,6584.29,6615.28,0.024657534246575342,80.051787269233,62.46039653431308,-3.897975361346866,8.74139209619376,0.9987022004376168,2.0-3.0%,0.98-1.00,2025-09-12→2025-09-15
2025-09-12,2025-09-15,P,6580.0,0.0273972602739726,123.05139537617325,-0.05621247624008908,37.74971296152307,-0.464677721951727,6584.29,6615.28,0.024657534246575342,41.880699139337395,23.28373799089286,-2.4579753613196544,10.200362603283915,0.9987022004376168,2.0-3.0%,0.98-1.00,2025-09-12→2025-09-15
2025-09-12,2025-09-15,C,6585.0,0.0273972602739726,129.66783824141004,0.9543247984880152,43.35031924316718,0.5170836224570488,6584.29,6615.28,0.024657534246575342,77.73086781487886,58.8998498464025,-4.674525505143386,8.875578540056171,0.9994610926871894,2.0-3.0%,0.98-1.00,2025-09-12→2025-09-15
2025-09-12,2025-09-15,P,6585.0,0.0273972602739726,126.1195162106214,-0.04567520151290467,39.74970114028565,-0.4835508716798972,6584.29,6615.28,0.024657534246575342,44.557582809499785,24.72254446424813,-3.284525505115097,10.285241513359905,0.9994610926871894,2.0-3.0%,0.98-1.00,2025-09-12→2025-09-15
2025-09-12,2025-09-15,C,6590.0,0.0273972602739726,125.52946816975097,0.9402661212044389,40.450307515137865,0.49784324108538686,6584.29,6615.28,0.024657534246575342,74.77913393121472,55.42762515874256,-4.738847096125365,8.971837958763961,1.0002199849367621,2.0-3.0%,1.00-1.02,2025-09-12→2025-09-15
2025-09-12,2025-09-15,P,6590.0,0.0273972602739726,126.97791278891373,-0.05973387879642484,41.899689406217476,-0.5028038473795684,6584.29,6615.28,0.024657534246575342,46.60365205035704,26.295145535562824,-3.3988470960988,10.331891230292722,1.0002199849367621,2.0-3.0%,1.00-1.02,2025-09-12→2025-09-15
2025-09-12,2025-09-15,C,6595.0,0.0273972602739726,125.47084356604607,0.9301147851297937,37.65029542054208,0.47825321366838935,6584.29,6615.28,0.024657534246575342,71.6997501556731,52.04511853872373,-5.024257191172108,8.978932908416715,1.0009788771863348,2.0-3.0%,1.00-1.02,2025-09-12→2025-09-15
2025-09-12,2025-09-15,P,6595.0,0.0273972602739726,131.91605483514485,-0.06988521487107323,44.099677311622145,-0.5223938747965652,6584.29,6615.28,0.024657534246575342,48.522071399343,27.91263891554354,-3.584257191145456,10.438986179945442,1.0009788771863348,2.0-3.0%,1.00-1.02,2025-09-12→2025-09-15
2025-09-12,2025-09-15,C,6600.0,0.0273972602739726,126.98810918850029,0.9470485775755011,34.950283069716534,0.4583535496808718,6584.29,6615.28,0.024657534246575342,69.65389407540478,48.7537111757174,-6.149035419064578,8.99562349538988,1.0017377694359075,2.0-3.0%,1.00-1.02,2025-09-12→2025-09-15
2025-09-12,2025-09-15,P,6600.0,0.0273972602739726,138.4300871075386,-0.052951422425378813,46.399664960795235,-0.5422935387840836,6584.29,6615.28,0.024657534246575342,51.47401844359641,29.6212315525363,-4.65903541903752,10.505676766918636,1.0017377694359075,2.0-3.0%,1.00-1.02,2025-09-12→2025-09-15
2025-09-12,2025-09-15,C,6605.0,0.0273972602739726,123.53564038029549,0.9492347699064922,32.4002707225759,0.4382698558902791,6584.29,6615.28,0.024657534246575342,67.18312724314447,45.60242901790298,-6.766785519401989,9.068017165960345,1.00249666168548,2.0-3.0%,1.00-1.02,2025-09-12→2025-09-15
2025-09-12,2025-09-15,P,6605.0,0.0273972602739726,139.97438494927837,-0.050765230094352055,48.79965256083824,-0.5624627351577269,6584.29,6615.28,0.024657534246575342,54.001054735856975,31.422287817129018,-5.326785519376039,10.530720162537836,1.00249666168548,2.0-3.0%,1.00-1.02,2025-09-12→2025-09-15
2025-09-12,2025-09-15,C,6610.0,0.0273972602739726,119.04858703465929,0.9206919447751131,29.950258208211835,0.41801048151788317,6584.29,6615.28,0.024657534246575342,64.18491826403834,42.546504318124335,-6.5322433685805485,9.045855177760895,1.0032555539350527,2.0-3.0%,1.00-1.02,2025-09-12→2025-09-15
2025-09-12,2025-09-15,P,6610.0,0.0273972602739726,140.48409825358132,-0.07930805522573446,51.3496400300055,-0.5827487723237234,6584.29,6615.28,0.024657534246575342,56.00064888127445,33.36559058494049,-5.042243368554507,10.55938445431206,1.0032555539350527,2.0-3.0%,1.00-1.02,2025-09-12→2025-09-15
2025-09-12,2025-09-15,C,6615.0,0.0273972602739726,124.17154033956281,0.9391805074723848,27.650245701183394,0.39775838401041613,6584.29,6615.28,0.024657534246575342,61.8812253240349,39.6365804491993,-7.8552039265689935,8.923467679517298,1.0040144461846254,2.0-3.0%,1.00-1.02,2025-09-12→2025-09-15
2025-09-12,2025-09-15,P,6615.0,0.0273972602739726,150.60381820842028,-0.06081949252842605,54.099627592262095,-0.6028887044545393,6584.29,6615.28,0.024657534246575342,58.69475906578824,35.50410082601775,-6.3652039265440905,10.433520951046042,1.0040144461846254,2.0-3.0%,1.00-1.02,2025-09-12→2025-09-15
2025-09-12,2025-09-15,C,6620.0,0.0273972602739726,122.03627780845115,0.949202649269964,25.3002329759056,0.37697112427730317,6584.29,6615.28,0.024657534246575342,60.161744322372094,36.67631987273171,-8.565790100875972,9.167664858646463,1.0047733384341981,2.0-3.0%,1.00-1.02,2025-09-12→2025-09-15
2025-09-12,2025-09-15,P,6620.0,0.0273972602739726,153.4653223272347,-0.05079735073099689,56.79961496798478,-0.6235075661689633,6584.29,6615.28,0.024657534246575342,61.97308118864923,37.59390058147983,-7.275790100846412,10.472499475576043,1.0047733384341981,2.0-3.0%,1.00-1.02,2025-09-12→2025-09-15
2025-09-12,2025-09-15,C,6625.0,0.0273972602739726,117.97874372391797,0.9308022800660549,23.30022052872755,0.35701187875313556,6584.29,6615.28,0.024657534246575342,57.33025071138055,34.066802979901695,-8.845562659246841,8.936201877440404,1.0055322306837706,2.0-3.0%,1.00-1.02,2025-09-12→2025-09-15
2025-09-12,2025-09-15,P,6625.0,0.0273972602739726,154.4045548926722,-0.06919771993460805,59.69960229808021,-0.6438322625624655,6584.29,6615.28,0.024657534246575342,64.139390702179,39.8834238993777,-7.405562659226509,10.402361816810668,1.0055322306837706,2.0-3.0%,1.00-1.02,2025-09-12→2025-09-15
2025-09-12,2025-09-15,C,6630.0,0.0273972602739726,119.8165989458424,0.9262247056623925,21.35020816707265,0.33700818727061754,6584.29,6615.28,0.024657534246575342,54.427486265835356,31.511722623376045,-9.403703628477334,8.85611627648364,1.0062911229333433,2.0-3.0%,1.00-1.02,2025-09-12→2025-09-15
2025-09-12,2025-09-15,P,6630.0,0.0273972602739726,161.23917676451032,-0.07377529433849069,62.699589777435904,-0.6640925389407152,6584.29,6615.28,0.024657534246575342,66.23442938115298,42.275708888165354,-7.96370362845019,10.330227781772617,1.0062911229333433,2.0-3.0%,1.00-1.02,2025-09-12→2025-09-15
2025-09-12,2025-09-15,C,6635.0,0.0273972602739726,120.81098796481228,0.9417875738404011,19.450195498868197,0.3169257936778083,6584.29,6615.28,0.024657534246575342,53.479362879094346,29.010094907969233,-10.535996913313824,8.828469653924792,1.007050015182916,2.0-3.0%,1.00-1.02,2025-09-12→2025-09-15
2025-09-12,2025-09-15,P,6635.0,0.0273972602739726,167.23033243342206,-0.05821242616046372,65.84957721831142,-0.6839788298726335,6584.29,6615.28,0.024657534246575342,70.28410911893377,44.824953715921765,-9.195996913287235,10.19650393775277,1.007050015182916,2.0-3.0%,1.00-1.02,2025-09-12→2025-09-15
2025-09-12,2025-09-15,C,6640.0,0.0273972602739726,117.45690888451186,0.9412269851847846,17.70018364658904,0.2973037798415504,6584.29,6615.28,0.024657534246575342,51.238708463525484,26.667945198900725,-11.368624270876275,8.586555862710416,1.0078089074324887,2.0-3.0%,1.00-1.02,2025-09-12→2025-09-15
2025-09-12,2025-09-15,P,6640.0,0.0273972602739726,168.8730200030645,-0.058773014816108214,69.0495651802994,-0.7039218432014508,6584.29,6615.28,0.024657534246575342,73.04125782789069,47.428295433538096,-9.878624270848816,10.114537920812811,1.0078089074324887,2.0-3.0%,1.00-1.02,2025-09-12→2025-09-15
2025-09-12,2025-09-15,C,6645.0,0.0273972602739726,113.1238185119886,0.9117312423436292,16.050171708249536,0.2779753110295958,6584.29,6615.28,0.024657534246575342,48.399674343436835,24.435208363939182,-11.154551200228866,8.485545111192893,1.0085677996820614,2.0-3.0%,1.00-1.02,2025-09-12→2025-09-15
2025-09-12,2025-09-15,P,6645.0,0.0273972602739726,169.5366962804782,-0.0882687576572442,72.49955359932937,-0.722671777435357,6584.29,6615.28,0.024657534246575342,75.20002683232389,50.302728740758994,-9.814551200202018,9.845598382721558,1.0085677996820614,2.0-3.0%,1.00-1.02,2025-09-12→2025-09-15
2025-09-12,2025-09-15,C,6650.0,0.0273972602739726,119.39318290784637,0.9332899885290877,14.500160174147823,0.25900368172854515,6584.29,6615.28,0.024657534246575342,46.813878757262614,22.313652143763193,-12.572656744516223,8.323475903232444,1.009326691931634,2.0-3.0%,1.00-1.02,2025-09-12→2025-09-15
2025-09-12,2025-09-15,P,6650.0,0.0273972602739726,180.80282732625605,-0.06671001147193134,75.99954226763475,-0.7412902786600967,6584.29,6615.28,0.024657534246575342,78.61203437066702,53.23662924323071,-11.282656744484857,9.622585735676239,1.009326691931634,2.0-3.0%,1.00-1.02,2025-09-12→2025-09-15
2025-09-12,2025-09-15,C,6655.0,0.0273972602739726,117.28666419211484,0.9433400653897558,13.100148768538475,0.24084360899479804,6584.29,6615.28,0.024657534246575342,45.8481108702368,20.361581659285093,-13.684108626428328,8.08625655725126,1.0100855841812066,2.0-3.0%,1.00-1.02,2025-09-12→2025-09-15
2025-09-12,2025-09-15,P,6655.0,0.0273972602739726,183.69307526050616,-0.056659934610823,79.59953089821283,-0.7594176391804288,6584.29,6615.28,0.024657534246575342,82.64406960815924,56.28551809019609,-12.344108626410602,9.434352638201329,1.0100855841812066,2.0-3.0%,1.00-1.02,2025-09-12→2025-09-15
2025-09-12,2025-09-15,C,6535.0,0.030136986301369864,149.36663970593395,0.9634670945932309,81.75398776051861,0.6713786866855724,6584.29,6615.28,0.038356164383561646,123.2018145816022,110.11928320615789,5.392154738555984,14.443974499614257,0.9917659983636634,3.0-4.0%,0.98-1.00,2025-09-12→2025-09-15
2025-09-12,2025-09-15,P,6535.0,0.030136986301369864,95.15158507183068,-0.03653290540647814,26.44806501297535,-0.3257575773519797,6584.29,6615.28,0.038356164383561646,37.032966380612734,22.409012927752656,5.232154738546748,14.195227322137777,0.9917659983636634,3.0-4.0%,0.98-1.00,2025-09-12→2025-09-15
2025-09-12,2025-09-15,C,6540.0,0.030136986301369864,144.78204835241922,0.9439482356876712,77.00392837294748,0.6613794936422449,6584.29,6615.28,0.038356164383561646,119.98527251865187,105.00567193462393,6.547044176039275,15.303849492026973,0.992524809380009,3.0-4.0%,0.98-1.00,2025-09-12→2025-09-15
2025-09-12,2025-09-15,P,6540.0,0.030136986301369864,95.56322550513698,-0.05605176431194719,27.79798318065832,-0.33953724415083514,6584.29,6615.28,0.038356164383561646,38.811918695454196,23.426435334256894,5.487044176027231,14.272259196234307,0.992524809380009,3.0-4.0%,0.98-1.00,2025-09-12→2025-09-15
2025-09-12,2025-09-15,C,6545.0,0.030136986301369864,145.71926630739094,0.9464683362529082,73.30384592019982,0.6474980391875741,6584.29,6615.28,0.0273972602739726,105.55271008665066,92.63267892752083,-0.5310537404774216,8.734035765577218,0.9932836203963545,3.0-4.0%,0.98-1.00,2025-09-12→2025-09-15
2025-09-12,2025-09-15,P,6545.0,0.030136986301369864,101.49667524691235,-0.05353166374684297,29.097900809885232,-0.353404892506916,6584.29,6615.28,0.0273972602739726,31.841926449229437,17.858462358876068,-0.1410537404853487,9.152017618789248,0.9932836203963545,3.0-4.0%,0.98-1.00,2025-09-12→2025-09-15
2025-09-12,2025-09-15,C,6550.0,0.030136986301369864,144.37611623476803,0.9580858855611103,69.70376023483823,0.6330354776363867,6584.29,6615.28,0.0273972602739726,102.7094620975382,88.60304858667314,-2.1910815935385983,7.882230548048515,0.9940424314127001,3.0-4.0%,0.98-1.00,2025-09-12→2025-09-15
2025-09-12,2025-09-15,P,6550.0,0.030136986301369864,105.14975696108216,-0.041914114438852304,30.447816007832444,-0.3677187334064136,6584.29,6615.28,0.0273972602739726,33.996057540610764,18.787461105998545,-0.751081593539977,9.345603548264677,0.9940424314127001,3.0-4.0%,0.98-1.00,2025-09-12→2025-09-15
2025-09-12,2025-09-15,C,6555.0,0.030136986301369864,140.2511964066383,0.9509508400489031,66.1036723112129,0.6182672014094871,6584.29,6615.28,0.0273972602739726,99.61735067325095,84.57076996956039,-2.3699665331152886,7.939899428320139,0.9948012424290457,3.0-4.0%,0.98-1.00,2025-09-12→2025-09-15
2025-09-12,2025-09-15,P,6555.0,0.030136986301369864,106.02106891977843,-0.04904915995093442,31.797728794302202,-0.3823675135780334,6584.29,6615.28,0.0273972602739726,35.901325196810845,19.712952904839995,-0.7299665331205529,9.59956924578317,0.9948012424290457,3.0-4.0%,0.98-1.00,2025-09-12→2025-09-15
2025-09-12,2025-09-15,C,6560.0,0.030136986301369864,136.98952109497472,0.9308008408458851,62.70357996659777,0.6027232864460053,6584.29,6615.28,0.0273972602739726,96.27037260353157,80.70525704270767,-1.9455180578137856,8.22160535303842,0.9955600534453912,3.0-4.0%,0.98-1.00,2025-09-12→2025-09-15
2025-09-12,2025-09-15,P,6560.0,0.030136986301369864,107.7556253949362,-0.06919915915386392,33.44763573959199,-0.39803092459679607,6584.29,6615.28,0.0273972602739726,37.55172620758763,20.88966956203285,-0.5555180578217751,9.63497835325462,0.9955600534453912,3.0-4.0%,0.98-1.00,2025-09-12→2025-09-15
2025-09-12,2025-09-15,C,6565.0,0.030136986301369864,139.77405093532442,0.9515769919351397,59.30348589446703,0.5868858888339207,6584.29,6615.28,0.0273972602739726,93.39547089870788,76.8379375839886,-3.1393709800697636,8.162406305036935,0.9963188644617369,3.0-4.0%,0.98-1.00,2025-09-12→2025-09-15
2025-09-12,2025-09-15,P,6565.0,0.030136986301369864,115.53638702208059,-0.048423008064772295,35.0475416674617,-0.4138683222088803,6584.29,6615.28,0.0273972602739726,39.674203583250566,22.022350103311737,-1.499370980072717,9.82577930525311,0.9963188644617369,3.0-4.0%,0.98-1.00,2025-09-12→2025-09-15
2025-09-12,2025-09-15,C,6570.0,0.030136986301369864,136.4011776299205,0.958372777033154,55.95338929692252,0.570623180742966,6584.29,6615.28,0.0273972602739726,90.80170789491066,73.01092362833151,-3.549972360257243,8.4663876287756,0.9970776754780825,3.0-4.0%,0.98-1.00,2025-09-12→2025-09-15
2025-09-12,2025-09-15,P,6570.0,0.030136986301369864,117.1597455034891,-0.04162722296676864,36.74744465717595,-0.43020052924765445,6584.29,6615.28,0.0273972602739726,42.0778196599472,23.239034096407977,-2.0599723602598505,9.981914401384715,0.9970776754780825,3.0-4.0%,0.98-1.00,2025-09-12→2025-09-15
2025-09-12,2025-09-15,C,6575.0,0.030136986301369864,131.87289287036955,0.9318253929218341,52.80328898424841,0.5537646157165089,6584.29,6615.28,0.0273972602739726,87.60562668023536,69.3566485878473,-3.1772689266474323,8.538834558945513,0.997836486494428,3.0-4.0%,0.98-1.00,2025-09-12→2025-09-15
2025-09-12,2025-09-15,P,6575.0,0.030136986301369864,117.62769253074926,-0.06817460707814255,38.497345061130545,-0.44693811400465505,6584.29,6615.28,0.0273972602739726,43.87911752576104,24.49683731400546,-1.5872689266483802,10.15061215300416,0.997836486494428,3.0-4.0%,0.98-1.00,2025-09-12→2025-09-15
2025-09-12,2025-09-15,C,6580.0,0.030136986301369864,135.10752909829296,0.943732203534337,49.653187146197524,0.5365902970615208,6584.29,6615.28,0.0273972602739726,84.58014011191693,65.70060550234484,-3.896260987528901,8.72106669406358,0.9985952975107736,3.0-4.0%,0.98-1.00,2025-09-12→2025-09-15
2025-09-12,2025-09-15,P,6580.0,0.030136986301369864,125.85856054551658,-0.05626779646536558,40.39724291919265,-0.46416391398128026,6584.29,6615.28,0.0273972602739726,45.85101003792975,25.88501802167002,-2.4062609875383316,10.234439694279775,0.9985952975107736,3.0-4.0%,0.98-1.00,2025-09-12→2025-09-15
2025-09-12,2025-09-15,C,6585.0,0.030136986301369864,133.1879810354935,0.9540887097645652,46.703082163416184,0.5189721407218973,6584.29,6615.28,0.0273972602739726,82.4569675659463,62.222170923576414,-4.717209115603673,8.767053359028509,0.9993541085271191,3.0-4.0%,0.98-1.00,2025-09-12→2025-09-15
2025-09-12,2025-09-15,P,6585.0,0.030136986301369864,128.93524426950367,-0.04591129023532299,42.397138012093365,-0.48176877116711864,6584.29,6615.28,0.0273972602739726,48.72521657245024,27.361246565317742,-3.1772091156073516,10.3300142184689,0.9993541085271191,3.0-4.0%,0.98-1.00,2025-09-12→2025-09-15
2025-09-12,2025-09-15,C,6590.0,0.030136986301369864,129.15823839066624,0.9402543032627116,43.75297600066233,0.5010418627617566,6584.29,6615.28,0.0273972602739726,79.55977238209447,58.742488323331145,-4.838480858111218,8.772712673013285,1.0001129195434646,3.0-4.0%,1.00-1.02,2025-09-12→2025-09-15
2025-09-12,2025-09-15,P,6590.0,0.030136986301369864,129.9017334115131,-0.059745696737020015,44.49703177365518,-0.4997123482810447,6584.29,6615.28,0.0273972602739726,50.82540046909051,28.92690084265587,-3.19848085811976,10.436085673229469,1.0001129195434646,3.0-4.0%,1.00-1.02,2025-09-12→2025-09-15
2025-09-12,2025-09-15,C,6595.0,0.030136986301369864,129.06914543383505,0.9302809317360523,40.90286748420658,0.4827728212656815,6584.29,6615.28,0.0273972602739726,76.45806006822914,55.35242319296458,-4.929406074500058,8.938870268976634,1.0008717305598103,3.0-4.0%,1.00-1.02,2025-09-12→2025-09-15
2025-09-12,2025-09-15,P,6595.0,0.030136986301369864,134.80887224148225,-0.06971906826381855,46.69692342190547,-0.5179536728142594,6584.29,6615.28,0.0273972602739726,52.72106723571628,30.58336189122201,-3.389406074504276,10.50138432051379,1.0008717305598103,3.0-4.0%,1.00-1.02,2025-09-12→2025-09-15
2025-09-12,2025-09-15,C,6600.0,0.030136986301369864,130.48116323327608,0.9469469724866559,38.302758056199764,0.464352249715193,6584.29,6615.28,0.0273972602739726,74.50075552828102,52.194757607112024,-6.045886677361256,8.909723781326274,1.001630541576156,3.0-4.0%,1.00-1.02,2025-09-12→2025-09-15
2025-09-12,2025-09-15,P,6600.0,0.030136986301369864,141.21712182774505,-0.05305302751315242,48.99681353685219,-0.5364511402118205,6584.29,6615.28,0.0273972602739726,55.761141776258576,32.33201572601865,-4.4558866773674195,10.5246208351642,1.001630541576156,3.0-4.0%,1.00-1.02,2025-09-12→2025-09-15
2025-09-12,2025-09-15,C,6605.0,0.030136986301369864,127.16548402213755,0.9490776055919955,35.652645857294374,0.4455917349173653,6584.29,6615.28,0.0273972602739726,72.15873193454377,48.98983832412796,-6.561914997295737,9.041112134910941,1.0023893525925014,3.0-4.0%,1.00-1.02,2025-09-12→2025-09-15
2025-09-12,2025-09-15,P,6605.0,0.030136986301369864,142.89767440339847,-0.05092239440801244,47.446665966289856,-0.5613557034069624,6584.29,6615.28,0.0273972602739726,58.4164972630126,30.397959891017308,-1.1719149972957057,14.646413248581641,1.0023893525925014,3.0-4.0%,1.00-1.02,2025-09-12→2025-09-15
2025-09-12,2025-09-15,C,6610.0,0.030136986301369864,122.8991312684369,0.9210868970089913,33.202535042463296,0.42680388474588726,6584.29,6615.28,0.0273972602739726,69.14802131778968,45.97551530405053,-6.344482938308442,8.973347611725043,1.003148163608847,3.0-4.0%,1.00-1.02,2025-09-12→2025-09-15
2025-09-12,2025-09-15,P,6610.0,0.030136986301369864,143.62755343653896,-0.07891310299075874,53.89659025510127,-0.5740446539185506,6584.29,6615.28,0.0273972602739726,60.403165726747865,36.11146298860149,-4.804482938316397,10.539643824935766,1.003148163608847,3.0-4.0%,1.00-1.02,2025-09-12→2025-09-15
2025-09-12,2025-09-15,C,6615.0,0.030136986301369864,127.8058302397745,0.9392358119039848,30.80242227409326,0.4078184162993933,6584.29,6615.28,0.0273972602739726,66.79716545524485,43.00978814422342,-7.506917810904284,8.961707278881889,1.0039069746251925,3.0-4.0%,1.00-1.02,2025-09-12→2025-09-15
2025-09-12,2025-09-15,P,6615.0,0.030136986301369864,153.53048419466694,-0.060764188095988624,56.49647734615837,-0.5930537905461027,6584.29,6615.28,0.0273972602739726,63.04968894469567,38.145049783681316,-5.96691781090532,10.528736969023601,1.0039069746251925,3.0-4.0%,1.00-1.02,2025-09-12→2025-09-15
2025-09-12,2025-09-15,C,6620.0,0.030136986301369864,125.7479009729625,0.9490365237693721,28.50230903887359,0.3887516556819141,6584.29,6615.28,0.0273972602739726,65.25239751981677,40.141867137602276,-8.360641871612636,9.002586190417563,1.0046657856415382,3.0-4.0%,1.00-1.02,2025-09-12→2025-09-15
2025-09-12,2025-09-15,P,6620.0,0.030136986301369864,156.46878671467493,-0.050963476230532226,59.19636396621854,-0.6121449822298514,6584.29,6615.28,0.0273972602739726,66.50230008975986,40.276421198669595,-6.820641871615823,10.570372999302954,1.0046657856415382,3.0-4.0%,1.00-1.02,2025-09-12→2025-09-15
2025-09-12,2025-09-15,C,6625.0,0.030136986301369864,121.97511974657087,0.9310183781933214,26.302195966727595,0.369649747248164,6584.29,6615.28,0.0273972602739726,62.42267041193893,37.37317640455831,-8.60225954021083,8.794554332779475,1.0054245966578836,3.0-4.0%,1.00-1.02,2025-09-12→2025-09-15
2025-09-12,2025-09-15,P,6625.0,0.030136986301369864,157.6922372750719,-0.0689816218068074,62.096252723387806,-0.6309372264753818,6584.29,6615.28,0.0273972602739726,68.66995206237483,42.60817013846554,-7.012259540207053,10.402744648471945,1.0054245966578836,3.0-4.0%,1.00-1.02,2025-09-12→2025-09-15
2025-09-12,2025-09-15,C,6630.0,0.030136986301369864,123.76745825305126,0.9265204379285645,24.30208446843062,0.35094621569953843,6584.29,6615.28,0.0273972602739726,59.471942010983724,34.80781350017878,-9.012868371406014,8.82417677547138,1.0061834076742293,3.0-4.0%,1.00-1.02,2025-09-12→2025-09-15
2025-09-12,2025-09-15,P,6630.0,0.030136986301369864,164.4808075684029,-0.07347956207125134,64.99613909661821,-0.6500007183693731,6584.29,6615.28,0.0273972602739726,70.71660274190323,44.940902919457585,-7.522868371411935,10.343522262266735,1.0061834076742293,3.0-4.0%,1.00-1.02,2025-09-12→2025-09-15
2025-09-12,2025-09-15,C,6635.0,0.030136986301369864,124.63893985229326,0.9417707181598123,22.35197305341535,0.3321910008811251,6584.29,6615.28,0.0273972602739726,58.57311611170533,32.2955714380837,-10.13547455577238,8.755400882694003,1.0069422186905748,3.0-4.0%,1.00-1.02,2025-09-12→2025-09-15
2025-09-12,2025-09-15,P,6635.0,0.030136986301369864,170.34852095445694,-0.0582292818400003,68.04602752547635,-0.6687821115745493,6584.29,6615.28,0.0273972602739726,74.81515592312,47.427899305253504,-8.6454745557784,10.27555763769514,1.0069422186905748,3.0-4.0%,1.00-1.02,2025-09-12→2025-09-15
2025-09-12,2025-09-15,C,6640.0,0.030136986301369864,121.50244470816085,0.9412067386281583,20.551863630186062,0.3138502683214,6584.29,6615.28,0.0273972602739726,56.3633777233571,29.94145579688893,-10.817996830086422,8.62378018471988,1.0077010297069204,3.0-4.0%,1.00-1.02,2025-09-12→2025-09-15
2025-09-12,2025-09-15,P,6640.0,0.030136986301369864,172.20825759712136,-0.05879326137185074,71.19591644255343,-0.6873948515001315,6584.29,6615.28,0.0273972602739726,77.60279661526285,50.02015017989106,-9.27799683008636,10.202366447988922,1.0077010297069204,3.0-4.0%,1.00-1.02,2025-09-12→2025-09-15
2025-09-12,2025-09-15,C,6645.0,0.030136986301369864,117.46755304020844,0.9124539025420283,18.80175524003903,0.29551762612119503,6584.29,6615.28,0.0273972602739726,53.49021732350455,27.64218550972464,-10.626946439777257,8.491908766504233,1.008459840723266,3.0-4.0%,1.00-1.02,2025-09-12→2025-09-15
2025-09-12,2025-09-15,P,6645.0,0.030136986301369864,173.16959771599343,-0.08754609745784689,74.59581262786196,-0.7049647267240101,6584.29,6615.28,0.0273972602739726,79.72701529590185,52.8802313508063,-9.286946439781337,9.846856881176926,1.008459840723266,3.0-4.0%,1.00-1.02,2025-09-12→2025-09-15
2025-09-12,2025-09-15,C,6650.0,0.030136986301369864,123.38228801199962,0.9334411399860676,17.15164804830033,0.277470673765725,6584.29,6615.28,0.0273972602739726,51.80265356297356,25.451512359281878,-12.07734092816803,8.251183820000245,1.0092186517396116,3.0-4.0%,1.00-1.02,2025-09-12→2025-09-15
2025-09-12,2025-09-15,P,6650.0,0.030136986301369864,184.08056447461115,-0.06655886001369861,77.89570382129568,-0.7232835372770755,6584.29,6615.28,0.0273972602739726,83.03683061585905,55.63592487860569,-10.537340928175503,9.814556820216403,1.0092186517396116,3.0-4.0%,1.00-1.02,2025-09-12→2025-09-15
2025-09-12,2025-09-15,C,6655.0,0.030136986301369864,121.26858375948413,0.9432554525874776,15.651545024702045,0.26010079584776774,6584.29,6615.28,0.0273972602739726,50.89323097813468,23.42647456942086,-12.981486475685724,8.189476336677734,1.0099774627559572,3.0-4.0%,1.00-1.02,2025-09-12→2025-09-15
2025-09-12,2025-09-15,P,6655.0,0.030136986301369864,186.96309200890815,-0.05674454741225419,81.39560079769672,-0.7406534151950334,6584.29,6615.28,0.0273972602739726,87.12478711151523,58.610887088745585,-11.591486475694264,9.602849336893915,1.0099774627559572,3.0-4.0%,1.00-1.02,2025-09-12→2025-09-15
2025-09-12,2025-09-15,C,6535.0,0.03287671232876712,154.57278481171736,0.9627730073820253,83.99750807095643,0.6663581476825571,6584.29,6615.28,0.038356164383561646,123.2018145816022,110.02879047907754,3.1636645012312457,12.349561003317703,0.9916997301237307,3.0-4.0%,0.98-1.00,2025-09-12→2025-09-15
2025-09-12,2025-09-15,P,6535.0,0.03287671232876712,99.92140086806427,-0.03722699261808517,29.201249565086073,-0.3341508452683273,6584.29,6615.28,0.038356164383561646,37.032966380612734,23.31339301709795,2.5036645012344527,11.70533469486539,0.9916997301237307,3.0-4.0%,0.98-1.00,2025-09-12→2025-09-15
2025-09-12,2025-09-15,C,6540.0,0.03287671232876712,150.14617870768376,0.9435949644706795,80.24755553994419,0.6536650778595489,6584.29,6615.28,0.038356164383561646,119.98527251865187,105.94265702755365,3.307992051053848,12.292919237132722,0.9924584904375209,3.0-4.0%,0.98-1.00,2025-09-12→2025-09-15
2025-09-12,2025-09-15,P,6540.0,0.03287671232876712,100.49069271052133,-0.05640503552933393,30.451297121557673,-0.34686726166436144,6584.29,6615.28,0.038356164383561646,38.811918695454196,24.226880246404335,2.8479920510540477,11.849416438978487,0.9924584904375209,3.0-4.0%,0.98-1.00,2025-09-12→2025-09-15
2025-09-12,2025-09-15,C,6545.0,0.03287671232876712,150.90553125420695,0.9461365328823882,76.59760572609048,0.6404301544224594,6584.29,6615.28,0.030136986301369864,109.76267332818541,95.64087536015995,-0.7707711540249917,8.703069514448135,0.993217250751311,3.0-4.0%,0.98-1.00,2025-09-12→2025-09-15
2025-09-12,2025-09-15,P,6545.0,0.03287671232876712,106.24594320353232,-0.053863467117673716,31.751346948633454,-0.359994650018938,6584.29,6615.28,0.030136986301369864,34.22056076049253,20.255150206875896,-0.33077115402330337,9.15623420408681,0.993217250751311,3.0-4.0%,0.98-1.00,2025-09-12→2025-09-15
2025-09-12,2025-09-15,C,6550.0,0.03287671232876712,149.9412102536527,0.9574857892545219,72.9976560554428,0.6268064056518712,6584.29,6615.28,0.030136986301369864,106.99101547531563,91.63794002613122,-1.1224846089974285,9.125269488848645,0.9939760110651011,3.0-4.0%,0.98-1.00,2025-09-12→2025-09-15
2025-09-12,2025-09-15,P,6550.0,0.03287671232876712,110.27752014946165,-0.042514210745555156,33.151397383998756,-0.373657005423499,6584.29,6615.28,0.030136986301369864,36.444882959137885,21.251063786502982,-0.9324846089952621,9.329630598074145,0.9939760110651011,3.0-4.0%,0.98-1.00,2025-09-12→2025-09-15
2025-09-12,2025-09-15,C,6555.0,0.03287671232876712,146.28028411887104,0.9504811067788814,69.49770879697235,0.6126840395196587,6584.29,6615.28,0.030136986301369864,103.96364469944884,87.71818345900283,-1.3054094990773208,9.162921615285917,0.9947347713788913,3.0-4.0%,0.98-1.00,2025-09-12→2025-09-15
2025-09-12,2025-09-15,P,6555.0,0.03287671232876712,111.61249196116994,-0.04951889322115245,34.45144868126272,-0.3873942075234663,6584.29,6615.28,0.030136986301369864,38.41349223478155,22.15796652169297,-0.865409499076502,9.605346491152131,0.9947347713788913,3.0-4.0%,0.98-1.00,2025-09-12→2025-09-15
2025-09-12,2025-09-15,C,6560.0,0.03287671232876712,143.0781869555389,0.9308686837438351,65.99776264994944,0.5982816620685727,6584.29,6615.28,0.030136986301369864,100.6052253001014,83.7958805197577,-0.9976205092212531,9.309251292495055,0.9954935316926815,3.0-4.0%,0.98-1.00,2025-09-12→2025-09-15
2025-09-12,2025-09-15,P,6560.0,0.03287671232876712,113.40629274430711,-0.06913131625632818,36.15150428084098,-0.4022638539252711,6584.29,6615.28,0.030136986301369864,40.051052886955915,23.406575898789242,-0.7576205092164106,9.566156833144058,0.9954935316926815,3.0-4.0%,0.98-1.00,2025-09-12→2025-09-15
2025-09-12,2025-09-15,C,6565.0,0.03287671232876712,145.6496371961991,0.9511374579715863,62.69781889287333,0.5832416242779774,6584.29,6615.28,0.030136986301369864,97.72255879239066,80.04542402272364,-2.0757498225392617,9.325342063625598,0.9962522920064716,3.0-4.0%,0.98-1.00,2025-09-12→2025-09-15
2025-09-12,2025-09-15,P,6565.0,0.03287671232876712,120.97364093146976,-0.048862542028428047,37.80156040123575,-0.41727113816742367,6584.29,6615.28,0.030136986301369864,42.16436643075365,24.610894874064797,-1.7357498225390255,9.68123257180837,0.9962522920064716,3.0-4.0%,0.98-1.00,2025-09-12→2025-09-15
2025-09-12,2025-09-15,C,6570.0,0.03287671232876712,143.68963524743626,0.9576060557435913,59.39787626629095,0.5679367721169991,6584.29,6615.28,0.030136986301369864,95.23915208589018,76.29325210667685,-2.526211667493687,9.54963943209432,0.9970110523202618,3.0-4.0%,0.98-1.00,2025-09-12→2025-09-15
2025-09-12,2025-09-15,P,6570.0,0.03287671232876712,124.00953692914719,-0.042393944256815946,39.5016179147392,-0.4326366191468998,6584.29,6615.28,0.030136986301369864,44.6769397757679,25.856944137553,-2.3362116674812814,9.757408827362333,0.9970110523202618,3.0-4.0%,0.98-1.00,2025-09-12→2025-09-15
2025-09-12,2025-09-15,C,6575.0,0.03287671232876712,139.5303255260087,0.9319570731483551,56.1979347779461,0.5522206311919443,6584.29,6615.28,0.030136986301369864,92.03437918579532,72.62760287489982,-2.1813496968673185,9.586682639361769,0.997769812634052,3.0-4.0%,0.98-1.00,2025-09-12→2025-09-15
2025-09-12,2025-09-15,P,6575.0,0.03287671232876712,124.84612515425066,-0.06804292685166154,41.301676744606084,-0.44841596895010494,6584.29,6615.28,0.030136986301369864,46.46814692719435,27.189441380242897,-1.9413496968670212,9.846410877763656,0.997769812634052,3.0-4.0%,0.98-1.00,2025-09-12→2025-09-15
2025-09-12,2025-09-15,C,6580.0,0.03287671232876712,142.2583194010577,0.9435115484657928,53.04799495525549,0.5361602586239245,6584.29,6615.28,0.030136986301369864,88.97935274714655,69.00444819374934,-2.889422886954705,9.734393585244707,0.998528572947842,3.0-4.0%,0.98-1.00,2025-09-12→2025-09-15
2025-09-12,2025-09-15,P,6580.0,0.03287671232876712,132.57001697576948,-0.05648845153436197,43.15173717117705,-0.46454173224351747,6584.29,6615.28,0.030136986301369864,48.40910054004822,28.56438360191214,-2.549422886950139,10.096148282226501,0.998528572947842,3.0-4.0%,0.98-1.00,2025-09-12→2025-09-15
2025-09-12,2025-09-15,C,6585.0,0.03287671232876712,142.50869673892626,0.95326557804977,50.14805620763582,0.5196927902694772,6584.29,6615.28,0.030136986301369864,86.93511964549663,65.60681754354982,-3.7417002637621586,9.694720429549019,0.9992873332616322,3.0-4.0%,0.98-1.00,2025-09-12→2025-09-15
2025-09-12,2025-09-15,P,6585.0,0.03287671232876712,137.8162922601244,-0.04673442195029841,45.10179851274506,-0.48103930377868065,6584.29,6615.28,0.030136986301369864,51.36084748991934,30.027362008333057,-3.351700263760267,10.107408024101204,0.9992873332616322,3.0-4.0%,0.98-1.00,2025-09-12→2025-09-15
2025-09-12,2025-09-15,C,6590.0,0.03287671232876712,139.43429460134394,0.9400178787298856,46.89811913383073,0.5029550794468937,6584.29,6615.28,0.030136986301369864,84.04866331866192,61.88483345500572,-3.43115406183896,10.113422087940863,1.0000460935754223,3.0-4.0%,1.00-1.02,2025-09-12→2025-09-15
2025-09-12,2025-09-15,P,6590.0,0.03287671232876712,139.73778806903107,-0.059982121270215134,47.20186179527809,-0.4978660048824041,6584.29,6615.28,0.030136986301369864,53.4703712145992,31.625942900630434,-3.391154061836046,10.178867491305596,1.0000460935754223,3.0-4.0%,1.00-1.02,2025-09-12→2025-09-15
2025-09-12,2025-09-15,C,6595.0,0.03287671232876712,139.10048123410908,0.9305326172712405,44.29818150328765,0.48596212647393894,6584.29,6615.28,0.030136986301369864,80.91404354295891,58.7624237085156,-3.8872058092355353,9.890033700572742,1.0008048538892125,3.0-4.0%,1.00-1.02,2025-09-12→2025-09-15
2025-09-12,2025-09-15,P,6595.0,0.03287671232876712,144.39987264826024,-0.06946738272903724,49.40192685321381,-0.5149513094110649,6584.29,6615.28,0.030136986301369864,55.33173149041222,33.31618499137403,-3.647205809227148,10.158341078648792,1.0008048538892125,3.0-4.0%,1.00-1.02,2025-09-12→2025-09-15
2025-09-12,2025-09-15,C,6600.0,0.03287671232876712,141.1813777722445,0.9463412759227113,41.598247096017076,0.46873466085845444,6584.29,6615.28,0.030136986301369864,78.96594182400833,55.54787100690328,-4.977116140844615,9.8239128599966,1.0015636142030027,3.0-4.0%,1.00-1.02,2025-09-12→2025-09-15
2025-09-12,2025-09-15,P,6600.0,0.03287671232876712,151.4766671329176,-0.0536587240772599,51.60199069743476,-0.5323378947898065,6584.29,6615.28,0.030136986301369864,58.37960982297331,35.0046741995925,-4.587116140845728,10.247151359535987,1.0015636142030027,3.0-4.0%,1.00-1.02,2025-09-12→2025-09-15
2025-09-12,2025-09-15,C,6605.0,0.03287671232876712,140.21356523758712,0.9481224303693278,38.89831233672703,0.4512126314605427,6584.29,6615.28,0.030136986301369864,76.66994299069461,52.3318585258412,-5.432314117145257,9.966920551037884,1.0023223745167928,3.0-4.0%,1.00-1.02,2025-09-12→2025-09-15
2025-09-12,2025-09-15,P,6605.0,0.03287671232876712,155.50475254473344,-0.05187756963077949,54.00205590368432,-0.5498538444819014,6584.29,6615.28,0.030136986301369864,61.07959104117296,36.88117337547055,-5.1423141171421545,10.289970640494005,1.0023223745167928,3.0-4.0%,1.00-1.02,2025-09-12→2025-09-15
2025-09-12,2025-09-15,C,6610.0,0.03287671232876712,136.28040168047016,0.9219887297353158,36.398378325606245,0.4336437892044223,6584.29,6615.28,0.030136986301369864,73.63366309931492,49.3064096676585,-5.222430734497234,9.911378972555049,1.003081134830583,3.0-4.0%,1.00-1.02,2025-09-12→2025-09-15
2025-09-12,2025-09-15,P,6610.0,0.03287671232876712,156.56748693410367,-0.07801127026473967,56.50212220190815,-0.5675021856710546,6584.29,6615.28,0.030136986301369864,63.03929120130926,38.85340271835139,-5.032430734495738,10.136892733945857,1.003081134830583,3.0-4.0%,1.00-1.02,2025-09-12→2025-09-15
2025-09-12,2025-09-15,C,6615.0,0.03287671232876712,139.87734185574485,0.9389875727302104,33.998444347158056,0.4159890647692373,6584.29,6615.28,0.030136986301369864,71.23693537141408,46.37814545262563,-6.449224878909018,9.758498882801426,1.0038398951443732,3.0-4.0%,1.00-1.02,2025-09-12→2025-09-15
2025-09-12,2025-09-15,P,6615.0,0.03287671232876712,165.16032505585687,-0.06101242726988602,59.05218891046934,-0.5853406271592633,6584.29,6615.28,0.030136986301369864,65.63854352491822,40.873627349702474,-6.009224878906237,10.23970603566545,1.0038398951443732,3.0-4.0%,1.00-1.02,2025-09-12→2025-09-15
2025-09-12,2025-09-15,C,6620.0,0.03287671232876712,140.63330919289584,0.9478268384269626,31.698510522157903,0.39829406413655677,6584.29,6615.28,0.030136986301369864,69.75092650903798,43.54848014286699,-7.373153722851363,9.656866952408192,1.0045986554581634,3.0-4.0%,1.00-1.02,2025-09-12→2025-09-15
2025-09-12,2025-09-15,P,6620.0,0.03287671232876712,170.9121903394772,-0.052173161573274104,61.702255938737835,-0.6032636967750841,6584.29,6615.28,0.030136986301369864,69.14851471406185,42.99116246662015,-6.983153722844248,10.09514196305972,1.0045986554581634,3.0-4.0%,1.00-1.02,2025-09-12→2025-09-15
2025-09-12,2025-09-15,C,6625.0,0.03287671232876712,137.56455494480488,0.9311396723042491,29.24857944110863,0.3798853912564149,6584.29,6615.28,0.030136986301369864,66.91967263848521,40.56704745014895,-7.256018444708474,9.827351724963787,1.0053574157719534,3.0-4.0%,1.00-1.02,2025-09-12→2025-09-15
2025-09-12,2025-09-15,P,6625.0,0.03287671232876712,172.83933403787057,-0.06886032769601781,64.5023226468411,-0.6210807479016939,6584.29,6615.28,0.030136986301369864,71.313240895022,45.25777933940526,-7.116018444700423,9.997292377473357,1.0053574157719534,3.0-4.0%,1.00-1.02,2025-09-12→2025-09-15
2025-09-12,2025-09-15,C,6630.0,0.03287671232876712,138.49923647853538,0.9268830071729784,27.348643225835076,0.36280722333632703,6584.29,6615.28,0.030136986301369864,63.93801826946915,38.13972931209901,-7.874104392290398,9.606604148807305,1.0061161760857436,3.0-4.0%,1.00-1.02,2025-09-12→2025-09-15
2025-09-12,2025-09-15,P,6630.0,0.03287671232876712,178.76991351811157,-0.07311699282706191,67.40238899791439,-0.6388457055496757,6584.29,6615.28,0.030136986301369864,73.3275665775207,47.62580664769712,-7.584104392289376,9.9478284149843,1.0061161760857436,3.0-4.0%,1.00-1.02,2025-09-12→2025-09-15
2025-09-12,2025-09-15,C,6635.0,0.03287671232876712,140.03637851091077,0.940991770850523,25.34870885641749,0.34525682746587516,6584.29,6615.28,0.030136986301369864,63.02506933317706,35.613931359353046,-8.961334978657508,9.5004909168326,1.0068749363995337,3.0-4.0%,1.00-1.02,2025-09-12→2025-09-15
2025-09-12,2025-09-15,P,6635.0,0.03287671232876712,185.3029534969553,-0.059008229149666254,70.35245575946465,-0.6566986083678639,6584.29,6615.28,0.030136986301369864,77.41059769274915,50.04504875915336,-8.67133497865185,9.851089873319964,1.0068749363995337,3.0-4.0%,1.00-1.02,2025-09-12→2025-09-15
2025-09-12,2025-09-15,C,6640.0,0.03287671232876712,138.62955381654174,0.9402821012379113,23.448773866147803,0.3278631215751415,6584.29,6615.28,0.030136986301369864,60.84775298938608,33.192633636649134,-9.589342317362668,9.389521862386436,1.007633696713324,3.0-4.0%,1.00-1.02,2025-09-12→2025-09-15
2025-09-12,2025-09-15,P,6640.0,0.03287671232876712,188.89202674908074,-0.05971789876226925,73.40252207263529,-0.6744439899882569,6584.29,6615.28,0.030136986301369864,80.22926140047007,52.56736463873676,-9.299342317357295,9.75101924973593,1.007633696713324,3.0-4.0%,1.00-1.02,2025-09-12→2025-09-15
2025-09-12,2025-09-15,C,6645.0,0.03287671232876712,134.6825279600082,0.9140684817237527,21.6488372349379,0.3106802359403653,6584.29,6615.28,0.030136986301369864,57.96557610503342,30.877404589356047,-9.476982248618892,9.222019488208149,1.008392457027114,3.0-4.0%,1.00-1.02,2025-09-12→2025-09-15
2025-09-12,2025-09-15,P,6645.0,0.03287671232876712,189.94089883904073,-0.08593151827630706,76.60258787084967,-0.6917910482902907,6584.29,6615.28,0.030136986301369864,82.34306456762991,55.24735893134539,-9.13698224861726,9.63860458651596,1.008392457027114,3.0-4.0%,1.00-1.02,2025-09-12→2025-09-15
2025-09-12,2025-09-15,C,6650.0,0.03287671232876712,138.72920499811426,0.9331348239752161,19.84890334696047,0.2932488833227222,6584.29,6615.28,0.030136986301369864,56.20599780791804,28.56251196991525,-10.767848194991743,9.062217105828902,1.0091512173409043,3.0-4.0%,1.00-1.02,2025-09-12→2025-09-15
2025-09-12,2025-09-15,P,6650.0,0.03287671232876712,198.98347382362232,-0.06686517602491494,81.20262624751194,-0.7022878491617202,6584.29,6615.28,0.030136986301369864,85.57946632202611,59.42771502643063,-11.727848194987898,7.963900445521556,1.0091512173409043,3.0-4.0%,1.00-1.02,2025-09-12→2025-09-15
2025-09-12,2025-09-15,C,6655.0,0.03287671232876712,139.22631369135286,0.941918637503215,18.248965565128856,0.27661176151775796,6584.29,6615.28,0.030136986301369864,55.327576567993034,26.462935093330998,-11.690058576224427,8.927801510564741,1.0099099776546945,3.0-4.0%,1.00-1.02,2025-09-12→2025-09-15
2025-09-12,2025-09-15,P,6655.0,0.03287671232876712,204.47648046334572,-0.058081362496898645,83.30271354940851,-0.7256325008563411,6584.29,6615.28,0.030136986301369864,89.69702513361689,60.931838265149054,-11.450058576221124,9.237351201537852,1.0099099776546945,3.0-4.0%,1.00-1.02,2025-09-12→2025-09-15
