asof0,asof1,cp,K,T,price0_pde,delta0_pde,price0_bsm,delta0_bsm,S0,S1,T1,price1_pde,price1_bsm,pnl_pde,pnl_bsm,m,T_bucket,m_bucket,pair
2025-09-15,2025-09-16,C,6545.0,0.005479452054794521,77.74004696379852,0.7857879004432214,75.549999998977,0.8209830555385393,6615.28,6606.76,0.005479452054794521,70.8763980735778,68.68596852510382,9.194912911775875,9.494775633187967,0.9896798094734056,<1.0%,0.98-1.00,2025-09-15→2025-09-16
2025-09-15,2025-09-16,P,6545.0,0.005479452054794521,9.469096977030636,-0.21421209955666198,7.349999999275724,-0.17931395823648155,6615.28,6606.76,0.005479452054794521,5.462932727041844,9.008421240775988,3.474912911777342,3.7722450758252624,0.9896798094734056,<1.0%,0.98-1.00,2025-09-15→2025-09-16
2025-09-15,2025-09-16,C,6550.0,0.005479452054794521,73.83538018472126,0.776672821141908,71.20000001428434,0.8063199914151861,6615.28,6606.76,0.005479452054794521,66.65380214504253,64.46926688253188,9.36725243612869,9.619846326857004,0.9904358673874418,<1.0%,0.98-1.00,2025-09-15→2025-09-16
2025-09-15,2025-09-16,P,6550.0,0.005479452054794521,10.56596499551979,-0.22332717885802025,7.950000014282978,-0.1933731432669459,6615.28,6606.76,0.005479452054794521,6.237545763100121,9.736652390022755,3.647252436129774,3.902460819365713,0.9904358673874418,<1.0%,0.98-1.00,2025-09-15→2025-09-16
2025-09-15,2025-09-16,C,6555.0,0.005479452054794521,69.96792022973955,0.7517801037380275,69.69999999737684,0.7634813394663282,6615.28,6606.76,0.005479452054794521,62.553599473079885,63.33458832652195,6.505166483847647,6.604861012252764,0.991191925301478,<1.0%,0.98-1.00,2025-09-15→2025-09-16
2025-09-15,2025-09-16,P,6555.0,0.005479452054794521,11.700039838102926,-0.2482198962618148,8.65000000000714,-0.20907419255236148,6615.28,6606.76,0.005479452054794521,7.134552055732051,10.579130483951985,3.735166483849455,4.068687879453979,0.991191925301478,<1.0%,0.98-1.00,2025-09-15→2025-09-16
2025-09-15,2025-09-16,C,6560.0,0.005479452054794521,66.24167763517308,0.7267330723509263,62.59999988697382,0.7743662918451407,6615.28,6606.76,0.005479452054794521,58.45283095215895,56.15944477938592,9.441765776429541,9.847600806520227,0.9919479832155144,<1.0%,0.98-1.00,2025-09-15→2025-09-16
2025-09-15,2025-09-16,P,6560.0,0.005479452054794521,12.975332041101046,-0.27326692764898863,9.399999902989066,-0.22584589647702108,6615.28,6606.76,0.005479452054794521,8.030992499408077,11.48107044484891,3.7717657764307457,4.175792962015887,0.9919479832155144,<1.0%,0.98-1.00,2025-09-15→2025-09-16
2025-09-15,2025-09-16,C,6565.0,0.005479452054794521,62.62798597136024,0.7096019135297205,58.449999999797,0.7559602973887076,6615.28,6606.76,0.005479452054794521,54.38740943703969,52.17547685380305,9.545808303272882,9.940781733751432,0.9927040411295506,<1.0%,0.98-1.00,2025-09-15→2025-09-16
2025-09-15,2025-09-16,P,6565.0,0.005479452054794521,14.363175174854966,-0.29039808647020315,10.199999999798138,-0.243732837293429,6615.28,6606.76,0.005479452054794521,8.962779948880168,12.442862361295056,3.875808303274008,4.273396226260102,0.9927040411295506,<1.0%,0.98-1.00,2025-09-15→2025-09-16
2025-09-15,2025-09-16,C,6570.0,0.005479452054794521,59.056196050303605,0.6888905506298595,54.35000002009747,0.7364476634871769,6615.28,6606.76,0.005479452054794521,50.664954547365376,48.25123045300188,9.669347491366082,10.074534092910405,0.9934600990435868,<1.0%,0.98-1.00,2025-09-15→2025-09-16
2025-09-15,2025-09-16,P,6570.0,0.005479452054794521,15.792920051363051,-0.31110944937006646,11.100000020098378,-0.26324547119496094,6615.28,6606.76,0.005479452054794521,10.23753402379915,13.518615960493662,3.9493474913671807,4.357148585419057,0.9934600990435868,<1.0%,0.98-1.00,2025-09-15→2025-09-16
2025-09-15,2025-09-16,C,6575.0,0.005479452054794521,55.55962425379778,0.6610244071000813,50.35000000004038,0.7153437417006542,6615.28,6606.76,0.005479452054794521,46.89746253925465,44.440563146685236,9.631927948492379,10.094728679289236,0.994216156957623,<1.0%,0.98-1.00,2025-09-15→2025-09-16
2025-09-15,2025-09-16,P,6575.0,0.005479452054794521,17.29788305242083,-0.33897559289984386,12.100000000042883,-0.28434939298149037,6615.28,6606.76,0.005479452054794521,11.467250980281964,14.707948654177926,4.011927948493491,4.477343171797837,0.994216156957623,<1.0%,0.98-1.00,2025-09-15→2025-09-16
2025-09-15,2025-09-16,C,6580.0,0.005479452054794521,52.25498715031322,0.6327771744563814,46.450000206834375,0.6926766833308835,6615.28,6606.76,0.005479452054794521,43.159252141210615,40.74314988785409,9.691261526368066,10.201605341978798,0.9949722148716592,<1.0%,0.98-1.00,2025-09-15→2025-09-16
2025-09-15,2025-09-16,P,6580.0,0.005479452054794521,18.994780746499934,-0.3672228255435762,13.200000206835284,-0.30701645135124916,6615.28,6606.76,0.005479452054794521,12.726249546831536,16.010535395344505,4.021261526368907,4.534219834487505,0.9949722148716592,<1.0%,0.98-1.00,2025-09-15→2025-09-16
2025-09-15,2025-09-16,C,6585.0,0.005479452054794521,49.00087215952186,0.6201914986604645,42.64999999363954,0.6684646044171108,6615.28,6606.76,0.005479452054794521,39.740978040097424,37.15875421917144,9.83403156858687,10.245318429633471,0.9957282727856954,<1.0%,0.98-1.00,2025-09-15→2025-09-16
2025-09-15,2025-09-16,P,6585.0,0.005479452054794521,20.74220055327679,-0.379808501339395,14.39999999364045,-0.33122853026502147,6615.28,6606.76,0.005479452054794521,14.305184410314855,17.42613972666277,4.164031568588535,4.577932922142175,0.9957282727856954,<1.0%,0.98-1.00,2025-09-15→2025-09-16
2025-09-15,2025-09-16,C,6590.0,0.005479452054794521,45.76244530153403,0.5899226140698092,39.04999999998199,0.6421611280597391,6615.28,6606.76,0.005479452054794521,36.35611062815351,33.791159652989336,9.726140671874498,10.171212811068678,0.9964843306997316,<1.0%,0.98-1.00,2025-09-15→2025-09-16
2025-09-15,2025-09-16,P,6590.0,0.005479452054794521,22.50530849285469,-0.4100773859300982,15.749999999979991,-0.357257266260888,6615.28,6606.76,0.005479452054794521,15.917525962963524,19.006600451664326,4.156140671875756,4.606168091457402,0.9964843306997316,<1.0%,0.98-1.00,2025-09-15→2025-09-16
2025-09-15,2025-09-16,C,6595.0,0.005479452054794521,42.75676990967734,0.5590376983686929,35.5500000111756,0.6145122976365328,6615.28,6606.76,0.005479452054794521,33.017057845956366,30.5345990179394,9.663001190101005,10.135644775862975,0.9972403886137678,<1.0%,0.98-1.00,2025-09-15→2025-09-16
2025-09-15,2025-09-16,P,6595.0,0.005479452054794521,24.501167898563352,-0.4409623016312118,17.250000011617885,-0.3849592197279661,6615.28,6606.76,0.005479452054794521,17.57568214535974,20.750522238850408,4.093001190102285,4.570147447917913,0.9972403886137678,<1.0%,0.98-1.00,2025-09-15→2025-09-16
2025-09-15,2025-09-16,C,6600.0,0.005479452054794521,39.827662786926126,0.5432814774866362,32.150000000029195,0.5855018420155204,6615.28,6606.76,0.005479452054794521,29.837493104432703,27.38913986168427,9.828758188185887,10.18847569397196,0.9979964465278041,<1.0%,0.98-1.00,2025-09-15→2025-09-16
2025-09-15,2025-09-16,P,6600.0,0.005479452054794521,26.57359557337654,-0.45671852251330175,18.900000000029195,-0.41419129266660965,6615.28,6606.76,0.005479452054794521,19.393326368430213,22.656525369175142,4.108758188186885,4.471090186480682,0.9979964465278041,<1.0%,0.98-1.00,2025-09-15→2025-09-16
2025-09-15,2025-09-16,C,6605.0,0.005479452054794521,36.945615648157805,0.5151021728175743,28.94999968829461,0.5548789250374268,6615.28,6606.76,0.005479452054794521,26.943287647710118,24.455888506153315,9.68867051240549,10.027568441318614,0.9987525044418403,<1.0%,0.98-1.00,2025-09-15→2025-09-16
2025-09-15,2025-09-16,P,6605.0,0.005479452054794521,28.69308323217491,-0.48489782718231533,20.649999682702855,-0.44470942768389654,6615.28,6606.76,0.005479452054794521,21.496329876302106,24.672856735292953,4.068670512406905,4.4110756761334144,0.9987525044418403,<1.0%,0.98-1.00,2025-09-15→2025-09-16
2025-09-15,2025-09-16,C,6610.0,0.005479452054794521,34.148222856608825,0.4835865370690116,25.849999999949432,0.5230383821723744,6615.28,6606.76,0.005479452054794521,24.02812195740145,21.63226020478396,9.670157295827748,10.00628701610838,0.9995085623558765,<1.0%,0.98-1.00,2025-09-15→2025-09-16
2025-09-15,2025-09-16,P,6610.0,0.005479452054794521,30.897225238190543,-0.5164134629308954,22.599999999949432,-0.4766547525097556,6615.28,6606.76,0.005479452054794521,23.578373150589304,26.899645712274832,3.9501572958290136,4.288901508617106,0.9995085623558765,<1.0%,0.98-1.00,2025-09-15→2025-09-16
2025-09-15,2025-09-16,C,6615.0,0.005479452054794521,31.53316998487583,0.4562371604935488,22.999999682320777,0.4899839249608032,6615.28,6606.76,0.005479452054794521,21.180050788139457,19.0666113003831,9.537140607404819,9.82466304066581,1.0002646202699126,<1.0%,1.00-1.02,2025-09-15→2025-09-16
2025-09-15,2025-09-16,P,6615.0,0.005479452054794521,33.28370716402339,-0.5437628395063755,24.749999682320777,-0.5097092097213267,6615.28,6606.76,0.005479452054794521,25.727510945919658,29.333996807873973,3.817140607405941,4.10727753317454,1.0002646202699126,<1.0%,1.00-1.02,2025-09-15→2025-09-16
2025-09-15,2025-09-16,C,6620.0,0.005479452054794521,28.96966158746968,0.4386266815030035,20.249999930954345,0.4559510360198669,6615.28,6606.76,0.005479452054794521,18.734678085551398,16.608279938526266,9.487099326405382,9.63470282688905,1.0010206781839488,<1.0%,1.00-1.02,2025-09-15→2025-09-16
2025-09-15,2025-09-16,P,6620.0,0.005479452054794521,35.72173356418341,-0.5613733184969493,26.94999992966359,-0.5438436150004909,6615.28,6606.76,0.005479452054794521,28.27934720792662,31.827038052843818,3.8170993264062556,3.966452400196072,1.0010206781839488,<1.0%,1.00-1.02,2025-09-15→2025-09-16
2025-09-15,2025-09-16,C,6625.0,0.005479452054794521,26.429345764396675,0.4069546422583401,17.70000000001164,0.4211814914648589,6615.28,6606.76,0.005479452054794521,16.295799348533645,14.354072259919576,9.317253552040867,9.4384663072804,1.001776736097985,<1.0%,1.00-1.02,2025-09-15→2025-09-16
2025-09-15,2025-09-16,P,6625.0,0.005479452054794521,38.182952538675266,-0.5930453577415756,29.45000000001164,-0.5785116432172733,6615.28,6606.76,0.005479452054794521,30.837677435500694,34.62145776740908,3.5472535520420543,3.6710807997891024,1.001776736097985,<1.0%,1.00-1.02,2025-09-15→2025-09-16
2025-09-15,2025-09-16,C,6630.0,0.005479452054794521,24.1262885592322,0.37443255589865326,15.400000015703426,0.3862757525366755,6615.28,6606.76,0.005479452054794521,13.947218440135755,12.348280054551651,9.040165376256349,9.141069411612293,1.0025327940120212,<1.0%,1.00-1.02,2025-09-15→2025-09-16
2025-09-15,2025-09-16,P,6630.0,0.005479452054794521,40.881430131078,-0.6255674441012528,32.15000001570252,-0.6134173821454583,6615.28,6606.76,0.005479452054794521,33.48630549169741,37.61566556204252,3.2701653762576237,3.3736839041209867,1.0025327940120212,<1.0%,1.00-1.02,2025-09-15→2025-09-16
2025-09-15,2025-09-16,C,6635.0,0.005479452054794521,21.915359414337185,0.36125630914904083,13.299999999848296,0.35150491385179655,6615.28,6606.76,0.005479452054794521,11.83311588424651,10.539076314474642,8.877903753949658,8.794821866017141,1.0032888519260574,<1.0%,1.00-1.02,2025-09-15→2025-09-16
2025-09-15,2025-09-16,P,6635.0,0.005479452054794521,43.672035783747155,-0.6387436908508761,35.049999999849206,-0.6481882208303328,6615.28,6606.76,0.005479452054794521,36.369411900402234,40.80646182196506,3.1579037539508388,3.0774363585258726,1.0032888519260574,<1.0%,1.00-1.02,2025-09-15→2025-09-16
2025-09-15,2025-09-16,C,6640.0,0.005479452054794521,19.73850605066295,0.3310603850701775,11.399999837431096,0.3172665971540168,6615.28,6606.76,0.005479452054794521,9.98245763117388,8.923110159363205,8.520634480797757,8.403111407752075,1.0040449098400936,<1.0%,1.00-1.02,2025-09-15→2025-09-16
2025-09-15,2025-09-16,P,6640.0,0.005479452054794521,46.496717217639635,-0.6689396149297481,38.299999870994725,-0.6811345005931001,6615.28,6606.76,0.005479452054794521,39.51596261192414,44.328265054332405,2.650634480798864,2.5467340549471107,1.0040449098400936,<1.0%,1.00-1.02,2025-09-15→2025-09-16
2025-09-15,2025-09-16,C,6645.0,0.005479452054794521,17.693739058602283,0.30033681713893784,9.70000000011305,0.283989716808684,6615.28,6606.76,0.005479452054794521,8.209192934171979,7.496839759326349,8.058869682023609,7.919592387209853,1.0048009677541299,<1.0%,1.00-1.02,2025-09-15→2025-09-16
2025-09-15,2025-09-16,P,6645.0,0.005479452054794521,49.45348502314286,-0.6996631828609922,41.600000000070395,-0.7141396039639496,6615.28,6606.76,0.005479452054794521,42.739906879516624,47.89984867799831,2.388869682024679,2.2655305742274887,1.0048009677541299,<1.0%,1.00-1.02,2025-09-15→2025-09-16
2025-09-15,2025-09-16,C,6650.0,0.005479452054794521,15.863977905949042,0.2771494383418274,8.199999872200806,0.2521413605046951,6615.28,6606.76,0.005479452054794521,6.561303048106757,6.25648991795606,7.71131321467224,7.498244391499885,1.005557025668166,<1.0%,1.00-1.02,2025-09-15→2025-09-16
2025-09-15,2025-09-16,P,6650.0,0.005479452054794521,52.62525866805629,-0.7228505616580978,46.7000000042226,-0.7278266288978958,6615.28,6606.76,0.005479452054794521,46.08922595804329,53.096016493973366,0.391313214673346,0.3489171217902687,1.005557025668166,<1.0%,1.00-1.02,2025-09-15→2025-09-16
2025-09-15,2025-09-16,C,6655.0,0.005479452054794521,14.056624278888306,0.2587340721442399,6.900000123214113,0.22223282321314428,6615.28,6606.76,0.005479452054794521,5.279237096194066,5.198025131708846,7.304414294668801,6.993423653775884,1.0063130835822025,<1.0%,1.00-1.02,2025-09-15→2025-09-16
2025-09-15,2025-09-16,P,6655.0,0.005479452054794521,55.819439838560534,-0.7412659278556831,50.34999999952379,-0.7554743418231544,6615.28,6606.76,0.005479452054794521,49.804368970725065,56.9709754305095,-0.015585705330065203,-0.13664139233291372,1.0063130835822025,<1.0%,1.00-1.02,2025-09-15→2025-09-16
2025-09-15,2025-09-16,C,6660.0,0.005479452054794521,12.311566709504667,0.23035542084685176,5.750000040144414,0.19401382802880685,6615.28,6606.76,0.005479452054794521,4.104283248144565,4.274129268923616,6.8126281856150674,6.502997814805342,1.0070691414962387,<1.0%,1.00-1.02,2025-09-15→2025-09-16
2025-09-15,2025-09-16,P,6660.0,0.005479452054794521,59.07591706674163,-0.7696445791530433,52.650000014130455,-0.8032723750660373,6615.28,6606.76,0.005479452054794521,53.62662408727007,59.670716968901615,1.0426281856164366,0.7561193644377431,1.0070691414962387,<1.0%,1.00-1.02,2025-09-15→2025-09-16
2025-09-15,2025-09-16,C,6665.0,0.005479452054794521,10.843344556620025,0.20303063889290024,4.800000000000182,0.16870939051761918,6615.28,6606.76,0.005479452054794521,3.0690684514287705,3.524664920732903,6.229821043367414,5.937404007210036,1.007825199410275,<1.0%,1.00-1.02,2025-09-15→2025-09-16
2025-09-15,2025-09-16,P,6665.0,0.005479452054794521,62.60922971142304,-0.7969693611070509,56.699999696901614,-0.8283036397639544,6615.28,6606.76,0.005479452054794521,57.588618255149434,63.91925110809552,0.45982104336830343,0.19285298921150051,1.007825199410275,<1.0%,1.00-1.02,2025-09-15→2025-09-16
2025-09-15,2025-09-16,C,6670.0,0.005479452054794521,9.481154242433877,0.19294529920068065,3.9999999998113935,0.14597011419137276,6615.28,6606.76,0.005479452054794521,2.2403532362504963,2.903221230003737,5.793893949189709,5.393665372910427,1.0085812573243111,<1.0%,1.00-1.02,2025-09-15→2025-09-16
2025-09-15,2025-09-16,P,6670.0,0.005479452054794521,66.2485741948029,-0.8070547007992676,60.900000251973324,-0.8507786245480898,6615.28,6606.76,0.005479452054794521,61.75711200456293,68.29590748500777,0.12389394919062902,-0.24863388114931606,1.0085812573243111,<1.0%,1.00-1.02,2025-09-15→2025-09-16
2025-09-15,2025-09-16,C,6675.0,0.005479452054794521,8.109492341744522,0.16765349019381498,3.300000012611349,0.12511687995751353,6615.28,6606.76,0.005479452054794521,1.6126216075516921,2.3658469303181846,5.228407736451224,4.865995817237955,1.0093373152383474,<1.0%,1.00-1.02,2025-09-15→2025-09-16
2025-09-15,2025-09-16,P,6675.0,0.005479452054794521,69.87844709167783,-0.8323465098061149,65.20000000050095,-0.8713615315008487,6615.28,6606.76,0.005479452054794521,66.12658934045828,72.75661613344437,-0.5415922635477086,-0.8740002483868219,1.0093373152383474,<1.0%,1.00-1.02,2025-09-15→2025-09-16
2025-09-15,2025-09-16,C,6680.0,0.005479452054794521,6.894044809268779,0.1432111535746811,2.700000000246746,0.10632171961989506,6615.28,6606.76,0.005479452054794521,1.09744076790087,1.9113127240309495,4.720159028456215,4.405861051161455,1.0100933731523836,<1.0%,1.00-1.02,2025-09-15→2025-09-16
2025-09-15,2025-09-16,P,6680.0,0.005479452054794521,73.66453435676883,-0.8567888464252214,68.50000005379115,-0.918371866526267,6615.28,6606.76,0.005479452054794521,70.608617465402,76.43034963423725,0.05015902845751352,-0.47452830280336666,1.0100933731523836,<1.0%,1.00-1.02,2025-09-15→2025-09-16
2025-09-15,2025-09-16,C,6545.0,0.00821917808219178,83.48856588469032,0.7413886089305265,81.22813123467222,0.7748580384035971,6615.28,6606.76,0.005479452054794521,70.8763980735778,69.87176351579637,3.1666309480877297,3.4517904871982754,0.9895546719196037,<1.0%,0.98-1.00,2025-09-15→2025-09-16
2025-09-15,2025-09-16,P,6545.0,0.00821917808219178,14.389795941005772,-0.25861139106938086,12.191815409556739,-0.22536006206126338,6615.28,6606.76,0.005479452054794521,5.462932727041844,8.945462120917,-1.7533690519110015,-1.4700677287618564,0.9895546719196037,<1.0%,0.98-1.00,2025-09-15→2025-09-16
2025-09-15,2025-09-16,C,6550.0,0.00821917808219178,79.7852796221693,0.7325856709389219,77.02763245236383,0.7611199858410734,6615.28,6606.76,0.005479452054794521,66.65380214504253,65.66887527381823,3.191629916399271,3.4347422793655884,0.9903106342358142,<1.0%,0.98-1.00,2025-09-15→2025-09-16
2025-09-15,2025-09-16,P,6550.0,0.00821917808219178,15.687412069667207,-0.267414329061004,12.99131730382851,-0.23907912191206676,6615.28,6606.76,0.005479452054794521,6.237545763100121,9.7430240974129,-1.7783700835996274,-1.5369541186906956,0.9903106342358142,<1.0%,0.98-1.00,2025-09-15→2025-09-16
2025-09-15,2025-09-16,C,6555.0,0.00821917808219178,76.10827219142709,0.7101685278870776,72.9270928475189,0.7462537717375872,6615.28,6606.76,0.005479452054794521,62.553599473079885,61.57195995045822,2.9506358575975566,3.258082135203882,0.9910665965520247,<1.0%,0.98-1.00,2025-09-15→2025-09-16
2025-09-15,2025-09-16,P,6555.0,0.00821917808219178,17.011307030104874,-0.2898314721128494,13.840791477655557,-0.2535657825926717,6615.28,6606.76,0.005479452054794521,7.134552055732051,10.606758009988653,-1.8193641424013394,-1.5103804676894428,0.9910665965520247,<1.0%,0.98-1.00,2025-09-15→2025-09-16
2025-09-15,2025-09-16,C,6560.0,0.00821917808219178,72.53278933065772,0.6876343962320113,68.82653798929186,0.7309816692965271,6615.28,6606.76,0.005479452054794521,58.45283095215895,57.50441715956367,2.9086450558964083,3.277963822406062,0.9918225588682352,<1.0%,0.98-1.00,2025-09-15→2025-09-16
2025-09-15,2025-09-16,P,6560.0,0.00821917808219178,18.436726560518647,-0.31236560376788297,14.790224369343605,-0.2691753404623831,6615.28,6606.76,0.005479452054794521,8.030992499408077,11.57936976365022,-1.961354944102216,-1.5933739007393775,0.9918225588682352,<1.0%,0.98-1.00,2025-09-15→2025-09-16
2025-09-15,2025-09-16,C,6565.0,0.00821917808219178,69.07806938528738,0.6723578262994878,64.82594255121967,0.7145850454196938,6615.28,6606.76,0.005479452054794521,54.38740943703969,53.54873152421442,2.8784886800713236,3.2382645869754594,0.9925785211844458,<1.0%,0.98-1.00,2025-09-15→2025-09-16
2025-09-15,2025-09-16,P,6565.0,0.00821917808219178,19.982909006329745,-0.32764217370041687,15.789629767187535,-0.28554896062120677,6615.28,6606.76,0.005479452054794521,8.962779948880168,12.624027019877985,-2.041511319927397,-1.6828771444925468,0.9925785211844458,<1.0%,0.98-1.00,2025-09-15→2025-09-16
2025-09-15,2025-09-16,C,6570.0,0.00821917808219178,65.64938074034013,0.6541164866010273,59.27567553364224,0.7072367493544317,6615.28,6606.76,0.005479452054794521,50.664954547365376,48.36234759218496,4.473072465840449,4.92565710449943,0.9933344835006563,<1.0%,0.98-1.00,2025-09-15→2025-09-16
2025-09-15,2025-09-16,P,6570.0,0.00821917808219178,21.555122752563893,-0.3458835133989142,16.789016980900897,-0.3024233680586546,6615.28,6606.76,0.005479452054794521,10.23753402379915,13.702545090428885,-2.046927534158587,-1.6766470958595958,0.9933344835006563,<1.0%,0.98-1.00,2025-09-15→2025-09-16
2025-09-15,2025-09-16,C,6575.0,0.00821917808219178,62.26769726585092,0.6298499390472289,57.07464482634441,0.6788501324528776,6615.28,6606.76,0.005479452054794521,46.89746253925465,45.94627723073063,2.666321480682096,3.0838031284982,0.9940904458168669,<1.0%,0.98-1.00,2025-09-15→2025-09-16
2025-09-15,2025-09-16,P,6575.0,0.00821917808219178,23.174341669252218,-0.3701500609527478,17.98834345648038,-0.32096942187737776,6615.28,6606.76,0.005479452054794521,11.467250980281964,14.981075290260378,-2.153678519317236,-1.734659474395107,0.9940904458168669,<1.0%,0.98-1.00,2025-09-15→2025-09-16
2025-09-15,2025-09-16,C,6580.0,0.00821917808219178,59.05094381714926,0.6055919440708715,53.323943693729234,0.6595408731233845,6615.28,6606.76,0.005479452054794521,43.159252141210615,42.30588811953385,2.609643363483541,3.069288239010927,0.9948464081330775,<1.0%,0.98-1.00,2025-09-15→2025-09-16
2025-09-15,2025-09-16,P,6580.0,0.00821917808219178,24.95849061173269,-0.39440805592905787,19.23764232386702,-0.34027868120687604,6615.28,6606.76,0.005479452054794521,12.726249546831536,16.34068617906496,-2.260356636515385,-1.7991743638824214,0.9948464081330775,<1.0%,0.98-1.00,2025-09-15→2025-09-16
2025-09-15,2025-09-16,C,6585.0,0.00821917808219178,55.898440653008066,0.5947928762349154,49.673205554729975,0.6392136684730038,6615.28,6606.76,0.005479452054794521,39.740978040097424,38.790647702791375,2.617635305521202,2.996100455389694,0.995602370449288,<1.0%,0.98-1.00,2025-09-15→2025-09-16
2025-09-15,2025-09-16,P,6585.0,0.00821917808219178,26.80688983877297,-0.4052071237649839,20.536911698580752,-0.3603988264707944,6615.28,6606.76,0.005479452054794521,14.305184410314855,17.784097044508144,-2.2023646944774713,-1.820598001530998,0.995602370449288,<1.0%,0.98-1.00,2025-09-15→2025-09-16
2025-09-15,2025-09-16,C,6590.0,0.00821917808219178,52.72945657645385,0.5689150956985287,46.172425334439595,0.6177266705223927,6615.28,6606.76,0.005479452054794521,36.35611062815351,35.44504411273283,2.447156615351197,2.8630312328504957,0.9963583327654986,<1.0%,0.98-1.00,2025-09-15→2025-09-16
2025-09-15,2025-09-16,P,6590.0,0.00821917808219178,28.63880815339923,-0.43108490430140955,22.03613031685836,-0.38191782271029845,6615.28,6606.76,0.005479452054794521,15.917525962963524,19.438443873191318,-2.3228433846478076,-1.9039398494915645,0.9963583327654986,<1.0%,0.98-1.00,2025-09-15→2025-09-16
2025-09-15,2025-09-16,C,6595.0,0.00821917808219178,49.731223860617156,0.5425837581911521,42.721617951024655,0.5954926606215296,6615.28,6606.76,0.005479452054794521,33.017057845956366,32.189160138252646,2.372813619788359,2.8235974684951506,0.9971142950817091,<1.0%,0.98-1.00,2025-09-15→2025-09-16
2025-09-15,2025-09-16,P,6595.0,0.00821917808219178,30.64147782874615,-0.45741624180878643,23.585321729234693,-0.4041849740052052,6615.28,6606.76,0.005479452054794521,17.57568214535974,21.182585234196267,-2.397186380210644,-1.943655978524157,0.9971142950817091,<1.0%,0.98-1.00,2025-09-15→2025-09-16
2025-09-15,2025-09-16,C,6600.0,0.00821917808219178,46.86266571648135,0.5300817968112856,39.37077687644296,0.5723300055048951,6615.28,6606.76,0.005479452054794521,29.837493104432703,29.06706195517745,2.5162969088319027,2.8762516469014354,0.9978702573979197,<1.0%,0.98-1.00,2025-09-15→2025-09-16
2025-09-15,2025-09-16,P,6600.0,0.00821917808219178,32.77382207579005,-0.46991820318867644,25.23447938181107,-0.42738267842319216,6615.28,6606.76,0.005479452054794521,19.393326368430213,23.060595276751428,-2.3537030911673025,-1.9913004201653965,0.9978702573979197,<1.0%,0.98-1.00,2025-09-15→2025-09-16
2025-09-15,2025-09-16,C,6605.0,0.00821917808219178,43.97503999718085,0.5059956156644617,36.16990016535101,0.5481879026767684,6615.28,6606.76,0.005479452054794521,26.943287647710118,26.122366927556868,2.4110826454609757,2.770560930805809,0.9986262197141301,<1.0%,0.98-1.00,2025-09-15→2025-09-16
2025-09-15,2025-09-16,P,6605.0,0.00821917808219178,34.88709874767238,-0.4940043843354655,27.083598795487433,-0.4516316516534895,6615.28,6606.76,0.005479452054794521,21.496329876302106,25.157164987086617,-2.458917354537933,-2.097901672087517,0.9986262197141301,<1.0%,0.98-1.00,2025-09-15→2025-09-16
2025-09-15,2025-09-16,C,6610.0,0.00821917808219178,41.13440490475251,0.4791226503767694,33.11899277924704,0.5231957908601861,6615.28,6606.76,0.005479452054794521,24.02812195740145,23.35659676715113,2.382124981209853,2.757628138128542,0.9993821820303407,<1.0%,0.98-1.00,2025-09-15→2025-09-16
2025-09-15,2025-09-16,P,6610.0,0.00821917808219178,37.047366046425076,-0.520877349623152,29.032691409383915,-0.4766237634700709,6615.28,6606.76,0.005479452054794521,23.578373150589304,27.39139482668088,-2.53787501878901,-2.16083446476478,0.9993821820303407,<1.0%,0.98-1.00,2025-09-15→2025-09-16
2025-09-15,2025-09-16,C,6615.0,0.00821917808219178,38.51855232433438,0.4576819126491629,30.21805932971847,0.4974878466452302,6615.28,6606.76,0.005479452054794521,21.180050788139457,20.770540950285522,2.349449895770651,2.6885964534171256,1.0001381443465513,<1.0%,1.00-1.02,2025-09-15→2025-09-16
2025-09-15,2025-09-16,P,6615.0,0.00821917808219178,39.432415857188474,-0.5423180873508073,31.13175795985444,-0.5023317076850271,6615.28,6606.76,0.005479452054794521,25.727510945919658,29.805339009815725,-2.5705501042286176,-2.229866149476189,1.0001381443465513,<1.0%,1.00-1.02,2025-09-15→2025-09-16
2025-09-15,2025-09-16,C,6620.0,0.00821917808219178,35.89415975183023,0.4425361600562463,27.41710292637572,0.4711474324357385,6615.28,6606.76,0.005479452054794521,18.734678085551398,18.324343171521377,2.3704080836790107,2.6141761243522703,1.000894106662762,<1.0%,1.00-1.02,2025-09-15→2025-09-16
2025-09-15,2025-09-16,P,6620.0,0.00821917808219178,41.80892567586587,-0.557463839943741,33.33080155651169,-0.5286721218945188,6615.28,6606.76,0.005479452054794521,28.27934720792662,32.35914123105067,-2.5495919163204146,-2.304286478541055,1.000894106662762,<1.0%,1.00-1.02,2025-09-15→2025-09-16
2025-09-15,2025-09-16,C,6625.0,0.00821917808219178,33.25141394453578,0.4151181174689545,24.766127791200233,0.44428092561305665,6615.28,6606.76,0.005479452054794521,16.295799348533645,16.05834435359111,2.3368063608352965,2.5852734862230333,1.0016500689789725,<1.0%,1.00-1.02,2025-09-15→2025-09-16
2025-09-15,2025-09-16,P,6625.0,0.00821917808219178,44.1670822597527,-0.5848818825309466,35.67982642133575,-0.5555386287172003,6615.28,6606.76,0.005479452054794521,30.837677435500694,35.093142413120404,-2.6331936391633946,-2.383189116670289,1.0016500689789725,<1.0%,1.00-1.02,2025-09-15→2025-09-16
2025-09-15,2025-09-16,C,6630.0,0.00821917808219178,30.7914045681283,0.3871462318393094,22.315143392185746,0.41717792193382003,6615.28,6606.76,0.005479452054794521,13.947218440135755,14.009911940070197,2.2484858952707323,2.504355894875949,1.0024060312951828,<1.0%,1.00-1.02,2025-09-15→2025-09-16
2025-09-15,2025-09-16,P,6630.0,0.00821917808219178,46.707975274525694,-0.6128537681606022,38.22884202232308,-0.5826416323964356,6615.28,6606.76,0.005479452054794521,33.48630549169741,38.044709999599945,-2.7215141047280413,-2.464106708017356,1.0024060312951828,<1.0%,1.00-1.02,2025-09-15→2025-09-16
2025-09-15,2025-09-16,C,6635.0,0.00821917808219178,28.568494840584123,0.37887188497774354,20.014154309603782,0.3899354831392426,6615.28,6606.76,0.005479452054794521,11.83311588424651,12.136824665621589,2.3279884600101974,2.422250316346164,1.0031619936113934,<1.0%,1.00-1.02,2025-09-15→2025-09-16
2025-09-15,2025-09-16,P,6635.0,0.00821917808219178,49.4859679381628,-0.6211281150221748,40.87784573079307,-0.6100824766414704,6615.28,6606.76,0.005479452054794521,36.369411900402234,41.133841045020745,-2.5420115399886427,-2.447902700985047,1.0031619936113934,<1.0%,1.00-1.02,2025-09-15→2025-09-16
2025-09-15,2025-09-16,C,6640.0,0.00821917808219178,26.20449717031191,0.3519530180211518,17.813156837088627,0.36246220975680593,6615.28,6606.76,0.005479452054794521,9.98245763117388,10.399054189965454,2.2986397135400476,2.388178027127816,1.003917955927604,<1.0%,1.00-1.02,2025-09-15→2025-09-16
2025-09-15,2025-09-16,P,6640.0,0.00821917808219178,52.12287265907289,-0.648046981978765,43.726855467224595,-0.6373573445734503,6615.28,6606.76,0.005479452054794521,39.51596261192414,44.43385224949543,-2.6213602864587724,-2.5302845757654966,1.003917955927604,<1.0%,1.00-1.02,2025-09-15→2025-09-16
2025-09-15,2025-09-16,C,6645.0,0.00821917808219178,23.930324893170358,0.3245072849865126,15.812173262336728,0.3353708945519016,6615.28,6606.76,0.005479452054794521,8.209192934171979,8.867379597400259,2.1648020680849323,2.2573600215820417,1.0046739182438145,<1.0%,1.00-1.02,2025-09-15→2025-09-16
2025-09-15,2025-09-16,P,6645.0,0.00821917808219178,54.84960277311333,-0.6754927150134276,46.72587189247406,-0.6644486597783489,6615.28,6606.76,0.005479452054794521,42.739906879516624,47.90217765693069,-2.5551979319140807,-2.4611025813112155,1.0046739182438145,<1.0%,1.00-1.02,2025-09-15→2025-09-16
2025-09-15,2025-09-16,C,6650.0,0.00821917808219178,22.068660538813287,0.30891284906987027,14.01121590421485,0.3089981675244293,6615.28,6606.76,0.005479452054794521,6.561303048106757,7.5339776742621325,2.1819374740751494,2.1826643873079923,1.005429880560025,<1.0%,1.00-1.02,2025-09-15→2025-09-16
2025-09-15,2025-09-16,P,6650.0,0.00821917808219178,57.98884080993702,-0.6910871509300968,50.17497922016719,-0.6890474770546896,6615.28,6606.76,0.005479452054794521,46.08922595804329,51.742984953091764,-2.8380625259241006,-2.820684504505633,1.005429880560025,<1.0%,1.00-1.02,2025-09-15→2025-09-16
2025-09-15,2025-09-16,C,6655.0,0.00821917808219178,20.009784543274545,0.2918297107489901,12.410297359455171,0.28369889677662313,6615.28,6606.76,0.005479452054794521,5.279237096194066,6.389715565596589,2.0863891355812574,2.0171146005366944,1.0061858428762356,<1.0%,1.00-1.02,2025-09-15→2025-09-16
2025-09-15,2025-09-16,P,6655.0,0.00821917808219178,60.930867205578416,-0.708170289250965,53.02390506477241,-0.718624200872017,6615.28,6606.76,0.005479452054794521,49.804368970725065,55.22305078268619,-2.4336108644178784,-2.522678191429236,1.0061858428762356,<1.0%,1.00-1.02,2025-09-15→2025-09-16
2025-09-15,2025-09-16,C,6660.0,0.00821917808219178,17.95748801441905,0.26487420442409776,10.859380592961543,0.25844072700288606,6615.28,6606.76,0.005479452054794521,4.104283248144565,5.326936463415905,2.0067282216931877,1.9519149940644671,1.0069418051924461,<1.0%,1.00-1.02,2025-09-15→2025-09-16
2025-09-15,2025-09-16,P,6660.0,0.00821917808219178,63.87947306790452,-0.7351257955758126,56.4729755780445,-0.7442381012361057,6615.28,6606.76,0.005479452054794521,53.62662408727007,59.16786556431816,-2.513271778305576,-2.590908622531268,1.0069418051924461,<1.0%,1.00-1.02,2025-09-15→2025-09-16
2025-09-15,2025-09-16,C,6665.0,0.00821917808219178,16.301360099380965,0.2424696465657623,9.508517975431687,0.23468422797523678,6615.28,6606.76,0.005479452054794521,3.0690684514287705,4.439081499793019,1.865841388740181,1.799509622348907,1.0076977675086567,<1.0%,1.00-1.02,2025-09-15→2025-09-16
2025-09-15,2025-09-16,P,6665.0,0.00821917808219178,67.22424754404778,-0.7575303534341825,60.62229249705251,-0.7630456525951376,6615.28,6606.76,0.005479452054794521,57.588618255149434,63.59875566248775,-3.1541586112588726,-3.201148960110207,1.0076977675086567,<1.0%,1.00-1.02,2025-09-15→2025-09-16
2025-09-15,2025-09-16,C,6670.0,0.00821917808219178,14.819052599885666,0.23707496299630693,8.307703774271204,0.2122548527513643,6615.28,6606.76,0.005479452054794521,2.2403532362504963,3.684287651802947,1.8698786847284223,1.658411345441523,1.0084537298248673,<1.0%,1.00-1.02,2025-09-15→2025-09-16
2025-09-15,2025-09-16,P,6670.0,0.00821917808219178,70.74284243573263,-0.7629250370036452,64.37146555691561,-0.7858255443888061,6615.28,6606.76,0.005479452054794521,61.75711200456293,67.80881549081732,-3.0001213152706967,-3.1952336381922564,1.0084537298248673,<1.0%,1.00-1.02,2025-09-15→2025-09-16
2025-09-15,2025-09-16,C,6675.0,0.00821917808219178,13.055211056593713,0.2110031598293503,7.206923935065106,0.19076610573919417,6615.28,6606.76,0.005479452054794521,1.6126216075516921,3.025198446942568,1.6977469217459642,1.5253272208978437,1.0092096921410778,<1.0%,1.00-1.02,2025-09-15→2025-09-16
2025-09-15,2025-09-16,P,6675.0,0.00821917808219178,73.97990328362368,-0.788996840170598,68.2706919126449,-0.8071403457271242,6615.28,6606.76,0.005479452054794521,66.12658934045828,72.14568980152126,-3.2722530782531187,-3.4268357455947136,1.0092096921410778,<1.0%,1.00-1.02,2025-09-15→2025-09-16
2025-09-15,2025-09-16,C,6680.0,0.00821917808219178,11.423105104688162,0.18541440502245404,6.2061814365602,0.17031587455388703,6615.28,6606.76,0.005479452054794521,1.09744076790087,2.4565098374996523,1.5797307307912216,1.4510912511990377,1.0099656544572884,<1.0%,1.00-1.02,2025-09-15→2025-09-16
2025-09-15,2025-09-16,P,6680.0,0.00821917808219178,77.3486997228977,-0.8145855949774438,72.26995573900331,-0.8274107912456674,6615.28,6606.76,0.005479452054794521,70.608617465402,76.57282116290662,-3.3902692692074385,-3.4995399414126975,1.0099656544572884,<1.0%,1.00-1.02,2025-09-15→2025-09-16
2025-09-15,2025-09-16,C,6580.0,0.010958904109589041,66.19186450129676,0.6095112069872719,57.9974313100638,0.6760366642037683,6615.28,6606.76,0.00821917808219178,47.46886185060981,47.38225787380634,2.9930354835312727,3.5598323790157904,0.9940669895274963,1.0-2.0%,0.98-1.00,2025-09-15→2025-09-16
2025-09-15,2025-09-16,C,6580.0,0.010958904109589041,66.19186450129676,0.6095112069872719,57.9974313100638,0.6760366642037683,6615.28,6606.76,0.00821917808219178,47.46886185060981,47.38225787380634,0.29303548353126985,0.8598323790157876,0.9940669895274963,1.0-2.0%,0.98-1.00,2025-09-15→2025-09-16
2025-09-15,2025-09-16,P,6580.0,0.010958904109589041,26.94333898275586,-0.39048879301258116,21.426195375777297,-0.33710311090422895,6615.28,6606.76,0.00821917808219178,17.625718482190113,20.020908528037126,-1.776964516467006,-1.3221185049038704,0.9940669895274963,1.0-2.0%,0.98-1.00,2025-09-15→2025-09-16
2025-09-15,2025-09-16,P,6580.0,0.010958904109589041,26.94333898275586,-0.39048879301258116,21.426195375777297,-0.33710311090422895,6615.28,6606.76,0.00821917808219178,17.625718482190113,20.020908528037126,-4.376964516467007,-3.922118504903872,0.9940669895274963,1.0-2.0%,0.98-1.00,2025-09-15→2025-09-16
2025-09-15,2025-09-16,C,6585.0,0.010958904109589041,63.04809801068547,0.6003228455938933,54.29891700852386,0.6569206781304495,6615.28,6606.76,0.00821917808219178,44.13921759378024,43.839180064485845,3.1147506444596864,3.5969641776711194,0.9948223595803287,1.0-2.0%,0.98-1.00,2025-09-15→2025-09-16
2025-09-15,2025-09-16,C,6585.0,0.010958904109589041,63.04809801068547,0.6003228455938933,54.29891700852386,0.6569206781304495,6615.28,6606.76,0.00821917808219178,44.13921759378024,43.839180064485845,0.31475064445968925,0.7969641776711223,0.9948223595803287,1.0-2.0%,0.98-1.00,2025-09-15→2025-09-16
2025-09-15,2025-09-16,P,6585.0,0.010958904109589041,28.79655689525073,-0.39967715440583845,22.777591715753715,-0.35506903236212806,6615.28,6606.76,0.00821917808219178,19.29373141125018,21.52263196412332,-1.755249355537556,-1.3751881557251644,0.9948223595803287,1.0-2.0%,0.98-1.00,2025-09-15→2025-09-16
2025-09-15,2025-09-16,P,6585.0,0.010958904109589041,28.79655689525073,-0.39967715440583845,22.777591715753715,-0.35506903236212806,6615.28,6606.76,0.00821917808219178,19.29373141125018,21.52263196412332,-4.4052493555375545,-4.0251881557251625,0.9948223595803287,1.0-2.0%,0.98-1.00,2025-09-15→2025-09-16
2025-09-15,2025-09-16,C,6590.0,0.010958904109589041,59.829023285168404,0.5763401110225165,50.750490667518534,0.6366793975786592,6615.28,6606.76,0.00821917808219178,40.81091371149499,40.46112396866283,3.0604177459115736,3.5745084673698813,0.9955777296331612,1.0-2.0%,0.98-1.00,2025-09-15→2025-09-16
2025-09-15,2025-09-16,C,6590.0,0.010958904109589041,59.829023285168404,0.5763401110225165,50.750490667518534,0.6366793975786592,6615.28,6606.76,0.00821917808219178,40.81091371149499,40.46112396866283,0.31041774591157356,0.8245084673698813,0.9955777296331612,1.0-2.0%,0.98-1.00,2025-09-15→2025-09-16
2025-09-15,2025-09-16,P,6590.0,0.010958904109589041,30.57446657283278,-0.4236598889772806,24.229050301833013,-0.3738341592104965,6615.28,6606.76,0.00821917808219178,20.96308471485587,23.142460052756178,-1.859582254086234,-1.435067036473257,0.9955777296331612,1.0-2.0%,0.98-1.00,2025-09-15→2025-09-16
2025-09-15,2025-09-16,P,6590.0,0.010958904109589041,30.57446657283278,-0.4236598889772806,24.229050301833013,-0.3738341592104965,6615.28,6606.76,0.00821917808219178,20.96308471485587,23.142460052756178,-4.55958225408623,-4.135067036473252,0.9955777296331612,1.0-2.0%,0.98-1.00,2025-09-15→2025-09-16
2025-09-15,2025-09-16,C,6595.0,0.010958904109589041,56.760397109777735,0.5519624903662742,47.35214076053762,0.6154435180973197,6615.28,6606.76,0.00821917808219178,37.53159747642438,37.2495043627755,2.9027204179203983,3.4435787741888753,0.9963330996859936,1.0-2.0%,0.98-1.00,2025-09-15→2025-09-16
2025-09-15,2025-09-16,C,6595.0,0.010958904109589041,56.760397109777735,0.5519624903662742,47.35214076053762,0.6154435180973197,6615.28,6606.76,0.00821917808219178,37.53159747642438,37.2495043627755,0.15272041792039825,0.6935787741888753,0.9963330996859936,1.0-2.0%,0.98-1.00,2025-09-15→2025-09-16
2025-09-15,2025-09-16,P,6595.0,0.010958904109589041,32.50282480054313,-0.4480375096335305,25.78056767486214,-0.3933577499464442,6615.28,6606.76,0.00821917808219178,22.681425665674492,24.881797330216614,-1.9172795820774695,-1.4514080295435199,0.9963330996859936,1.0-2.0%,0.98-1.00,2025-09-15→2025-09-16
2025-09-15,2025-09-16,P,6595.0,0.010958904109589041,32.50282480054313,-0.4480375096335305,25.78056767486214,-0.3933577499464442,6615.28,6606.76,0.00821917808219178,22.681425665674492,24.881797330216614,-4.617279582077469,-4.15140802954352,0.9963330996859936,1.0-2.0%,0.98-1.00,2025-09-15→2025-09-16
2025-09-15,2025-09-16,C,6600.0,0.010958904109589041,53.915174192574746,0.5424194018517722,44.003837372515136,0.5936150745742932,6615.28,6606.76,0.00821917808219178,34.39051556122518,34.117184310412995,2.9714133037768438,3.4076004353726983,0.997088469738826,1.0-2.0%,0.98-1.00,2025-09-15→2025-09-16
2025-09-15,2025-09-16,C,6600.0,0.010958904109589041,53.915174192574746,0.5424194018517722,44.003837372515136,0.5936150745742932,6615.28,6606.76,0.00821917808219178,34.39051556122518,34.117184310412995,0.1714133037768395,0.607600435372694,0.997088469738826,1.0-2.0%,0.98-1.00,2025-09-15→2025-09-16
2025-09-15,2025-09-16,P,6600.0,0.010958904109589041,34.65458628644307,-0.45758059814802515,27.432141040242186,-0.41360007780862124,6615.28,6606.76,0.00821917808219178,24.538000936366934,26.741899510395797,-1.898586696220958,-1.5238726629292572,0.997088469738826,1.0-2.0%,0.98-1.00,2025-09-15→2025-09-16
2025-09-15,2025-09-16,P,6600.0,0.010958904109589041,34.65458628644307,-0.45758059814802515,27.432141040242186,-0.41360007780862124,6615.28,6606.76,0.00821917808219178,24.538000936366934,26.741899510395797,-4.598586696220961,-4.22387266292926,0.997088469738826,1.0-2.0%,0.98-1.00,2025-09-15→2025-09-16
2025-09-15,2025-09-16,C,6605.0,0.010958904109589041,50.93491733533276,0.5199936422184693,40.80560019130917,0.5709358272891051,6615.28,6606.76,0.00821917808219178,31.46242583084708,31.15352428137612,2.880345831701108,3.3143732485029007,0.9978438397916585,1.0-2.0%,0.98-1.00,2025-09-15→2025-09-16
2025-09-15,2025-09-16,C,6605.0,0.010958904109589041,50.93491733533276,0.5199936422184693,40.80560019130917,0.5709358272891051,6615.28,6606.76,0.00821917808219178,31.46242583084708,31.15352428137612,0.1803458317011124,0.614373248502905,0.9978438397916585,1.0-2.0%,0.98-1.00,2025-09-15→2025-09-16
2025-09-15,2025-09-16,P,6605.0,0.010958904109589041,36.671313832300946,-0.48000635778133816,29.23377391310305,-0.4346072591180377,6615.28,6606.76,0.00821917808219178,26.607568391877876,28.767617525298647,-2.039654168296777,-1.6528538476854786,0.9978438397916585,1.0-2.0%,0.98-1.00,2025-09-15→2025-09-16
2025-09-15,2025-09-16,P,6605.0,0.010958904109589041,36.671313832300946,-0.48000635778133816,29.23377391310305,-0.4346072591180377,6615.28,6606.76,0.00821917808219178,26.607568391877876,28.767617525298647,-4.689654168296776,-4.302853847685477,0.9978438397916585,1.0-2.0%,0.98-1.00,2025-09-15→2025-09-16
2025-09-15,2025-09-16,C,6610.0,0.010958904109589041,47.99656922833601,0.494848024569457,37.65740837082694,0.547672265266913,6615.28,6606.76,0.00821917808219178,28.51376708957837,28.271719751534874,2.816105169331534,3.2661677000738347,0.9985992098444909,1.0-2.0%,0.98-1.00,2025-09-15→2025-09-16
2025-09-15,2025-09-16,C,6610.0,0.010958904109589041,47.99656922833601,0.494848024569457,37.65740837082694,0.547672265266913,6615.28,6606.76,0.00821917808219178,28.51376708957837,28.271719751534874,0.06610516933153399,0.5161677000738347,0.9985992098444909,1.0-2.0%,0.98-1.00,2025-09-15→2025-09-16
2025-09-15,2025-09-16,P,6610.0,0.010958904109589041,38.72995012840518,-0.5051519754303515,31.085447984353323,-0.45614473679120265,6615.28,6606.76,0.00821917808219178,28.656566836499564,30.8721987937447,-2.0538948306663594,-1.6363531574608343,0.9985992098444909,1.0-2.0%,0.98-1.00,2025-09-15→2025-09-16
2025-09-15,2025-09-16,P,6610.0,0.010958904109589041,38.72995012840518,-0.5051519754303515,31.085447984353323,-0.45614473679120265,6615.28,6606.76,0.00821917808219178,28.656566836499564,30.8721987937447,-4.753894830666359,-4.336353157460834,0.9985992098444909,1.0-2.0%,0.98-1.00,2025-09-15→2025-09-16
2025-09-15,2025-09-16,C,6615.0,0.010958904109589041,45.385534227306096,0.47744859629228853,34.60927026653144,0.5237201843609346,6615.28,6606.76,0.00821917808219178,25.630173362613725,25.516799499575427,2.8178620404100725,3.2120959707549153,0.9993545798973233,1.0-2.0%,0.98-1.00,2025-09-15→2025-09-16
2025-09-15,2025-09-16,C,6615.0,0.010958904109589041,45.385534227306096,0.47744859629228853,34.60927026653144,0.5237201843609346,6615.28,6606.76,0.00821917808219178,25.630173362613725,25.516799499575427,0.017862040410068225,0.412095970754911,0.9993545798973233,1.0-2.0%,0.98-1.00,2025-09-15→2025-09-16
2025-09-15,2025-09-16,P,6615.0,0.010958904109589041,41.11589953047985,-0.5225514037075174,33.08717136569976,-0.4783148654496873,6615.28,6606.76,0.00821917808219178,30.770630295425672,33.14361120933381,-2.052137959587795,-1.6752426536311038,0.9993545798973233,1.0-2.0%,0.98-1.00,2025-09-15→2025-09-16
2025-09-15,2025-09-16,P,6615.0,0.010958904109589041,41.11589953047985,-0.5225514037075174,33.08717136569976,-0.4783148654496873,6615.28,6606.76,0.00821917808219178,30.770630295425672,33.14361120933381,-4.752137959587798,-4.375242653631107,0.9993545798973233,1.0-2.0%,0.98-1.00,2025-09-15→2025-09-16
2025-09-15,2025-09-16,C,6620.0,0.010958904109589041,42.66043431907294,0.4636885141858521,31.56118526245882,0.49908397003192184,6615.28,6606.76,0.00821917808219178,23.06805998214927,22.804046323264174,3.0506261408632387,3.352195424671736,1.0001099499501558,1.0-2.0%,1.00-1.02,2025-09-15→2025-09-16
2025-09-15,2025-09-16,C,6620.0,0.010958904109589041,42.66043431907294,0.4636885141858521,31.56118526245882,0.49908397003192184,6615.28,6606.76,0.00821917808219178,23.06805998214927,22.804046323264174,0.10062614086324295,0.4021954246717403,1.0001099499501558,1.0-2.0%,1.00-1.02,2025-09-15→2025-09-16
2025-09-15,2025-09-16,P,6620.0,0.010958904109589041,43.38778402534608,-0.5363114858139769,35.23893397840948,-0.5009894278190723,6615.28,6606.76,0.00821917808219178,33.20617410085079,35.58151007112065,-1.9693738591348353,-1.6684299250182644,1.0001099499501558,1.0-2.0%,1.00-1.02,2025-09-15→2025-09-16
2025-09-15,2025-09-16,P,6620.0,0.010958904109589041,43.38778402534608,-0.5363114858139769,35.23893397840948,-0.5009894278190723,6615.28,6606.76,0.00821917808219178,33.20617410085079,35.58151007112065,-4.669373859134838,-4.368429925018267,1.0001099499501558,1.0-2.0%,1.00-1.02,2025-09-15→2025-09-16
2025-09-15,2025-09-16,C,6625.0,0.010958904109589041,39.865504061289656,0.4376246384886931,29.013132631077042,0.47403431315962696,6615.28,6606.76,0.00821917808219178,20.490140859753698,20.560367707732894,2.878561919923457,3.1887723481197963,1.0008653200029882,1.0-2.0%,1.00-1.02,2025-09-15→2025-09-16
2025-09-15,2025-09-16,C,6625.0,0.010958904109589041,39.865504061289656,0.4376246384886931,29.013132631077042,0.47403431315962696,6615.28,6606.76,0.00821917808219178,20.490140859753698,20.560367707732894,0.07856191992345618,0.38877234811979555,1.0008653200029882,1.0-2.0%,1.00-1.02,2025-09-15→2025-09-16
2025-09-15,2025-09-16,P,6625.0,0.010958904109589041,45.589838170663384,-0.5623753615111327,37.49072874882495,-0.524077161585985,6615.28,6606.76,0.00821917808219178,35.625912164346126,38.14259903460197,-2.0414380800745846,-1.715137416712345,1.0008653200029882,1.0-2.0%,1.00-1.02,2025-09-15→2025-09-16
2025-09-15,2025-09-16,P,6625.0,0.010958904109589041,45.589838170663384,-0.5623753615111327,37.49072874882495,-0.524077161585985,6615.28,6606.76,0.00821917808219178,35.625912164346126,38.14259903460197,-4.641438080074579,-4.315137416712339,1.0008653200029882,1.0-2.0%,1.00-1.02,2025-09-15→2025-09-16
2025-09-15,2025-09-16,C,6630.0,0.010958904109589041,37.24077507429493,0.41111973846405214,26.465104797758613,0.44866075560533153,6615.28,6606.76,0.00821917808219178,17.99512391873912,18.35596883722792,2.702740171713529,3.022589637757212,1.0016206900558207,1.0-2.0%,1.00-1.02,2025-09-15→2025-09-16
2025-09-15,2025-09-16,C,6630.0,0.010958904109589041,37.24077507429493,0.41111973846405214,26.465104797758613,0.44866075560533153,6615.28,6606.76,0.00821917808219178,17.99512391873912,18.35596883722792,0.052740171713530515,0.3725896377572133,1.0016206900558207,1.0-2.0%,1.00-1.02,2025-09-15→2025-09-16
2025-09-15,2025-09-16,P,6630.0,0.010958904109589041,47.96209358676784,-0.5888802615357736,39.99253506286914,-0.5473144155698719,6615.28,6606.76,0.00821917808219178,38.1285524092204,40.95300102543979,-2.167259828284518,-1.8131188206550553,1.0016206900558207,1.0-2.0%,1.00-1.02,2025-09-15→2025-09-16
2025-09-15,2025-09-16,P,6630.0,0.010958904109589041,47.96209358676784,-0.5888802615357736,39.99253506286914,-0.5473144155698719,6615.28,6606.76,0.00821917808219178,38.1285524092204,40.95300102543979,-4.667259828284518,-4.313118820655055,1.0016206900558207,1.0-2.0%,1.00-1.02,2025-09-15→2025-09-16
2025-09-15,2025-09-16,C,6635.0,0.010958904109589041,35.07063185047226,0.4075894986285478,24.067089096602103,0.4231419736206126,6615.28,6606.76,0.00821917808219178,15.699035960974829,16.31737339221172,2.7226625283150345,2.8551696152474193,1.002376060108653,1.0-2.0%,1.00-1.02,2025-09-15→2025-09-16
2025-09-15,2025-09-16,C,6635.0,0.010958904109589041,35.07063185047226,0.4075894986285478,24.067089096602103,0.4231419736206126,6615.28,6606.76,0.00821917808219178,15.699035960974829,16.31737339221172,0.17266252831503737,0.30516961524742214,1.002376060108653,1.0-2.0%,1.00-1.02,2025-09-15→2025-09-16
2025-09-15,2025-09-16,P,6635.0,0.010958904109589041,50.788934766050005,-0.5924105013712253,42.594352123433964,-0.5706847098910466,6615.28,6606.76,0.00821917808219178,40.830121637347986,43.88350688052469,-2.0973374716825566,-1.9122337282714446,1.002376060108653,1.0-2.0%,1.00-1.02,2025-09-15→2025-09-16
2025-09-15,2025-09-16,P,6635.0,0.010958904109589041,50.788934766050005,-0.5924105013712253,42.594352123433964,-0.5706847098910466,6615.28,6606.76,0.00821917808219178,40.830121637347986,43.88350688052469,-4.497337471682562,-4.31223372827145,1.002376060108653,1.0-2.0%,1.00-1.02,2025-09-15→2025-09-16
2025-09-15,2025-09-16,C,6640.0,0.010958904109589041,32.49751925231242,0.38155217066489294,21.76908588692504,0.39745826588238325,6615.28,6606.76,0.00821917808219178,13.601823598268687,14.401648114901946,2.700824494064707,2.8363444253177166,1.0031314301614855,1.0-2.0%,1.00-1.02,2025-09-15→2025-09-16
2025-09-15,2025-09-16,C,6640.0,0.010958904109589041,32.49751925231242,0.38155217066489294,21.76908588692504,0.39745826588238325,6615.28,6606.76,0.00821917808219178,13.601823598268687,14.401648114901946,0.1508244940647061,0.28634442531771587,1.0031314301614855,1.0-2.0%,1.00-1.02,2025-09-15→2025-09-16
2025-09-15,2025-09-16,P,6640.0,0.010958904109589041,53.212806570990416,-0.6184478293349387,45.29617615454072,-0.5941464409095382,6615.28,6606.76,0.00821917808219178,43.73056646053277,46.933366899419525,-2.2691755059333856,-2.062127676548984,1.0031314301614855,1.0-2.0%,1.00-1.02,2025-09-15→2025-09-16
2025-09-15,2025-09-16,P,6640.0,0.010958904109589041,53.212806570990416,-0.6184478293349387,45.29617615454072,-0.5941464409095382,6615.28,6606.76,0.00821917808219178,43.73056646053277,46.933366899419525,-4.619175505933387,-4.412127676548986,1.0031314301614855,1.0-2.0%,1.00-1.02,2025-09-15→2025-09-16
2025-09-15,2025-09-16,C,6645.0,0.010958904109589041,29.99659338617694,0.3548186152265556,19.671059509342285,0.3720766699975769,6615.28,6606.76,0.005479452054794521,8.209192934171979,8.29758445420498,-1.4769453982699141,-1.3299067716208208,1.003886800214318,1.0-2.0%,1.00-1.02,2025-09-15→2025-09-16
2025-09-15,2025-09-16,C,6645.0,0.010958904109589041,29.99659338617694,0.3548186152265556,19.671059509342285,0.3720766699975769,6615.28,6606.76,0.005479452054794521,8.209192934171979,8.29758445420498,-3.8769453982699162,-3.729906771620823,1.003886800214318,1.0-2.0%,1.00-1.02,2025-09-15→2025-09-16
2025-09-15,2025-09-16,P,6645.0,0.010958904109589041,55.708865107956015,-0.6451813847732637,48.147989856071945,-0.6174739727795187,6615.28,6606.76,0.005479452054794521,42.739906879516624,46.215176070460984,-3.6469453982679,-3.4108782480812057,1.003886800214318,1.0-2.0%,1.00-1.02,2025-09-15→2025-09-16
2025-09-15,2025-09-16,P,6645.0,0.010958904109589041,55.708865107956015,-0.6451813847732637,48.147989856071945,-0.6174739727795187,6615.28,6606.76,0.005479452054794521,42.739906879516624,46.215176070460984,-5.8969453982679,-5.660878248081206,1.003886800214318,1.0-2.0%,1.00-1.02,2025-09-15→2025-09-16
2025-09-15,2025-09-16,C,6650.0,0.010958904109589041,28.20559119144223,0.3451450875289499,17.673027055783677,0.3467681566582393,6615.28,6606.76,0.005479452054794521,6.561303048106757,6.9811508357654475,-1.2093638542535086,-1.1955353052719637,1.0046421702671504,1.0-2.0%,1.00-1.02,2025-09-15→2025-09-16
2025-09-15,2025-09-16,C,6650.0,0.010958904109589041,28.20559119144223,0.3451450875289499,17.673027055783677,0.3467681566582393,6615.28,6606.76,0.005479452054794521,6.561303048106757,6.9811508357654475,-3.55936385425351,-3.545535305271965,1.0046421702671504,1.0-2.0%,1.00-1.02,2025-09-15→2025-09-16
2025-09-15,2025-09-16,P,6650.0,0.010958904109589041,58.91484731632354,-0.6548549124708484,51.1997638946159,-0.6402913213395058,6615.28,6606.76,0.005479452054794521,46.08922595804329,49.8627261112797,-3.479363854251324,-3.3552820578122926,1.0046421702671504,1.0-2.0%,1.00-1.02,2025-09-15→2025-09-16
2025-09-15,2025-09-16,P,6650.0,0.010958904109589041,58.91484731632354,-0.6548549124708484,51.1997638946159,-0.6402913213395058,6615.28,6606.76,0.005479452054794521,46.08922595804329,49.8627261112797,-5.579363854251318,-5.455282057812287,1.0046421702671504,1.0-2.0%,1.00-1.02,2025-09-15→2025-09-16
2025-09-15,2025-09-16,C,6545.0,0.019178082191780823,94.47617831023058,0.6967269225805993,91.65516925831616,0.7299588617243615,6615.28,6606.76,0.01643835616438356,85.2886700166074,82.37360018141044,3.886113380386365,4.169249501891204,0.9891627236490113,1.0-2.0%,0.98-1.00,2025-09-15→2025-09-16
2025-09-15,2025-09-16,P,6545.0,0.019178082191780823,22.784560811072716,-0.3032730774191585,19.998084305979773,-0.2705051234445328,6615.28,6606.76,0.01643835616438356,17.44223261230936,19.439077171022745,-0.9338866196110884,-0.6547036517472931,0.9891627236490113,1.0-2.0%,0.98-1.00,2025-09-15→2025-09-16
2025-09-15,2025-09-16,C,6550.0,0.019178082191780823,91.22376659001831,0.6911539763358674,87.65508272465013,0.7177401420529675,6615.28,6606.76,0.01643835616438356,81.5058381882708,78.4513826035436,3.888631878381263,4.115146010290944,0.9899183865394995,1.0-2.0%,0.98-1.00,2025-09-15→2025-09-16
2025-09-15,2025-09-16,P,6550.0,0.019178082191780823,24.531070697051618,-0.3088460236638855,20.997997862834154,-0.2827110860391578,6615.28,6606.76,0.01643835616438356,18.65475109917228,20.51690131430314,-0.9313681216161593,-0.7086984530534912,0.9899183865394995,1.0-2.0%,0.98-1.00,2025-09-15→2025-09-16
2025-09-15,2025-09-16,C,6555.0,0.019178082191780823,87.83885625706104,0.671421336086068,83.75499111023055,0.7048036185851454,6615.28,6606.76,0.01643835616438356,77.7847212463331,74.63449024288366,3.7205097834529823,4.004926830345106,0.9906740494299876,1.0-2.0%,0.98-1.00,2025-09-15→2025-09-16
2025-09-15,2025-09-16,P,6555.0,0.019178082191780823,26.145081970282302,-0.3285786639136524,21.99790948964096,-0.29518989991879163,6615.28,6606.76,0.01643835616438356,19.9289844724334,21.605702786379425,-0.9494902165441617,-0.6650179473079638,0.9906740494299876,1.0-2.0%,0.98-1.00,2025-09-15→2025-09-16
2025-09-15,2025-09-16,C,6560.0,0.019178082191780823,84.49389177081277,0.6511119327252888,79.85489708877049,0.6916043506048488,6615.28,6606.76,0.01643835616438356,74.06339085085187,70.82920781850862,3.5974736668191643,3.942469067152996,0.9914297123204758,1.0-2.0%,0.98-1.00,2025-09-15→2025-09-16
2025-09-15,2025-09-16,P,6560.0,0.019178082191780823,27.79903909022135,-0.34888806727447463,23.09781534902777,-0.30840301136501885,6615.28,6606.76,0.01643835616438356,21.2030043921515,22.800405026693625,-1.122526333178361,-0.7775936568298167,0.9914297123204758,1.0-2.0%,0.98-1.00,2025-09-15→2025-09-16
2025-09-15,2025-09-16,C,6565.0,0.019178082191780823,81.46289417863947,0.6411703921856524,76.00480055571734,0.6779017899663703,6615.28,6606.76,0.01643835616438356,70.37986903895114,67.08329165827399,3.512771741421452,3.8257232505131515,0.992185375210964,1.0-2.0%,0.98-1.00,2025-09-15→2025-09-16
2025-09-15,2025-09-16,P,6565.0,0.019178082191780823,29.766963104233408,-0.35882960781416895,24.247718733474358,-0.32211998129222597,6615.28,6606.76,0.01643835616438356,22.51483289545019,24.05448791563549,-1.0572282585765498,-0.7444622406096131,0.992185375210964,1.0-2.0%,0.98-1.00,2025-09-15→2025-09-16
2025-09-15,2025-09-16,C,6570.0,0.019178082191780823,78.3161843160477,0.6261066528693595,72.25469867556512,0.6635102578166471,6615.28,6606.76,0.01643835616438356,66.9043576761695,63.444540491524094,3.4844286824466524,3.8031073965975253,0.9929410381014521,1.0-2.0%,0.98-1.00,2025-09-15→2025-09-16
2025-09-15,2025-09-16,P,6570.0,0.019178082191780823,31.619174847836543,-0.37389334713038325,25.447618012535713,-0.33634800728002373,6615.28,6606.76,0.01643835616438356,24.034671847867152,25.368583632675836,-1.085571317550687,-0.7656850220256417,0.9929410381014521,1.0-2.0%,0.98-1.00,2025-09-15→2025-09-16
2025-09-15,2025-09-16,C,6575.0,0.019178082191780823,75.1082986581767,0.6047027840218602,68.50459445056367,0.6487927224923767,6615.28,6606.76,0.01643835616438356,63.373577676206246,59.819244698695,3.402067719865963,3.777713995634743,0.9936967009919403,1.0-2.0%,0.98-1.00,2025-09-15→2025-09-16
2025-09-15,2025-09-16,P,6575.0,0.019178082191780823,33.41021079615112,-0.3952972159779127,26.7475124100406,-0.3512600912666217,6615.28,6606.76,0.01643835616438356,25.49924216310334,26.790487737938747,-1.2179322801316306,-0.8427359775914525,0.9936967009919403,1.0-2.0%,0.98-1.00,2025-09-15→2025-09-16
2025-09-15,2025-09-16,C,6580.0,0.019178082191780823,72.10820575428417,0.5855428491907616,64.90448466145062,0.6332510765245518,6615.28,6606.76,0.01643835616438356,59.87608871175937,56.349441772850696,3.3388250751050066,3.7452991719888766,0.9944523638824284,1.0-2.0%,0.98-1.00,2025-09-15→2025-09-16
2025-09-15,2025-09-16,P,6580.0,0.019178082191780823,35.409039498445004,-0.4144571508090212,28.147402506854178,-0.36681874113109847,6615.28,6606.76,0.01643835616438356,26.9971035138557,28.32073638153952,-1.3311749248926614,-0.9252956744367826,0.9944523638824284,1.0-2.0%,0.98-1.00,2025-09-15→2025-09-16
2025-09-15,2025-09-16,C,6585.0,0.019178082191780823,69.36417184143113,0.5804019583509672,61.3543709540827,0.6172308929192208,6615.28,6606.76,0.01643835616438356,56.572013469414905,52.94140671585956,3.395024685149962,3.708807207671465,0.9952080267729166,1.0-2.0%,0.98-1.00,2025-09-15→2025-09-16
2025-09-15,2025-09-16,P,6585.0,0.019178082191780823,37.66392719178464,-0.4195980416487221,29.547289580261804,-0.38272788076852715,6615.28,6606.76,0.01643835616438356,28.68837858670969,29.865752832512044,-1.174975314846912,-0.860841544147668,0.9952080267729166,1.0-2.0%,0.98-1.00,2025-09-15→2025-09-16
2025-09-15,2025-09-16,C,6590.0,0.019178082191780823,66.3205185341507,0.558342415440479,57.9042532114272,0.6006072101415864,6615.28,6606.76,0.01643835616438356,53.251071066961124,49.64271463158593,3.3070773795526147,3.667173430406029,0.9959636896634048,1.0-2.0%,0.98-1.00,2025-09-15→2025-09-16
2025-09-15,2025-09-16,P,6590.0,0.019178082191780823,39.61919549069122,-0.4416575845592748,31.047172355354633,-0.399278325086077,6615.28,6606.76,0.01643835616438356,30.36278649945569,31.52031188925639,-1.2629226204448156,-0.9018513297331912,0.9959636896634048,1.0-2.0%,0.98-1.00,2025-09-15→2025-09-16
2025-09-15,2025-09-16,C,6595.0,0.019178082191780823,63.329176452783095,0.5351897100892267,54.504132125054184,0.5835090117052447,6615.28,6606.76,0.01643835616438356,49.95260780448173,46.40691384596357,3.2098163299599562,3.6214967797284077,0.996719352553893,1.0-2.0%,0.98-1.00,2025-09-15→2025-09-16
2025-09-15,2025-09-16,P,6595.0,0.019178082191780823,41.62677501550911,-0.4648102899105728,32.697050215456784,-0.41652529711370756,6615.28,6606.76,0.01643835616438356,32.05967355217562,33.33166069996878,-1.4101836700378634,-0.9987955314085943,0.996719352553893,1.0-2.0%,0.98-1.00,2025-09-15→2025-09-16
2025-09-15,2025-09-16,C,6600.0,0.019178082191780823,60.957229853562744,0.5324591720712741,51.15400753057793,0.565915332770806,6615.28,6606.76,0.01643835616438356,46.75527576634846,43.23468814991929,3.3865521460470056,3.6715986352070002,0.9974750154443811,1.0-2.0%,0.98-1.00,2025-09-15→2025-09-16
2025-09-15,2025-09-16,P,6600.0,0.019178082191780823,44.25375002247951,-0.46754082792848556,34.39692483643739,-0.4342297752703992,6615.28,6606.76,0.01643835616438356,33.857691829241254,35.20638393340869,-1.2834478539504799,-0.9996376853036,0.9974750154443811,1.0-2.0%,0.98-1.00,2025-09-15→2025-09-16
2025-09-15,2025-09-16,C,6605.0,0.019178082191780823,58.163388502960395,0.5129024481467265,47.953878477796934,0.5477013750654026,6615.28,6606.76,0.01643835616438356,43.712270660297484,40.21983961657588,3.3699288582098674,3.6664157155569717,0.9982306783348693,1.0-2.0%,0.98-1.00,2025-09-15→2025-09-16
2025-09-15,2025-09-16,P,6605.0,0.019178082191780823,46.45883027806915,-0.48709755185296977,36.196795633144575,-0.4524648846167727,6615.28,6606.76,0.01643835616438356,35.81003703838933,37.191691867024474,-1.3500711417870752,-1.055000816934692,0.9982306783348693,1.0-2.0%,0.98-1.00,2025-09-15→2025-09-16
2025-09-15,2025-09-16,C,6610.0,0.019178082191780823,55.23902405664059,0.4889268905828918,44.853746071616115,0.5289952614790667,6615.28,6606.76,0.01643835616438356,40.605661111429484,37.315759950026404,3.2656571077660086,3.6070396278013996,0.9989863412253575,1.0-2.0%,0.98-1.00,2025-09-15→2025-09-16
2025-09-15,2025-09-16,P,6610.0,0.019178082191780823,48.53338743793364,-0.5110731094168969,38.096663071191415,-0.47119309548231997,6615.28,6606.76,0.01643835616438356,37.69877780472121,39.28779299589269,-1.454342892231721,-1.1145651735091446,0.9989863412253575,1.0-2.0%,0.98-1.00,2025-09-15→2025-09-16
2025-09-15,2025-09-16,C,6615.0,0.019178082191780823,52.95267615276451,0.4784655606101454,41.8536103816582,0.5098346634398528,6615.28,6606.76,0.01643835616438356,37.55350704138744,34.52258412540414,3.276526576398208,3.5437913325073005,0.9997420041158457,1.0-2.0%,0.98-1.00,2025-09-15→2025-09-16
2025-09-15,2025-09-16,P,6615.0,0.019178082191780823,51.24596114024627,-0.5215344393896476,40.146527187539505,-0.49038106184979774,6615.28,6606.76,0.01643835616438356,39.64197404987831,41.54096419261032,-1.443473423599551,-1.1780466469600448,0.9997420041158457,1.0-2.0%,0.98-1.00,2025-09-15→2025-09-16
2025-09-15,2025-09-16,C,6620.0,0.019178082191780823,50.53022984666308,0.4689661363572807,39.05347171707626,0.4902965755990198,6615.28,6606.76,0.01643835616438356,34.72057194322743,31.932195382748887,3.2455914817638094,3.4273268241034165,1.0004976670063337,1.0-2.0%,1.00-1.02,2025-09-15→2025-09-16
2025-09-15,2025-09-16,P,6620.0,0.019178082191780823,53.82243644033457,-0.5310338636425107,42.24638823941268,-0.5099584716076858,6615.28,6606.76,0.01643835616438356,41.80438926691723,43.85875542545682,-1.3744085182339347,-1.1948461780972366,1.0004976670063337,1.0-2.0%,1.00-1.02,2025-09-15→2025-09-16
2025-09-15,2025-09-16,C,6625.0,0.019178082191780823,47.70409612258851,0.44441724808582644,36.253331042018544,0.4703898477264104,6615.28,6606.76,0.01643835616438356,31.855214087965262,29.360429443540397,3.18643495369103,3.4077215026287924,1.001253329896822,1.0-2.0%,1.00-1.02,2025-09-15→2025-09-16
2025-09-15,2025-09-16,P,6625.0,0.019178082191780823,55.99522432244876,-0.5555827519139113,44.446247215596486,-0.5299151201505289,6615.28,6606.76,0.01643835616438356,43.93438172685446,46.28750678632014,-1.4335650463062644,-1.2148768236822587,1.001253329896822,1.0-2.0%,1.00-1.02,2025-09-15→2025-09-16
2025-09-15,2025-09-16,C,6630.0,0.019178082191780823,44.92967333732312,0.41872270076860485,33.55318730219324,0.4501434214397123,6615.28,6606.76,0.01643835616438356,29.028465571510385,26.89948692500593,3.1175174105483126,3.385221950666133,1.0020089927873101,1.0-2.0%,1.00-1.02,2025-09-15→2025-09-16
2025-09-15,2025-09-16,P,6630.0,0.019178082191780823,58.21972314336875,-0.5812772992311817,46.84610410807409,-0.5500723038499377,6615.28,6606.76,0.01643835616438356,46.10298352559752,48.917866992212566,-1.6024825894493917,-1.336616028801207,1.0020089927873101,1.0-2.0%,1.00-1.02,2025-09-15→2025-09-16
2025-09-15,2025-09-16,C,6635.0,0.019178082191780823,43.33137953345287,0.4249247296416157,31.05304352496114,0.42978931028676265,6615.28,6606.76,0.01643835616438356,26.341797080689076,24.639323793429867,3.2703586965463636,3.311804923643013,1.0027646556777983,1.0-2.0%,1.00-1.02,2025-09-15→2025-09-16
2025-09-15,2025-09-16,P,6635.0,0.019178082191780823,61.6203509456908,-0.575075270358123,49.245958951979446,-0.5706210888410923,6615.28,6606.76,0.01643835616438356,48.41166534997637,51.56759711718223,-1.3496413034509391,-1.3116916769258395,1.0027646556777983,1.0-2.0%,1.00-1.02,2025-09-15→2025-09-16
2025-09-15,2025-09-16,C,6640.0,0.019178082191780823,40.84944870532247,0.40260038041446417,28.65289829731364,0.40928168542268406,6615.28,6606.76,0.01643835616438356,23.780648619145936,22.48823867208921,3.130155241131047,3.1870799598010775,1.0035203185682864,1.0-2.0%,1.00-1.02,2025-09-15→2025-09-16
2025-09-15,2025-09-16,P,6640.0,0.019178082191780823,64.13734172374785,-0.5973996195853197,51.895814219407384,-0.5910588227913177,6615.28,6606.76,0.01643835616438356,50.84586720363238,54.46190200727324,-1.4898447588666475,-1.435821170181753,1.0035203185682864,1.0-2.0%,1.00-1.02,2025-09-15→2025-09-16
2025-09-15,2025-09-16,C,6645.0,0.019178082191780823,38.11719503689606,0.376168621987988,26.352752310673168,0.3886644630904629,6615.28,6606.76,0.01643835616438356,21.23447753761536,20.445751349111106,3.0549566593374777,3.1614212255305576,1.0042759814587747,1.0-2.0%,1.00-1.02,2025-09-15→2025-09-16
2025-09-15,2025-09-16,P,6645.0,0.019178082191780823,66.40400966150864,-0.6238313780117937,54.59566803102325,-0.6117045967214297,6615.28,6606.76,0.01643835616438356,53.29504643730068,57.419781705759306,-1.6150433406601916,-1.5117231640662965,1.0042759814587747,1.0-2.0%,1.00-1.02,2025-09-15→2025-09-16
2025-09-15,2025-09-16,C,6650.0,0.019178082191780823,36.59771992470165,0.374466881146881,24.15260635970435,0.3679822675913565,6615.28,6606.76,0.01643835616438356,18.77330335121874,18.511296023322302,3.1904578273712487,3.1352089198781834,1.0050316443492628,1.0-2.0%,1.00-1.02,2025-09-15→2025-09-16
2025-09-15,2025-09-16,P,6650.0,0.019178082191780823,69.88345615550129,-0.6255331188529082,57.34552059922771,-0.6325998608177229,6615.28,6606.76,0.01643835616438356,55.82922256610293,60.441777183008526,-1.4795421726264806,-1.5397508141666982,1.0050316443492628,1.0-2.0%,1.00-1.02,2025-09-15→2025-09-16
2025-09-15,2025-09-16,C,6655.0,0.019178082191780823,34.715342447209544,0.36463183452737224,22.152462243059745,0.34770636603278576,6615.28,6606.76,0.01643835616438356,16.541018485272865,16.77128622659461,3.106663230173039,2.9624582385991705,1.005787307239751,1.0-2.0%,1.00-1.02,2025-09-15→2025-09-16
2025-09-15,2025-09-16,P,6655.0,0.019178082191780823,73.00000028420327,-0.6353681654723488,60.34537603400531,-0.6529350568140185,6615.28,6606.76,0.01643835616438356,58.5922880153569,63.7025959929033,-1.4633367698241155,-1.6130066840551338,1.005787307239751,1.0-2.0%,1.00-1.02,2025-09-15→2025-09-16
2025-09-15,2025-09-16,C,6660.0,0.019178082191780823,32.07946401705216,0.33782831557326365,20.202317974359175,0.3273396655905917,6615.28,6606.76,0.01643835616438356,14.348506649410593,15.09300357870552,3.0282972486840487,2.9389339508316885,1.006542970130239,1.0-2.0%,1.00-1.02,2025-09-15→2025-09-16
2025-09-15,2025-09-16,P,6660.0,0.019178082191780823,75.36304346023284,-0.6621716844264713,63.69524164103041,-0.6719082671951034,6615.28,6606.76,0.01643835616438356,61.39512649469259,67.2838286176393,-1.94170275131322,-2.0246584365019604,1.006542970130239,1.0-2.0%,1.00-1.02,2025-09-15→2025-09-16
2025-09-15,2025-09-16,C,6665.0,0.019178082191780823,30.110008556505953,0.3209280780065663,18.402176762095905,0.3073920673957337,6615.28,6606.76,0.01643835616438356,12.25950549089134,13.562076824415726,2.8843072246157955,2.768980414211508,1.0072986330207272,1.0-2.0%,1.00-1.02,2025-09-15→2025-09-16
2025-09-15,2025-09-16,P,6665.0,0.019178082191780823,78.39250960587238,-0.6790719219932427,66.89510157549921,-0.6917312595228188,6615.28,6606.76,0.01643835616438356,64.30147565137399,70.75103649928315,-2.0856927753821184,-2.1935503311341,1.0072986330207272,1.0-2.0%,1.00-1.02,2025-09-15→2025-09-16
2025-09-15,2025-09-16,C,6670.0,0.019178082191780823,29.200620100113,0.3289804924231352,16.702037367786943,0.2877089985497337,6615.28,6606.76,0.01643835616438356,10.343586351334952,12.133816400611067,3.0029137954449556,2.6512806676435945,1.0080542959112155,1.0-2.0%,1.00-1.02,2025-09-15→2025-09-16
2025-09-15,2025-09-16,P,6670.0,0.019178082191780823,82.48204275567034,-0.6710195075766047,70.194962818553,-0.711286037016772,6615.28,6606.76,0.01643835616438356,67.38090682701592,74.32079793310822,-2.0170862045523377,-2.360157035382543,1.0080542959112155,1.0-2.0%,1.00-1.02,2025-09-15→2025-09-16
2025-09-15,2025-09-16,C,6675.0,0.019178082191780823,27.063243123394876,0.3054981721033221,15.15190271135225,0.2686916255394808,6615.28,6606.76,0.01643835616438356,8.590362106071364,10.848553895423038,2.8528444263201598,2.539252649596249,1.0088099588017037,1.0-2.0%,1.00-1.02,2025-09-15→2025-09-16
2025-09-15,2025-09-16,P,6675.0,0.019178082191780823,85.34358738514086,-0.6945018278964674,73.64482906239391,-0.7301756001000178,6615.28,6606.76,0.01643835616438356,70.62303289695119,78.03350079742631,-2.167155573677574,-2.4710961128518063,1.0088099588017037,1.0-2.0%,1.00-1.02,2025-09-15→2025-09-16
2025-09-15,2025-09-16,C,6680.0,0.019178082191780823,24.544727836097618,0.277067506560073,13.751773901745537,0.25050431121176997,6615.28,6606.76,0.01643835616438356,6.954753190254092,9.703266482510571,2.510615155891691,2.284296731524162,1.0095656216921918,1.0-2.0%,1.00-1.02,2025-09-15→2025-09-16
2025-09-15,2025-09-16,P,6680.0,0.019178082191780823,87.82399370403192,-0.7229324934396518,77.14469587940403,-0.7489719248443675,6615.28,6606.76,0.01643835616438356,73.98277429633379,81.80386466469281,-2.309384844105497,-2.531240799673663,1.0095656216921918,1.0-2.0%,1.00-1.02,2025-09-15→2025-09-16
2025-09-15,2025-09-16,C,6545.0,0.021917808219178082,97.57760486648917,0.6901089239123623,96.00363377633857,0.7144128331690703,6615.28,6606.76,0.019178082191780823,88.80752574495689,86.87622253407972,2.779728031733007,2.986797338600147,0.9890583866184592,2.0-3.0%,0.98-1.00,2025-09-15→2025-09-16
2025-09-15,2025-09-16,P,6545.0,0.021917808219178082,25.195768695845832,-0.3098910760875824,22.398571872767207,-0.2807653858774888,6615.28,6606.76,0.019178082191780823,20.283891106133385,22.116523894578222,-0.7902719682660537,-0.5421210876760703,0.9890583866184592,2.0-3.0%,0.98-1.00,2025-09-15→2025-09-16
2025-09-15,2025-09-16,C,6550.0,0.021917808219178082,94.44426013423386,0.686109435114466,92.00357622324009,0.7030980010212551,6615.28,6606.76,0.019178082191780823,85.07757396436497,82.95972254819753,2.8456523871749253,2.9903949687007607,0.9898139698015138,2.0-3.0%,0.98-1.00,2025-09-15→2025-09-16
2025-09-15,2025-09-16,P,6550.0,0.021917808219178082,27.06081828278715,-0.3138905648855394,23.498510892386548,-0.292754013771498,6615.28,6606.76,0.019178082191780823,21.54877230137146,23.294868393036495,-0.8243476128246456,-0.644264197333023,0.9898139698015138,2.0-3.0%,0.98-1.00,2025-09-15→2025-09-16
2025-09-15,2025-09-16,C,6555.0,0.021917808219178082,91.13301364279938,0.6673676433332162,88.10351493472535,0.6911442627091312,6615.28,6606.76,0.019178082191780823,81.40684100266921,79.14763033888448,2.8859723211986887,3.088549118281474,0.9905695529845684,2.0-3.0%,0.98-1.00,2025-09-15→2025-09-16
2025-09-15,2025-09-16,P,6555.0,0.021917808219178082,28.74796611055726,-0.3326323566666466,24.548450425847477,-0.30476625984314976,6615.28,6606.76,0.019178082191780823,22.8728723155046,24.434963304532175,-0.8340276787996714,-0.5966085338634919,0.9905695529845684,2.0-3.0%,0.98-1.00,2025-09-15→2025-09-16
2025-09-15,2025-09-16,C,6560.0,0.021917808219178082,87.79332978432963,0.6473945326375569,83.25347054925442,0.6823408762825471,6615.28,6606.76,0.019178082191780823,77.73899281858925,74.4401988787813,3.5658014180716755,3.8635442659269756,0.991325136167623,2.0-3.0%,0.98-1.00,2025-09-15→2025-09-16
2025-09-15,2025-09-16,P,6560.0,0.021917808219178082,30.406676571282595,-0.35260546736236853,25.748384347715728,-0.3176131305449693,6615.28,6606.76,0.019178082191780823,24.199857107255298,25.727874085705935,-1.0041985819272132,-0.7060638722429884,0.991325136167623,2.0-3.0%,0.98-1.00,2025-09-15→2025-09-16
2025-09-15,2025-09-16,C,6565.0,0.021917808219178082,84.83793181205718,0.6389001404302583,79.20340852039226,0.6701296463341613,6615.28,6606.76,0.019178082191780823,74.11131649799313,70.5051780825961,3.8434291964655047,4.109504586766743,0.9920807193506777,2.0-3.0%,0.98-1.00,2025-09-15→2025-09-16
2025-09-15,2025-09-16,P,6565.0,0.021917808219178082,32.449672918203525,-0.3610998595697543,26.948317837815466,-0.33070685903424624,6615.28,6606.76,0.019178082191780823,25.567013762487615,27.03108429612712,-0.976570803534138,-0.7176224389716235,0.9920807193506777,2.0-3.0%,0.98-1.00,2025-09-15→2025-09-16
2025-09-15,2025-09-16,C,6570.0,0.021917808219178082,81.81289130353498,0.6253696812517087,75.60333703076776,0.6560733720181248,6615.28,6606.76,0.019178082191780823,70.67570947455113,67.00974230279735,3.7281496842642676,3.9897451295941186,0.9928363025337322,2.0-3.0%,0.98-1.00,2025-09-15→2025-09-16
2025-09-15,2025-09-16,P,6570.0,0.021917808219178082,34.423026728883784,-0.3746303187482363,28.148249771591054,-0.344089898741552,6615.28,6606.76,0.019178082191780823,27.126239714876313,28.345110108510198,-0.9418503157347962,-0.6816459372778603,0.9928363025337322,2.0-3.0%,0.98-1.00,2025-09-15→2025-09-16
2025-09-15,2025-09-16,C,6575.0,0.021917808219178082,78.6060645358825,0.604398711797695,71.95326512067732,0.6419358529933017,6615.28,6606.76,0.019178082191780823,67.20086635268645,63.47786107488628,3.5994770245160783,3.91929346750263,0.9935918857167868,2.0-3.0%,0.98-1.00,2025-09-15→2025-09-16
2025-09-15,2025-09-16,P,6575.0,0.021917808219178082,36.21459428042851,-0.39560128820222734,29.54817705805499,-0.35838538632878353,6615.28,6606.76,0.019178082191780823,28.646229568841402,29.86084113973493,-1.12052297548279,-0.8034434915210662,0.9935918857167868,2.0-3.0%,0.98-1.00,2025-09-15→2025-09-16
2025-09-15,2025-09-16,C,6580.0,0.021917808219178082,75.60636793162207,0.5860115231799241,68.3531911192349,0.6273672153129201,6615.28,6606.76,0.019178082191780823,63.768028234945625,60.005281339123485,3.5428181774926877,3.8951686744657934,0.9943474688998414,2.0-3.0%,0.98-1.00,2025-09-15→2025-09-16
2025-09-15,2025-09-16,P,6580.0,0.021917808219178082,38.21329199536456,-0.4139884768200015,30.898103714814624,-0.37282504442191355,6615.28,6606.76,0.019178082191780823,30.208224426930197,31.34074749385809,-1.1271818225062185,-0.7764693784745287,0.9943474688998414,2.0-3.0%,0.98-1.00,2025-09-15→2025-09-16
2025-09-15,2025-09-16,C,6585.0,0.021917808219178082,73.02839256472129,0.5830208309224943,64.85311410997292,0.6122459167075679,6615.28,6606.76,0.019178082191780823,60.51405279741225,56.63992497384288,3.6173374794593816,3.8663352103481943,0.995103052082896,2.0-3.0%,0.98-1.00,2025-09-15→2025-09-16
2025-09-15,2025-09-16,P,6585.0,0.021917808219178082,40.63371094765556,-0.41697916907745863,32.398026624435715,-0.3879618873315664,6615.28,6606.76,0.019178082191780823,31.949081965226476,32.975462769177284,-1.052662520539743,-0.8054352800647551,0.995103052082896,2.0-3.0%,0.98-1.00,2025-09-15→2025-09-16
2025-09-15,2025-09-16,C,6590.0,0.021917808219178082,70.02173272907258,0.5619305922889343,61.40303506363489,0.5967067527950332,6615.28,6606.76,0.019178082191780823,57.26559155206201,53.334682954291566,3.537648646301454,3.8339415338134,0.9958586352659505,2.0-3.0%,0.98-1.00,2025-09-15→2025-09-16
2025-09-15,2025-09-16,P,6590.0,0.021917808219178082,42.625445431207375,-0.4380694077110187,33.94794749620905,-0.40351712248677424,6615.28,6606.76,0.019178082191780823,33.69545369570546,34.67030714843213,-1.1323513536976777,-0.8379658835871315,0.9958586352659505,2.0-3.0%,0.98-1.00,2025-09-15→2025-09-16
2025-09-15,2025-09-16,C,6595.0,0.021917808219178082,66.9831621983005,0.5389800775298608,58.052953430248635,0.5806577170610066,6615.28,6606.76,0.019178082191780823,54.07072599404013,50.13729502284514,3.442110260554167,3.79720374935951,0.9966142184490051,2.0-3.0%,0.98-1.00,2025-09-15→2025-09-16
2025-09-15,2025-09-16,P,6595.0,0.021917808219178082,44.58526921963467,-0.4610199224700766,35.59786577710247,-0.41958300955116784,6615.28,6606.76,0.019178082191780823,35.49542111351423,36.47302251781866,-1.227889739444839,-0.8748472413757558,0.9966142184490051,2.0-3.0%,0.98-1.00,2025-09-15→2025-09-16
2025-09-15,2025-09-16,C,6600.0,0.021917808219178082,64.7574164070152,0.5384948259875098,54.75287015449112,0.5641996109134273,6615.28,6606.76,0.019178082191780823,50.983978444187855,47.000791159094206,3.5879759174133286,3.8069806849821335,0.9973698016320598,2.0-3.0%,0.98-1.00,2025-09-15→2025-09-16
2025-09-15,2025-09-16,P,6600.0,0.021917808219178082,47.35791774754755,-0.4615051740124158,37.297782397506126,-0.43605856311352625,6615.28,6606.76,0.019178082191780823,37.40350653949153,38.33663835104562,-1.13202408258556,-0.9152189577270331,0.9973698016320598,2.0-3.0%,0.98-1.00,2025-09-15→2025-09-16
2025-09-15,2025-09-16,C,6605.0,0.021917808219178082,62.09187678464159,0.5208270915027026,51.60278333141423,0.5472271681846199,6615.28,6606.76,0.019178082191780823,48.04405019258678,44.019667458289405,3.487446819602777,3.7123754729327,0.9981253848151144,2.0-3.0%,0.98-1.00,2025-09-15→2025-09-16
2025-09-15,2025-09-16,P,6605.0,0.021917808219178082,49.690772444372044,-0.47917290849718974,39.09769572297455,-0.45300453493945925,6615.28,6606.76,0.019178082191780823,39.4584112637192,40.308658326446675,-1.132553180395834,-0.9095986376839829,0.9981253848151144,2.0-3.0%,0.98-1.00,2025-09-15→2025-09-16
2025-09-15,2025-09-16,C,6610.0,0.021917808219178082,59.11739673245755,0.4970780190016962,48.50269518261348,0.5298862980522622,6615.28,6606.76,0.019178082191780823,45.13773799489728,41.099863954889315,3.435104721894219,3.714631259405026,0.998880967998169,2.0-3.0%,0.98-1.00,2025-09-15→2025-09-16
2025-09-15,2025-09-16,P,6610.0,0.021917808219178082,51.71468671138613,-0.5029219809982042,41.0976071199907,-0.47043494126982577,6615.28,6606.76,0.019178082191780823,41.5469320418599,42.48284401973797,-1.334895278104466,-1.0581056996186975,0.998880967998169,2.0-3.0%,0.98-1.00,2025-09-15→2025-09-16
2025-09-15,2025-09-16,C,6615.0,0.021917808219178082,56.8380642307382,0.48771273133569626,45.50260497764066,0.512152350058425,6615.28,6606.76,0.019178082191780823,42.32831648137289,38.28853001469952,3.455312470979899,3.6635380224975354,0.9996365511812235,2.0-3.0%,0.98-1.00,2025-09-15→2025-09-16
2025-09-15,2025-09-16,P,6615.0,0.021917808219178082,54.433748528859795,-0.5122872686643003,43.09751691501788,-0.4881688892636628,6615.28,6606.76,0.019178082191780823,43.732343504165925,44.671510079547716,-1.2646875290195947,-1.0591989365261751,0.9996365511812235,2.0-3.0%,0.98-1.00,2025-09-15→2025-09-16
2025-09-15,2025-09-16,C,6620.0,0.021917808219178082,54.72529549215504,0.48152766972066646,42.65251303980767,0.49407876329945105,6615.28,6606.76,0.019178082191780823,39.72848651696562,35.63208578605145,3.4526157460198448,3.5595510633110834,1.000392134364278,2.0-3.0%,1.00-1.02,2025-09-15→2025-09-16
2025-09-15,2025-09-16,P,6620.0,0.021917808219178082,57.3193741094754,-0.5184723302793096,45.19742490327053,-0.5062569690321371,6615.28,6606.76,0.019178082191780823,46.127346515588066,46.96859814662048,-1.2173842539794695,-1.1133093761535662,1.000392134364278,2.0-3.0%,1.00-1.02,2025-09-15→2025-09-16
2025-09-15,2025-09-16,C,6625.0,0.021917808219178082,51.87380609263213,0.4575368069239184,39.85241955285528,0.4756973489096251,6615.28,6606.76,0.019178082191780823,37.14744635583591,33.037267171631356,3.3982135949915686,3.5529414127097807,1.0011477175473327,2.0-3.0%,1.00-1.02,2025-09-15→2025-09-16
2025-09-15,2025-09-16,P,6625.0,0.021917808219178082,59.466279029149824,-0.5424631930760115,47.347331126379686,-0.5246954011942871,6615.28,6606.76,0.019178082191780823,48.54113933028754,49.32774303202768,-1.2717864050073606,-1.1204048181750768,1.0011477175473327,2.0-3.0%,1.00-1.02,2025-09-15→2025-09-16
2025-09-15,2025-09-16,C,6630.0,0.021917808219178082,49.01825085953099,0.43188474200840926,37.25232515573589,0.4571573991051829,6615.28,6606.76,0.019178082191780823,34.67778326778227,30.6425942185856,3.2296580019114396,3.4449810403759393,1.0019033007303872,2.0-3.0%,1.00-1.02,2025-09-15→2025-09-16
2025-09-15,2025-09-16,P,6630.0,0.021917808219178082,61.609118115241984,-0.5681152579915776,49.64723591567008,-0.5433944721590399,6615.28,6606.76,0.019178082191780823,51.06630921806418,51.84150363050685,-1.3403419980879798,-1.1297209027947703,1.0019033007303872,2.0-3.0%,1.00-1.02,2025-09-15→2025-09-16
2025-09-15,2025-09-16,C,6635.0,0.021917808219178082,47.76343374184346,0.44180079590633575,34.652229410734435,0.4383150566290338,6615.28,6606.76,0.019178082191780823,32.418318502864686,28.263228266799615,3.4141427811217633,3.3844442824791523,1.0026588839134418,2.0-3.0%,1.00-1.02,2025-09-15→2025-09-16
2025-09-15,2025-09-16,P,6635.0,0.021917808219178082,65.35269531675702,-0.5581992040935883,51.99713930004691,-0.562408781575795,6615.28,6606.76,0.019178082191780823,53.80167742897639,54.417410523538365,-1.0558572188771054,-1.0917228190255042,1.0026588839134418,2.0-3.0%,1.00-1.02,2025-09-15→2025-09-16
2025-09-15,2025-09-16,C,6640.0,0.021917808219178082,45.38585254174184,0.4213123401202365,32.202133132374,0.4193865649126128,6615.28,6606.76,0.019178082191780823,30.233513413728886,26.036847235814093,3.3395811378242155,3.3231735330552628,1.0034144670964964,2.0-3.0%,1.00-1.02,2025-09-15→2025-09-16
2025-09-15,2025-09-16,P,6640.0,0.021917808219178082,67.97350843585015,-0.5786876598797439,54.64704348781879,-0.5812456529808632,6615.28,6606.76,0.019178082191780823,56.61170531567111,57.283368814178175,-1.2804188621751527,-1.3022129633966877,1.0034144670964964,2.0-3.0%,1.00-1.02,2025-09-15→2025-09-16
2025-09-15,2025-09-16,C,6645.0,0.021917808219178082,42.56449825941331,0.39499194493089207,29.852036353318,0.4003592166627783,6615.28,6606.76,0.019178082191780823,28.091655529218425,23.916975040376656,3.2153313708110116,3.2610605259666796,1.004170050279551,2.0-3.0%,1.00-1.02,2025-09-15→2025-09-16
2025-09-15,2025-09-16,P,6645.0,0.021917808219178082,70.15054847272191,-0.6050080550690324,57.14694437920707,-0.6007310253638984,6615.28,6606.76,0.019178082191780823,59.46468040698999,60.02885376139784,-1.204668629187874,-1.1682283361001344,1.004170050279551,2.0-3.0%,1.00-1.02,2025-09-15→2025-09-16
2025-09-15,2025-09-16,C,6650.0,0.021917808219178082,41.02921974671929,0.3940054595743004,27.6519401385558,0.3814306431679823,6615.28,6606.76,0.019178082191780823,26.191803558681052,21.947959033417646,3.256926515572855,3.149789079791031,1.0049256334626055,2.0-3.0%,1.00-1.02,2025-09-15→2025-09-16
2025-09-15,2025-09-16,P,6650.0,0.021917808219178082,73.61366427922447,-0.6059945404256429,60.04684898321739,-0.6194998941385088,6615.28,6606.76,0.019178082191780823,62.55966141228243,63.15144818440149,-1.3130734844261829,-1.4281390980597939,1.0049256334626055,2.0-3.0%,1.00-1.02,2025-09-15→2025-09-16
2025-09-15,2025-09-16,C,6655.0,0.021917808219178082,39.664124253128804,0.3893228223097263,25.50184312213696,0.36236993060211065,6615.28,6606.76,0.019178082191780823,24.429096944194633,20.03908879005712,3.317030446078684,3.0873918087298113,1.0056812166456603,2.0-3.0%,1.00-1.02,2025-09-15→2025-09-16
2025-09-15,2025-09-16,P,6655.0,0.021917808219178082,77.24696310483094,-0.6106771776902395,62.946752348530026,-0.6384842612743353,6615.28,6606.76,0.019178082191780823,65.7917877736251,66.28846436585263,-1.2529695539205497,-1.4898859060570322,1.0056812166456603,2.0-3.0%,1.00-1.02,2025-09-15→2025-09-16
2025-09-15,2025-09-16,C,6660.0,0.021917808219178082,36.95457397698262,0.36297475183684347,23.50174742489571,0.34355589162172934,6615.28,6606.76,0.019178082191780823,22.629223427443893,18.27905036999232,3.1425448856497353,2.977096196616972,1.006436799828715,2.0-3.0%,1.00-1.02,2025-09-15→2025-09-16
2025-09-15,2025-09-16,P,6660.0,0.021917808219178082,79.5358071478835,-0.6370252481630736,65.99665729505341,-0.6571717201325358,6615.28,6606.76,0.019178082191780823,68.98674723270382,69.57366716181514,-1.5274551143490802,-1.6991030555288882,1.006436799828715,2.0-3.0%,1.00-1.02,2025-09-15→2025-09-16
2025-09-15,2025-09-16,C,6665.0,0.021917808219178082,34.83709863669455,0.345807965815844,21.601652412858584,0.32488964544253807,6615.28,6606.76,0.019178082191780823,21.042618217166066,16.622114623172592,3.0462838687508254,2.8680597791702684,1.0071923830117695,2.0-3.0%,1.00-1.02,2025-09-15→2025-09-16
2025-09-15,2025-09-16,P,6665.0,0.021917808219178082,82.41672612678852,-0.6541920341841487,68.29654278536145,-0.6796550985245619,6615.28,6606.76,0.019178082191780823,72.39497499825697,72.21774775371705,-0.7737161312486407,-0.9906614394289486,1.0071923830117695,2.0-3.0%,1.00-1.02,2025-09-15→2025-09-16
2025-09-15,2025-09-16,C,6670.0,0.021917808219178082,34.51857228578877,0.35930793804752303,19.85155987184362,0.3066820499845833,6615.28,6606.76,0.019178082191780823,19.741537715764018,15.11075774950109,3.211303632164725,2.7629310658685036,1.007947966194824,2.0-3.0%,1.00-1.02,2025-09-15→2025-09-16
2025-09-15,2025-09-16,P,6670.0,0.021917808219178082,87.09659409507988,-0.6406920619524794,71.49644647111108,-0.6986205283964103,6615.28,6606.76,0.019178082191780823,76.08872747268418,75.67032873072185,-0.8586963678348276,-1.3522469019370913,1.007947966194824,2.0-3.0%,1.00-1.02,2025-09-15→2025-09-16
2025-09-15,2025-09-16,C,6675.0,0.021917808219178082,32.39768864019656,0.3371961472861536,18.051464542214717,0.28793991479488973,6615.28,6606.76,0.019178082191780823,18.32476382722275,13.570683022561298,3.17291117487787,2.753248074052325,1.0087035493778786,2.0-3.0%,1.00-1.02,2025-09-15→2025-09-16
2025-09-15,2025-09-16,P,6675.0,0.021917808219178082,89.9741047686878,-0.6628038527138319,74.69634821286309,-0.7179384965368993,6615.28,6606.76,0.019178082191780823,79.66678655997369,79.13884480116849,-0.897088825121549,-1.3668359904940575,1.0087035493778786,2.0-3.0%,1.00-1.02,2025-09-15→2025-09-16
2025-09-15,2025-09-16,C,6680.0,0.021917808219178082,29.738794477374952,0.30897762487344377,16.601378214291344,0.2709657110562491,6615.28,6606.76,0.019178082191780823,16.890448650935802,12.345119455077565,2.8824893639215947,2.5586278581991144,1.0094591325609332,2.0-3.0%,1.00-1.02,2025-09-15→2025-09-16
2025-09-15,2025-09-16,P,6680.0,0.021917808219178082,92.31360492506599,-0.6910223751264749,78.0962543175292,-0.7364101823127426,6615.28,6606.76,0.019178082191780823,83.22730435951567,82.79425196730335,-1.0875106360772282,-1.4742147533042074,1.0094591325609332,2.0-3.0%,1.00-1.02,2025-09-15→2025-09-16
2025-09-15,2025-09-16,C,6545.0,0.024657534246575342,101.54545522532557,0.6833383913467037,98.99142753265733,0.7068326749313343,6615.28,6606.76,0.021917808219178082,93.09866067066869,90.0525510234038,3.722043094273598,3.9222143904146396,0.9889414038405698,2.0-3.0%,0.98-1.00,2025-09-15→2025-09-16
2025-09-15,2025-09-16,P,6545.0,0.024657534246575342,28.38974522377954,-0.3166616086530995,24.803513705741807,-0.28974001277307054,6615.28,6606.76,0.021917808219178082,23.872944809239236,24.75110269808738,-0.49795690572425855,-0.2685849088264245,0.9889414038405698,2.0-3.0%,0.98-1.00,2025-09-15→2025-09-16
2025-09-15,2025-09-16,C,6550.0,0.024657534246575342,98.55797733308009,0.6813567521034442,95.04156162286654,0.6958349580543517,6615.28,6606.76,0.021917808219178082,89.57125790015368,86.1864334017564,3.755159527921025,3.87851384262275,0.9896968976555741,2.0-3.0%,0.98-1.00,2025-09-15→2025-09-16
2025-09-15,2025-09-16,P,6550.0,0.024657534246575342,30.40007045605924,-0.3186432478963646,25.953654000517417,-0.3013085021759381,6615.28,6606.76,0.021917808219178082,25.339838665256885,25.98095732607362,-0.5148404720768767,-0.3671484385388508,0.9896968976555741,2.0-3.0%,0.98-1.00,2025-09-15→2025-09-16
2025-09-15,2025-09-16,C,6555.0,0.024657534246575342,95.34652640429262,0.664125567109683,89.99165042285222,0.6884297795213998,6615.28,6606.76,0.021917808219178082,86.036141519576,81.27219376956054,4.858349831774188,5.065421721522004,0.9904523914705783,2.0-3.0%,0.98-1.00,2025-09-15→2025-09-16
2025-09-15,2025-09-16,P,6555.0,0.024657534246575342,32.1864226517956,-0.3358744328900445,27.003792137172695,-0.31271940677345306,6615.28,6606.76,0.021917808219178082,26.799018911217285,27.122910041702198,-0.5116501682230186,-0.3143693457096708,0.9904523914705783,2.0-3.0%,0.98-1.00,2025-09-15→2025-09-16
2025-09-15,2025-09-16,C,6560.0,0.024657534246575342,91.99428905709811,0.6446042281108115,86.44180897025126,0.6753777258899512,6615.28,6606.76,0.021917808219178082,83.11855493460476,77.80681184866717,3.742028023503809,4.004218224582065,0.9912078852855826,2.0-3.0%,0.98-1.00,2025-09-15→2025-09-16
2025-09-15,2025-09-16,P,6560.0,0.024657534246575342,33.83198842912105,-0.35539577188896154,28.2039400386775,-0.3248966790465286,6615.28,6606.76,0.021917808219178082,28.875728952784677,28.41743051965841,-0.6279719764937859,-0.36811970547627126,0.9912078852855826,2.0-3.0%,0.98-1.00,2025-09-15→2025-09-16
2025-09-15,2025-09-16,C,6565.0,0.024657534246575342,89.08747640195286,0.6374923746643807,82.54195568566684,0.663281441743668,6615.28,6606.76,0.021917808219178082,79.90394965714069,74.01423450793754,3.9814350321402188,4.201157883655735,0.9919633791005869,2.0-3.0%,0.98-1.00,2025-09-15→2025-09-16
2025-09-15,2025-09-16,P,6565.0,0.024657534246575342,35.92297889849569,-0.36250762533542197,29.454092493409917,-0.3374660868109714,6615.28,6606.76,0.021917808219178082,30.655420301863803,29.768815879332124,-0.6385649678576244,-0.4252110596293175,0.9919633791005869,2.0-3.0%,0.98-1.00,2025-09-15→2025-09-16
2025-09-15,2025-09-16,C,6570.0,0.024657534246575342,86.27800887618282,0.6264856602272734,78.84211318440157,0.6502945179327186,6615.28,6606.76,0.021917808219178082,76.68929585611897,70.42290833753123,3.987657825136078,4.190509292786461,0.9927188729155911,2.0-3.0%,0.98-1.00,2025-09-15→2025-09-16
2025-09-15,2025-09-16,P,6570.0,0.024657534246575342,38.11131449724313,-0.3735143397725873,30.75424969769938,-0.3504287391128797,6615.28,6606.76,0.021917808219178082,32.43506312737582,31.177418469221266,-0.63234217486227,-0.4356528572415721,0.9927188729155911,2.0-3.0%,0.98-1.00,2025-09-15→2025-09-16
2025-09-15,2025-09-16,C,6575.0,0.024657534246575342,83.06690529125606,0.6061771583232032,75.24227751738545,0.6367817070962323,6615.28,6606.76,0.021917808219178082,74.34736348922755,66.93707937394583,3.9646293889134157,4.225380144459609,0.9934743667305953,2.0-3.0%,0.98-1.00,2025-09-15→2025-09-16
2025-09-15,2025-09-16,P,6575.0,0.024657534246575342,39.898014036843904,-0.3938228416765705,32.1044121470145,-0.3637869958826281,6615.28,6606.76,0.021917808219178082,35.08742738702819,32.64359822098913,-0.6553706110841988,-0.3994652049198235,0.9934743667305953,2.0-3.0%,0.98-1.00,2025-09-15→2025-09-16
2025-09-15,2025-09-16,C,6580.0,0.024657534246575342,80.051787269233,0.588596332765594,71.69244551615611,0.6228949348437027,6615.28,6606.76,0.021917808219178082,71.85109059122092,63.50910203117928,3.864840755162591,4.157064844868061,0.9942298605455996,2.0-3.0%,0.98-1.00,2025-09-15→2025-09-16
2025-09-15,2025-09-16,P,6580.0,0.024657534246575342,41.880699139337395,-0.4114036672342076,33.55457999307282,-0.3776605011236496,6615.28,6606.76,0.021917808219178082,37.58545111555909,34.21556229223779,-0.7551592448352542,-0.46766746957331584,0.9942298605455996,2.0-3.0%,0.98-1.00,2025-09-15→2025-09-16
2025-09-15,2025-09-16,C,6585.0,0.024657534246575342,77.73086781487886,0.5885494792157971,68.24261970788439,0.6085279681400624,6615.28,6606.76,0.021917808219178082,69.02198119925816,60.18709590358958,3.914441562918319,4.084658288553049,0.9949853543606039,2.0-3.0%,0.98-1.00,2025-09-15→2025-09-16
2025-09-15,2025-09-16,P,6585.0,0.024657534246575342,44.557582809499785,-0.4114505207840447,35.05475278029189,-0.3919116000910019,6615.28,6606.76,0.021917808219178082,39.75063835012907,35.845717327745206,-0.6555584370798648,-0.4890868327751492,0.9949853543606039,2.0-3.0%,0.98-1.00,2025-09-15→2025-09-16
2025-09-15,2025-09-16,C,6590.0,0.024657534246575342,74.77913393121472,0.5687856618881957,64.84279824775786,0.5938057539517589,6615.28,6606.76,0.021917808219178082,66.69442873022213,56.92349058228456,3.8460538392871655,4.059225023668713,0.9957408481756082,2.0-3.0%,0.98-1.00,2025-09-15→2025-09-16
2025-09-15,2025-09-16,P,6590.0,0.024657534246575342,46.60365205035704,-0.4312143381116773,36.654931320164906,-0.4066338142793062,6615.28,6606.76,0.021917808219178082,42.41738250763278,37.58211200644064,-0.7739461607112954,-0.5645200976595053,0.9957408481756082,2.0-3.0%,0.98-1.00,2025-09-15→2025-09-16
2025-09-15,2025-09-16,C,6595.0,0.024657534246575342,71.6997501556731,0.5463240364740087,61.44298028937874,0.5787950332463504,6615.28,6606.76,0.021917808219178082,66.02221211259774,53.67104043920153,3.8046807907582947,4.08133368325863,0.9964963419906123,2.0-3.0%,0.98-1.00,2025-09-15→2025-09-16
2025-09-15,2025-09-16,P,6595.0,0.024657534246575342,48.522071399343,-0.45367596352579875,38.355115130019385,-0.42179029719127403,6615.28,6606.76,0.021917808219178082,46.739462516553296,39.42484106474558,-0.9153192092395952,-0.6436533320694595,0.9964963419906123,2.0-3.0%,0.98-1.00,2025-09-15→2025-09-16
2025-09-15,2025-09-16,C,6600.0,0.024657534246575342,69.65389407540478,0.5482686773737678,58.143168683533986,0.5633263260134297,6615.28,6606.76,0.021917808219178082,63.76751138821217,50.52539926932968,3.971249131224247,4.099540297634158,0.9972518358056166,2.0-3.0%,0.98-1.00,2025-09-15→2025-09-16
2025-09-15,2025-09-16,P,6600.0,0.024657534246575342,51.47401844359641,-0.45173132262603427,40.10530388316647,-0.43728568776492405,6615.28,6606.76,0.021917808219178082,49.47905841870069,41.326462307062684,-0.798750868773594,-0.675674059756942,0.9972518358056166,2.0-3.0%,0.98-1.00,2025-09-15→2025-09-16
2025-09-15,2025-09-16,C,6605.0,0.024657534246575342,67.18312724314447,0.5331122855140832,55.04336156037289,0.5473521455182503,6615.28,6606.76,0.021917808219178082,61.11435186363816,47.581341790617444,3.842116672579741,3.963440279815238,0.9980073296206209,2.0-3.0%,0.98-1.00,2025-09-15→2025-09-16
2025-09-15,2025-09-16,P,6605.0,0.024657534246575342,54.001054735856975,-0.46688771448569694,41.90549513551014,-0.4531288131310828,6615.28,6606.76,0.021917808219178082,51.82019552066062,43.2873199921346,-0.8278833274179185,-0.7106574878766123,0.9980073296206209,2.0-3.0%,0.98-1.00,2025-09-15→2025-09-16
2025-09-15,2025-09-16,C,6610.0,0.024657534246575342,64.18491826403834,0.5100602100650983,51.94355860563064,0.5311087375686863,6615.28,6606.76,0.021917808219178082,63.010310766736254,44.64916760636561,3.7957129897543993,3.975046444084959,0.9987628234356252,2.0-3.0%,0.98-1.00,2025-09-15→2025-09-16
2025-09-15,2025-09-16,P,6610.0,0.024657534246575342,56.00064888127445,-0.489939789934678,43.85569227879523,-0.4693803237080624,6615.28,6606.76,0.021917808219178082,58.710451050300044,45.40222664570729,-0.9742870102432288,-0.7991203579924737,0.9987628234356252,2.0-3.0%,0.98-1.00,2025-09-15→2025-09-16
2025-09-15,2025-09-16,C,6615.0,0.024657534246575342,61.8812253240349,0.5015230778705865,48.893759684345696,0.5145263991282593,6615.28,6606.76,0.021917808219178082,61.92784425905145,41.77671682685195,3.8229766234571567,3.933764920572523,0.9995183172506293,2.0-3.0%,0.98-1.00,2025-09-15→2025-09-16
2025-09-15,2025-09-16,P,6615.0,0.024657534246575342,58.69475906578824,-0.4984769221292607,45.8558930325903,-0.48593577123091547,6615.28,6606.76,0.021917808219178082,62.622281169160104,47.57653609267845,-0.9470233765410612,-0.8401727708871656,0.9995183172506293,2.0-3.0%,0.98-1.00,2025-09-15→2025-09-16
2025-09-15,2025-09-16,C,6620.0,0.024657534246575342,60.161744322372094,0.49925717437326655,46.14396447483341,0.4976419118419182,6615.28,6606.76,0.021917808219178082,59.70368755610385,39.198868933442554,3.803671125659992,3.7899090888929052,1.0002738110656337,2.0-3.0%,1.00-1.02,2025-09-15→2025-09-16
2025-09-15,2025-09-16,P,6620.0,0.024657534246575342,61.97308118864923,-0.5007428256265511,47.95609754723955,-0.5027976563891462,6615.28,6606.76,0.021917808219178082,65.39242109274079,49.85749035759682,-0.8163288743379828,-0.8338360324352925,1.0002738110656337,2.0-3.0%,1.00-1.02,2025-09-15→2025-09-16
2025-09-15,2025-09-16,C,6625.0,0.024657534246575342,57.33025071138055,0.4764357059922612,43.29417255551334,0.48048462715140977,6615.28,6606.76,0.021917808219178082,60.35362639925965,36.539579434970165,3.709232215053846,3.7437290233297897,1.0010293048806378,2.0-3.0%,1.00-1.02,2025-09-15→2025-09-16
2025-09-15,2025-09-16,P,6625.0,0.024657534246575342,64.139390702179,-0.5235642940075221,50.156305279929256,-0.5199262250588658,6615.28,6606.76,0.021917808219178082,71.03665656244068,52.2449154066735,-0.910767784943844,-0.8797714375012928,1.0010293048806378,2.0-3.0%,1.00-1.02,2025-09-15→2025-09-16
2025-09-15,2025-09-16,C,6630.0,0.024657534246575342,54.427486265835356,0.4514330179148797,40.64438265341096,0.46315878910624864,6615.28,6606.76,0.021917808219178082,61.80681789525793,34.079955317792155,3.5462093126345575,3.646112883185015,1.001784798695642,2.0-3.0%,1.00-1.02,2025-09-15→2025-09-16
2025-09-15,2025-09-16,P,6630.0,0.024657534246575342,66.23442938115298,-0.5485669820849218,52.45651572581801,-0.5372807791248154,6615.28,6606.76,0.021917808219178082,77.48414468497842,54.73857674194733,-1.0737906873632799,-0.9776322381431788,1.001784798695642,2.0-3.0%,1.00-1.02,2025-09-15→2025-09-16
2025-09-15,2025-09-16,C,6635.0,0.024657534246575342,53.479362879094346,0.46438760030370396,38.094593662021,0.445687056967251,6615.28,6606.76,0.021917808219178082,60.08193429953192,31.725857793944215,3.706582354587338,3.547253725360768,1.0025402925106464,2.0-3.0%,1.00-1.02,2025-09-15→2025-09-16
2025-09-15,2025-09-16,P,6635.0,0.024657534246575342,70.28410911893377,-0.5356123996960971,54.856727539362055,-0.5548196567009048,6615.28,6606.76,0.021917808219178082,80.75355771578202,57.33817746544946,-1.013417645410497,-1.1770634750914493,1.0025402925106464,2.0-3.0%,1.00-1.02,2025-09-15→2025-09-16
2025-09-15,2025-09-16,C,6640.0,0.024657534246575342,51.238708463525484,0.44606255449223586,35.49481086876722,0.42785196490375965,6615.28,6606.76,0.021917808219178082,57.66623497699105,29.338670979540893,3.7004529642736443,3.5452987409798356,1.0032957863256506,2.0-3.0%,1.00-1.02,2025-09-15→2025-09-16
2025-09-15,2025-09-16,P,6640.0,0.024657534246575342,73.04125782789069,-0.5539374455075448,57.356942881094255,-0.5725001713948377,6615.28,6606.76,0.021917808219178082,83.3321550197841,60.04336089914159,-0.9695470357240197,-1.1277014602837463,1.0032957863256506,2.0-3.0%,1.00-1.02,2025-09-15→2025-09-16
2025-09-15,2025-09-16,C,6645.0,0.024657534246575342,48.399674343436835,0.42073518485844114,33.145025420813,0.4101610314236698,6615.28,6606.76,0.021917808219178082,61.29427702905317,27.195079170262943,3.534663774993715,3.4445719877294683,1.004051280140655,2.0-3.0%,1.00-1.02,2025-09-15→2025-09-16
2025-09-15,2025-09-16,P,6645.0,0.024657534246575342,75.20002683232389,-0.5792648151413131,59.95715849322005,-0.590278536807394,6615.28,6606.76,0.021917808219178082,91.95449369838569,62.853700594418115,-1.1353362250037167,-1.22917313359872,1.004051280140655,2.0-3.0%,1.00-1.02,2025-09-15→2025-09-16
2025-09-15,2025-09-16,C,6650.0,0.024657534246575342,46.813878757262614,0.4200076276430801,30.84524168378084,0.3923298334124412,6615.28,6606.76,0.021917808219178082,60.39466410056211,25.110085208574674,3.6284649875188406,3.3926501806738107,1.0048067739556592,2.0-3.0%,1.00-1.02,2025-09-15→2025-09-16
2025-09-15,2025-09-16,P,6650.0,0.024657534246575342,78.61203437066702,-0.5799923723567225,62.65737475618698,-0.6081097348186234,6615.28,6606.76,0.021917808219178082,96.0491773964338,65.76870663272894,-1.0415350124790104,-1.2810949406543921,1.0048067739556592,2.0-3.0%,1.00-1.02,2025-09-15→2025-09-16
2025-09-15,2025-09-16,C,6655.0,0.024657534246575342,45.8481108702368,0.41925704160472327,28.645458221254557,0.3744921977005955,6615.28,6606.76,0.021917808219178082,58.28868878607342,23.129197654257496,3.672069994472045,3.290673524408898,1.0055622677706635,2.0-3.0%,1.00-1.02,2025-09-15→2025-09-16
2025-09-15,2025-09-16,P,6655.0,0.024657534246575342,82.64406960815924,-0.5807429583951245,65.50758945835878,-0.6257964168386057,6615.28,6606.76,0.021917808219178082,98.93749870847779,68.83309809896855,-1.0479300055261804,-1.431785471464618,1.0055622677706635,2.0-3.0%,1.00-1.02,2025-09-15→2025-09-16
2025-09-15,2025-09-16,C,6660.0,0.024657534246575342,43.176100828192055,0.39443395334425907,26.545673834493755,0.3566960754701474,6615.28,6606.76,0.021917808219178082,59.44343643089577,21.25178362861152,3.5605772824929,3.2390505630054864,1.0063177615856678,2.0-3.0%,1.00-1.02,2025-09-15→2025-09-16
2025-09-15,2025-09-16,P,6660.0,0.024657534246575342,84.96986269063802,-0.6055660466555404,68.3578069069008,-0.6437434927609148,6615.28,6606.76,0.021917808219178082,105.08654297984361,71.9104050527676,-1.0594227175049094,-1.384694558322681,1.0063177615856678,2.0-3.0%,1.00-1.02,2025-09-15→2025-09-16
2025-09-15,2025-09-16,C,6665.0,0.024657534246575342,40.99199545942958,0.377712783075018,24.59588617368763,0.33918744752497315,6615.28,6606.76,0.021917808219178082,60.52496293761745,19.52180314656266,3.418112911798974,3.0898770529126103,1.0070732554006718,2.0-3.0%,1.00-1.02,2025-09-15→2025-09-16
2025-09-15,2025-09-16,P,6665.0,0.024657534246575342,87.78356044639834,-0.622287216924805,71.2080287998715,-0.6620400233570898,6615.28,6606.76,0.021917808219178082,111.16236611310818,75.00179096090051,-1.1018870881990273,-1.4405809990020746,1.0070732554006718,2.0-3.0%,1.00-1.02,2025-09-15→2025-09-16
2025-09-15,2025-09-16,C,6670.0,0.024657534246575342,40.88203768494272,0.3931679817887817,22.74609609496747,0.32186821497486007,6615.28,6606.76,0.021917808219178082,58.82097055825748,17.893145967614828,3.5997912048402343,2.9923171915856557,1.0078287492156761,2.0-3.0%,1.00-1.02,2025-09-15→2025-09-16
2025-09-15,2025-09-16,P,6670.0,0.024657534246575342,92.67140579642968,-0.6068320182110607,73.70827515366545,-0.6823740402149803,6615.28,6606.76,0.021917808219178082,114.45267036028393,77.79888793300415,-0.220208795157947,-0.8638268226313066,1.0078287492156761,2.0-3.0%,1.00-1.02,2025-09-15→2025-09-16
2025-09-15,2025-09-16,C,6675.0,0.024657534246575342,38.86455815061682,0.3730389464573017,20.946306244291236,0.3045512593271361,6615.28,6606.76,0.021917808219178082,56.46428848714213,16.320890872943437,3.4782918238160345,2.8947767294670563,1.0085842430306804,2.0-3.0%,1.00-1.02,2025-09-15→2025-09-16
2025-09-15,2025-09-16,P,6675.0,0.024657534246575342,95.65172938662911,-0.6269610535425101,76.90849050448105,-0.700109349765825,6615.28,6606.76,0.021917808219178082,117.09028491569977,81.23267859821772,-1.4417081761818977,-2.064931660004506,1.0085842430306804,2.0-3.0%,1.00-1.02,2025-09-15→2025-09-16
2025-09-15,2025-09-16,C,6680.0,0.024657534246575342,36.227607015387605,0.3464227470554672,19.346506712747214,0.2880219394194955,6615.28,6606.76,0.021917808219178082,60.09348780744519,14.936045962406524,3.201521804912417,2.7039469238539655,1.0093397368456847,2.0-3.0%,1.00-1.02,2025-09-15→2025-09-16
2025-09-15,2025-09-16,P,6680.0,0.024657534246575342,98.01258137591938,-0.6535772529443332,80.20870262972039,-0.7175998326336762,6615.28,6606.76,0.021917808219178082,125.71378086254448,84.7668798859595,-1.6684781950854184,-2.2139505740385905,1.0093397368456847,2.0-3.0%,1.00-1.02,2025-09-15→2025-09-16
2025-09-15,2025-09-16,C,6545.0,0.0273972602739726,105.55271008665066,0.6787001462476762,102.09961057730015,0.6985210164544035,6615.28,6606.76,0.024657534246575342,98.123818858913,93.32887291294719,3.8825252460298882,4.051399060191196,0.9888574960338119,2.0-3.0%,0.98-1.00,2025-09-15→2025-09-16
2025-09-15,2025-09-16,P,6545.0,0.0273972602739726,31.841926449229437,-0.321299853751967,27.30016641862744,-0.2983489883898926,6615.28,6606.76,0.024657534246575342,28.172845941649964,27.436621994588222,-0.4374747539666064,-0.241933381081743,0.9888574960338119,2.0-3.0%,0.98-1.00,2025-09-15→2025-09-16
2025-09-15,2025-09-16,C,6550.0,0.0273972602739726,102.7094620975382,0.6784994042824986,97.1996140236015,0.6911630732438608,6615.28,6606.76,0.024657534246575342,94.74125945589915,88.5465658371495,4.98081492448657,5.0887093840373705,0.9896129257481235,2.0-3.0%,0.98-1.00,2025-09-15→2025-09-16
2025-09-15,2025-09-16,P,6550.0,0.0273972602739726,33.996057540610764,-0.3215005957171575,28.400172007882247,-0.30919302206417054,6615.28,6606.76,0.024657534246575342,29.784029110902175,28.619881218575756,-0.38918507551002834,-0.28432454798658524,0.9896129257481235,2.0-3.0%,0.98-1.00,2025-09-15→2025-09-16
2025-09-15,2025-09-16,C,6555.0,0.0273972602739726,99.61735067325095,0.662794855999168,93.19962039579059,0.6804354525043708,6615.28,6606.76,0.024657534246575342,91.26335150044477,84.64041864482715,4.2470121731125925,4.397310055336911,0.9903683554624351,2.0-3.0%,0.98-1.00,2025-09-15→2025-09-16
2025-09-15,2025-09-16,P,6555.0,0.0273972602739726,35.901325196810845,-0.3372051440004794,29.550178669265733,-0.3204074802572528,6615.28,6606.76,0.024657534246575342,31.299863727694312,29.858582228224805,-0.5229878268839272,-0.37987173179164424,0.9903683554624351,2.0-3.0%,0.98-1.00,2025-09-15→2025-09-16
2025-09-15,2025-09-16,C,6560.0,0.0273972602739726,96.27037260353157,0.6437864317466727,89.59962725291462,0.6682361450258112,6615.28,6606.76,0.024657534246575342,89.68514232729703,81.12791190625376,3.9850603984813473,4.193371955619595,0.9911237851767466,2.0-3.0%,0.98-1.00,2025-09-15→2025-09-16
2025-09-15,2025-09-16,P,6560.0,0.0273972602739726,37.55172620758763,-0.3562135682529457,30.750185179159416,-0.33199109996348486,6615.28,6606.76,0.024657534246575342,34.71539712681401,31.15300957528416,-0.534939601514929,-0.328564171688734,0.9911237851767466,2.0-3.0%,0.98-1.00,2025-09-15→2025-09-16
2025-09-15,2025-09-16,C,6565.0,0.0273972602739726,93.39547089870788,0.6376869572450347,85.64963360352704,0.6568587352107038,6615.28,6606.76,0.024657534246575342,86.67661225465145,77.28538989318986,4.283092875727388,4.44643642399488,0.9918792148910581,2.0-3.0%,0.98-1.00,2025-09-15→2025-09-16
2025-09-15,2025-09-16,P,6565.0,0.0273972602739726,39.674203583250566,-0.36231304275465415,32.05019192793861,-0.3440817079162487,6615.28,6606.76,0.024657534246575342,36.700609626410944,32.55167610717035,-0.48690712426947336,-0.3315761514462676,0.9918792148910581,2.0-3.0%,0.98-1.00,2025-09-15→2025-09-16
2025-09-15,2025-09-16,C,6570.0,0.0273972602739726,90.80170789491066,0.6290435439694182,82.0996407026214,0.644132421746805,6615.28,6606.76,0.024657534246575342,83.48475285377322,73.83677825870745,4.1594509946191565,4.288008233282485,0.9926346446053697,2.0-3.0%,0.98-1.00,2025-09-15→2025-09-16
2025-09-15,2025-09-16,P,6570.0,0.0273972602739726,42.0778196599472,-0.3709564560302346,33.4001988659993,-0.35651938816650713,6615.28,6606.76,0.024657534246575342,38.50249279779634,34.00656955299792,-0.5605490053774216,-0.4375451871784706,0.9926346446053697,2.0-3.0%,0.98-1.00,2025-09-15→2025-09-16
2025-09-15,2025-09-16,C,6575.0,0.0273972602739726,87.60562668023536,0.6094889283760836,78.49964802387512,0.631336223887899,6615.28,6606.76,0.024657534246575342,82.62500686081809,70.34821615131341,4.09284566976395,4.278984627524607,0.9933900743196812,2.0-3.0%,0.98-1.00,2025-09-15→2025-09-16
2025-09-15,2025-09-16,P,6575.0,0.0273972602739726,43.87911752576104,-0.39051107162357884,34.80020617746004,-0.3693041942304117,6615.28,6606.76,0.024657534246575342,42.636489377091465,35.51795929891114,-0.5271543302327029,-0.3464717348429289,0.9933900743196812,2.0-3.0%,0.98-1.00,2025-09-15→2025-09-16
2025-09-15,2025-09-16,C,6580.0,0.0273972602739726,84.58014011191693,0.5926336952505754,74.99965524915615,0.6180872728726776,6615.28,6606.76,0.024657534246575342,80.51084355341148,66.96451368397584,3.9492390835346276,4.166103564874927,0.9941455040339927,2.0-3.0%,0.98-1.00,2025-09-15→2025-09-16
2025-09-15,2025-09-16,P,6580.0,0.0273972602739726,45.85101003792975,-0.4073663047491097,36.25021334149551,-0.3824371859420152,6615.28,6606.76,0.024657534246575342,45.516068641945985,37.08611927716538,-0.6207609164622205,-0.40836482422578735,0.9941455040339927,2.0-3.0%,0.98-1.00,2025-09-15→2025-09-16
2025-09-15,2025-09-16,C,6585.0,0.0273972602739726,82.4569675659463,0.594842540563947,71.5496628041833,0.6045120732789074,6615.28,6606.76,0.024657534246575342,77.63598540860612,63.63773866219981,4.118058445604545,4.200442864336003,0.9949009337483044,2.0-3.0%,0.98-1.00,2025-09-15→2025-09-16
2025-09-15,2025-09-16,P,6585.0,0.0273972602739726,48.72521657245024,-0.4051574594356939,37.800220896523115,-0.3960123855357863,6615.28,6606.76,0.024657534246575342,47.63495306939794,38.75934425538844,-0.6519415543919163,-0.5740255247647079,0.9949009337483044,2.0-3.0%,0.98-1.00,2025-09-15→2025-09-16
2025-09-15,2025-09-16,C,6590.0,0.0273972602739726,79.55977238209447,0.5763250205450399,68.04967047008222,0.5907666615251405,6615.28,6606.76,0.024657534246575342,75.79245199998174,60.272282241161975,4.160289175043453,4.283331956193903,0.9956563634626159,2.0-3.0%,0.98-1.00,2025-09-15→2025-09-16
2025-09-15,2025-09-16,P,6590.0,0.0273972602739726,50.82540046909051,-0.42367497945463817,39.45022869475042,-0.40999503440981666,6615.28,6606.76,0.024657534246575342,50.785162233019804,40.53769295129814,-0.7097108249533184,-0.5931576931714453,0.9956563634626159,2.0-3.0%,0.98-1.00,2025-09-15→2025-09-16
2025-09-15,2025-09-16,C,6595.0,0.0273972602739726,76.45806006822914,0.5545099511731757,64.7996784990869,0.5763724740269022,6615.28,6606.76,0.024657534246575342,76.48918740397879,57.15603041583745,3.924424783995198,4.110693478708937,0.9964117931769274,2.0-3.0%,0.98-1.00,2025-09-15→2025-09-16
2025-09-15,2025-09-16,P,6595.0,0.0273972602739726,52.72106723571628,-0.44549004882651044,41.15023666473553,-0.4242834102710691,6615.28,6606.76,0.024657534246575342,56.47564020927896,42.373327949122086,-0.7955752160016583,-0.6148946555093078,0.9964117931769274,2.0-3.0%,0.98-1.00,2025-09-15→2025-09-16
2025-09-15,2025-09-16,C,6600.0,0.0273972602739726,74.50075552828102,0.557959164698853,61.599685790329204,0.561695112126033,6615.28,6606.76,0.024657534246575342,74.07756155852476,54.097149922175504,4.053812083233961,4.085642355313532,0.9971672228912389,2.0-3.0%,0.98-1.00,2025-09-15→2025-09-16
2025-09-15,2025-09-16,P,6600.0,0.0273972602739726,55.761141776258576,-0.4420408353008374,42.90024391965335,-0.43888131555121185,6615.28,6606.76,0.024657534246575342,59.05775693607901,44.26650214312258,-0.8161879167629227,-0.7892688084961144,0.9971672228912389,2.0-3.0%,0.98-1.00,2025-09-15→2025-09-16
2025-09-15,2025-09-16,C,6605.0,0.0273972602739726,72.15873193454377,0.5447075974209706,58.49969501331498,0.5466926363454396,6615.28,6606.76,0.024657534246575342,71.21732254928625,51.14351588944237,3.9409087300264094,3.9578212616628843,0.9979226526055505,2.0-3.0%,0.98-1.00,2025-09-15→2025-09-16
2025-09-15,2025-09-16,P,6605.0,0.0273972602739726,58.4164972630126,-0.45529240257868586,44.70025308421009,-0.4537940599148792,6615.28,6606.76,0.024657534246575342,61.19126049910107,46.21748534891822,-0.6790912699701925,-0.6663253904745603,0.9979226526055505,2.0-3.0%,0.98-1.00,2025-09-15→2025-09-16
2025-09-15,2025-09-16,C,6610.0,0.0273972602739726,69.14802131778968,0.5224795922541781,55.39970355668902,0.5314495312706266,6615.28,6606.76,0.024657534246575342,74.4469079335166,48.19998246113255,3.851526126005348,3.927950006425485,0.998678082319862,2.0-3.0%,0.98-1.00,2025-09-15→2025-09-16
2025-09-15,2025-09-16,P,6610.0,0.0273972602739726,60.403165726747865,-0.47752040774551924,46.650261649027925,-0.4690749275440663,6615.28,6606.76,0.024657534246575342,69.41458845558638,48.32158805432209,-0.8184738739916053,-0.7465183826752302,0.998678082319862,2.0-3.0%,0.98-1.00,2025-09-15→2025-09-16
2025-09-15,2025-09-16,C,6615.0,0.0273972602739726,66.79716545524485,0.5145263570279591,52.399712190939226,0.5158985328592843,6615.28,6606.76,0.024657534246575342,73.1384969861698,45.3619447471101,3.9337645618779726,3.945455499960863,0.9994335120341735,2.0-3.0%,0.98-1.00,2025-09-15→2025-09-16
2025-09-15,2025-09-16,P,6615.0,0.0273972602739726,63.04968894469567,-0.48547364297173184,48.65027028327813,-0.4846259259554086,6615.28,6606.76,0.024657534246575342,73.09992008049778,50.483550340298734,-0.8862354381189332,-0.879012889139859,0.9994335120341735,2.0-3.0%,0.98-1.00,2025-09-15→2025-09-16
2025-09-15,2025-09-16,C,6620.0,0.0273972602739726,65.25239751981677,0.5144208046111002,49.54972105160277,0.5000851139844968,6615.28,6606.76,0.024657534246575342,70.60464059232119,42.67648643051916,3.932865255286335,3.8107251711476806,1.000188941748485,2.0-3.0%,1.00-1.02,2025-09-15→2025-09-16
2025-09-15,2025-09-16,P,6620.0,0.0273972602739726,66.50230008975986,-0.48557919538858324,50.800279143942134,-0.5004393448301959,6615.28,6606.76,0.024657534246575342,75.55980625889843,52.79809202370916,-0.7371347447104935,-0.8637432179530267,1.000188941748485,2.0-3.0%,1.00-1.02,2025-09-15→2025-09-16
2025-09-15,2025-09-16,C,6625.0,0.0273972602739726,62.42267041193893,0.49265938120314806,46.54973005057036,0.4839530623791708,6615.28,6606.76,0.024657534246575342,71.62538252672812,39.86047668363972,4.04745792785059,3.9732800914703077,1.0009443714627966,2.0-3.0%,1.00-1.02,2025-09-15→2025-09-16
2025-09-15,2025-09-16,P,6625.0,0.0273972602739726,68.66995206237483,-0.5073406187964585,52.950288102840204,-0.5164995587486206,6615.28,6606.76,0.024657534246575342,81.57429076555849,55.12330634304635,-0.7725420721455896,-0.8505762405380066,1.0009443714627966,2.0-3.0%,1.00-1.02,2025-09-15→2025-09-16
2025-09-15,2025-09-16,C,6630.0,0.0273972602739726,59.471942010983724,0.4684058229098584,43.99973906390369,0.46778102445391234,6615.28,6606.76,0.024657534246575342,73.36826131632644,37.4790327015985,3.7408176111917717,3.735494328347112,1.001699801177108,2.0-3.0%,1.00-1.02,2025-09-15→2025-09-16
2025-09-15,2025-09-16,P,6630.0,0.0273972602739726,70.71660274190323,-0.5315941770898417,55.200297178772416,-0.5327839552649138,6615.28,6606.76,0.024657534246575342,88.31091212741765,57.553733826744065,-0.9291823888052058,-0.9393192988568195,1.001699801177108,2.0-3.0%,1.00-1.02,2025-09-15→2025-09-16
2025-09-15,2025-09-16,C,6635.0,0.0273972602739726,58.57311611170533,0.4823732249033097,41.3997478764818,0.45138673673647084,6615.28,6606.76,0.024657534246575342,71.25764290904766,35.06093518296666,3.909819876175975,3.645814996994522,1.0024552308914199,2.0-3.0%,1.00-1.02,2025-09-15→2025-09-16
2025-09-15,2025-09-16,P,6635.0,0.0273972602739726,74.81515592312,-0.5176267750963462,57.60030599770698,-0.5491952949045674,6615.28,6606.76,0.024657534246575342,91.19403629238555,60.13581949655827,-0.7101801238206296,-0.9791439125866592,1.0024552308914199,2.0-3.0%,1.00-1.02,2025-09-15→2025-09-16
2025-09-15,2025-09-16,C,6640.0,0.0273972602739726,56.3633777233571,0.4653870804003993,38.89975742122488,0.4348841198363581,6615.28,6606.76,0.024657534246575342,68.53446209880389,32.747040765229485,3.8650979250111805,3.605212701005564,1.0032106606057314,2.0-3.0%,1.00-1.02,2025-09-15→2025-09-16
2025-09-15,2025-09-16,P,6640.0,0.0273972602739726,77.60279661526285,-0.5346129195992798,60.100315555421275,-0.5657153797921107,6615.28,6606.76,0.024657534246575342,93.46459805440217,62.822120556890695,-0.8549020749856151,-1.1198950358285202,1.0032106606057314,2.0-3.0%,1.00-1.02,2025-09-15→2025-09-16
2025-09-15,2025-09-16,C,6645.0,0.0273972602739726,53.49021732350455,0.4409581598612987,36.44976671457016,0.41822348806328974,6615.28,6606.76,0.024657534246575342,73.16684574908223,30.490605011991647,3.656963522018055,3.4632641182990294,1.003966090320043,2.0-3.0%,1.00-1.02,2025-09-15→2025-09-16
2025-09-15,2025-09-16,P,6645.0,0.0273972602739726,79.72701529590185,-0.5590418401383617,62.60032491087031,-0.5824873458007442,6615.28,6606.76,0.024657534246575342,103.09072427693997,65.51958120075096,-0.963036477978573,-1.1627921862220614,1.003966090320043,2.0-3.0%,1.00-1.02,2025-09-15→2025-09-16
2025-09-15,2025-09-16,C,6650.0,0.0273972602739726,51.80265356297356,0.440200678610409,33.999776166379434,0.4012820229792577,6615.28,6606.76,0.024657534246575342,71.87040101831705,28.245722157324963,3.850509781760478,3.518922835783087,1.0047215200343544,2.0-3.0%,1.00-1.02,2025-09-15→2025-09-16
2025-09-15,2025-09-16,P,6650.0,0.0273972602739726,83.03683061585905,-0.559799321389291,65.30033419629717,-0.599130599144071,6615.28,6606.76,0.024657534246575342,106.78802211842752,68.41341773479871,-0.8694902182364892,-1.2045927047071956,1.0047215200343544,2.0-3.0%,1.00-1.02,2025-09-15→2025-09-16
2025-09-15,2025-09-16,C,6655.0,0.0273972602739726,50.89323097813468,0.44074931410198664,31.899785340046492,0.3849048561655318,6615.28,6606.76,0.024657534246575342,69.40495156782744,26.334294061380206,3.8551841561487192,3.37938937453015,1.005476949748666,2.0-3.0%,1.00-1.02,2025-09-15→2025-09-16
2025-09-15,2025-09-16,P,6655.0,0.0273972602739726,87.12478711151523,-0.5592506858976565,68.05034357962631,-0.615880444813721,6615.28,6606.76,0.024657534246575342,109.31631524019139,71.364183105743,-0.8148158438477662,-1.297301389812608,1.005476949748666,2.0-3.0%,1.00-1.02,2025-09-15→2025-09-16
2025-09-15,2025-09-16,C,6660.0,0.0273972602739726,48.201690788356565,0.4169467934701142,29.749795214884216,0.3682264362749407,6615.28,6606.76,0.024657534246575342,71.19044813086907,24.38723573167681,3.6523866803651774,3.2372892370623223,1.0062323794629775,2.0-3.0%,1.00-1.02,2025-09-15→2025-09-16
2025-09-15,2025-09-16,P,6660.0,0.0273972602739726,89.43062600222257,-0.5830532065295821,70.90035350118796,-0.632597578497807,6615.28,6606.76,0.024657534246575342,116.09555437549443,74.41762249299427,-0.9176133196317666,-1.3397313688010186,1.0062323794629775,2.0-3.0%,1.00-1.02,2025-09-15→2025-09-16
2025-09-15,2025-09-16,C,6665.0,0.0273972602739726,45.93586085540993,0.40058621519946314,27.64980395499788,0.3514598121517592,6615.28,6606.76,0.024657534246575342,72.33631750657493,22.49684054282625,3.6129945534992394,3.194437599532825,1.006987809177289,2.0-3.0%,1.00-1.02,2025-09-15→2025-09-16
2025-09-15,2025-09-16,P,6665.0,0.0273972602739726,92.16217514976647,-0.599413784800266,73.85036214199863,-0.649234374224382,6615.28,6606.76,0.024657534246575342,122.23516632345948,77.57310065874663,-1.007005446497974,-1.4314768683914192,1.006987809177289,2.0-3.0%,1.00-1.02,2025-09-15→2025-09-16
2025-09-15,2025-09-16,C,6670.0,0.0273972602739726,45.74320188062185,0.4159097806316536,25.699813141297,0.33497291334560736,6615.28,6606.76,0.024657534246575342,70.21624179643831,20.753383801412156,3.7935513309814923,3.1039692217044164,1.0077432388916006,2.0-3.0%,1.00-1.02,2025-09-15→2025-09-16
2025-09-15,2025-09-16,P,6670.0,0.0273972602739726,96.96689525547133,-0.5840902193680411,77.00037112833706,-0.665362088574061,6615.28,6606.76,0.024657534246575342,125.10883318557322,80.92006562781717,-1.2764486690154309,-1.968884994650682,1.0077432388916006,2.0-3.0%,1.00-1.02,2025-09-15→2025-09-16
2025-09-15,2025-09-16,C,6675.0,0.0273972602739726,43.707786346806216,0.3967133234680136,23.899821888947827,0.3188772962029478,6615.28,6606.76,0.024657534246575342,67.52693126785124,19.155273360738875,3.629997515947288,2.9668345636489644,1.008498668605912,2.0-3.0%,1.00-1.02,2025-09-15→2025-09-16
2025-09-15,2025-09-16,P,6675.0,0.0273972602739726,99.92885880215134,-0.6032866765316516,79.3003817923327,-0.6852843845130888,6615.28,6606.76,0.024657534246575342,127.4132652292316,83.51629147385393,-0.34000248404938915,-1.0386229560511957,1.008498668605912,2.0-3.0%,1.00-1.02,2025-09-15→2025-09-16
2025-09-15,2025-09-16,C,6680.0,0.0273972602739726,41.0397240738847,0.37104518547522347,22.14983108256547,0.3028272292244806,6615.28,6606.76,0.024657534246575342,72.238135449128,17.611789172873387,3.361304980248731,2.780087992992434,1.0092540983202236,2.0-3.0%,1.00-1.02,2025-09-15→2025-09-16
2025-09-15,2025-09-16,P,6680.0,0.0273972602739726,102.25817560971302,-0.6289548145244691,82.50039153972102,-0.7019367869636617,6615.28,6606.76,0.024657534246575342,137.1182119827776,86.93361653093689,-1.558695019748182,-2.1805014249300685,1.0092540983202236,2.0-3.0%,1.00-1.02,2025-09-15→2025-09-16
2025-09-15,2025-09-16,C,6545.0,0.030136986301369864,109.76267332818541,0.6793237750009187,105.15201861113474,0.6972118022858811,6615.28,6606.76,0.0273972602739726,103.92780008615402,96.45686928579926,5.687838563007498,5.840244555475369,0.9885806628642017,3.0-4.0%,0.98-1.00,2025-09-15→2025-09-16
2025-09-15,2025-09-16,P,6545.0,0.030136986301369864,34.22056076049253,-0.32067622499883514,29.749120354405022,-0.3042422331550969,6615.28,6606.76,0.0273972602739726,32.287832302027994,30.05837332193323,-0.23216143698992386,-0.09214382648128172,0.9885806628642017,3.0-4.0%,0.98-1.00,2025-09-15→2025-09-16
2025-09-15,2025-09-16,C,6550.0,0.030136986301369864,106.99101547531563,0.6802089895945658,101.5519851810177,0.685976410796636,6615.28,6606.76,0.0273972602739726,100.53573398093988,92.93131156742402,5.145380591345387,5.194519019987022,0.9893358810940445,3.0-4.0%,0.98-1.00,2025-09-15→2025-09-16
2025-09-15,2025-09-16,P,6550.0,0.030136986301369864,36.444882959137885,-0.31979101040523367,30.89908910198392,-0.3146750993020633,6615.28,6606.76,0.0273972602739726,33.88821847506904,31.29021809691767,-0.2746194086524367,-0.23103184605342753,0.9893358810940445,3.0-4.0%,0.98-1.00,2025-09-15→2025-09-16
2025-09-15,2025-09-16,C,6555.0,0.030136986301369864,103.96364469944884,0.6656134795066574,97.6519550377916,0.6755147894529061,6615.28,6606.76,0.0273972602739726,96.9986381206624,89.12092818034853,4.421026845396407,4.5053860061384405,0.9900910993238872,3.0-4.0%,0.98-1.00,2025-09-15→2025-09-16
2025-09-15,2025-09-16,P,6555.0,0.030136986301369864,38.41349223478155,-0.3343865204931367,32.0490585202142,-0.3252898471637737,6615.28,6606.76,0.0273972602739726,35.34357489303557,32.52834032625424,-0.14897315460136396,-0.0714694978351953,0.9900910993238872,3.0-4.0%,0.98-1.00,2025-09-15→2025-09-16
2025-09-15,2025-09-16,C,6560.0,0.030136986301369864,100.6052253001014,0.6470698828338605,93.85192334539624,0.664558469892537,6615.28,6606.76,0.0273972602739726,96.22513405542603,85.41407827632884,4.3630354017441935,4.512038163484109,0.99084631755373,3.0-4.0%,0.98-1.00,2025-09-15→2025-09-16
2025-09-15,2025-09-16,P,6560.0,0.030136986301369864,40.051052886955915,-0.35293011716589656,33.24902682781931,-0.33624616672414276,6615.28,6606.76,0.0273972602739726,39.56252310601755,33.82149042223591,-0.3569645982532661,-0.21481734048953172,0.99084631755373,3.0-4.0%,0.98-1.00,2025-09-15→2025-09-16
2025-09-15,2025-09-16,C,6565.0,0.030136986301369864,97.72255879239066,0.6415661395816143,90.1018906527861,0.6532619860484024,6615.28,6606.76,0.0273972602739726,93.23088557337178,81.76248930192833,4.416143509235054,4.515792121132082,0.9916015357835728,3.0-4.0%,0.98-1.00,2025-09-15→2025-09-16
2025-09-15,2025-09-16,P,6565.0,0.030136986301369864,42.16436643075365,-0.35843386041822206,34.54899376868116,-0.34766929785130274,6615.28,6606.76,0.0273972602739726,41.56072690221989,35.21833399922525,-0.25385649076307804,-0.1621424176929307,0.9916015357835728,3.0-4.0%,0.98-1.00,2025-09-15→2025-09-16
2025-09-15,2025-09-16,C,6570.0,0.030136986301369864,95.23915208589018,0.63441441652863,86.55185680352952,0.6412755085608798,6615.28,6606.76,0.0273972602739726,89.94987938808215,78.31157521900468,4.35521082882363,4.413667332938395,0.9923567540134155,3.0-4.0%,0.98-1.00,2025-09-15→2025-09-16
2025-09-15,2025-09-16,P,6570.0,0.030136986301369864,44.6769397757679,-0.36558558347120595,35.84896099241587,-0.3592955642453226,6615.28,6606.76,0.0273972602739726,43.27217299516777,36.62220273612138,-0.11478917117450171,-0.06119820736997861,0.9923567540134155,3.0-4.0%,0.98-1.00,2025-09-15→2025-09-16
2025-09-15,2025-09-16,C,6575.0,0.030136986301369864,92.03437918579532,0.61546681757091,82.90182151311274,0.6293302369443874,6615.28,6606.76,0.0273972602739726,89.62337533340012,74.77107562415767,4.293777285703859,4.41189361876588,0.9931119722432583,3.0-4.0%,0.98-1.00,2025-09-15→2025-09-16
2025-09-15,2025-09-16,P,6575.0,0.030136986301369864,46.46814692719435,-0.3845331824288335,37.24892530688203,-0.37136758792390934,6615.28,6606.76,0.0273972602739726,47.938121218723616,38.13014147984313,-0.3762227142934811,-0.26405184911153334,0.9931119722432583,3.0-4.0%,0.98-1.00,2025-09-15→2025-09-16
2025-09-15,2025-09-16,C,6580.0,0.030136986301369864,88.97935274714655,0.5991425441342854,79.40178529395416,0.61685383261396,6615.28,6606.76,0.0273972602739726,87.71497036473541,71.38310777665811,4.204694476023822,4.355594653870642,0.9938671904731011,3.0-4.0%,0.98-1.00,2025-09-15→2025-09-16
2025-09-15,2025-09-16,P,6580.0,0.030136986301369864,48.40910054004822,-0.40085745586556504,38.84888849823028,-0.38404682920580674,6615.28,6606.76,0.0273972602739726,51.02216852829168,39.838809562510505,-0.5653055239744229,-0.4220789848332904,0.9938671904731011,3.0-4.0%,0.98-1.00,2025-09-15→2025-09-16
2025-09-15,2025-09-16,C,6585.0,0.030136986301369864,86.93511964549663,0.6025640370263351,75.95174831297936,0.6040805852639606,6615.28,6606.76,0.0273972602739726,84.72551752662062,68.05108431244389,4.333845595464093,4.346766586448661,0.9946224087029439,3.0-4.0%,0.98-1.00,2025-09-15→2025-09-16
2025-09-15,2025-09-16,P,6585.0,0.030136986301369864,51.36084748991934,-0.39743596297339717,40.29885204226048,-0.39663876015961747,6615.28,6606.76,0.0273972602739726,53.025167968421755,41.41026870446922,-0.23615440453315006,-0.2293622365597474,0.9946224087029439,3.0-4.0%,0.98-1.00,2025-09-15→2025-09-16
2025-09-15,2025-09-16,C,6590.0,0.030136986301369864,84.04866331866192,0.5849113035264311,72.6017102702499,0.5909364923516105,6615.28,6606.76,0.0273972602739726,82.57366158391733,64.82336265491358,4.183444306044919,4.234778914835445,0.9953776269327866,3.0-4.0%,0.98-1.00,2025-09-15→2025-09-16
2025-09-15,2025-09-16,P,6590.0,0.030136986301369864,53.4703712145992,-0.41508869647334845,41.94881396654364,-0.4097942446578449,6615.28,6606.76,0.0273972602739726,55.86576430395133,43.18261905934605,-0.33655569395272966,-0.291446964484642,0.9953776269327866,3.0-4.0%,0.98-1.00,2025-09-15→2025-09-16
2025-09-15,2025-09-16,C,6595.0,0.030136986301369864,80.91404354295891,0.563638383052892,69.25167161353602,0.5775799107554057,6615.28,6606.76,0.0273972602739726,84.0856712026459,61.60375934151125,4.152199023610368,4.270980839635778,0.9961328451626295,3.0-4.0%,0.98-1.00,2025-09-15→2025-09-16
2025-09-15,2025-09-16,P,6595.0,0.030136986301369864,55.33173149041222,-0.43636161694688325,43.59877527630579,-0.4231624089574049,6615.28,6606.76,0.0273972602739726,62.37022620092014,44.963095041376164,-0.46780097638723905,-0.35534372431689,0.9961328451626295,3.0-4.0%,0.98-1.00,2025-09-15→2025-09-16
2025-09-15,2025-09-16,C,6600.0,0.030136986301369864,78.96594182400833,0.5678088096170365,65.95163312212298,0.5639236825367744,6615.28,6606.76,0.0273972602739726,81.58531748733151,58.440716281284494,4.337731057936883,4.304629775213051,0.9968880633924723,3.0-4.0%,0.98-1.00,2025-09-15→2025-09-16
2025-09-15,2025-09-16,P,6600.0,0.030136986301369864,58.37960982297331,-0.4321911903827586,45.34873660454605,-0.4368809540799037,6615.28,6606.76,0.0273972602739726,64.86232476385278,46.848128427190204,-0.482268942060903,-0.5222257287605769,0.9968880633924723,3.0-4.0%,0.98-1.00,2025-09-15→2025-09-16
2025-09-15,2025-09-16,C,6605.0,0.030136986301369864,76.66994299069461,0.5557031588474811,62.85159128425039,0.5498511648088288,6615.28,6606.76,0.0273972602739726,78.55938071230088,55.47812397656935,4.134590913380275,4.08473192417096,0.997643281622315,3.0-4.0%,0.98-1.00,2025-09-15→2025-09-16
2025-09-15,2025-09-16,P,6605.0,0.030136986301369864,61.07959104117296,-0.44429684115229734,47.248694766673,-0.45095347180784945,6615.28,6606.76,0.0273972602739726,66.828840267052,48.885536122475514,-0.43540908661736166,-0.49212357980266264,0.997643281622315,3.0-4.0%,0.98-1.00,2025-09-15→2025-09-16
2025-09-15,2025-09-16,C,6610.0,0.030136986301369864,73.63366309931492,0.5341247352179693,59.75155003670716,0.5355733404403965,6615.28,6606.76,0.0273972602739726,81.85094639782106,52.5241249665969,4.100742744056843,4.113084860551922,0.9983984998521578,3.0-4.0%,0.98-1.00,2025-09-15→2025-09-16
2025-09-15,2025-09-16,P,6610.0,0.030136986301369864,63.03929120130926,-0.4658752647818241,49.048653663237474,-0.4651814867289432,6615.28,6606.76,0.0273972602739726,75.11285823080713,50.83597243683471,-0.46925725594092116,-0.46334626693037606,0.9983984998521578,3.0-4.0%,0.98-1.00,2025-09-15→2025-09-16
2025-09-15,2025-09-16,C,6615.0,0.030136986301369864,71.23693537141408,0.5265533635658238,56.65150713256435,0.5210483303256407,6615.28,6606.76,0.0273972602739726,80.86921524940408,49.57922829930385,4.186234657580573,4.139331774374215,0.9991537180820006,3.0-4.0%,0.98-1.00,2025-09-15→2025-09-16
2025-09-15,2025-09-16,P,6615.0,0.030136986301369864,65.63854352491822,-0.47344663643403734,51.14861056016571,-0.47977950564335303,6615.28,6606.76,0.0273972602739726,79.12357936065236,53.08197084714402,-0.5837653424177782,-0.637721388081145,0.9991537180820006,3.0-4.0%,0.98-1.00,2025-09-15→2025-09-16
2025-09-15,2025-09-16,C,6620.0,0.030136986301369864,69.75092650903798,0.5275386701838993,53.70146513955979,0.5062367573907709,6615.28,6606.76,0.0273972602739726,78.17108652883604,46.78663288483767,4.344629469966567,4.163137172969123,0.9999089363118434,3.0-4.0%,0.98-1.00,2025-09-15→2025-09-16
2025-09-15,2025-09-16,P,6620.0,0.030136986301369864,69.14851471406185,-0.4724613298159028,53.098568621983304,-0.4945678792259071,6615.28,6606.76,0.0273972602739726,81.41790291831221,55.19404503074429,-0.37537053003126974,-0.5637183310044964,0.9999089363118434,3.0-4.0%,0.98-1.00,2025-09-15→2025-09-16
2025-09-15,2025-09-16,C,6625.0,0.030136986301369864,66.91967263848521,0.5066152422332612,50.8514215249279,0.49119998681566274,6615.28,6606.76,0.0273972602739726,78.38068807346389,44.09835640173014,4.266361863827141,4.13502388766921,1.0006641545416861,3.0-4.0%,1.00-1.02,2025-09-15→2025-09-16
2025-09-15,2025-09-16,P,6625.0,0.030136986301369864,71.313240895022,-0.49338475776652,55.24852500735096,-0.5096046498010153,6615.28,6606.76,0.0273972602739726,86.61995674118506,57.50576854763676,-0.5536381361705116,-0.6918316163044036,1.0006641545416861,3.0-4.0%,1.00-1.02,2025-09-15→2025-09-16
2025-09-15,2025-09-16,C,6630.0,0.030136986301369864,63.93801826946915,0.483023026752849,48.201377728184525,0.4760371294621277,6615.28,6606.76,0.0273972602739726,81.17447008104254,41.60866241567828,3.9653561879340398,3.9058363430170973,1.001419372771529,3.0-4.0%,1.00-1.02,2025-09-15→2025-09-16
2025-09-15,2025-09-16,P,6630.0,0.030136986301369864,73.3275665775207,-0.5169769732469214,57.54848112173522,-0.5247982090081085,6615.28,6606.76,0.0273972602739726,94.40619102699743,59.96882030551433,-0.6546438120635258,-0.7212807407488357,1.001419372771529,3.0-4.0%,1.00-1.02,2025-09-15→2025-09-16
2025-09-15,2025-09-16,C,6635.0,0.030136986301369864,63.02506933317706,0.497328011030232,45.55133327211615,0.46069382058994246,6615.28,6606.76,0.0273972602739726,78.98784985628681,39.127927128837655,4.137234653977347,3.8251113514260977,1.0021745910013717,3.0-4.0%,1.00-1.02,2025-09-15→2025-09-16
2025-09-15,2025-09-16,P,6635.0,0.030136986301369864,77.41059769274915,-0.5026719889694745,59.84843648961623,-0.5402020278447294,6615.28,6606.76,0.0273972602739726,97.21202308048235,62.4411457598776,-0.5327653460196853,-0.8525212772368391,1.0021745910013717,3.0-4.0%,1.00-1.02,2025-09-15→2025-09-16
2025-09-15,2025-09-16,C,6640.0,0.030136986301369864,60.84775298938608,0.48138388378461194,43.00128749448095,0.4452423420597242,6615.28,6606.76,0.0273972602739726,76.07873902884477,36.750609392817296,4.051390689844669,3.743464754348642,1.0029298092312144,3.0-4.0%,1.00-1.02,2025-09-15→2025-09-16
2025-09-15,2025-09-16,P,6640.0,0.030136986301369864,80.22926140047007,-0.5186161162151606,62.24839268860114,-0.5557449337536015,6615.28,6606.76,0.0273972602739726,99.29536453128487,65.01723634296604,-0.5686093101529286,-0.8849468355804273,1.0029298092312144,3.0-4.0%,1.00-1.02,2025-09-15→2025-09-16
2025-09-15,2025-09-16,C,6645.0,0.030136986301369864,57.96557610503342,0.4577833498328291,40.501243467913355,0.42964737453558777,6615.28,6606.76,0.0273972602739726,80.75881337244093,34.42956604075789,4.050314140575493,3.8105956310430105,1.0036850274610574,3.0-4.0%,1.00-1.02,2025-09-15→2025-09-16
2025-09-15,2025-09-16,P,6645.0,0.030136986301369864,82.34306456762991,-0.5422166501669434,64.79834650749763,-0.5713102635016668,6615.28,6606.76,0.0273972602739726,108.96789115312465,67.7434753663174,-0.7196858594220963,-0.9675634450339254,1.0036850274610574,3.0-4.0%,1.00-1.02,2025-09-15→2025-09-16
2025-09-15,2025-09-16,C,6650.0,0.030136986301369864,56.20599780791804,0.45704438186427665,38.001197633014726,0.4138104560564206,6615.28,6606.76,0.0273972602739726,79.74153843540486,32.118353722317806,4.094018133483424,3.7256650856005105,1.0044402456909,3.0-4.0%,1.00-1.02,2025-09-15→2025-09-16
2025-09-15,2025-09-16,P,6650.0,0.030136986301369864,85.57946632202611,-0.5429556181355377,67.39830111543779,-0.5869941805602568,6615.28,6606.76,0.0273972602739726,112.94306849431374,70.52576586822352,-0.6759818665145358,-1.051190418373121,1.0044402456909,3.0-4.0%,1.00-1.02,2025-09-15→2025-09-16
2025-09-15,2025-09-16,C,6655.0,0.030136986301369864,55.327576567993034,0.4584207420819438,35.75115251598481,0.3982203585360857,6615.28,6606.76,0.0273972602739726,77.10230447741023,30.049519637968842,4.105744722537947,3.5928374547272646,1.0051954639207428,3.0-4.0%,1.00-1.02,2025-09-15→2025-09-16
2025-09-15,2025-09-16,P,6655.0,0.030136986301369864,89.69702513361689,-0.5415792579178524,70.04825536704811,-0.6028024692005285,6615.28,6606.76,0.0273972602739726,115.2962868145857,73.36420867837205,-0.5642552774598499,-1.0858770375882205,1.0051954639207428,3.0-4.0%,1.00-1.02,2025-09-15→2025-09-16
2025-09-15,2025-09-16,C,6660.0,0.030136986301369864,52.681043273611046,0.43577517637909424,33.55110727155852,0.38256651555362925,6615.28,6606.76,0.0273972602739726,78.07351058097721,28.036107515461026,3.9128045027496796,3.4594667125167433,1.0059506821505857,3.0-4.0%,1.00-1.02,2025-09-15→2025-09-16
2025-09-15,2025-09-16,P,6660.0,0.030136986301369864,92.0464718907448,-0.5642248236207326,72.84821002849685,-0.6184896908551052,6615.28,6606.76,0.0273972602739726,121.25994519638608,76.35121449932103,-0.7571954972483637,-1.2195321660851928,1.0059506821505857,3.0-4.0%,1.00-1.02,2025-09-15→2025-09-16
2025-09-15,2025-09-16,C,6665.0,0.030136986301369864,50.372282130332,0.41986557328041685,31.451062904972787,0.3669866250130651,6615.28,6606.76,0.0273972602739726,80.2882392364161,26.124106054038748,3.7772546843489523,3.3267260451111405,1.0067059003804284,3.0-4.0%,1.00-1.02,2025-09-15→2025-09-16
2025-09-15,2025-09-16,P,6665.0,0.030136986301369864,94.73369079898161,-0.5801344267194175,75.69816519623237,-0.6342466753978667,6615.28,6606.76,0.0273972602739726,128.46712613005937,79.39372136502698,-0.7927453156491717,-1.2537816743895327,1.0067059003804284,3.0-4.0%,1.00-1.02,2025-09-15→2025-09-16
2025-09-15,2025-09-16,C,6670.0,0.030136986301369864,50.0919512693729,0.4349269429503877,29.35101644758197,0.3512073285258383,6615.28,6606.76,0.0273972602739726,78.0663269560112,24.22147089191867,4.055577553937098,3.342286439039978,1.007461118610271,3.0-4.0%,1.00-1.02,2025-09-15→2025-09-16
2025-09-15,2025-09-16,P,6670.0,0.030136986301369864,99.44933998953616,-0.5650730570494601,78.64811900034056,-0.6499185093473484,6615.28,6606.76,0.0273972602739726,131.23766612788748,82.53748658479617,-0.6144224460611438,-1.3373056996391126,1.007461118610271,3.0-4.0%,1.00-1.02,2025-09-15→2025-09-16
2025-09-15,2025-09-16,C,6675.0,0.030136986301369864,48.21145849258837,0.4174328439226606,27.450972083269335,0.33588158223763526,6615.28,6606.76,0.0273972602739726,75.18690785951486,22.510815547216453,3.9065278302208726,3.211711080664495,1.008216336840114,3.0-4.0%,1.00-1.02,2025-09-15→2025-09-16
2025-09-15,2025-09-16,P,6675.0,0.030136986301369864,102.56482726426698,-0.5825671560771726,81.59807297875705,-0.6658162628707847,6615.28,6606.76,0.0273972602739726,133.35069930964005,85.69095923775785,-0.5634721697772296,-1.2727545596587646,1.008216336840114,3.0-4.0%,1.00-1.02,2025-09-15→2025-09-16
2025-09-15,2025-09-16,C,6680.0,0.030136986301369864,45.57937169767935,0.3929396009885613,25.55092704128174,0.3203821795081791,6615.28,6606.76,0.0273972602739726,80.002535480637,20.809094368594515,3.697845400422354,3.079656169409532,1.0089715550699567,3.0-4.0%,1.00-1.02,2025-09-15→2025-09-16
2025-09-15,2025-09-16,P,6680.0,0.030136986301369864,104.92872052087881,-0.6070603990111737,84.09802052892792,-0.6838200957568651,6615.28,6606.76,0.0273972602739726,143.15877920898978,88.44872554636822,-0.1721545995749132,-0.8261472158481675,1.0089715550699567,3.0-4.0%,1.00-1.02,2025-09-15→2025-09-16
