asof0,asof1,cp,K,T,price0_pde,delta0_pde,price0_bsm,delta0_bsm,S0,S1,T1,price1_pde,price1_bsm,pnl_pde,pnl_bsm,m,T_bucket,m_bucket,pair
2025-09-16,2025-09-17,C,6535.0,0.005479452054794521,79.62700427326803,0.8513946772993154,86.55000000000746,0.7926563499155769,6606.76,6600.35,0.0136986301369863,134.78057062067293,103.60229784888452,5.757439881488485,5.38092720295873,0.9885862535833415,<1.0%,0.98-1.00,2025-09-16→2025-09-17
2025-09-16,2025-09-17,P,6535.0,0.005479452054794521,4.219120997545987,-0.14860532270057294,11.150000000006457,-0.20832695374511784,6606.76,6600.35,0.0136986301369863,61.470659080094144,29.12874638158928,1.4974398814893484,1.1146242264938242,0.9885862535833415,<1.0%,0.98-1.00,2025-09-16→2025-09-17
2025-09-16,2025-09-17,C,6540.0,0.005479452054794521,75.24884519189409,0.8406737553815721,82.2500003301493,0.7801271509637069,6606.76,6600.35,0.0136986301369863,132.29780213731226,99.43542592351605,5.888718771995754,5.500615037677248,0.9893426317421659,<1.0%,0.98-1.00,2025-09-16→2025-09-17
2025-09-16,2025-09-17,P,6540.0,0.005479452054794521,4.8381708807638715,-0.15932624461842462,11.849999649269193,-0.22083926321646064,6606.76,6600.35,0.0136986301369863,63.981800381325684,29.95993843769611,1.578718771995921,1.1844203227825192,0.9893426317421659,<1.0%,0.98-1.00,2025-09-16→2025-09-17
2025-09-16,2025-09-17,C,6545.0,0.005479452054794521,70.8763980735778,0.8210644762438432,78.04999999517077,0.7664261279242073,6606.76,6600.35,0.0136986301369863,129.96354216111467,95.39702905821832,7.1630232927229205,6.812791479994063,0.9900990099009901,<1.0%,0.98-1.00,2025-09-16→2025-09-17
2025-09-16,2025-09-17,P,6545.0,0.005479452054794521,5.462932727041844,-0.1789355237561556,12.649999995713415,-0.23452088965629245,6606.76,6600.35,0.0136986301369863,66.6414501897106,30.919648991148733,1.553023292723068,1.1967210973031988,0.9900990099009901,<1.0%,0.98-1.00,2025-09-16→2025-09-17
2025-09-16,2025-09-17,C,6550.0,0.005479452054794521,66.65380214504253,0.7954402547872099,73.94999999997162,0.7516004201497941,6606.76,6600.35,0.0136986301369863,121.30223443983087,91.47682906497994,5.7987720331859025,5.517758693160074,0.9908553880598144,<1.0%,0.98-1.00,2025-09-16→2025-09-17
2025-09-16,2025-09-17,P,6550.0,0.005479452054794521,6.237545763100121,-0.20455974521271592,13.499999999971351,-0.24895809870058708,6606.76,6600.35,0.0136986301369863,62.97405225302187,31.906918467092055,1.5387720331865222,1.2541785873292746,0.9908553880598144,<1.0%,0.98-1.00,2025-09-16→2025-09-17
2025-09-16,2025-09-17,C,6555.0,0.005479452054794521,62.553599473079885,0.7720464054892056,69.80000001775716,0.7367388877260342,6606.76,6600.35,0.0136986301369863,119.00195397190556,87.39811643230496,5.798817459185704,5.57249627032378,0.9916117662186387,<1.0%,0.98-1.00,2025-09-16→2025-09-17
2025-09-16,2025-09-17,P,6555.0,0.005479452054794521,7.134552055732051,-0.22795359451072633,14.500000013335011,-0.26485683043718566,6606.76,6600.35,0.0136986301369863,65.66768156969152,33.095361027861145,1.438817459186276,1.202267716897677,0.9916117662186387,<1.0%,0.98-1.00,2025-09-16→2025-09-17
2025-09-16,2025-09-17,C,6560.0,0.005479452054794521,58.45283095215895,0.7591521115677364,65.85000000014043,0.7200675140844753,6606.76,6600.35,0.0136986301369863,117.11486750517896,83.60383234560686,5.766165035149085,5.515632765281388,0.992368144377463,<1.0%,0.98-1.00,2025-09-16→2025-09-17
2025-09-16,2025-09-17,P,6560.0,0.005479452054794521,8.030992499408077,-0.24084788843214194,15.50000000011596,-0.28113488203698295,6606.76,6600.35,0.0136986301369863,68.77450488754656,34.20885544917337,1.4561650351500053,1.1979254061429803,0.992368144377463,<1.0%,0.98-1.00,2025-09-16→2025-09-17
2025-09-16,2025-09-17,C,6565.0,0.005479452054794521,54.38740943703969,0.7270432680468667,61.95000000000164,0.7026721318798534,6606.76,6600.35,0.005479452054794521,86.35930418739049,57.52887883232961,-3.2896526518196927,-3.4458716346502447,0.9931245225362872,<1.0%,0.98-1.00,2025-09-16→2025-09-17
2025-09-16,2025-09-17,P,6565.0,0.005479452054794521,8.962779948880168,-0.27295673195313386,16.550000000000637,-0.29818374507903206,6606.76,6600.35,0.005479452054794521,47.08280932798142,18.544261812037803,-7.69965265181955,-7.861357805956553,0.9931245225362872,<1.0%,0.98-1.00,2025-09-16→2025-09-17
2025-09-16,2025-09-17,C,6570.0,0.005479452054794521,50.664954547365376,0.6947735715175893,58.14999986602197,0.6842518552656075,6606.76,6600.35,0.005479452054794521,80.40414660941212,53.850086601565636,-3.6965014065723594,-3.7639456077475613,0.9938809006951116,<1.0%,0.98-1.00,2025-09-16→2025-09-17
2025-09-16,2025-09-17,P,6570.0,0.005479452054794521,10.23753402379915,-0.30522642848235554,17.69999986602261,-0.3163066635847774,6606.76,6600.35,0.005479452054794521,46.124661274099495,19.813666707394987,-8.056501406571854,-8.127525713578377,0.9938809006951116,<1.0%,0.98-1.00,2025-09-16→2025-09-17
2025-09-16,2025-09-17,C,6575.0,0.005479452054794521,46.89746253925465,0.6834132589435712,54.349999996899896,0.6653389064496928,6606.76,6600.35,0.005479452054794521,78.32317544666344,50.17458740955408,-3.96932101017181,-4.085177609657567,0.9946372788539358,<1.0%,0.98-1.00,2025-09-16→2025-09-17
2025-09-16,2025-09-17,P,6575.0,0.005479452054794521,11.467250980281964,-0.31658674105639506,18.99999999720103,-0.3357061653270547,6606.76,6600.35,0.005479452054794521,49.04069963544867,21.24104236001449,-8.329321010171448,-8.451876519746373,0.9946372788539358,<1.0%,0.98-1.00,2025-09-16→2025-09-17
2025-09-16,2025-09-17,C,6580.0,0.005479452054794521,43.159252141210615,0.646638614784035,50.74999999996817,0.6449441596908599,6606.76,6600.35,0.005479452054794521,74.87410570918748,46.70822386031659,-4.3050464792344325,-4.315907936381684,0.9953936570127602,<1.0%,0.98-1.00,2025-09-16→2025-09-17
2025-09-16,2025-09-17,P,6580.0,0.005479452054794521,12.726249546831536,-0.3533613852159415,20.34999999996944,-0.35582789259914926,6606.76,6600.35,0.005479452054794521,50.588639422070216,22.723041951713185,-8.665046479234135,-8.680856791560497,0.9953936570127602,<1.0%,0.98-1.00,2025-09-16→2025-09-17
2025-09-16,2025-09-17,C,6585.0,0.005479452054794521,39.740978040097424,0.6091595191600033,47.200000056819135,0.6238356394609589,6606.76,6600.35,0.005479452054794521,66.31141777591611,43.296412779194725,-4.595287482184467,-4.501213551055344,0.9961500351715844,<1.0%,0.98-1.00,2025-09-16→2025-09-17
2025-09-16,2025-09-17,P,6585.0,0.005479452054794521,14.305184410314855,-0.3908404808399516,21.800000055125565,-0.37690539940869894,6606.76,6600.35,0.005479452054794521,47.02296101289729,24.311023553102586,-9.005287482184032,-8.915963610209705,0.9961500351715844,<1.0%,0.98-1.00,2025-09-16→2025-09-17
2025-09-16,2025-09-17,C,6590.0,0.005479452054794521,36.35611062815351,0.5810592497826338,43.75000000097771,0.6018033558663187,6606.76,6600.35,0.005479452054794521,64.50718609067621,39.9903518969586,-4.825410208893399,-4.692440488896981,0.9969064133304087,<1.0%,0.98-1.00,2025-09-16→2025-09-17
2025-09-16,2025-09-17,P,6590.0,0.005479452054794521,15.917525962963524,-0.41894075021730615,23.400000000921864,-0.39905432705132754,6606.76,6600.35,0.005479452054794521,50.215738851756896,26.055555476094924,-9.23541020889287,-9.10793823639895,0.9969064133304087,<1.0%,0.98-1.00,2025-09-16→2025-09-17
2025-09-16,2025-09-17,C,6595.0,0.005479452054794521,33.017057845956366,0.5554657132532607,40.450000000004366,0.5787612972030279,6606.76,6600.35,0.005479452054794521,61.99013036383205,36.84041238799773,-4.989464778046685,-4.840140084928679,0.997662791489233,<1.0%,0.98-1.00,2025-09-16→2025-09-17
2025-09-16,2025-09-17,P,6595.0,0.005479452054794521,17.57568214535974,-0.44453428674669804,25.100000000004457,-0.42202686072584833,6606.76,6600.35,0.005479452054794521,52.69569264901257,27.90515638557281,-9.449464778046272,-9.305192177252628,0.997662791489233,<1.0%,0.98-1.00,2025-09-16→2025-09-17
2025-09-16,2025-09-17,C,6600.0,0.005479452054794521,29.837493104432703,0.5137779134322381,37.34999968292277,0.5547649252356118,6606.76,6600.35,0.005479452054794521,54.18924410565903,33.89603377757339,-5.30668357489943,-5.043956829239811,0.9984191696480573,<1.0%,0.98-1.00,2025-09-16→2025-09-17
2025-09-16,2025-09-17,P,6600.0,0.005479452054794521,19.393326368430213,-0.48622208656773835,26.899999682922953,-0.44579359361477744,6606.76,6600.35,0.005479452054794521,49.89181591493459,29.8596138834032,-9.616683574899131,-9.357536935070659,0.9984191696480573,<1.0%,0.98-1.00,2025-09-16→2025-09-17
2025-09-16,2025-09-17,C,6605.0,0.005479452054794521,26.943287647710118,0.47114956269413333,34.24999999927968,0.5302276911728834,6606.76,6600.35,0.005479452054794521,50.52637152905551,30.955173034417385,-5.479931303130674,-5.101240499581895,0.9991755478068816,<1.0%,0.98-1.00,2025-09-16→2025-09-17
2025-09-16,2025-09-17,P,6605.0,0.005479452054794521,21.496329876302106,-0.5288504373058528,28.84999999928823,-0.47037082768246896,6606.76,6600.35,0.005479452054794521,51.22595286242762,31.968844517726666,-9.839931303130442,-9.46507700544456,0.9991755478068816,<1.0%,0.98-1.00,2025-09-16→2025-09-17
2025-09-16,2025-09-17,C,6610.0,0.005479452054794521,24.02812195740145,0.45577973920588943,31.40000000000009,0.504937187184214,6606.76,6600.35,0.005479452054794521,48.582647577195225,28.26835045557482,-5.528451871690314,-5.213352630149261,0.9999319259657058,<1.0%,0.98-1.00,2025-09-16→2025-09-17
2025-09-16,2025-09-17,P,6610.0,0.005479452054794521,23.578373150589304,-0.5442202607940696,30.950000000000728,-0.4956213316661755,6606.76,6600.35,0.005479452054794521,54.279238434665196,34.23193056140599,-9.788451871689908,-9.476932735980114,0.9999319259657058,<1.0%,0.98-1.00,2025-09-16→2025-09-17
2025-09-16,2025-09-17,C,6615.0,0.005479452054794521,21.180050788139457,0.41236366397312124,28.649999999848205,0.4791547832802007,6606.76,6600.35,0.005479452054794521,44.90731962711498,25.684354587845064,-5.806748913932353,-5.378617839173982,1.00068830412453,<1.0%,1.00-1.02,2025-09-16→2025-09-17
2025-09-16,2025-09-17,P,6615.0,0.005479452054794521,25.727510945919658,-0.5876363360268625,33.19999999984748,-0.5214037355701892,6606.76,6600.35,0.005479452054794521,55.60092000868598,36.64793469367487,-9.916748913932105,-9.49219794500484,1.00068830412453,<1.0%,1.00-1.02,2025-09-16→2025-09-17
2025-09-16,2025-09-17,C,6620.0,0.005479452054794521,18.734678085551398,0.369174843094503,25.99999980636221,0.4529006447093755,6606.76,6600.35,0.005479452054794521,37.51943635797387,23.203036187796897,-5.6335892557642895,-5.096906867412969,1.0014446822833545,<1.0%,1.00-1.02,2025-09-16→2025-09-17
2025-09-16,2025-09-17,P,6620.0,0.005479452054794521,28.27934720792662,-0.6308251569054681,35.54999980636239,-0.5476578741410143,6606.76,6600.35,0.005479452054794521,53.21004626364217,39.16661629362716,-9.893589255763956,-9.36048697324382,1.0014446822833545,<1.0%,1.00-1.02,2025-09-16→2025-09-17
2025-09-16,2025-09-17,C,6625.0,0.005479452054794521,16.295799348533645,0.34021583698446795,23.55000000000473,0.426450109124544,6606.76,6600.35,0.005479452054794521,35.961141656949266,20.92226870587865,-5.56921648492961,-5.016454800511735,1.0022010604421787,<1.0%,1.00-1.02,2025-09-16→2025-09-17
2025-09-16,2025-09-17,P,6625.0,0.005479452054794521,30.837677435500694,-0.6597841630154542,38.05000000000564,-0.5742389794878727,6606.76,6600.35,0.005479452054794521,56.648761086714444,41.836855387987725,-9.779216484928963,-9.230871858517178,1.0022010604421787,<1.0%,1.00-1.02,2025-09-16→2025-09-17
2025-09-16,2025-09-17,C,6630.0,0.005479452054794521,13.947218440135755,0.30863833724190237,21.2500000018249,0.3999160708943167,6606.76,6600.35,0.005479452054794521,33.78335922805285,18.791485848725188,-5.47162825827945,-4.886537985567488,1.002957438601003,<1.0%,1.00-1.02,2025-09-16→2025-09-17
2025-09-16,2025-09-17,P,6630.0,0.005479452054794521,33.48630549169741,-0.6913616627580412,40.75000000188538,-0.6008195397639021,6606.76,6600.35,0.005479452054794521,59.467988181914706,44.70636710284998,-9.681628258278945,-9.101253249886526,1.002957438601003,<1.0%,1.00-1.02,2025-09-16→2025-09-17
2025-09-16,2025-09-17,C,6635.0,0.005479452054794521,11.83311588424651,0.26725118745673476,19.1000001879097,0.3734591866213316,6606.76,6600.35,0.005479452054794521,26.551104566608917,16.809653021245595,-5.33691988840237,-4.656126613757319,1.0037138167598272,<1.0%,1.00-1.02,2025-09-16→2025-09-17
2025-09-16,2025-09-17,P,6635.0,0.005479452054794521,36.369411900402234,-0.7327488125432412,43.65000018791034,-0.6270993322290579,6606.76,6600.35,0.005479452054794521,57.232743044570306,47.77323312707631,-9.646919888402065,-8.969706719588165,1.0037138167598272,<1.0%,1.00-1.02,2025-09-16→2025-09-17
2025-09-16,2025-09-17,C,6640.0,0.005479452054794521,9.98245763117388,0.22558459417875334,17.099999999439206,0.34724719490719025,6606.76,6600.35,0.0136986301369863,49.684777465050466,33.0794980096839,3.6459972486857755,4.425854519355038,1.0044701949186516,<1.0%,1.00-1.02,2025-09-16→2025-09-17
2025-09-16,2025-09-17,P,6640.0,0.005479452054794521,39.51596261192414,-0.7744154058211558,46.64999999943848,-0.6533113239432039,6606.76,6600.35,0.0136986301369863,81.24697140087373,63.50958741179693,-0.6640027513134914,0.11227441352416268,1.0044701949186516,<1.0%,1.00-1.02,2025-09-16→2025-09-17
2025-09-16,2025-09-17,C,6645.0,0.005479452054794521,8.209192934171979,0.20814307083368327,15.199999889424362,0.3211316675774914,6606.76,6600.35,0.0136986301369863,49.07578573948427,30.734295935516002,3.5841970840438795,4.308453989171673,1.0052265730774759,<1.0%,1.00-1.02,2025-09-16→2025-09-17
2025-09-16,2025-09-17,P,6645.0,0.005479452054794521,42.739906879516624,-0.7918569291662813,49.94999991262466,-0.6781355161261534,6606.76,6600.35,0.0136986301369863,85.63188945988671,66.50136722139814,-1.1258029159557514,-0.3968486583685493,1.0052265730774759,<1.0%,1.00-1.02,2025-09-16→2025-09-17
2025-09-16,2025-09-17,C,6650.0,0.005479452054794521,6.561303048106757,0.17226922813605847,13.550000000002683,0.2962727882079886,6606.76,6600.35,0.0136986301369863,45.47841405128706,28.676236035016245,3.2542457523521082,4.049108572413163,1.0059829512363,<1.0%,1.00-1.02,2025-09-16→2025-09-17
2025-09-16,2025-09-17,P,6650.0,0.005479452054794521,46.08922595804329,-0.8277307718638689,53.25000000000273,-0.7031664125550217,6606.76,6600.35,0.0136986301369863,87.02842755627978,69.3644373859297,-1.4057542476472804,-0.6072967044775881,1.0059829512363,<1.0%,1.00-1.02,2025-09-16→2025-09-17
2025-09-16,2025-09-17,C,6655.0,0.005479452054794521,5.279237096194066,0.1379032502956578,12.000000005387392,0.2718942885269248,6606.76,6600.35,0.0136986301369863,39.5590516701272,26.658696258029067,2.9839598343951463,3.842842389457548,1.0067393293951243,<1.0%,1.00-1.02,2025-09-16→2025-09-17
2025-09-16,2025-09-17,P,6655.0,0.005479452054794521,49.804368970725065,-0.8620967497042875,56.65000000426426,-0.7278133000201435,6606.76,6600.35,0.0136986301369863,86.10297495971761,72.26514155099449,-0.3260401656043621,0.5347167468709815,1.0067393293951243,<1.0%,1.00-1.02,2025-09-16→2025-09-17
2025-09-16,2025-09-17,C,6660.0,0.005479452054794521,4.104283248144565,0.11530482408477959,10.599999999866895,0.24853119694070427,6606.76,6600.35,0.0136986301369863,39.09123418303911,24.77434011732703,2.83910392238342,3.6930849723898778,1.0074957075539488,<1.0%,1.00-1.02,2025-09-16→2025-09-17
2025-09-16,2025-09-17,P,6660.0,0.005479452054794521,53.62662408727007,-0.8846951759151394,60.24999999990632,-0.7510728297481322,6606.76,6600.35,0.0136986301369863,90.62906725721548,75.38570577662995,-0.4708960776159117,0.38562316131458463,1.0074957075539488,<1.0%,1.00-1.02,2025-09-16→2025-09-17
2025-09-16,2025-09-17,C,6665.0,0.005479452054794521,3.0690684514287705,0.09298810668614417,9.299999738143697,0.22587492328108422,6606.76,6600.35,0.0136986301369863,37.51065005949832,22.940586310432536,2.5960537638581704,3.447858258231717,1.008252085712773,<1.0%,1.00-1.02,2025-09-16→2025-09-17
2025-09-16,2025-09-17,P,6665.0,0.005479452054794521,57.588618255149434,-0.9070118933138126,63.94999980614648,-0.7736217630424153,6606.76,6600.35,0.0136986301369863,94.04239291826592,78.55769549689921,-0.6139462361414036,0.2410844988982337,1.008252085712773,<1.0%,1.00-1.02,2025-09-16→2025-09-17
2025-09-16,2025-09-17,C,6670.0,0.005479452054794521,2.2403532362504963,0.06905892655150034,8.150000000357522,0.2045900050452773,6606.76,6600.35,0.0136986301369863,31.114508519628046,21.25855303883918,2.3926677191951065,3.261421932340197,1.0090084638715973,<1.0%,1.00-1.02,2025-09-16→2025-09-17
2025-09-16,2025-09-17,P,6670.0,0.005479452054794521,61.75711200456293,-0.930941073448477,67.90000000011514,-0.7936443933310786,6606.76,6600.35,0.0136986301369863,92.64016116298993,82.07528256352998,-2.3673322808046073,-1.4872605612521044,1.0090084638715973,<1.0%,1.00-1.02,2025-09-16→2025-09-17
2025-09-16,2025-09-17,C,6675.0,0.005479452054794521,1.6126216075516921,0.04810272640038649,7.099999999735701,0.18428867421646408,6606.76,6600.35,0.0136986301369863,29.2885929390686,19.64416743699053,2.2083384762264706,3.0812904017275082,1.0097648420304215,<1.0%,1.00-1.02,2025-09-16→2025-09-17
2025-09-16,2025-09-17,P,6675.0,0.005479452054794521,66.12658934045828,-0.9518972735995687,71.74999999987449,-0.8149935512262069,6606.76,6600.35,0.0136986301369863,95.80815536702194,85.27521427942247,-2.601661523773097,-1.7241086633598677,1.0097648420304215,<1.0%,1.00-1.02,2025-09-16→2025-09-17
2025-09-16,2025-09-17,C,6570.0,0.00821917808219178,54.705823639503485,0.6423730042823944,63.25468298977739,0.6568167475896856,6606.76,6600.35,0.005479452054794521,80.40414660941212,51.544847636310806,-9.132389042549946,-9.039804647950211,0.9939700461738885,<1.0%,0.98-1.00,2025-09-16→2025-09-17
2025-09-16,2025-09-17,C,6570.0,0.00821917808219178,54.705823639503485,0.6423730042823944,63.25468298977739,0.6568167475896856,6606.76,6600.35,0.005479452054794521,80.40414660941212,51.544847636310806,-11.98238904254994,-11.889804647950205,0.9939700461738885,<1.0%,0.98-1.00,2025-09-16→2025-09-17
2025-09-16,2025-09-17,P,6570.0,0.00821917808219178,14.867365899303024,-0.3576269957175133,20.247643959762172,-0.3304267085298974,6606.76,6600.35,0.005479452054794521,46.124661274099495,16.560281648828095,-10.942389042549209,-10.768035201676595,0.9939700461738885,<1.0%,0.98-1.00,2025-09-16→2025-09-17
2025-09-16,2025-09-17,P,6570.0,0.00821917808219178,14.867365899303024,-0.3576269957175133,20.247643959762172,-0.3304267085298974,6606.76,6600.35,0.005479452054794521,46.124661274099495,16.560281648828095,-13.942389042549209,-13.768035201676595,0.9939700461738885,<1.0%,0.98-1.00,2025-09-16→2025-09-17
2025-09-16,2025-09-17,C,6575.0,0.00821917808219178,51.069756477191646,0.6311611409399618,59.55456315091669,0.6400093089028508,6606.76,6600.35,0.005479452054794521,78.32317544666344,47.94392356316621,-9.504257086574935,-9.447540329932817,0.9947264921755429,<1.0%,0.98-1.00,2025-09-16→2025-09-17
2025-09-16,2025-09-17,C,6575.0,0.00821917808219178,51.069756477191646,0.6311611409399618,59.55456315091669,0.6400093089028508,6606.76,6600.35,0.005479452054794521,78.32317544666344,47.94392356316621,-12.40425708657494,-12.347540329932823,0.9947264921755429,<1.0%,0.98-1.00,2025-09-16→2025-09-17
2025-09-16,2025-09-17,P,6575.0,0.00821917808219178,16.228955922881067,-0.36883885905995933,21.54751423649077,-0.34862149784369834,6606.76,6600.35,0.005479452054794521,49.04069963544867,17.94856947207063,-11.214257086574287,-11.084663801178056,0.9947264921755429,<1.0%,0.98-1.00,2025-09-16→2025-09-17
2025-09-16,2025-09-17,P,6575.0,0.00821917808219178,16.228955922881067,-0.36883885905995933,21.54751423649077,-0.34862149784369834,6606.76,6600.35,0.005479452054794521,49.04069963544867,17.94856947207063,-14.214257086574287,-14.084663801178056,0.9947264921755429,<1.0%,0.98-1.00,2025-09-16→2025-09-17
2025-09-16,2025-09-17,C,6580.0,0.00821917808219178,47.46886185060981,0.5995627336247689,55.8544399173702,0.6227188470403869,6606.76,6600.35,0.005479452054794521,74.87410570918748,44.37903025193191,-9.706802877465323,-9.558372190471214,0.9954829381771974,<1.0%,0.98-1.00,2025-09-16→2025-09-17
2025-09-16,2025-09-17,C,6580.0,0.00821917808219178,47.46886185060981,0.5995627336247689,55.8544399173702,0.6227188470403869,6606.76,6600.35,0.005479452054794521,74.87410570918748,44.37903025193191,-12.656802877465319,-12.50837219047121,0.9954829381771974,<1.0%,0.98-1.00,2025-09-16→2025-09-17
2025-09-16,2025-09-17,P,6580.0,0.00821917808219178,17.625718482190113,-0.4004372663752028,22.947378542213755,-0.3676882224072968,6606.76,6600.35,0.005479452054794521,50.588639422070216,19.458169343380177,-11.566802877464992,-11.356881505630719,0.9954829381771974,<1.0%,0.98-1.00,2025-09-16→2025-09-17
2025-09-16,2025-09-17,P,6580.0,0.00821917808219178,17.625718482190113,-0.4004372663752028,22.947378542213755,-0.3676882224072968,6606.76,6600.35,0.005479452054794521,50.588639422070216,19.458169343380177,-14.566802877464992,-14.356881505630719,0.9954829381771974,<1.0%,0.98-1.00,2025-09-16→2025-09-17
2025-09-16,2025-09-17,C,6585.0,0.00821917808219178,44.13921759378024,0.5674014683338011,52.354308775335085,0.6043328976232667,6606.76,6600.35,0.005479452054794521,66.31141777591611,41.01676425410869,-10.012956587980415,-9.776226126234947,0.9962393841788517,<1.0%,0.98-1.00,2025-09-16→2025-09-17
2025-09-16,2025-09-17,C,6585.0,0.00821917808219178,44.13921759378024,0.5674014683338011,52.354308775335085,0.6043328976232667,6606.76,6600.35,0.005479452054794521,66.31141777591611,41.01676425410869,-13.012956587980415,-12.776226126234947,0.9962393841788517,<1.0%,0.98-1.00,2025-09-16→2025-09-17
2025-09-16,2025-09-17,P,6585.0,0.00821917808219178,19.29373141125018,-0.4325985316661767,24.39723749780387,-0.3874352934859895,6606.76,6600.35,0.005479452054794521,47.02296101289729,21.050498777876328,-11.872956587980127,-11.583460231245134,0.9962393841788517,<1.0%,0.98-1.00,2025-09-16→2025-09-17
2025-09-16,2025-09-17,P,6585.0,0.00821917808219178,19.29373141125018,-0.4325985316661767,24.39723749780387,-0.3874352934859895,6606.76,6600.35,0.005479452054794521,47.02296101289729,21.050498777876328,-14.922956587980128,-14.633460231245135,0.9962393841788517,<1.0%,0.98-1.00,2025-09-16→2025-09-17
2025-09-16,2025-09-17,C,6590.0,0.00821917808219178,40.81091371149499,0.5428959437615434,48.95417258023872,0.5852316927855243,6606.76,6600.35,0.005479452054794521,64.50718609067621,37.777337950090896,-10.270037000488585,-9.998664849244875,0.9969958301805061,<1.0%,0.98-1.00,2025-09-16→2025-09-17
2025-09-16,2025-09-17,C,6590.0,0.00821917808219178,40.81091371149499,0.5428959437615434,48.95417258023872,0.5852316927855243,6606.76,6600.35,0.005479452054794521,64.50718609067621,37.777337950090896,-13.270037000488585,-12.998664849244875,0.9969958301805061,<1.0%,0.98-1.00,2025-09-16→2025-09-17
2025-09-16,2025-09-17,P,6590.0,0.00821917808219178,20.96308471485587,-0.45710405623840217,25.947090605905032,-0.40803570005392553,6606.76,6600.35,0.005479452054794521,50.215738851756896,22.769196764083972,-12.03003700048809,-11.7155088373456,0.9969958301805061,<1.0%,0.98-1.00,2025-09-16→2025-09-17
2025-09-16,2025-09-17,P,6590.0,0.00821917808219178,20.96308471485587,-0.45710405623840217,25.947090605905032,-0.40803570005392553,6606.76,6600.35,0.005479452054794521,50.215738851756896,22.769196764083972,-15.130037000488091,-14.815508837345602,0.9969958301805061,<1.0%,0.98-1.00,2025-09-16→2025-09-17
2025-09-16,2025-09-17,C,6595.0,0.00821917808219178,37.53159747642438,0.5208616996456491,45.60403210437926,0.5655298628222565,6606.76,6600.35,0.005479452054794521,61.99013036383205,34.62160880153306,-10.361276505271467,-10.07495357930942,0.9977522761821606,<1.0%,0.98-1.00,2025-09-16→2025-09-17
2025-09-16,2025-09-17,C,6595.0,0.00821917808219178,37.53159747642438,0.5208616996456491,45.60403210437926,0.5655298628222565,6606.76,6600.35,0.005479452054794521,61.99013036383205,34.62160880153306,-13.411276505271465,-13.124953579309418,0.9977522761821606,<1.0%,0.98-1.00,2025-09-16→2025-09-17
2025-09-16,2025-09-17,P,6595.0,0.00821917808219178,22.681425665674492,-0.4791383003543063,27.64693717455566,-0.42955452238117703,6606.76,6600.35,0.005479452054794521,52.69569264901257,24.657881341139728,-12.221276505271032,-11.90344448846328,0.9977522761821606,<1.0%,0.98-1.00,2025-09-16→2025-09-17
2025-09-16,2025-09-17,P,6595.0,0.00821917808219178,22.681425665674492,-0.4791383003543063,27.64693717455566,-0.42955452238117703,6606.76,6600.35,0.005479452054794521,52.69569264901257,24.657881341139728,-15.321276505271033,-15.003444488463282,0.9977522761821606,<1.0%,0.98-1.00,2025-09-16→2025-09-17
2025-09-16,2025-09-17,C,6600.0,0.00821917808219178,34.39051556122518,0.486124174419858,42.4038862295597,0.5450769475437842,6606.76,6600.35,0.005479452054794521,54.18924410565903,31.633694723584995,-10.53394404196878,-10.156056766244422,0.9985087221838149,<1.0%,0.98-1.00,2025-09-16→2025-09-17
2025-09-16,2025-09-17,C,6600.0,0.00821917808219178,34.39051556122518,0.486124174419858,42.4038862295597,0.5450769475437842,6606.76,6600.35,0.005479452054794521,54.18924410565903,31.633694723584995,-13.583944041968785,-13.206056766244426,0.9985087221838149,<1.0%,0.98-1.00,2025-09-16→2025-09-17
2025-09-16,2025-09-17,P,6600.0,0.00821917808219178,24.538000936366934,-0.5138758255800913,29.39677887464586,-0.4517427517703296,6606.76,6600.35,0.005479452054794521,49.89181591493459,26.636317541334847,-12.29394404196831,-11.895671038847746,0.9985087221838149,<1.0%,0.98-1.00,2025-09-16→2025-09-17
2025-09-16,2025-09-17,P,6600.0,0.00821917808219178,24.538000936366934,-0.5138758255800913,29.39677887464586,-0.4517427517703296,6606.76,6600.35,0.005479452054794521,49.89181591493459,26.636317541334847,-15.443944041968308,-15.045671038847745,0.9985087221838149,<1.0%,0.98-1.00,2025-09-16→2025-09-17
2025-09-16,2025-09-17,C,6605.0,0.00821917808219178,31.46242583084708,0.4506864306070356,39.30373606877902,0.5240105164221824,6606.76,6600.35,0.005479452054794521,50.52637152905551,28.773999597026886,-10.661099979808965,-10.191092589733884,0.9992651681854693,<1.0%,0.98-1.00,2025-09-16→2025-09-17
2025-09-16,2025-09-17,C,6605.0,0.00821917808219178,31.46242583084708,0.4506864306070356,39.30373606877902,0.5240105164221824,6606.76,6600.35,0.005479452054794521,50.52637152905551,28.773999597026886,-13.761099979808973,-13.291092589733893,0.9992651681854693,<1.0%,0.98-1.00,2025-09-16→2025-09-17
2025-09-16,2025-09-17,P,6605.0,0.00821917808219178,26.607568391877876,-0.5493135693929129,31.246615268365076,-0.4747021380319132,6606.76,6600.35,0.005479452054794521,51.22595286242762,28.747808533601074,-12.371099979808493,-11.892840704784495,0.9992651681854693,<1.0%,0.98-1.00,2025-09-16→2025-09-17
2025-09-16,2025-09-17,P,6605.0,0.00821917808219178,26.607568391877876,-0.5493135693929129,31.246615268365076,-0.4747021380319132,6606.76,6600.35,0.005479452054794521,51.22595286242762,28.747808533601074,-15.571099979808496,-15.092840704784498,0.9992651681854693,<1.0%,0.98-1.00,2025-09-16→2025-09-17
2025-09-16,2025-09-17,C,6610.0,0.00821917808219178,28.51376708957837,0.43675735531791765,36.303581712960295,0.5023618466342227,6606.76,6600.35,0.005479452054794521,48.582647577195225,26.043885757437693,-10.55038535241221,-10.129860563074704,1.0000216141871237,<1.0%,1.00-1.02,2025-09-16→2025-09-17
2025-09-16,2025-09-17,C,6610.0,0.00821917808219178,28.51376708957837,0.43675735531791765,36.303581712960295,0.5023618466342227,6606.76,6600.35,0.005479452054794521,48.582647577195225,26.043885757437693,-13.650385352412219,-13.229860563074713,1.0000216141871237,<1.0%,1.00-1.02,2025-09-16→2025-09-17
2025-09-16,2025-09-17,P,6610.0,0.00821917808219178,28.656566836499564,-0.5632426446820561,33.29644626885283,-0.4984046202820851,6606.76,6600.35,0.005479452054794521,54.279238434665196,31.075345784738147,-12.260385352411896,-11.84477361600809,1.0000216141871237,<1.0%,1.00-1.02,2025-09-16→2025-09-17
2025-09-16,2025-09-17,P,6610.0,0.00821917808219178,28.656566836499564,-0.5632426446820561,33.29644626885283,-0.4984046202820851,6606.76,6600.35,0.005479452054794521,54.279238434665196,31.075345784738147,-15.410385352411902,-14.994773616008096,1.0000216141871237,<1.0%,1.00-1.02,2025-09-16→2025-09-17
2025-09-16,2025-09-17,C,6615.0,0.00821917808219178,25.630173362613725,0.40080443725470766,33.40342341297719,0.48015999824805083,6606.76,6600.35,0.005479452054794521,44.90731962711498,23.44450940067736,-10.630843557197382,-10.122174411230063,1.0007780601887781,<1.0%,1.00-1.02,2025-09-16→2025-09-17
2025-09-16,2025-09-17,C,6615.0,0.00821917808219178,25.630173362613725,0.40080443725470766,33.40342341297719,0.48015999824805083,6606.76,6600.35,0.005479452054794521,44.90731962711498,23.44450940067736,-13.730843557197383,-13.222174411230064,1.0007780601887781,<1.0%,1.00-1.02,2025-09-16→2025-09-17
2025-09-16,2025-09-17,P,6615.0,0.00821917808219178,30.770630295425672,-0.5991955627452661,35.446273053328696,-0.5226983912374046,6606.76,6600.35,0.005479452054794521,55.60092000868598,33.538042037433115,-12.24084355719707,-11.750496687831689,1.0007780601887781,<1.0%,1.00-1.02,2025-09-16→2025-09-17
2025-09-16,2025-09-17,P,6615.0,0.00821917808219178,30.770630295425672,-0.5991955627452661,35.446273053328696,-0.5226983912374046,6606.76,6600.35,0.005479452054794521,55.60092000868598,33.538042037433115,-15.440843557197066,-14.950496687831684,1.0007780601887781,<1.0%,1.00-1.02,2025-09-16→2025-09-17
2025-09-16,2025-09-17,C,6620.0,0.00821917808219178,23.06805998214927,0.3650494898819495,30.70326223751954,0.45756721427043573,6606.76,6600.35,0.005479452054794521,37.51943635797387,21.056585736479065,-10.360032769856756,-9.766994156526573,1.0015345061904326,<1.0%,1.00-1.02,2025-09-16→2025-09-17
2025-09-16,2025-09-17,C,6620.0,0.00821917808219178,23.06805998214927,0.3650494898819495,30.70326223751954,0.45756721427043573,6606.76,6600.35,0.005479452054794521,37.51943635797387,21.056585736479065,-13.410032769856757,-12.816994156526574,1.0015345061904326,<1.0%,1.00-1.02,2025-09-16→2025-09-17
2025-09-16,2025-09-17,P,6620.0,0.00821917808219178,33.20617410085079,-0.6349505101180171,37.7960967121644,-0.5474032294139723,6606.76,6600.35,0.005479452054794521,53.21004626364217,36.216321495515786,-12.170032769856395,-11.608854700543482,1.0015345061904326,<1.0%,1.00-1.02,2025-09-16→2025-09-17
2025-09-16,2025-09-17,P,6620.0,0.00821917808219178,33.20617410085079,-0.6349505101180171,37.7960967121644,-0.5474032294139723,6606.76,6600.35,0.005479452054794521,53.21004626364217,36.216321495515786,-15.220032769856399,-14.658854700543486,1.0015345061904326,<1.0%,1.00-1.02,2025-09-16→2025-09-17
2025-09-16,2025-09-17,C,6625.0,0.00821917808219178,20.490140859753698,0.34046680203535945,28.20310006395448,0.43480939829057214,6606.76,6600.35,0.005479452054794521,35.961141656949266,18.87805904382185,-10.217607798953395,-9.612871756957494,1.0022909521920869,<1.0%,1.00-1.02,2025-09-16→2025-09-17
2025-09-16,2025-09-17,C,6625.0,0.00821917808219178,20.490140859753698,0.34046680203535945,28.20310006395448,0.43480939829057214,6606.76,6600.35,0.005479452054794521,35.961141656949266,18.87805904382185,-13.167607798953394,-12.562871756957493,1.0022909521920869,<1.0%,1.00-1.02,2025-09-16→2025-09-17
2025-09-16,2025-09-17,P,6625.0,0.00821917808219178,35.625912164346126,-0.6595331979645624,40.195917077257036,-0.5726250103613247,6606.76,6600.35,0.005479452054794521,56.648761086714444,38.990229366797394,-11.927607798952753,-11.370526316416012,1.0022909521920869,<1.0%,1.00-1.02,2025-09-16→2025-09-17
2025-09-16,2025-09-17,P,6625.0,0.00821917808219178,35.625912164346126,-0.6595331979645624,40.195917077257036,-0.5726250103613247,6606.76,6600.35,0.005479452054794521,56.648761086714444,38.990229366797394,-14.97760779895275,-14.420526316416009,1.0022909521920869,<1.0%,1.00-1.02,2025-09-16→2025-09-17
2025-09-16,2025-09-17,C,6630.0,0.00821917808219178,17.99512391873912,0.31336183991185856,25.70293446150299,0.4115831256637229,6606.76,6600.35,0.005479452054794521,33.78335922805285,16.75020958924506,-9.89135060616503,-9.261752164495594,1.0030473981937413,<1.0%,1.00-1.02,2025-09-16→2025-09-17
2025-09-16,2025-09-17,C,6630.0,0.00821917808219178,17.99512391873912,0.31336183991185856,25.70293446150299,0.4115831256637229,6606.76,6600.35,0.005479452054794521,33.78335922805285,16.75020958924506,-12.84135060616503,-12.211752164495593,1.0030473981937413,<1.0%,1.00-1.02,2025-09-16→2025-09-17
2025-09-16,2025-09-17,P,6630.0,0.00821917808219178,38.1285524092204,-0.6866381600880862,42.79573629560218,-0.5979804030165072,6606.76,6600.35,0.005479452054794521,59.467988181914706,41.97727582374955,-11.70135060616453,-11.133054383335722,1.0030473981937413,<1.0%,1.00-1.02,2025-09-16→2025-09-17
2025-09-16,2025-09-17,P,6630.0,0.00821917808219178,38.1285524092204,-0.6866381600880862,42.79573629560218,-0.5979804030165072,6606.76,6600.35,0.005479452054794521,59.467988181914706,41.97727582374955,-14.651350606164533,-14.083054383335725,1.0030473981937413,<1.0%,1.00-1.02,2025-09-16→2025-09-17
2025-09-16,2025-09-17,C,6635.0,0.00821917808219178,15.699035960974829,0.2783004526953235,23.352767937996305,0.38822501917071667,6606.76,6600.35,0.005479452054794521,26.551104566608917,14.790886031741593,-9.516094098223018,-8.811477627115764,1.0038038441953958,<1.0%,1.00-1.02,2025-09-16→2025-09-17
2025-09-16,2025-09-17,C,6635.0,0.00821917808219178,15.699035960974829,0.2783004526953235,23.352767937996305,0.38822501917071667,6606.76,6600.35,0.005479452054794521,26.551104566608917,14.790886031741593,-12.516094098223018,-11.811477627115764,1.0038038441953958,<1.0%,1.00-1.02,2025-09-16→2025-09-17
2025-09-16,2025-09-17,P,6635.0,0.00821917808219178,40.830121637347986,-0.7216995473046455,45.49555367625453,-0.623609447474431,6606.76,6600.35,0.005479452054794521,57.232743044570306,45.09765141938351,-11.42609409822267,-10.79733655831101,1.0038038441953958,<1.0%,1.00-1.02,2025-09-16→2025-09-17
2025-09-16,2025-09-17,P,6635.0,0.00821917808219178,40.830121637347986,-0.7216995473046455,45.49555367625453,-0.623609447474431,6606.76,6600.35,0.005479452054794521,57.232743044570306,45.09765141938351,-14.376094098222673,-13.747336558311012,1.0038038441953958,<1.0%,1.00-1.02,2025-09-16→2025-09-17
2025-09-16,2025-09-17,C,6640.0,0.00821917808219178,13.601823598268687,0.2429099374946806,21.252604436239835,0.36529584985717706,6606.76,6600.35,0.0136986301369863,49.684777465050466,29.06001629955017,-0.39294730065913197,0.3915463975844524,1.00456029019705,<1.0%,1.00-1.02,2025-09-16→2025-09-17
2025-09-16,2025-09-17,C,6640.0,0.00821917808219178,13.601823598268687,0.2429099374946806,21.252604436239835,0.36529584985717706,6606.76,6600.35,0.0136986301369863,49.684777465050466,29.06001629955017,-3.242947300659133,-2.458453602415549,1.00456029019705,<1.0%,1.00-1.02,2025-09-16→2025-09-17
2025-09-16,2025-09-17,P,6640.0,0.00821917808219178,43.73056646053277,-0.7570900625052195,48.245367168288794,-0.6497517018171597,6606.76,6600.35,0.0136986301369863,81.24697140087373,59.4270323529754,-2.1529473006583437,-1.4649084086478963,1.00456029019705,<1.0%,1.00-1.02,2025-09-16→2025-09-17
2025-09-16,2025-09-17,P,6640.0,0.00821917808219178,43.73056646053277,-0.7570900625052195,48.245367168288794,-0.6497517018171597,6606.76,6600.35,0.0136986301369863,81.24697140087373,59.4270323529754,-5.052947300658342,-4.364908408647895,1.00456029019705,<1.0%,1.00-1.02,2025-09-16→2025-09-17
2025-09-16,2025-09-17,C,6535.0,0.01643835616438356,93.11410636116577,0.704182561363307,97.70708650442339,0.7397179471210819,6606.76,6600.35,0.0136986301369863,134.78057062067293,88.69388314542903,-6.336189781661313,-6.108407958953982,0.9882185612865164,1.0-2.0%,0.98-1.00,2025-09-16→2025-09-17
2025-09-16,2025-09-17,P,6535.0,0.01643835616438356,15.276968326469625,-0.29581743863665627,19.697502278778757,-0.2607107268224608,6606.76,6600.35,0.0136986301369863,61.470659080094144,18.13304993375732,-7.996189781660924,-7.771155758931935,0.9882185612865164,1.0-2.0%,0.98-1.00,2025-09-16→2025-09-17
2025-09-16,2025-09-17,C,6540.0,0.01643835616438356,89.19144257333349,0.6920250080840359,93.60697923635871,0.7285249378341464,6606.76,6600.35,0.0136986301369863,132.29780213731226,84.64349652562214,-6.414119698181425,-6.180155148483222,0.9889746581199415,1.0-2.0%,0.98-1.00,2025-09-16→2025-09-17
2025-09-16,2025-09-17,P,6540.0,0.01643835616438356,16.349654853837002,-0.30797499191590216,20.647392492816607,-0.27216604078185536,6606.76,6600.35,0.0136986301369863,63.981800381325684,19.128336194806934,-8.174119698180887,-7.944584321411653,0.9889746581199415,1.0-2.0%,0.98-1.00,2025-09-16→2025-09-17
2025-09-16,2025-09-17,C,6545.0,0.01643835616438356,85.2886700166074,0.6751004757244848,89.6068650199395,0.7166032712944094,6606.76,6600.35,0.0136986301369863,129.96354216111467,80.69591748635048,-5.322605950606142,-5.056573031002932,0.9897307549533665,1.0-2.0%,0.98-1.00,2025-09-16→2025-09-17
2025-09-16,2025-09-17,P,6545.0,0.01643835616438356,17.44223261230936,-0.32489952427543584,21.647278160551423,-0.2840997876575442,6606.76,6600.35,0.0136986301369863,66.6414501897106,20.18066956195571,-8.382605950605495,-8.121079638884815,0.9897307549533665,1.0-2.0%,0.98-1.00,2025-09-16→2025-09-17
2025-09-16,2025-09-17,C,6550.0,0.01643835616438356,81.5058381882708,0.6540369092353839,85.65674621768358,0.7042027789761981,6606.76,6600.35,0.0136986301369863,121.30223443983087,76.80605412389286,-6.807623411801284,-6.486060186762673,0.9904868517867915,1.0-2.0%,0.98-1.00,2025-09-16→2025-09-17
2025-09-16,2025-09-17,P,6550.0,0.01643835616438356,18.65475109917228,-0.3459630907645587,22.697159237555297,-0.2965128820447715,6606.76,6600.35,0.0136986301369863,62.97405225302187,21.290731078598128,-8.567623411800769,-8.25064757390694,0.9904868517867915,1.0-2.0%,0.98-1.00,2025-09-16→2025-09-17
2025-09-16,2025-09-17,C,6555.0,0.01643835616438356,77.7847212463331,0.6343858393344751,81.75662231852857,0.6913211720476391,6606.76,6600.35,0.0136986301369863,119.00195397190556,72.97459008582246,-7.033586769866101,-6.668631287174728,0.9912429486202166,1.0-2.0%,0.98-1.00,2025-09-16→2025-09-17
2025-09-16,2025-09-17,P,6555.0,0.01643835616438356,19.9289844724334,-0.3656141606654253,23.84703327743273,-0.3096096305002156,6606.76,6600.35,0.0136986301369863,65.66768156969152,22.50530156286777,-8.793586769865325,-8.43459773150634,0.9912429486202166,1.0-2.0%,0.98-1.00,2025-09-16→2025-09-17
2025-09-16,2025-09-17,C,6560.0,0.01643835616438356,74.06339085085187,0.6228422321984446,77.90649471034158,0.6779545489766114,6606.76,6600.35,0.0136986301369863,117.11486750517896,69.2022178973948,-7.157581291608066,-6.804311341060025,0.9919990454536416,1.0-2.0%,0.98-1.00,2025-09-16→2025-09-17
2025-09-16,2025-09-17,P,6560.0,0.01643835616438356,21.2030043921515,-0.37715776780149046,24.946907471995928,-0.3227879128353594,6606.76,6600.35,0.0136986301369863,68.77450488754656,23.686785297717506,-8.867581291607499,-8.519070521274607,0.9919990454536416,1.0-2.0%,0.98-1.00,2025-09-16→2025-09-17
2025-09-16,2025-09-17,C,6565.0,0.01643835616438356,70.37986903895114,0.5999231674340033,74.05636365441933,0.6642712633920316,6606.76,6600.35,0.0136986301369863,111.65409187448361,65.44346184317146,-7.1544924967481265,-6.742021201657174,0.9927551422870666,1.0-2.0%,0.98-1.00,2025-09-16→2025-09-17
2025-09-16,2025-09-17,P,6565.0,0.01643835616438356,22.51483289545019,-0.40007683256595916,26.246771281888414,-0.33700732995013644,6606.76,6600.35,0.0136986301369863,68.30763904144749,25.06652554203265,-9.11449249674774,-8.710216984980326,0.9927551422870666,1.0-2.0%,0.98-1.00,2025-09-16→2025-09-17
2025-09-16,2025-09-17,C,6570.0,0.01643835616438356,66.9043576761695,0.5768448709173154,70.406222929867,0.6495822043139146,6606.76,6600.35,0.0136986301369863,105.56402913996033,61.88376286465973,-7.352424377420096,-6.886178070347906,0.9935112391204917,1.0-2.0%,0.98-1.00,2025-09-16→2025-09-17
2025-09-16,2025-09-17,P,6570.0,0.01643835616438356,24.034671847867152,-0.4231551290826299,27.546632370400403,-0.35150710583079625,6606.76,6600.35,0.0136986301369863,67.21148609151157,26.460665114303083,-9.262424377419597,-8.803160548375354,0.9935112391204917,1.0-2.0%,0.98-1.00,2025-09-16→2025-09-17
2025-09-16,2025-09-17,C,6575.0,0.01643835616438356,63.373577676206246,0.5661927536045716,66.7560796198386,0.6345894002292743,6606.76,6600.35,0.0136986301369863,103.68607160036905,58.33913650462091,-7.370704449394779,-6.932281944530444,0.9942673359539167,1.0-2.0%,0.98-1.00,2025-09-16→2025-09-17
2025-09-16,2025-09-17,P,6575.0,0.01643835616438356,25.49924216310334,-0.4338072463953719,28.896489204026693,-0.36648416378619275,6606.76,6600.35,0.0136986301369863,70.32743833651047,27.916037058356324,-9.330704449394268,-8.899163489869439,0.9942673359539167,1.0-2.0%,0.98-1.00,2025-09-16→2025-09-17
2025-09-16,2025-09-17,C,6580.0,0.01643835616438356,59.87608871175937,0.5422788560899532,63.25592857505944,0.6188549636912726,6606.76,6600.35,0.0136986301369863,100.45617369522606,54.94880946793819,-7.5739925324634765,-7.08313968273903,0.9950234327873417,1.0-2.0%,0.98-1.00,2025-09-16→2025-09-17
2025-09-16,2025-09-17,P,6580.0,0.01643835616438356,26.9971035138557,-0.45772114391001034,30.346339533963146,-0.3820758388565861,6606.76,6600.35,0.0136986301369863,72.09145021595141,29.479520944984415,-9.4339925324631,-8.94910612707066,0.9950234327873417,1.0-2.0%,0.98-1.00,2025-09-16→2025-09-17
2025-09-16,2025-09-17,C,6585.0,0.01643835616438356,56.572013469414905,0.5180001350521299,59.805773650614356,0.6026861897431209,6606.76,6600.35,0.0136986301369863,92.01902776701687,51.62102902448305,-7.72961913431592,-7.18678152374668,0.9957795296207668,1.0-2.0%,0.98-1.00,2025-09-16→2025-09-17
2025-09-16,2025-09-17,P,6585.0,0.01643835616438356,28.68837858670969,-0.48199986494784713,31.946183572280916,-0.398352898217427,6606.76,6600.35,0.0136986301369863,68.64821407234153,31.197865911127337,-9.639619134315634,-9.103442077573654,0.9957795296207668,1.0-2.0%,0.98-1.00,2025-09-16→2025-09-17
2025-09-16,2025-09-17,C,6590.0,0.01643835616438356,53.251071066961124,0.4988256833176236,56.45561359009389,0.5859790658958995,6606.76,6600.35,0.0136986301369863,89.76676679010914,48.402521042969965,-7.802527369934105,-7.24387418760737,0.9965356264541918,1.0-2.0%,0.98-1.00,2025-09-16→2025-09-17
2025-09-16,2025-09-17,P,6590.0,0.01643835616438356,30.36278649945569,-0.5011743166823163,33.54602454899759,-0.4149517366519584,6606.76,6600.35,0.0136986301369863,71.3898628800253,32.93323252001528,-9.712527369933571,-9.15984063193899,0.9965356264541918,1.0-2.0%,0.98-1.00,2025-09-16→2025-09-17
2025-09-16,2025-09-17,C,6595.0,0.01643835616438356,49.95260780448173,0.48152909982579567,53.15544943364284,0.5688442835082651,6606.76,6600.35,0.0136986301369863,87.97746091013421,45.24775556935674,-7.813398470116718,-7.253708142712102,0.9972917232876168,1.0-2.0%,0.98-1.00,2025-09-16→2025-09-17
2025-09-16,2025-09-17,P,6595.0,0.01643835616438356,32.05967355217562,-0.5184709001741525,35.245860392547,-0.43208651903959366,6606.76,6600.35,0.0136986301369863,74.5944667846334,34.7784670464016,-9.72339847011624,-9.169674587043732,0.9972917232876168,1.0-2.0%,0.98-1.00,2025-09-16→2025-09-17
2025-09-16,2025-09-17,C,6600.0,0.01643835616438356,46.75527576634846,0.45609459080022574,50.00527987909754,0.5511602825808731,6606.76,6600.35,0.0136986301369863,80.32538624155714,42.24915893437901,-7.926433672970621,-7.317062588656684,0.9980478201210419,1.0-2.0%,0.98-1.00,2025-09-16→2025-09-17
2025-09-16,2025-09-17,P,6600.0,0.01643835616438356,33.857691829241254,-0.543905409199729,37.09569083800125,-0.44977051996698564,6606.76,6600.35,0.0136986301369863,71.9363019006517,36.77987041142478,-9.836433672970184,-9.233029032988314,0.9980478201210419,1.0-2.0%,0.98-1.00,2025-09-16→2025-09-17
2025-09-16,2025-09-17,C,6605.0,0.01643835616438356,43.712270660297484,0.43018227329101155,46.955106592283755,0.5330581777243343,6606.76,6600.35,0.0136986301369863,76.29542468767634,39.36093879276541,-8.042531628204683,-7.383097080787099,0.9988039169544669,1.0-2.0%,0.98-1.00,2025-09-16→2025-09-17
2025-09-16,2025-09-17,P,6605.0,0.01643835616438356,35.81003703838933,-0.569817726708952,38.99551784309324,-0.4678421329670714,6606.76,6600.35,0.0136986301369863,72.90025013136413,38.84590914632281,-9.802531628204298,-9.148868072318859,0.9988039169544669,1.0-2.0%,0.98-1.00,2025-09-16→2025-09-17
2025-09-16,2025-09-17,C,6610.0,0.01643835616438356,40.605661111429484,0.4182109641383886,43.95492952841278,0.51458836402031,6606.76,6600.35,0.0136986301369863,74.89110591739345,36.537689686925205,-7.919267719872991,-7.301488586629889,0.9995600137878919,1.0-2.0%,0.98-1.00,2025-09-16→2025-09-17
2025-09-16,2025-09-17,P,6610.0,0.01643835616438356,37.69877780472121,-0.5817890358615723,40.99534057303799,-0.48633337038925684,6606.76,6600.35,0.0136986301369863,76.48984114566484,41.02281573208256,-9.77926771987259,-9.167396904195062,0.9995600137878919,1.0-2.0%,0.98-1.00,2025-09-16→2025-09-17
2025-09-16,2025-09-17,C,6615.0,0.01643835616438356,37.55350704138744,0.39205410341907193,41.054749060784616,0.49573911636840345,6606.76,6600.35,0.0136986301369863,71.03365588296415,33.82544848385169,-7.886933197083804,-7.222312264078605,1.000316110621317,1.0-2.0%,1.00-1.02,2025-09-16→2025-09-17
2025-09-16,2025-09-17,P,6615.0,0.01643835616438356,39.64197404987831,-0.6079458965808948,43.145160019688774,-0.5051916861794561,6606.76,6600.35,0.0136986301369863,77.62630089582655,43.35615996089655,-9.746933197083449,-9.088278708410241,1.000316110621317,1.0-2.0%,1.00-1.02,2025-09-16→2025-09-17
2025-09-16,2025-09-17,C,6620.0,0.01643835616438356,34.72057194322743,0.36600029674661655,38.30456558056176,0.47658632982188365,6606.76,6600.35,0.0136986301369863,63.37470034288633,31.269486949282054,-7.853938097854237,-7.145081625841791,1.001072207454742,1.0-2.0%,1.00-1.02,2025-09-16→2025-09-17
2025-09-16,2025-09-17,P,6620.0,0.01643835616438356,41.80438926691723,-0.6339997032533551,45.39497653946546,-0.5243444727259762,6606.76,6600.35,0.0136986301369863,74.96125514034192,45.800198426327825,-9.71393809785392,-9.011048070173437,1.001072207454742,1.0-2.0%,1.00-1.02,2025-09-16→2025-09-17
2025-09-16,2025-09-17,C,6625.0,0.01643835616438356,31.855214087965262,0.34718550377062535,35.65437957179347,0.4571814585759643,6606.76,6600.35,0.0136986301369863,61.66226442897969,28.824124709236912,-7.724540920830341,-7.019466850528135,1.001828304288167,1.0-2.0%,1.00-1.02,2025-09-16→2025-09-17
2025-09-16,2025-09-17,P,6625.0,0.01643835616438356,43.93438172685446,-0.6528144962293049,47.74479053069808,-0.5437493439718954,6606.76,6600.35,0.0136986301369863,78.24272901102815,48.35483618628223,-9.584540920829749,-8.88543329485977,1.001828304288167,1.0-2.0%,1.00-1.02,2025-09-16→2025-09-17
2025-09-16,2025-09-17,C,6630.0,0.01643835616438356,29.028465571510385,0.3263907375299344,33.10419177292533,0.43756730912917674,6606.76,6600.35,0.0136986301369863,59.81911518996627,26.489172554718152,-7.607835372433163,-6.895193548482037,1.002584401121592,1.0-2.0%,1.00-1.02,2025-09-16→2025-09-17
2025-09-16,2025-09-17,P,6630.0,0.01643835616438356,46.10298352559752,-0.6736092624700125,50.194602731829036,-0.5633634934186832,6606.76,6600.35,0.0136986301369863,81.39348955659673,51.01988403176347,-9.467835372432688,-8.761159992813683,1.002584401121592,1.0-2.0%,1.00-1.02,2025-09-16→2025-09-17
2025-09-16,2025-09-17,C,6635.0,0.01643835616438356,26.341797080689076,0.3002298704784618,30.704003329336956,0.417897002910139,6606.76,6600.35,0.0136986301369863,51.7025889604044,24.308757711016824,-7.4255265302331015,-6.671280211346067,1.0033404979550171,1.0-2.0%,1.00-1.02,2025-09-16→2025-09-17
2025-09-16,2025-09-17,P,6635.0,0.01643835616438356,48.41166534997637,-0.6997701295215174,52.79441428824066,-0.5830337996377226,6606.76,6600.35,0.0136986301369863,78.27087311163548,53.83946918806214,-9.385526530232816,-8.637246655677709,1.0033404979550171,1.0-2.0%,1.00-1.02,2025-09-16→2025-09-17
2025-09-16,2025-09-17,C,6640.0,0.01643835616438356,23.780648619145936,0.273732163941348,28.353812920685414,0.39802119011149467,6606.76,6600.35,0.0136986301369863,49.684777465050466,22.19335062977325,-7.295376829136,-6.498684171385378,1.0040965947884422,1.0-2.0%,1.00-1.02,2025-09-16→2025-09-17
2025-09-16,2025-09-17,P,6640.0,0.01643835616438356,50.84586720363238,-0.7262678360585467,55.49422517945777,-0.6027739414367415,6606.76,6600.35,0.0136986301369863,81.24697140087373,56.76816049665376,-9.205376829135176,-8.413780964609423,1.0040965947884422,1.0-2.0%,1.00-1.02,2025-09-16→2025-09-17
2025-09-16,2025-09-17,C,6645.0,0.01643835616438356,21.23447753761536,0.2597379805629795,26.203625006270613,0.37839427212968185,6606.76,6600.35,0.0136986301369863,49.07578573948427,20.274672830370037,-7.0850795445913395,-6.324492715648795,1.0048526916218672,1.0-2.0%,1.00-1.02,2025-09-16→2025-09-17
2025-09-16,2025-09-17,P,6645.0,0.01643835616438356,53.29504643730068,-0.740262019436962,58.29403596517477,-0.6225365304181768,6606.76,6600.35,0.0136986301369863,85.63188945988671,59.80538430741581,-9.145079544590818,-8.390459159980422,1.0048526916218672,1.0-2.0%,1.00-1.02,2025-09-16→2025-09-17
2025-09-16,2025-09-17,C,6650.0,0.01643835616438356,18.77330335121874,0.23399206719159085,24.153437628624033,0.3588471849104929,6606.76,6600.35,0.0136986301369863,45.47841405128706,18.46313504089767,-6.950110849301936,-6.149789544723792,1.0056087884552922,1.0-2.0%,1.00-1.02,2025-09-16→2025-09-17
2025-09-16,2025-09-17,P,6650.0,0.01643835616438356,55.82922256610293,-0.7660079328083592,61.19384677408743,-0.6422728886640279,6606.76,6600.35,0.0136986301369863,87.02842755627978,62.950458120897565,-8.960110849301476,-8.16696921633633,1.0056087884552922,1.0-2.0%,1.00-1.02,2025-09-16→2025-09-17
2025-09-16,2025-09-17,C,6655.0,0.01643835616438356,16.541018485272865,0.20845824946272648,22.153249553083242,0.3392155445587564,6606.76,6600.35,0.0136986301369863,39.5590516701272,16.714862785397372,-6.713782620943952,-5.875628359378419,1.0063648852887173,1.0-2.0%,1.00-1.02,2025-09-16→2025-09-17
2025-09-16,2025-09-17,P,6655.0,0.01643835616438356,58.5922880153569,-0.7915417505372425,64.29366259022845,-0.6614983643330119,6606.76,6600.35,0.0136986301369863,86.10297495971761,66.28856852430363,-7.523782620943605,-6.690204515374505,1.0063648852887173,1.0-2.0%,1.00-1.02,2025-09-16→2025-09-17
2025-09-16,2025-09-17,C,6660.0,0.01643835616438356,14.348506649410593,0.189718401431423,20.353067252427536,0.3202046259143945,6606.76,6600.35,0.0136986301369863,39.09123418303911,15.157837688096151,-6.433905046824608,-5.597488347888779,1.0071209821221423,1.0-2.0%,1.00-1.02,2025-09-16→2025-09-17
2025-09-16,2025-09-17,P,6660.0,0.01643835616438356,61.39512649469259,-0.810281598568467,67.39347585388623,-0.6809713834051074,6606.76,6600.35,0.0136986301369863,90.62906725721548,69.64597677795246,-7.143905046823758,-6.315026567626642,1.0071209821221423,1.0-2.0%,1.00-1.02,2025-09-16→2025-09-17
2025-09-16,2025-09-17,C,6665.0,0.01643835616438356,12.25950549089134,0.16882056835496517,18.552882942349015,0.30094660464133327,6606.76,6600.35,0.0136986301369863,37.51065005949832,13.61982746197259,-6.167860156844698,-5.320932264249097,1.0078770789555673,1.0-2.0%,1.00-1.02,2025-09-16→2025-09-17
2025-09-16,2025-09-17,P,6665.0,0.01643835616438356,64.30147565137399,-0.8311794316449781,70.59329126634202,-0.7002592192701189,6606.76,6600.35,0.0136986301369863,94.04239291826592,73.10842619377308,-6.777860156844177,-5.938661595521349,1.0078770789555673,1.0-2.0%,1.00-1.02,2025-09-16→2025-09-17
2025-09-16,2025-09-17,C,6670.0,0.01643835616438356,10.343586351334952,0.1450643995212339,16.902703707123464,0.282237098018924,6606.76,6600.35,0.0136986301369863,31.114508519628046,12.227288199436998,-5.87013719906891,-4.990860201698737,1.0086331757889924,1.0-2.0%,1.00-1.02,2025-09-16→2025-09-17
2025-09-16,2025-09-17,P,6670.0,0.01643835616438356,67.38090682701592,-0.8549356004787224,73.89310881547954,-0.7193043753640632,6606.76,6600.35,0.0136986301369863,92.64016116298993,76.67474442526509,-7.880137199068492,-7.010741046083546,1.0086331757889924,1.0-2.0%,1.00-1.02,2025-09-16→2025-09-17
2025-09-16,2025-09-17,C,6675.0,0.01643835616438356,8.590362106071364,0.12202527285542333,15.402531249254025,0.2642287244686993,6606.76,6600.35,0.0136986301369863,29.2885929390686,10.977386039401381,-5.617818000996754,-4.7062938761556765,1.0093892726224174,1.0-2.0%,1.00-1.02,2025-09-16→2025-09-17
2025-09-16,2025-09-17,P,6675.0,0.01643835616438356,70.62303289695119,-0.8779747271445276,77.39293580199865,-0.7373719305071283,6606.76,6600.35,0.0136986301369863,95.80815536702194,80.42583129340892,-7.7778180009963,-6.876554074550591,1.0093892726224174,1.0-2.0%,1.00-1.02,2025-09-16→2025-09-17
2025-09-16,2025-09-17,C,6535.0,0.019178082191780823,96.51301998188461,0.6812222069370927,100.99601262661236,0.7284418059626948,6606.76,6600.35,0.01643835616438356,141.15385438422885,92.35287828228229,-6.933365653533347,-6.630688023779244,0.9881162172395422,1.0-2.0%,0.98-1.00,2025-09-16→2025-09-17
2025-09-16,2025-09-17,P,6535.0,0.019178082191780823,17.999719391401037,-0.3187777930628723,22.201487218949296,-0.2717047986933791,6606.76,6600.35,0.01643835616438356,67.19118661431304,20.964396030713715,-7.2433656535329645,-6.94162775962452,0.9881162172395422,1.0-2.0%,0.98-1.00,2025-09-16→2025-09-17
2025-09-16,2025-09-17,C,6540.0,0.019178082191780823,92.64975680002212,0.669243024010345,96.89607069892736,0.7178321991101652,6606.76,6600.35,0.01643835616438356,138.3251609328138,88.31068710031104,-5.660152216093789,-5.348695603703948,0.9888722357684172,1.0-2.0%,0.98-1.00,2025-09-16→2025-09-17
2025-09-16,2025-09-17,P,6540.0,0.019178082191780823,19.13128918536802,-0.33075697598963144,23.25154899145491,-0.2829904468464245,6606.76,6600.35,0.01643835616438356,69.35590351655263,22.061969540679,-7.42015221609349,-7.1139687642855405,0.9888722357684172,1.0-2.0%,0.98-1.00,2025-09-16→2025-09-17
2025-09-16,2025-09-17,C,6545.0,0.019178082191780823,88.80752574495689,0.6530591207705165,92.89613242838914,0.7065547002571057,6606.76,6600.35,0.01643835616438356,136.33914323085446,84.37099339353153,-5.763891035861087,-5.420984371352058,0.9896282542972921,1.0-2.0%,0.98-1.00,2025-09-16→2025-09-17
2025-09-16,2025-09-17,P,6545.0,0.019178082191780823,20.283891106133385,-0.34694087922938627,24.251610777754195,-0.2942783302745769,6606.76,6600.35,0.01643835616438356,72.36329616824314,23.122220972428977,-7.523891035860316,-7.1863240970599955,0.9896282542972921,1.0-2.0%,0.98-1.00,2025-09-16→2025-09-17
2025-09-16,2025-09-17,C,6550.0,0.019178082191780823,85.07757396436497,0.6331543061993113,88.99619838404396,0.6946397176500055,6606.76,6600.35,0.01643835616438356,127.93051611857638,80.53449440022268,-5.891480897262509,-5.497359409863568,0.990384272826167,1.0-2.0%,0.98-1.00,2025-09-16→2025-09-17
2025-09-16,2025-09-17,P,6550.0,0.019178082191780823,21.54877230137146,-0.36684569380060783,25.351676764583544,-0.30620462982954166,6606.76,6600.35,0.01643835616438356,68.94807940963086,24.285677997971106,-7.701480897261844,-7.312771677207319,0.990384272826167,1.0-2.0%,0.98-1.00,2025-09-16→2025-09-17
2025-09-16,2025-09-17,C,6555.0,0.019178082191780823,81.40684100266921,0.6145203330670171,85.29626803563588,0.6817661911179785,6606.76,6600.35,0.01643835616438356,125.27430451847097,76.89542858049299,-6.81092466504051,-6.379878714933857,0.991140291355042,1.0-2.0%,0.98-1.00,2025-09-16→2025-09-17
2025-09-16,2025-09-17,P,6555.0,0.019178082191780823,22.8728723155046,-0.38547966693290475,26.55174456329678,-0.31873559854099165,6606.76,6600.35,0.01643835616438356,71.28527816318382,25.552975392620283,-7.870924665039865,-7.443095186647712,0.991140291355042,1.0-2.0%,0.98-1.00,2025-09-16→2025-09-17
2025-09-16,2025-09-17,C,6560.0,0.019178082191780823,77.73899281858925,0.6032536184968683,81.29633416974866,0.6696969497640088,6606.76,6600.35,0.01643835616438356,123.6920965587248,72.98625224061561,-5.983144305435156,-5.557242552012795,0.9918963098839169,1.0-2.0%,0.98-1.00,2025-09-16→2025-09-17
2025-09-16,2025-09-17,P,6560.0,0.019178082191780823,24.199857107255298,-0.39674638150306457,27.751814531479795,-0.3315036621542248,6606.76,6600.35,0.01643835616438356,74.69648055709092,26.831035277883075,-7.993144305434585,-7.5749384744085315,0.9918963098839169,1.0-2.0%,0.98-1.00,2025-09-16→2025-09-17
2025-09-16,2025-09-17,C,6565.0,0.019178082191780823,74.11131649799313,0.5818816287923453,77.59640732732078,0.656332862610243,6606.76,6600.35,0.01643835616438356,118.17622131093289,69.36918593072278,-6.1701387594411425,-5.692906350668429,0.9926523284127918,1.0-2.0%,0.98-1.00,2025-09-16→2025-09-17
2025-09-16,2025-09-17,P,6565.0,0.019178082191780823,25.567013762487615,-0.4181183712076444,29.051887617466036,-0.34485471107665777,6606.76,6600.35,0.01643835616438356,74.17401566295473,28.213978209980723,-8.080138759440942,-7.610518698001329,0.9926523284127918,1.0-2.0%,0.98-1.00,2025-09-16→2025-09-17
2025-09-16,2025-09-17,C,6570.0,0.019178082191780823,70.67570947455113,0.560389481667651,73.99648347570383,0.6424212855194056,6606.76,6600.35,0.01643835616438356,112.18039452406147,65.85752784585111,-6.357903422510441,-5.8320795598207065,0.9934083469416668,1.0-2.0%,0.98-1.00,2025-09-16→2025-09-17
2025-09-16,2025-09-17,P,6570.0,0.019178082191780823,27.126239714876313,-0.4396105183322886,30.401962927758632,-0.3586131883449342,6606.76,6600.35,0.01643835616438356,73.17159922974237,29.655483346139135,-8.267903422509905,-7.748710537290975,0.9934083469416668,1.0-2.0%,0.98-1.00,2025-09-16→2025-09-17
2025-09-16,2025-09-17,C,6575.0,0.019178082191780823,67.20086635268645,0.5499433631501502,70.39656115480466,0.6282509556069102,6606.76,6600.35,0.01643835616438356,110.40549520498494,62.35808868052072,-6.374863042207623,-5.872911374559802,0.9941643654705418,1.0-2.0%,0.98-1.00,2025-09-16→2025-09-17
2025-09-16,2025-09-17,P,6575.0,0.019178082191780823,28.646229568841402,-0.450056636849791,31.802040606859464,-0.3727835182574267,6606.76,6600.35,0.01643835616438356,76.39011026432065,31.156044180808294,-8.334863042207093,-7.83954235203005,0.9941643654705418,1.0-2.0%,0.98-1.00,2025-09-16→2025-09-17
2025-09-16,2025-09-17,C,6580.0,0.019178082191780823,63.768028234945625,0.5278852119689722,66.89664150926365,0.613551516413748,6606.76,6600.35,0.01643835616438356,107.19919770229562,58.964997201688675,-6.5162557912789705,-5.96713477978797,0.9949203839994166,1.0-2.0%,0.98-1.00,2025-09-16→2025-09-17
2025-09-16,2025-09-17,P,6580.0,0.019178082191780823,30.208224426930197,-0.47211478803098733,33.30212096131709,-0.3874829574505896,6606.76,6600.35,0.01643835616438356,78.17722311529332,32.76295270197579,-8.376255791278558,-7.83376575725822,0.9949203839994166,1.0-2.0%,0.98-1.00,2025-09-16→2025-09-17
2025-09-16,2025-09-17,C,6585.0,0.019178082191780823,60.51405279741225,0.5056022243788746,63.49672465459844,0.5983601387683729,6606.76,6600.35,0.01643835616438356,99.12762043248138,55.678640051058665,-6.6090897417314896,-6.014511510494819,0.9956764025282916,1.0-2.0%,0.98-1.00,2025-09-16→2025-09-17
2025-09-16,2025-09-17,P,6585.0,0.019178082191780823,31.949081965226476,-0.4943977756210965,34.90220410665279,-0.4026743350959633,6606.76,6600.35,0.01643835616438356,75.09905619913661,34.47659555134487,-8.569089741731162,-7.981142487965071,0.9956764025282916,1.0-2.0%,0.98-1.00,2025-09-16→2025-09-17
2025-09-16,2025-09-17,C,6590.0,0.019178082191780823,57.26559155206201,0.48782266932600205,60.1468098539126,0.5827949426446292,6606.76,6600.35,0.01643835616438356,96.52848980365461,52.452654515074755,-6.673056689620395,-6.064284417648009,0.9964324210571666,1.0-2.0%,0.98-1.00,2025-09-16→2025-09-17
2025-09-16,2025-09-17,P,6590.0,0.019178082191780823,33.69545369570546,-0.5121773306739527,36.5522893059665,-0.41823953121970725,6606.76,6600.35,0.01643835616438356,77.493335923969,36.25061001536187,-8.583056689619958,-7.980915395118259,0.9964324210571666,1.0-2.0%,0.98-1.00,2025-09-16→2025-09-17
2025-09-16,2025-09-17,C,6595.0,0.019178082191780823,54.07072599404013,0.47177094894678373,56.896897499612805,0.5667829034486117,6606.76,6600.35,0.01643835616438356,95.26255954152742,49.33411505923914,-6.725948217251192,-6.116921588894488,0.9971884395860414,1.0-2.0%,0.98-1.00,2025-09-16→2025-09-17
2025-09-16,2025-09-17,P,6595.0,0.019178082191780823,35.49542111351423,-0.5282290510531734,38.302376951668066,-0.43425157041572526,6606.76,6600.35,0.01643835616438356,81.22081601548885,38.132070559526255,-8.635948217250764,-8.033552566364737,0.9971884395860414,1.0-2.0%,0.98-1.00,2025-09-16→2025-09-17
2025-09-16,2025-09-17,C,6600.0,0.019178082191780823,50.983978444187855,0.44889511860545334,53.74698726862016,0.550362859927006,6606.76,6600.35,0.01643835616438356,87.91705789710382,46.32323790981309,-6.822582289739112,-6.172174067867974,0.9979444581149164,1.0-2.0%,0.98-1.00,2025-09-16→2025-09-17
2025-09-16,2025-09-17,P,6600.0,0.019178082191780823,37.40350653949153,-0.5511048813944973,40.10246646767973,-0.4506256016105645,6606.76,6600.35,0.01643835616438356,78.86872472472737,40.07469012349429,-8.682582289738646,-8.03851010632365,0.9979444581149164,1.0-2.0%,0.98-1.00,2025-09-16→2025-09-17
2025-09-16,2025-09-17,C,6605.0,0.019178082191780823,48.04405019258678,0.425698189256922,50.64707911781625,0.5336028108777988,6606.76,6600.35,0.01643835616438356,83.85349409758686,43.37377544620631,-6.871274606863194,-6.179605982273388,0.9987004766437914,1.0-2.0%,0.98-1.00,2025-09-16→2025-09-17
2025-09-16,2025-09-17,P,6605.0,0.019178082191780823,39.4584112637192,-0.574301810743047,42.05255856986969,-0.4674316629865379,6606.76,6600.35,0.01643835616438356,79.79857127887253,42.17173094649297,-8.781274606862842,-8.096236959743635,0.9987004766437914,1.0-2.0%,0.98-1.00,2025-09-16→2025-09-17
2025-09-16,2025-09-17,C,6610.0,0.019178082191780823,45.13773799489728,0.41464731518884573,47.69717264659539,0.516468588256152,6606.76,6600.35,0.01643835616438356,83.00040839778174,40.57870498125703,-6.8421107096395595,-6.18943634927814,0.9994564951726663,1.0-2.0%,0.98-1.00,2025-09-16→2025-09-17
2025-09-16,2025-09-17,P,6610.0,0.019178082191780823,41.5469320418599,-0.585352684811128,44.05265204285752,-0.4845560543562481,6606.76,6600.35,0.01643835616438356,83.93889593272085,44.3304019295374,-8.652110709639244,-8.006004308423478,0.9994564951726663,1.0-2.0%,0.98-1.00,2025-09-16→2025-09-17
2025-09-16,2025-09-17,C,6615.0,0.019178082191780823,42.32831648137289,0.3918498913557477,44.797268315196106,0.4990384596280642,6606.76,6600.35,0.01643835616438356,79.07170677323583,37.84540617383345,-6.788242196409712,-6.101163473784178,1.0002125137015412,1.0-2.0%,1.00-1.02,2025-09-16→2025-09-17
2025-09-16,2025-09-17,P,6615.0,0.019178082191780823,43.732343504165925,-0.6081501086442325,46.20274776725046,-0.5019960142362724,6606.76,6600.35,0.01643835616438356,85.00360466182948,46.64336167412057,-8.698242196409439,-8.01779445125443,1.0002125137015412,1.0-2.0%,1.00-1.02,2025-09-16→2025-09-17
2025-09-16,2025-09-17,C,6620.0,0.019178082191780823,39.72848651696562,0.36950918723480874,41.997365277489735,0.4813245925917906,6606.76,6600.35,0.01643835616438356,71.73571933587698,35.22023826609711,-6.781446109824929,-6.064709361486691,1.0009685322304163,1.0-2.0%,1.00-1.02,2025-09-16→2025-09-17
2025-09-16,2025-09-17,P,6620.0,0.019178082191780823,46.127346515588066,-0.6304908127651747,48.402844729544086,-0.5197098812725464,6606.76,6600.35,0.01643835616438356,82.66102757813084,49.018193766382865,-8.691446109824684,-7.981340338956953,1.0009685322304163,1.0-2.0%,1.00-1.02,2025-09-16→2025-09-17
2025-09-16,2025-09-17,C,6625.0,0.019178082191780823,37.14744635583591,0.3534901846014773,39.34746327094899,0.46341726293661023,6606.76,6600.35,0.01643835616438356,70.13126442281285,32.748843820821094,-6.684127916704584,-5.9794953445763985,1.0017245507592911,1.0-2.0%,1.00-1.02,2025-09-16→2025-09-17
2025-09-16,2025-09-17,P,6625.0,0.019178082191780823,48.54113933028754,-0.6465098153984529,50.70294299143734,-0.5376663127005726,6606.76,6600.35,0.01643835616438356,86.04998301872733,51.501049884264376,-8.594127916703991,-7.896441064410595,1.0017245507592911,1.0-2.0%,1.00-1.02,2025-09-16→2025-09-17
2025-09-16,2025-09-17,C,6630.0,0.019178082191780823,34.67778326778227,0.3361494518001675,36.79756293436594,0.44535107147076747,6606.76,6600.35,0.01643835616438356,68.78851315608644,30.38487025671384,-6.645282013960973,-5.945299631872443,1.002480569288166,1.0-2.0%,1.00-1.02,2025-09-16→2025-09-17
2025-09-16,2025-09-17,P,6630.0,0.019178082191780823,51.06630921806418,-0.6638505481997832,53.153042757886396,-0.5557532760864471,6606.76,6600.35,0.01643835616438356,89.70064210565431,54.137284589233786,-8.505282013960507,-7.812378499714038,1.002480569288166,1.0-2.0%,1.00-1.02,2025-09-16→2025-09-17
2025-09-16,2025-09-17,C,6635.0,0.019178082191780823,32.418318502864686,0.31562668888871814,34.297662203318396,0.42707952314122466,6606.76,6600.35,0.01643835616438356,60.646687887730565,28.082675246526378,-6.426832924223358,-5.712420256664808,1.003236587817041,1.0-2.0%,1.00-1.02,2025-09-16→2025-09-17
2025-09-16,2025-09-17,P,6635.0,0.019178082191780823,53.80167742897639,-0.684373311111267,55.70314165537229,-0.5739549507231121,6606.76,6600.35,0.01643835616438356,86.55222719095802,56.88063074681213,-8.436832924223125,-7.729051234135069,1.003236587817041,1.0-2.0%,1.00-1.02,2025-09-16→2025-09-17
2025-09-16,2025-09-17,C,6640.0,0.019178082191780823,30.233513413728886,0.2946288581486533,31.94776221365464,0.4088088609222815,6606.76,6600.35,0.01643835616438356,58.34266630433063,25.932724020926344,-6.41142901926718,-5.679535201488239,1.003992606345916,1.0-2.0%,1.00-1.02,2025-09-16→2025-09-17
2025-09-16,2025-09-17,P,6640.0,0.019178082191780823,56.61170531567111,-0.705371141851241,58.30324228589052,-0.5923389220792467,6606.76,6600.35,0.01643835616438356,89.2416159612187,59.685617402906246,-8.271429019266352,-7.546892490527885,1.003992606345916,1.0-2.0%,1.00-1.02,2025-09-16→2025-09-17
2025-09-16,2025-09-17,C,6645.0,0.019178082191780823,28.091655529218425,0.2843505307328729,29.697862359597366,0.39051610099304995,6606.76,6600.35,0.01643835616438356,58.726655987175626,23.888977413603698,-6.177313098002326,-5.496791792634607,1.0047486248747908,1.0-2.0%,1.00-1.02,2025-09-16→2025-09-17
2025-09-16,2025-09-17,P,6645.0,0.019178082191780823,59.46468040698999,-0.7156494692670898,61.103341811652626,-0.6105183728712845,6606.76,6600.35,0.01643835616438356,94.61901599771626,62.686932913891724,-8.137313098001947,-7.463422770104849,1.0047486248747908,1.0-2.0%,1.00-1.02,2025-09-16→2025-09-17
2025-09-16,2025-09-17,C,6650.0,0.019178082191780823,26.191803558681052,0.26640620929774556,27.54796266289395,0.3722494886352342,6606.76,6600.35,0.01643835616438356,54.92580656514405,21.950848995097203,-6.04233619840149,-5.363880777848203,1.0055046434036659,1.0-2.0%,1.00-1.02,2025-09-16→2025-09-17
2025-09-16,2025-09-17,P,6650.0,0.019178082191780823,62.55966141228243,-0.7335937907022091,63.90344299186927,-0.6289437721193751,6606.76,6600.35,0.01643835616438356,95.81157692934026,65.70430137116728,-7.9023361984010565,-7.231529579285106,1.0055046434036659,1.0-2.0%,1.00-1.02,2025-09-16→2025-09-17
2025-09-16,2025-09-17,C,6655.0,0.019178082191780823,24.429096944194633,0.24821455517407823,25.498061904425413,0.35405883186538456,6606.76,6600.35,0.01643835616438356,48.66357669683054,20.11765857928367,-5.758944701334196,-5.080482887742938,1.0062606619325407,1.0-2.0%,1.00-1.02,2025-09-16→2025-09-17
2025-09-16,2025-09-17,P,6655.0,0.019178082191780823,65.7917877736251,-0.7517854448258671,66.90354135647885,-0.6469756419989532,6606.76,6600.35,0.01643835616438356,94.54275741468837,68.91561407957033,-6.9689447013337045,-6.297113865213201,1.0062606619325407,1.0-2.0%,1.00-1.02,2025-09-16→2025-09-17
2025-09-16,2025-09-17,C,6660.0,0.019178082191780823,22.629223427443893,0.23555333035188353,23.548160770012146,0.33599575370701473,6606.76,6600.35,0.01643835616438356,48.86331712875224,18.388631240026825,-5.640103152444463,-4.996267218738087,1.0070166804614156,1.0-2.0%,1.00-1.02,2025-09-16→2025-09-17
2025-09-16,2025-09-17,P,6660.0,0.019178082191780823,68.98674723270382,-0.7644466696480252,69.90364135174696,-0.6652451762282864,6606.76,6600.35,0.01643835616438356,99.73590820026318,72.14272563350278,-6.600103152443733,-5.964221579623222,1.0070166804614156,1.0-2.0%,1.00-1.02,2025-09-16→2025-09-17
2025-09-16,2025-09-17,C,6665.0,0.019178082191780823,21.042618217166066,0.22267117186771443,21.698258378364244,0.31811395045812113,6606.76,6600.35,0.01643835616438356,47.578845011728276,16.762889983087007,-5.372677788327982,-4.760889577563489,1.0077726989902906,1.0-2.0%,1.00-1.02,2025-09-16→2025-09-17
2025-09-16,2025-09-17,P,6665.0,0.019178082191780823,72.39497499825697,-0.7773288281322402,73.10373783041996,-0.6829205234062116,6606.76,6600.35,0.01643835616438356,103.444846436898,75.56084548337458,-6.332677788327541,-5.727520555033711,1.0077726989902906,1.0-2.0%,1.00-1.02,2025-09-16→2025-09-17
2025-09-16,2025-09-17,C,6670.0,0.019178082191780823,19.741537715764018,0.20913556018640522,19.99835384483481,0.30072507371152024,6606.76,6600.35,0.01643835616438356,40.579802817285675,15.28259785437831,-5.159441059205173,-4.572352277509199,1.0085287175191655,1.0-2.0%,1.00-1.02,2025-09-16→2025-09-17
2025-09-16,2025-09-17,P,6670.0,0.019178082191780823,76.08872747268418,-0.7908644398135742,76.1038417471409,-0.7018532191624678,6606.76,6600.35,0.01643835616438356,101.43921459611475,78.82181231469804,-5.8194410592048955,-5.248879134831316,1.0085287175191655,1.0-2.0%,1.00-1.02,2025-09-16→2025-09-17
2025-09-16,2025-09-17,C,6675.0,0.019178082191780823,18.32476382722275,0.19353687251413007,18.348448667488356,0.28340228242707216,6606.76,6600.35,0.01643835616438356,38.44722319552395,13.859981761941299,-4.909428647184456,-4.333391369642511,1.0092847360480404,1.0-2.0%,1.00-1.02,2025-09-16→2025-09-17
2025-09-16,2025-09-17,P,6675.0,0.019178082191780823,79.66678655997369,-0.8064631274858579,79.45393741731914,-0.7193308066252246,6606.76,6600.35,0.01643835616438356,104.30004532801146,82.40156687576564,-5.669428647184217,-5.110910470467571,1.0092847360480404,1.0-2.0%,1.00-1.02,2025-09-16→2025-09-17
2025-09-16,2025-09-17,C,6535.0,0.021917808219178082,100.27773176180659,0.6663259301994693,105.0534100038949,0.7156987417707119,6606.76,6600.35,0.019178082191780823,149.9815728977643,96.65773864548373,-6.778850787421496,-6.462371065249838,0.988010112503781,2.0-3.0%,0.98-1.00,2025-09-16→2025-09-17
2025-09-16,2025-09-17,P,6535.0,0.021917808219178082,21.063422647297955,-0.3336740698003977,24.848656621673626,-0.2819431043521607,6606.76,6600.35,0.019178082191780823,75.29431021682498,23.863749721278737,-6.988850787420502,-6.657255298897311,0.988010112503781,2.0-3.0%,0.98-1.00,2025-09-16→2025-09-17
2025-09-16,2025-09-17,C,6540.0,0.021917808219178082,96.62243252155149,0.6557150618932299,100.8033650799589,0.7062702655232083,6606.76,6600.35,0.019178082191780823,146.78546317079196,92.47886095489412,-5.796866453264491,-5.472807597996338,0.9887660498507617,2.0-3.0%,0.98-1.00,2025-09-16→2025-09-17
2025-09-16,2025-09-17,P,6540.0,0.021917808219178082,22.402420033575787,-0.3442849381066893,25.898605677715977,-0.29263507632140345,6606.76,6600.35,0.019178082191780823,77.09105644802116,24.96742686085986,-7.106866453263827,-6.775790839220152,0.9887660498507617,2.0-3.0%,0.98-1.00,2025-09-16→2025-09-17
2025-09-16,2025-09-17,C,6545.0,0.021917808219178082,93.09866067066869,0.6419862105466799,96.90331365345173,0.6953139552858876,6606.76,6600.35,0.019178082191780823,145.451948419413,88.63811155134772,-6.53486839039588,-6.193037546617568,0.9895219871977424,2.0-3.0%,0.98-1.00,2025-09-16→2025-09-17
2025-09-16,2025-09-17,P,6545.0,0.021917808219178082,23.872944809239236,-0.3580137894531229,26.998553256809828,-0.303707541896022,6606.76,6600.35,0.019178082191780823,80.75039765480547,26.126292123384246,-7.144868390394468,-6.796765343553458,0.9895219871977424,2.0-3.0%,0.98-1.00,2025-09-16→2025-09-17
2025-09-16,2025-09-17,C,6550.0,0.021917808219178082,89.57125790015368,0.6244492722112722,93.0032595603634,0.6841485566208018,6606.76,6600.35,0.019178082191780823,137.25682724621268,84.80556363123924,-5.997280165125836,-5.614607752060761,0.9902779245447231,2.0-3.0%,0.98-1.00,2025-09-16→2025-09-17
2025-09-16,2025-09-17,P,6550.0,0.021917808219178082,25.339838665256885,-0.3755507277885951,28.148498195316733,-0.3151583803258938,6606.76,6600.35,0.019178082191780823,77.54813243975744,27.34072565869792,-7.357280165124839,-6.970165217888933,0.9902779245447231,2.0-3.0%,0.98-1.00,2025-09-16→2025-09-17
2025-09-16,2025-09-17,C,6555.0,0.021917808219178082,86.036141519576,0.6076853989024941,89.20320385776995,0.672435702883641,6606.76,6600.35,0.019178082191780823,134.11770252432822,81.07611863752572,-6.104736593035101,-5.689687144515959,0.9910338618917038,2.0-3.0%,0.98-1.00,2025-09-16→2025-09-17
2025-09-16,2025-09-17,P,6555.0,0.021917808219178082,26.799018911217285,-0.3923146010973534,29.34844198966539,-0.32698616334363334,6606.76,6600.35,0.019178082191780823,79.40186367604447,28.611108446657454,-7.464736593033981,-7.045981307032645,0.9910338618917038,2.0-3.0%,0.98-1.00,2025-09-16→2025-09-17
2025-09-16,2025-09-17,C,6560.0,0.021917808219178082,83.11855493460476,0.6011132404040006,84.70315673175264,0.6625430309250904,6606.76,6600.35,0.019178082191780823,133.06252882412753,76.69338789445464,-5.346864129010447,-4.95309917177027,0.9917897992386845,2.0-3.0%,0.98-1.00,2025-09-16→2025-09-17
2025-09-16,2025-09-17,P,6560.0,0.021917808219178082,28.875728952784677,-0.3988867595958398,30.598383855975044,-0.33919025159550237,6606.76,6600.35,0.019178082191780823,83.33954593401344,29.937819027557453,-7.506864129009278,-7.124209512727123,0.9917897992386845,2.0-3.0%,0.98-1.00,2025-09-16→2025-09-17
2025-09-16,2025-09-17,C,6565.0,0.021917808219178082,79.90394965714069,0.5837862787268324,81.10309527020854,0.6496433216041746,6606.76,6600.35,0.019178082191780823,127.5618210341528,73.17142905729906,-5.607929953361083,-5.18578630851733,0.9925457365856653,2.0-3.0%,0.98-1.00,2025-09-16→2025-09-17
2025-09-16,2025-09-17,P,6565.0,0.021917808219178082,30.655420301863803,-0.4162137212730244,31.89832391429536,-0.35177092617352196,6606.76,6600.35,0.019178082191780823,82.83169410219321,31.321238157509015,-7.567929953360025,-7.154851636772223,0.9925457365856653,2.0-3.0%,0.98-1.00,2025-09-16→2025-09-17
2025-09-16,2025-09-17,C,6570.0,0.021917808219178082,76.68929585611897,0.5654223610506858,77.50303324527613,0.636536673459626,6606.76,6600.35,0.019178082191780823,121.38885884276895,69.65925768034776,-5.72564266566518,-5.269799923123885,0.9933016739326459,2.0-3.0%,0.98-1.00,2025-09-16→2025-09-17
2025-09-16,2025-09-17,P,6570.0,0.021917808219178082,32.43506312737582,-0.4345776389491681,33.29826198808132,-0.3648534714691842,6606.76,6600.35,0.019178082191780823,81.65158786897338,32.809039734533144,-7.7356426656641,-7.288710752117414,0.9933016739326459,2.0-3.0%,0.98-1.00,2025-09-16→2025-09-17
2025-09-16,2025-09-17,C,6575.0,0.021917808219178082,74.34736348922755,0.5621456392651432,74.05296765344838,0.622850132751177,6606.76,6600.35,0.019178082191780823,119.78507775872566,66.29907414858508,-5.79664645231052,-5.407530649065052,0.9940576112796267,2.0-3.0%,0.98-1.00,2025-09-16→2025-09-17
2025-09-16,2025-09-17,P,6575.0,0.021917808219178082,35.08742738702819,-0.4378543607346688,34.79819706361195,-0.37840314841472583,6606.76,6600.35,0.019178082191780823,85.04066274309751,34.40154068182892,-7.756646452309159,-7.3755641813383335,0.9940576112796267,2.0-3.0%,0.98-1.00,2025-09-16→2025-09-17
2025-09-16,2025-09-17,C,6580.0,0.021917808219178082,71.85109059122092,0.5475911011773734,70.55290187602077,0.6090533476985923,6606.76,6600.35,0.019178082191780823,116.7754355763189,62.902110866569274,-5.789941041453128,-5.395968041252123,0.9948135486266073,2.0-3.0%,0.98-1.00,2025-09-16→2025-09-17
2025-09-16,2025-09-17,P,6580.0,0.021917808219178082,37.58545111555909,-0.45240889882246915,36.298131347945855,-0.39218713370155195,6606.76,6600.35,0.019178082191780823,87.02387651885249,36.004542869940906,-7.849941041451958,-7.463919527026887,0.9948135486266073,2.0-3.0%,0.98-1.00,2025-09-16→2025-09-17
2025-09-16,2025-09-17,C,6585.0,0.021917808219178082,69.02198119925816,0.5303584871729731,67.15283400276576,0.594808888482549,6606.76,6600.35,0.019178082191780823,108.64691269465479,59.61050562695118,-5.950402097221328,-5.537275024826956,0.9955694859735881,2.0-3.0%,0.98-1.00,2025-09-16→2025-09-17
2025-09-16,2025-09-17,P,6585.0,0.021917808219178082,39.75063835012907,-0.46964151282692274,37.898063538675615,-0.406418176788101,6606.76,6600.35,0.019178082191780823,83.88820959534996,37.712890844942194,-7.860402097220508,-7.45514051321167,0.9955694859735881,2.0-3.0%,0.98-1.00,2025-09-16→2025-09-17
2025-09-16,2025-09-17,C,6590.0,0.021917808219178082,66.69442873022213,0.5198706699071212,63.85276417116347,0.58015275559222,6606.76,6600.35,0.019178082191780823,105.6591697534555,56.42446754924731,-5.967629005895433,-5.581220836653959,0.9963254233205687,2.0-3.0%,0.98-1.00,2025-09-16→2025-09-17
2025-09-16,2025-09-17,P,6590.0,0.021917808219178082,42.41738250763278,-0.4801293300927472,39.547994112455854,-0.4209892217247574,6606.76,6600.35,0.019178082191780823,85.89332261231121,39.4796693396479,-7.877629005894438,-7.498540911255631,0.9963254233205687,2.0-3.0%,0.98-1.00,2025-09-16→2025-09-17
2025-09-16,2025-09-17,C,6595.0,0.021917808219178082,66.02221211259774,0.5202217640580524,60.602693081802045,0.5651790003679303,6606.76,6600.35,0.019178082191780823,105.08802692966587,53.29709201467995,-5.91537849238796,-5.627202607641649,0.9970813606675495,2.0-3.0%,0.98-1.00,2025-09-16→2025-09-17
2025-09-16,2025-09-17,P,6595.0,0.021917808219178082,46.739462516553296,-0.4797782359417552,41.29792302309352,-0.4359629769490462,6606.76,6600.35,0.019178082191780823,90.31503574668514,41.35229380508008,-7.825378492386581,-7.544522682243322,0.9970813606675495,2.0-3.0%,0.98-1.00,2025-09-16→2025-09-17
2025-09-16,2025-09-17,C,6600.0,0.021917808219178082,63.76751138821217,0.505586274406493,57.45261964814381,0.5498394551475105,6606.76,6600.35,0.019178082191780823,97.74584236746456,50.27568616112876,-5.959191981054456,-5.67552909250454,0.9978372980145301,2.0-3.0%,0.98-1.00,2025-09-16→2025-09-17
2025-09-16,2025-09-17,P,6600.0,0.021917808219178082,49.47905841870069,-0.4944137255933754,43.14784958943392,-0.45130252216946537,6606.76,6600.35,0.019178082191780823,87.96570714264398,43.330887951528894,-7.869191981053467,-7.592849167106211,0.9978372980145301,2.0-3.0%,0.98-1.00,2025-09-16→2025-09-17
2025-09-16,2025-09-17,C,6605.0,0.021917808219178082,61.11435186363816,0.4876037879474383,54.3525452142394,0.5341985583185929,6606.76,6600.35,0.019178082191780823,93.25561864703432,47.313443478572026,-5.974459719256993,-5.675787241177899,0.9985932353615109,2.0-3.0%,0.98-1.00,2025-09-16→2025-09-17
2025-09-16,2025-09-17,P,6605.0,0.021917808219178082,51.82019552066062,-0.5123962120524634,45.047775155531326,-0.4669434189983835,6606.76,6600.35,0.019178082191780823,88.46833938037814,45.368645268971704,-7.834459719256213,-7.543107315779567,0.9985932353615109,2.0-3.0%,0.98-1.00,2025-09-16→2025-09-17
2025-09-16,2025-09-17,C,6610.0,0.021917808219178082,63.010310766736254,0.5058714867754145,51.402468652438984,0.5182267965114753,6606.76,6600.35,0.019178082191780823,92.95762031968292,44.50421274877681,-5.7573637697696665,-5.678166234361519,0.9993491727084916,2.0-3.0%,0.98-1.00,2025-09-16→2025-09-17
2025-09-16,2025-09-17,P,6610.0,0.021917808219178082,58.710451050300044,-0.4941285132244539,47.047698639933515,-0.4829047991182902,6606.76,6600.35,0.019178082191780823,93.1631970111946,47.512657570903684,-7.617363769768673,-7.545419762348166,0.9993491727084916,2.0-3.0%,0.98-1.00,2025-09-16→2025-09-17
2025-09-16,2025-09-17,C,6615.0,0.021917808219178082,61.92784425905145,0.49703191828695814,48.452391774471835,0.5019939753865912,6606.76,6600.35,0.019178082191780823,89.02903062926575,41.70770098569983,-5.6140254037806745,-5.582218617772028,1.0001051100554723,2.0-3.0%,1.00-1.02,2025-09-16→2025-09-17
2025-09-16,2025-09-17,P,6615.0,0.021917808219178082,62.622281169160104,-0.5029680817128731,49.14762171576285,-0.4991480019303854,6606.76,6600.35,0.019178082191780823,94.22746327893653,49.76290277609951,-7.524025403779447,-7.499538692373702,1.0001051100554723,2.0-3.0%,1.00-1.02,2025-09-16→2025-09-17
2025-09-16,2025-09-17,C,6620.0,0.021917808219178082,59.70368755610385,0.48149509395480267,45.70231333579841,0.48553174966423884,6606.76,6600.35,0.019178082191780823,81.57952771154466,39.11057787084064,-5.663616447749785,-5.6377414846523,1.000861047402453,2.0-3.0%,1.00-1.02,2025-09-16→2025-09-17
2025-09-16,2025-09-17,P,6620.0,0.021917808219178082,65.39242109274079,-0.5185049060451196,51.39754327709079,-0.5156102276527375,6606.76,6600.35,0.019178082191780823,91.7708163193759,52.16577966124078,-7.57361644774914,-7.555061559253971,1.000861047402453,2.0-3.0%,1.00-1.02,2025-09-16→2025-09-17
2025-09-16,2025-09-17,C,6625.0,0.021917808219178082,60.35362639925965,0.48759721841852177,42.952233712590896,0.4688218966949808,6606.76,6600.35,0.019178082191780823,79.999370542984,36.526467508195765,-5.374501829937346,-5.494851642185241,1.0016169847494336,2.0-3.0%,1.00-1.02,2025-09-16→2025-09-17
2025-09-16,2025-09-17,P,6625.0,0.021917808219178082,71.03665656244068,-0.5124027815812907,53.69746384736891,-0.5322794939638894,6606.76,6600.35,0.019178082191780823,95.18351510898268,54.62800111853676,-7.384501829936,-7.511911556308455,1.0016169847494336,2.0-3.0%,1.00-1.02,2025-09-16→2025-09-17
2025-09-16,2025-09-17,C,6630.0,0.021917808219178082,61.80681789525793,0.49660533779142535,40.35215310664489,0.4519754497938182,6606.76,6600.35,0.019178082191780823,79.29949326621484,34.09461314520013,-5.216759784757034,-5.502837366821689,1.0023729220964144,2.0-3.0%,1.00-1.02,2025-09-16→2025-09-17
2025-09-16,2025-09-17,P,6630.0,0.021917808219178082,77.48414468497842,-0.5033946622083962,56.04738304793591,-0.5491665275231584,6606.76,6600.35,0.019178082191780823,99.47649379037937,57.14981493559981,-7.07675978475574,-7.37015744142336,1.0023729220964144,2.0-3.0%,1.00-1.02,2025-09-16→2025-09-17
2025-09-16,2025-09-17,C,6635.0,0.021917808219178082,60.08193429953192,0.4842147661419934,37.8520726285542,0.43501208143489756,6606.76,6600.35,0.019178082191780823,71.35006670422284,31.768237071859403,-5.096183349029896,-5.411572558002373,1.0031288594433951,2.0-3.0%,1.00-1.02,2025-09-16→2025-09-17
2025-09-16,2025-09-17,P,6635.0,0.021917808219178082,80.75355771578202,-0.5157852338579293,58.39730146541797,-0.5663616690237668,6606.76,6600.35,0.019178082191780823,96.51992318654258,59.68552839123004,-6.856183349029249,-7.18037829844226,1.0031288594433951,2.0-3.0%,1.00-1.02,2025-09-16→2025-09-17
2025-09-16,2025-09-17,C,6640.0,0.021917808219178082,57.66623497699105,0.4672098173782251,35.401990999358986,0.41787969415409976,6606.76,6600.35,0.019178082191780823,68.73214234623966,29.50120838668954,-4.955185070605651,-5.271391160472287,1.003884796790376,2.0-3.0%,1.00-1.02,2025-09-16→2025-09-17
2025-09-16,2025-09-17,P,6640.0,0.021917808219178082,83.3321550197841,-0.5327901826215712,61.09722094065046,-0.5832622831628764,6606.76,6600.35,0.019178082191780823,98.89485478672401,62.556410177090584,-6.915185070604194,-7.2387112350739535,1.003884796790376,2.0-3.0%,1.00-1.02,2025-09-16→2025-09-17
2025-09-16,2025-09-17,C,6645.0,0.021917808219178082,61.29427702905317,0.49443188452430575,33.10190960472619,0.4007960397073467,6606.76,6600.35,0.019178082191780823,69.90225132146959,27.384851016182893,-4.580691620199272,-5.180897385475966,1.0046407341373564,2.0-3.0%,1.00-1.02,2025-09-16→2025-09-17
2025-09-16,2025-09-17,P,6645.0,0.021917808219178082,91.95449369838569,-0.505568115475547,63.7471389955399,-0.6004614746761622,6606.76,6600.35,0.019178082191780823,105.05781972012043,65.3945039605378,-6.440691620198185,-7.048958052674115,1.0046407341373564,2.0-3.0%,1.00-1.02,2025-09-16→2025-09-17
2025-09-16,2025-09-17,C,6650.0,0.021917808219178082,60.39466410056211,0.48651312077119724,30.901828345602553,0.38373043217320696,6606.76,6600.35,0.019178082191780823,66.2768412494543,25.37268606708676,-4.431450895856694,-5.090287929769796,1.0053966714843372,2.0-3.0%,1.00-1.02,2025-09-16→2025-09-17
2025-09-16,2025-09-17,P,6650.0,0.021917808219178082,96.0491773964338,-0.5134868792286464,66.54705764340588,-0.6175468408219438,6606.76,6600.35,0.019178082191780823,106.42526560626024,68.38257275954311,-6.4414508958555405,-7.108475249668562,1.0053966714843372,2.0-3.0%,1.00-1.02,2025-09-16→2025-09-17
2025-09-16,2025-09-17,C,6655.0,0.021917808219178082,58.28868878607342,0.4713943074344294,28.751747398654516,0.3665752862700375,6606.76,6600.35,0.019178082191780823,59.97328098710847,23.41906436186855,-4.228362489345376,-4.900252415009113,1.006152608831318,2.0-3.0%,1.00-1.02,2025-09-16→2025-09-17
2025-09-16,2025-09-17,P,6655.0,0.021917808219178082,98.93749870847779,-0.5286056925654626,69.39697575301125,-0.6347224829151297,6606.76,6600.35,0.019178082191780823,105.1145613020823,71.42920313739342,-6.088362489344542,-6.768571115485892,1.006152608831318,2.0-3.0%,1.00-1.02,2025-09-16→2025-09-17
2025-09-16,2025-09-17,C,6660.0,0.021917808219178082,59.44343643089577,0.481076199750321,26.751666008654865,0.34967040539845,6606.76,6600.35,0.019178082191780823,60.34640897855464,21.61371716918393,-3.8663015596005117,-4.708612701395985,1.0069085461782987,2.0-3.0%,1.00-1.02,2025-09-16→2025-09-17
2025-09-16,2025-09-17,P,6660.0,0.021917808219178082,105.08654297984361,-0.5189238002494796,72.44689594994634,-0.6514715719185254,6606.76,6600.35,0.019178082191780823,110.48054525169478,74.66891895958452,-5.126301559599086,-5.97593277599765,1.0069085461782987,2.0-3.0%,1.00-1.02,2025-09-16→2025-09-17
2025-09-16,2025-09-17,C,6665.0,0.021917808219178082,60.52496293761745,0.48750933811267866,24.80158529823666,0.33273446077566055,6606.76,6600.35,0.019178082191780823,59.814788919216085,19.86606905493136,-3.5750651426978,-4.567172106428064,1.0076644835252793,2.0-3.0%,1.00-1.02,2025-09-16→2025-09-17
2025-09-16,2025-09-17,P,6665.0,0.021917808219178082,111.16236611310818,-0.5124906618871322,75.39681335173282,-0.668803412306028,6606.76,6600.35,0.019178082191780823,114.94178115051783,77.83225134860095,-4.635065142696451,-5.637029872881551,1.0076644835252793,2.0-3.0%,1.00-1.02,2025-09-16→2025-09-17
2025-09-16,2025-09-17,C,6670.0,0.021917808219178082,58.82097055825748,0.4750876972401682,23.001506078481725,0.31619386497101226,6606.76,6600.35,0.019178082191780823,52.798893139244775,18.264618817404425,-3.454687860690591,-4.473197325535857,1.00842042087226,2.0-3.0%,1.00-1.02,2025-09-16→2025-09-17
2025-09-16,2025-09-17,P,6670.0,0.021917808219178082,114.45267036028393,-0.5249123027596782,78.64673495965872,-0.6851670808842374,6606.76,6600.35,0.019178082191780823,112.91874132870875,81.27560327085394,-4.364687860689461,-5.391920988467862,1.00842042087226,2.0-3.0%,1.00-1.02,2025-09-16→2025-09-17
2025-09-16,2025-09-17,C,6675.0,0.021917808219178082,56.46428848714213,0.45877628387757574,21.251427859132036,0.299687031257692,6606.76,6600.35,0.019178082191780823,50.558135313591876,16.719744197948785,-3.3092440203448064,-4.329006129638238,1.0091763582192408,2.0-3.0%,1.00-1.02,2025-09-16→2025-09-17
2025-09-16,2025-09-17,P,6675.0,0.021917808219178082,117.09028491569977,-0.5412237161223313,80.79663062776672,-0.7071578007253617,6606.76,6600.35,0.019178082191780823,115.67083946121735,83.76704896340016,-3.569244020344059,-4.63288150264946,1.0091763582192408,2.0-3.0%,1.00-1.02,2025-09-16→2025-09-17
2025-09-16,2025-09-17,C,6535.0,0.024657534246575342,104.24470754945163,0.6678045281452225,108.0919529566736,0.7083210721182671,6606.76,6600.35,0.021917808219178082,158.41220658041706,99.95043316582996,-6.169372974589209,-5.9096619277219995,0.9879005052307371,2.0-3.0%,0.98-1.00,2025-09-16→2025-09-17
2025-09-16,2025-09-17,P,6535.0,0.024657534246575342,24.306249487680603,-0.3321954718546685,27.353299673225365,-0.2904640140023363,6606.76,6600.35,0.021917808219178082,83.11491145339934,26.582878994567864,-6.379372974588376,-6.111874329754933,0.9879005052307371,2.0-3.0%,0.98-1.00,2025-09-16→2025-09-17
2025-09-16,2025-09-17,C,6540.0,0.024657534246575342,101.10741543680743,0.6602074059374357,105.04209988310049,0.6953085995435702,6606.76,6600.35,0.021917808219178082,154.91567030603025,96.91515486091066,-7.168070527941125,-6.943071876925808,0.9886563587159941,2.0-3.0%,0.98-1.00,2025-09-16→2025-09-17
2025-09-16,2025-09-17,P,6540.0,0.024657534246575342,26.162699947296403,-0.33979259406242357,28.453417425561838,-0.3008293846381613,6606.76,6600.35,0.021917808219178082,84.6107643946811,27.737872037328998,-6.528070527940084,-6.278316355530568,0.9886563587159941,2.0-3.0%,0.98-1.00,2025-09-16→2025-09-17
2025-09-16,2025-09-17,C,6545.0,0.024657534246575342,98.123818858913,0.649909564328635,100.19218397695568,0.6879647191381957,6606.76,6600.35,0.021917808219178082,154.02231593722018,92.17262991743064,-6.034079692653547,-5.790146150324269,0.989412212201251,2.0-3.0%,0.98-1.00,2025-09-16→2025-09-17
2025-09-16,2025-09-17,P,6545.0,0.024657534246575342,28.172845941649964,-0.35009043567128606,29.603538725446924,-0.3115353480079896,6606.76,6600.35,0.021917808219178082,88.70979924151501,28.947401361535412,-6.594079692652894,-6.346941580731169,0.989412212201251,2.0-3.0%,0.98-1.00,2025-09-16→2025-09-17
2025-09-16,2025-09-17,C,6550.0,0.024657534246575342,94.74125945589915,0.6339852859613214,96.39230848484567,0.6770226455226481,6606.76,6600.35,0.021917808219178082,145.80833847434403,88.43711229906785,-5.486154316988033,-5.210284842199935,0.9901680656865078,2.0-3.0%,0.98-1.00,2025-09-16→2025-09-17
2025-09-16,2025-09-17,P,6550.0,0.024657534246575342,29.784029110902175,-0.36601471403850233,30.75366273642294,-0.32242675781536134,6606.76,6600.35,0.021917808219178082,85.48821099432665,30.16409701153316,-6.5961543169867465,-6.31675551759642,0.9901680656865078,2.0-3.0%,0.98-1.00,2025-09-16→2025-09-17
2025-09-16,2025-09-17,C,6555.0,0.024657534246575342,91.26335150044477,0.6183078006386212,91.79240925079557,0.6681543174230081,6606.76,6600.35,0.021917808219178082,142.33308005723453,83.94634305881209,-4.786646997906528,-4.467130825318615,0.9909239191717647,2.0-3.0%,0.98-1.00,2025-09-16→2025-09-17
2025-09-16,2025-09-17,P,6555.0,0.024657534246575342,31.299863727694312,-0.38169219936124654,31.90378889462545,-0.3335289698927375,6606.76,6600.35,0.021917808219178082,87.00534179286377,31.388231346551038,-6.646646997905531,-6.337920697012395,0.9909239191717647,2.0-3.0%,0.98-1.00,2025-09-16→2025-09-17
2025-09-16,2025-09-17,C,6560.0,0.024657534246575342,89.68514232729703,0.6191756180276446,88.0925429709223,0.6563837556566764,6606.76,6600.35,0.021917808219178082,141.59699321165712,80.32124343960913,-4.781084288442888,-4.5425801262408,0.9916797726570216,2.0-3.0%,0.98-1.00,2025-09-16→2025-09-17
2025-09-16,2025-09-17,P,6560.0,0.024657534246575342,34.71539712681401,-0.38082438197213764,33.25392378106062,-0.34540221159552187,6606.76,6600.35,0.021917808219178082,91.26164416294107,32.81078891441575,-6.741084288441348,-6.514028176327246,0.9916797726570216,2.0-3.0%,0.98-1.00,2025-09-16→2025-09-17
2025-09-16,2025-09-17,C,6565.0,0.024657534246575342,86.67661225465145,0.60400867765778,84.49268186919562,0.6441570812351712,6606.76,6600.35,0.021917808219178082,136.2017284618097,76.79954013435736,-4.978304376213712,-4.7209531092826404,0.9924356261422784,2.0-3.0%,0.98-1.00,2025-09-16→2025-09-17
2025-09-16,2025-09-17,P,6565.0,0.024657534246575342,36.700609626410944,-0.3959913223421718,34.654062197042094,-0.35758643392663003,6606.76,6600.35,0.021917808219178082,90.85876862876337,34.289038241063736,-6.888304376213268,-6.642129041469651,0.9924356261422784,2.0-3.0%,0.98-1.00,2025-09-16→2025-09-17
2025-09-16,2025-09-17,C,6570.0,0.024657534246575342,83.48475285377322,0.5869415611903538,80.89282320854636,0.6317322302617912,6606.76,6600.35,0.021917808219178082,129.83727316827904,73.28618503554026,-4.9877045927699175,-4.7005964040220105,0.9931914796275353,2.0-3.0%,0.98-1.00,2025-09-16→2025-09-17
2025-09-16,2025-09-17,P,6570.0,0.024657534246575342,38.50249279779634,-0.4130584388094942,36.00420177248134,-0.3698569221671627,6606.76,6600.35,0.021917808219178082,89.48670255090785,35.72797192268081,-6.947704592768795,-6.670782871091456,0.9931914796275353,2.0-3.0%,0.98-1.00,2025-09-16→2025-09-17
2025-09-16,2025-09-17,C,6575.0,0.024657534246575342,82.62500686081809,0.5917336178430855,77.39296910831808,0.6188743328957023,6606.76,6600.35,0.021917808219178082,128.2593374828774,69.8767485587282,-5.006987509625919,-4.8330155261386505,0.9939473331127922,2.0-3.0%,0.98-1.00,2025-09-16→2025-09-17
2025-09-16,2025-09-17,P,6575.0,0.024657534246575342,42.636489377091465,-0.40826638215680167,37.604349575915876,-0.382881625215108,6606.76,6600.35,0.021917808219178082,92.90115608116966,37.41366555502236,-7.066987509625042,-6.904271217628789,0.9939473331127922,2.0-3.0%,0.98-1.00,2025-09-16→2025-09-17
2025-09-16,2025-09-17,C,6580.0,0.024657534246575342,80.51084355341148,0.580240093925565,73.8931176606834,0.6057961651558249,6606.76,6600.35,0.021917808219178082,125.70298347756095,66.47626490059884,-5.130660997937207,-4.966846581351245,0.994703186598049,2.0-3.0%,0.98-1.00,2025-09-16→2025-09-17
2025-09-16,2025-09-17,P,6580.0,0.024657534246575342,45.516068641945985,-0.419759906074304,39.10449748318388,-0.39590285995356916,6606.76,6600.35,0.021917808219178082,95.33719129151049,39.01300210404088,-7.040660997936229,-6.887737332302322,0.994703186598049,2.0-3.0%,0.98-1.00,2025-09-16→2025-09-17
2025-09-16,2025-09-17,C,6585.0,0.024657534246575342,77.63598540860612,0.564151942005803,70.59327267574372,0.5921507095799607,6606.76,6600.35,0.021917808219178082,117.55141018434657,63.27525584051773,-5.133786051742877,-4.95431395159253,0.995459040083306,2.0-3.0%,0.98-1.00,2025-09-16→2025-09-17
2025-09-16,2025-09-17,P,6585.0,0.024657534246575342,47.63495306939794,-0.4358480579940745,40.604648308989,-0.409179602958579,6606.76,6600.35,0.021917808219178082,92.17800721396206,40.621655814577025,-6.9937860517419566,-6.822841254964435,0.995459040083306,2.0-3.0%,0.98-1.00,2025-09-16→2025-09-17
2025-09-16,2025-09-17,C,6590.0,0.024657534246575342,75.79245199998174,0.5572274979828169,67.29342994729905,0.5783067559281048,6606.76,6600.35,0.021917808219178082,114.39671334233195,60.08363431077987,-5.278171737930219,-5.143053694500927,0.9962148935685629,2.0-3.0%,0.98-1.00,2025-09-16→2025-09-17
2025-09-16,2025-09-17,P,6590.0,0.024657534246575342,50.785162233019804,-0.4427725020171085,42.35480617424582,-0.42307580091361446,6606.76,6600.35,0.021917808219178082,94.01569958761931,42.47744795561812,-7.038171737929597,-6.911915883856203,0.9962148935685629,2.0-3.0%,0.98-1.00,2025-09-16→2025-09-17
2025-09-16,2025-09-17,C,6595.0,0.024657534246575342,76.48918740397879,0.564558689992392,63.99359059434801,0.5642247481662894,6606.76,6600.35,0.021917808219178082,114.51896186769713,56.90182440243598,-5.081178797148852,-5.083319364254169,0.9969707470538197,2.0-3.0%,0.98-1.00,2025-09-16→2025-09-17
2025-09-16,2025-09-17,P,6595.0,0.024657534246575342,56.47564020927896,-0.43544131000746505,44.15496775829797,-0.4372361396372926,6606.76,6600.35,0.021917808219178082,99.13033732863882,44.39031456936482,-6.991178797147791,-7.002683655074985,0.9969707470538197,2.0-3.0%,0.98-1.00,2025-09-16→2025-09-17
2025-09-16,2025-09-17,C,6600.0,0.024657534246575342,74.07756155852476,0.5504271741386503,60.893754777550384,0.5497061743529986,6606.76,6600.35,0.021917808219178082,107.43296585615344,53.91962937765629,-5.171761813771328,-5.176383422397354,0.9977266005390766,2.0-3.0%,0.98-1.00,2025-09-16→2025-09-17
2025-09-16,2025-09-17,P,6600.0,0.024657534246575342,59.05775693607901,-0.44957282586125036,45.85512953293164,-0.45154687937449,6606.76,6600.35,0.021917808219178082,97.03673053276515,46.218502544425064,-6.8317618137705445,-6.844415496790411,0.9977266005390766,2.0-3.0%,0.98-1.00,2025-09-16→2025-09-17
2025-09-16,2025-09-17,C,6605.0,0.024657534246575342,71.21732254928625,0.5329917189142829,57.79392228007873,0.5349687968034103,6606.76,6600.35,0.021917808219178082,102.82548158055451,50.94760558216558,-5.033523081759521,-5.0208500124902145,0.9984824540243334,2.0-3.0%,0.98-1.00,2025-09-16→2025-09-17
2025-09-16,2025-09-17,P,6605.0,0.024657534246575342,61.19126049910107,-0.4670082810855743,47.90529788794447,-0.466359244149094,6606.76,6600.35,0.021917808219178082,97.42163547282935,48.388198607410686,-6.943523081758459,-6.939362754995621,0.9984824540243334,2.0-3.0%,0.98-1.00,2025-09-16→2025-09-17
2025-09-16,2025-09-17,C,6610.0,0.024657534246575342,74.4469079335166,0.5567236953000778,54.794092156453644,0.5199446516882736,6606.76,6600.35,0.021917808219178082,102.97348563732284,48.08054946017046,-4.781401113126576,-5.017154782678237,0.9992383075095903,2.0-3.0%,0.98-1.00,2025-09-16→2025-09-17
2025-09-16,2025-09-17,P,6610.0,0.024657534246575342,69.41458845558638,-0.4432763046998007,49.905467298981876,-0.48134104475239,6606.76,6600.35,0.021917808219178082,102.56202874525817,50.52084657260457,-6.691401113125659,-6.9353960968627515,0.9992383075095903,2.0-3.0%,0.98-1.00,2025-09-16→2025-09-17
2025-09-16,2025-09-17,C,6615.0,0.024657534246575342,73.1384969861698,0.5474357915712872,51.9442664341791,0.5046747524319865,6606.76,6600.35,0.021917808219178082,99.45873030191278,45.36542803024713,-4.790936576028126,-5.065034836911037,0.9999941609948472,2.0-3.0%,0.98-1.00,2025-09-16→2025-09-17
2025-09-16,2025-09-17,P,6615.0,0.024657534246575342,73.09992008049778,-0.45256420842857314,51.905641189561265,-0.4965783012955015,6606.76,6600.35,0.021917808219178082,104.03966262550169,52.66430119701636,-6.500936576027089,-6.783066911304093,0.9999941609948472,2.0-3.0%,0.98-1.00,2025-09-16→2025-09-17
2025-09-16,2025-09-17,C,6620.0,0.024657534246575342,70.60464059232119,0.5317914419338142,49.094441629565154,0.4891865448123882,6606.76,6600.35,0.021917808219178082,92.0324905328026,42.66102284412136,-4.741216857204327,-5.014314247752662,1.000750014480104,2.0-3.0%,1.00-1.02,2025-09-16→2025-09-17
2025-09-16,2025-09-17,P,6620.0,0.024657534246575342,75.55980625889843,-0.4682085580660966,54.20581576569157,-0.5120106220032855,6606.76,6600.35,0.021917808219178082,101.60581207207092,55.100625045162815,-6.651216857203616,-6.931988087040992,1.000750014480104,2.0-3.0%,1.00-1.02,2025-09-16→2025-09-17
2025-09-16,2025-09-17,C,6625.0,0.024657534246575342,71.62538252672812,0.5396821820329685,46.394620244270754,0.4735305583549746,6606.76,6600.35,0.021917808219178082,90.40442374911,40.108251084640415,-4.640637213168752,-5.064669120944683,1.001505867965361,2.0-3.0%,1.00-1.02,2025-09-16→2025-09-17
2025-09-16,2025-09-17,P,6625.0,0.024657534246575342,81.57429076555849,-0.4603178179669059,56.505993842569296,-0.5276205888198422,6606.76,6600.35,0.021917808219178082,104.9701345040445,57.547453986297114,-6.500637213167797,-6.932047974335109,1.001505867965361,2.0-3.0%,1.00-1.02,2025-09-16→2025-09-17
2025-09-16,2025-09-17,C,6630.0,0.024657534246575342,73.36826131632644,0.549048487745075,43.74480004603174,0.4576938399446442,6606.76,6600.35,0.021917808219178082,90.53000414007784,37.613212770396785,-4.230599193554149,-4.816182485954897,1.0022617214506178,2.0-3.0%,1.00-1.02,2025-09-16→2025-09-17
2025-09-16,2025-09-17,P,6630.0,0.024657534246575342,88.31091212741765,-0.45095151225477353,58.80617367235391,-0.5434596163238425,6606.76,6600.35,0.021917808219178082,110.08810411067078,60.00534701708921,-6.240599193553027,-6.833576140635746,1.0022617214506178,2.0-3.0%,1.00-1.02,2025-09-16→2025-09-17
2025-09-16,2025-09-17,C,6635.0,0.024657534246575342,71.25764290904766,0.5358076172888927,41.19498145278931,0.441735539074566,6606.76,6600.35,0.021917808219178082,82.679566399393,35.22255843176299,-4.315473173178276,-4.918475194532096,1.0030175749358747,2.0-3.0%,1.00-1.02,2025-09-16→2025-09-17
2025-09-16,2025-09-17,P,6635.0,0.024657534246575342,91.19403629238555,-0.4641923827110676,61.30635396173511,-0.5593197222304542,6606.76,6600.35,0.021917808219178082,107.23005558565475,62.66085162912259,-6.175473173177871,-6.785239419497126,1.0030175749358747,2.0-3.0%,1.00-1.02,2025-09-16→2025-09-17
2025-09-16,2025-09-17,C,6640.0,0.024657534246575342,68.53446209880389,0.5188015559432408,38.79516271694911,0.42577994209877545,6606.76,6600.35,0.021917808219178082,79.8348716700475,32.982270051207706,-4.224482026403899,-4.820750571146908,1.0037734284211315,2.0-3.0%,1.00-1.02,2025-09-16→2025-09-17
2025-09-16,2025-09-17,P,6640.0,0.024657534246575342,93.46459805440217,-0.48119844405658835,63.80653653553645,-0.5753906338324919,6606.76,6600.35,0.021917808219178082,109.37775007197617,65.32744679465077,-6.084482026402661,-6.68825396286619,1.0037734284211315,2.0-3.0%,1.00-1.02,2025-09-16→2025-09-17
2025-09-16,2025-09-17,C,6645.0,0.024657534246575342,73.16684574908223,0.5489189116678167,36.34534741367179,0.40952221620752166,6606.76,6600.35,0.021917808219178082,81.66452716883805,30.706943276228685,-3.731429776209375,-4.624962594109846,1.0045292819063885,2.0-3.0%,1.00-1.02,2025-09-16→2025-09-17
2025-09-16,2025-09-17,P,6645.0,0.024657534246575342,103.09072427693997,-0.4510810883320576,66.40671990492001,-0.5915315060883831,6606.76,6600.35,0.021917808219178082,116.19979478642638,68.09805390598649,-5.641429776208431,-6.541716954026457,1.0045292819063885,2.0-3.0%,1.00-1.02,2025-09-16→2025-09-17
2025-09-16,2025-09-17,C,6650.0,0.024657534246575342,71.87040101831705,0.5395695820108131,34.09553016513428,0.39343660537643527,6606.76,6600.35,0.021917808219178082,78.30308503616828,28.62747032475545,-3.7413589793107698,-4.67807135953711,1.0052851353916454,2.0-3.0%,1.00-1.02,2025-09-16→2025-09-17
2025-09-16,2025-09-17,P,6650.0,0.024657534246575342,106.78802211842752,-0.4604304179890827,69.20690093918938,-0.607465996457266,6606.76,6600.35,0.021917808219178082,117.83074186942167,71.06412025725876,-5.601358979309959,-6.5438570372909926,1.0052851353916454,2.0-3.0%,1.00-1.02,2025-09-16→2025-09-17
2025-09-16,2025-09-17,C,6655.0,0.024657534246575342,69.40495156782744,0.5240291713260948,31.9957109349275,0.37753774579083227,6606.76,6600.35,0.021917808219178082,71.81555967311019,26.696457676437603,-3.5909730117998078,-4.529983049480819,1.0060409888769022,2.0-3.0%,1.00-1.02,2025-09-16→2025-09-17
2025-09-16,2025-09-17,P,6655.0,0.024657534246575342,109.31631524019139,-0.4759708286738332,72.00708416089219,-0.6235809496575322,6606.76,6600.35,0.021917808219178082,116.33560572202994,74.041050507406,-5.450973011799207,-6.397153887304697,1.0060409888769022,2.0-3.0%,1.00-1.02,2025-09-16→2025-09-17
2025-09-16,2025-09-17,C,6660.0,0.024657534246575342,71.19044813086907,0.5364323948345638,29.845895067639958,0.36131574717869536,6606.76,6600.35,0.021917808219178082,72.04683374889794,24.73068525326198,-3.3114683491105237,-4.433966060584615,1.0067968423621592,2.0-3.0%,1.00-1.02,2025-09-16→2025-09-17
2025-09-16,2025-09-17,P,6660.0,0.024657534246575342,116.09555437549443,-0.46356760516525986,74.95726462682887,-0.6394798667599966,6606.76,6600.35,0.021917808219178082,121.55926901346761,77.1660548163427,-5.171468349109251,-6.2990659459314875,1.0067968423621592,2.0-3.0%,1.00-1.02,2025-09-16→2025-09-17
2025-09-16,2025-09-17,C,6665.0,0.024657534246575342,72.33631750657493,0.5423800969507002,27.846076572210677,0.3453390252385189,6606.76,6600.35,0.021917808219178082,72.50936236385216,22.912620633860115,-2.9733435785460935,-4.236376848221147,1.007552695847416,2.0-3.0%,1.00-1.02,2025-09-16→2025-09-17
2025-09-16,2025-09-17,P,6665.0,0.024657534246575342,122.23516632345948,-0.4576199030491483,77.95744550326071,-0.6554012868889746,6606.76,6600.35,0.021917808219178082,127.01418684408574,80.3472908548647,-4.183343578544974,-5.451122248958232,1.007552695847416,2.0-3.0%,1.00-1.02,2025-09-16→2025-09-17
2025-09-16,2025-09-17,C,6670.0,0.024657534246575342,70.21624179643831,0.5289481569184412,25.94625622896592,0.3295220952978776,6606.76,6600.35,0.021917808219178082,65.4042256245575,21.195869956179422,-2.9594423141528665,-4.23776336914065,1.0083085493326729,2.0-3.0%,1.00-1.02,2025-09-16→2025-09-17
2025-09-16,2025-09-17,P,6670.0,0.024657534246575342,125.10883318557322,-0.4710518430814686,80.70763966266531,-0.6724954087645265,6606.76,6600.35,0.021917808219178082,124.90143932046031,83.31472605030103,-3.6194423141521535,-4.9106955701805255,1.0083085493326729,2.0-3.0%,1.00-1.02,2025-09-16→2025-09-17
2025-09-16,2025-09-17,C,6675.0,0.024657534246575342,67.52693126785124,0.5124593919297866,24.146432887031096,0.313915913140453,6606.76,6600.35,0.021917808219178082,63.00789209737901,19.579682909370604,-2.665135297730138,-3.9377989967697378,1.0090644028179296,2.0-3.0%,1.00-1.02,2025-09-16→2025-09-17
2025-09-16,2025-09-17,P,6675.0,0.024657534246575342,127.4132652292316,-0.48754060807020927,84.10780764241281,-0.6873371405870322,6606.76,6600.35,0.021917808219178082,127.49749500895948,86.87855607613983,-3.7751352977299764,-5.055831071162782,1.0090644028179296,2.0-3.0%,1.00-1.02,2025-09-16→2025-09-17
2025-09-16,2025-09-17,C,6535.0,0.0273972602739726,109.29268935510547,0.6766345818224312,112.49879133874765,0.7017254506750139,6606.76,6600.35,0.024657534246575342,163.93153713849367,104.46319380013392,-5.662772330518314,-5.501939861173263,0.9876452493596679,2.0-3.0%,0.98-1.00,2025-09-16→2025-09-17
2025-09-16,2025-09-17,P,6535.0,0.0273972602739726,27.667817014510426,-0.3233654181780088,30.050512511274746,-0.2975568662932019,6606.76,6600.35,0.024657534246575342,86.799664470785,29.462251501819765,-6.17277233052099,-6.0073395129393825,0.9876452493596679,2.0-3.0%,0.98-1.00,2025-09-16→2025-09-17
2025-09-16,2025-09-17,C,6540.0,0.0273972602739726,106.54048428456468,0.6715197184545473,108.59880760468423,0.6920170134167208,6606.76,6600.35,0.024657534246575342,160.34137495560356,100.62058941246687,-5.745558604706447,-5.614170943998917,0.988400907545865,2.0-3.0%,0.98-1.00,2025-09-16→2025-09-17
2025-09-16,2025-09-17,P,6540.0,0.0273972602739726,29.908064222200395,-0.32848028154598413,31.15052873703462,-0.3073699915438443,6606.76,6600.35,0.024657534246575342,88.20048784820487,30.619443149697418,-6.305558604709709,-6.170241645795997,0.988400907545865,2.0-3.0%,0.98-1.00,2025-09-16→2025-09-17
2025-09-16,2025-09-17,C,6545.0,0.0273972602739726,103.92780008615402,0.6637212922448866,105.04882672527401,0.6811477498235452,6606.76,6600.35,0.024657534246575342,159.7071928435014,97.1194407665771,-6.04554651671037,-5.933842923631172,0.9891565657320621,2.0-3.0%,0.98-1.00,2025-09-16→2025-09-17
2025-09-16,2025-09-17,P,6545.0,0.0273972602739726,32.287832302027994,-0.33627870775559826,32.25054650725042,-0.31735393320918365,6606.76,6600.35,0.024657534246575342,92.55729129641793,31.782600780704342,-6.255546516713338,-6.134238711870823,0.9891565657320621,2.0-3.0%,0.98-1.00,2025-09-16→2025-09-17
2025-09-16,2025-09-17,C,6550.0,0.0273972602739726,100.53573398093988,0.6487218156260693,100.8988428738121,0.6718000629854564,6606.76,6600.35,0.024657534246575342,151.72548581550902,93.04920323038914,-5.191693161836999,-5.043761596263331,0.9899122239182593,2.0-3.0%,0.98-1.00,2025-09-16→2025-09-17
2025-09-16,2025-09-17,P,6550.0,0.0273972602739726,33.88821847506904,-0.35127818437432956,33.350564122141805,-0.327529115460602,6606.76,6600.35,0.024657534246575342,89.56656982874419,32.951946560121996,-6.251693161839402,-6.099461630102411,0.9899122239182593,2.0-3.0%,0.98-1.00,2025-09-16→2025-09-17
2025-09-16,2025-09-17,C,6555.0,0.0273972602739726,96.9986381206624,0.6336908041598743,96.39885791113284,0.6630737484361446,6606.76,6600.35,0.024657534246575342,148.18970382861505,88.64961014921118,-4.638041945335301,-4.449697272524412,0.9906678821044564,2.0-3.0%,0.98-1.00,2025-09-16→2025-09-17
2025-09-16,2025-09-17,P,6555.0,0.0273972602739726,35.34357489303557,-0.3663091958404656,34.75058336972597,-0.3386969193865978,6606.76,6600.35,0.024657534246575342,91.02177340216602,34.415471656524005,-6.548041945337331,-6.371047253268042,0.9906678821044564,2.0-3.0%,0.98-1.00,2025-09-16→2025-09-17
2025-09-16,2025-09-17,C,6560.0,0.0273972602739726,96.22513405542603,0.6387296409869272,92.69887699448918,0.6519949459214639,6606.76,6600.35,0.024657534246575342,147.6196537204064,85.02390258753803,-4.555743001273895,-4.470712396643517,0.9914235402906536,2.0-3.0%,0.98-1.00,2025-09-16→2025-09-17
2025-09-16,2025-09-17,P,6560.0,0.0273972602739726,39.56252310601755,-0.361270359013587,35.900601798839034,-0.3493959290910401,6606.76,6600.35,0.024657534246575342,95.44270885427616,35.64590761352201,-6.365743001277044,-6.2896279054735205,0.9914235402906536,2.0-3.0%,0.98-1.00,2025-09-16→2025-09-17
2025-09-16,2025-09-17,C,6565.0,0.0273972602739726,93.23088557337178,0.6246008676023402,89.04889734107655,0.6406103161405837,6606.76,6600.35,0.024657534246575342,142.5058604564265,81.45306041356798,-4.596308438669085,-4.493687873538946,0.9921791984768508,2.0-3.0%,0.98-1.00,2025-09-16→2025-09-17
2025-09-16,2025-09-17,P,6565.0,0.0273972602739726,41.56072690221989,-0.3753991323981041,37.35062253345177,-0.3610131267074294,6606.76,6600.35,0.024657534246575342,95.31990115061839,37.170945387778374,-6.506308438671794,-6.414094142194571,0.9921791984768508,2.0-3.0%,0.98-1.00,2025-09-16→2025-09-17
2025-09-16,2025-09-17,C,6570.0,0.0273972602739726,89.94987938808215,0.6081719122025159,85.49891702194418,0.6288194938161024,6606.76,6600.35,0.024657534246575342,136.22931768413105,77.98522225284341,-4.701618042781956,-4.5692670446388695,0.9929348566630479,2.0-3.0%,0.98-1.00,2025-09-16→2025-09-17
2025-09-16,2025-09-17,P,6570.0,0.0273972602739726,43.27217299516777,-0.39182808779791933,38.850642382004025,-0.3728961623840318,6606.76,6600.35,0.024657534246575342,94.03434393863641,38.750994670002,-6.661618042784605,-6.540264400881588,0.9929348566630479,2.0-3.0%,0.98-1.00,2025-09-16→2025-09-17
2025-09-16,2025-09-17,C,6575.0,0.0273972602739726,89.62337533340012,0.6156983596520158,81.9489375624612,0.6168378624937687,6606.76,6600.35,0.024657534246575342,134.65693659955602,74.52476883380314,-4.553373514630668,-4.546069301415033,0.993690514849245,2.0-3.0%,0.98-1.00,2025-09-16→2025-09-17
2025-09-16,2025-09-17,P,6575.0,0.0273972602739726,47.938121218723616,-0.38430164034842534,40.15066241611612,-0.38458150341165964,6606.76,6600.35,0.024657534246575342,97.4529484143711,40.14683832011269,-6.413373514633346,-6.415167436868678,0.993690514849245,2.0-3.0%,0.98-1.00,2025-09-16→2025-09-17
2025-09-16,2025-09-17,C,6580.0,0.0273972602739726,87.71497036473541,0.6058344099566407,78.49895884910075,0.6044721892462609,6606.76,6600.35,0.024657534246575342,132.52127021661366,71.16770909294519,-4.666601432178032,-4.675333266931567,0.9944461730354421,2.0-3.0%,0.98-1.00,2025-09-16→2025-09-17
2025-09-16,2025-09-17,P,6580.0,0.0273972602739726,51.02216852829168,-0.3941655900438676,41.70068372014293,-0.3969573930285454,6606.76,6600.35,0.024657534246575342,100.30826759174089,41.789814503139496,-6.376601432181135,-6.3944968893129195,0.9944461730354421,2.0-3.0%,0.98-1.00,2025-09-16→2025-09-17
2025-09-16,2025-09-17,C,6585.0,0.0273972602739726,84.72551752662062,0.5902626719213552,75.14898075395513,0.5917539438146956,6606.76,6600.35,0.024657534246575342,124.63499979441737,67.9141448822279,-4.766416272984211,-4.756857220147898,0.9952018312216393,2.0-3.0%,0.98-1.00,2025-09-16→2025-09-17
2025-09-16,2025-09-17,P,6585.0,0.0273972602739726,53.025167968421755,-0.4097373280791348,43.450705889714754,-0.4098293374129642,6606.76,6600.35,0.024657534246575342,97.41298272988263,43.63190021645096,-6.726416272987196,-6.727006052817043,0.9952018312216393,2.0-3.0%,0.98-1.00,2025-09-16→2025-09-17
2025-09-16,2025-09-17,C,6590.0,0.0273972602739726,82.57366158391733,0.5827770409014547,71.7990030016631,0.5788372430680145,6606.76,6600.35,0.024657534246575342,121.43557960531633,64.66863048138384,-4.714399167821757,-4.739653271934107,0.9959574894078365,2.0-3.0%,0.98-1.00,2025-09-16→2025-09-17
2025-09-16,2025-09-17,P,6590.0,0.0273972602739726,55.86576430395133,-0.41722295909906554,45.15072822307184,-0.422795761168709,6606.76,6600.35,0.024657534246575342,99.20454810109293,45.4340861173705,-6.6243991678249525,-6.660120829091365,0.9959574894078365,2.0-3.0%,0.98-1.00,2025-09-16→2025-09-17
2025-09-16,2025-09-17,C,6595.0,0.0273972602739726,84.0856712026459,0.5934415604549428,68.59902645566035,0.5655404059068643,6606.76,6600.35,0.024657534246575342,121.96693206375052,61.5746130118514,-4.596039597483895,-4.774885998137074,0.9967131475940336,2.0-3.0%,0.98-1.00,2025-09-16→2025-09-17
2025-09-16,2025-09-17,P,6595.0,0.0273972602739726,62.37022620092014,-0.40655843954557624,46.85075146834561,-0.4359714206143537,6606.76,6600.35,0.024657534246575342,104.72688611982095,47.24456573941643,-6.406039597487089,-6.5945768061379475,0.9967131475940336,2.0-3.0%,0.98-1.00,2025-09-16→2025-09-17
2025-09-16,2025-09-17,C,6600.0,0.0273972602739726,81.58531748733151,0.5797725289596354,65.44904909197248,0.5520070513615443,6606.76,6600.35,0.024657534246575342,115.23066773516634,58.53665447178855,-4.633658089368823,-4.811634800772583,0.9974688057802308,2.0-3.0%,0.98-1.00,2025-09-16→2025-09-17
2025-09-16,2025-09-17,P,6600.0,0.0273972602739726,64.86232476385278,-0.4202274710408374,48.55077390615497,-0.4493913179895266,6606.76,6600.35,0.024657534246575342,102.98160735156527,49.06373326983976,-6.343658089371698,-6.530598348312791,0.9974688057802308,2.0-3.0%,0.98-1.00,2025-09-16→2025-09-17
2025-09-16,2025-09-17,C,6605.0,0.0273972602739726,78.55938071230088,0.5626838705150149,62.24907283998937,0.5382882678758435,6606.76,6600.35,0.024657534246575342,110.69028028962022,55.45983543936654,-4.543196389998835,-4.69957220291592,0.9982244639664278,2.0-3.0%,0.98-1.00,2025-09-16→2025-09-17
2025-09-16,2025-09-17,P,6605.0,0.0273972602739726,66.828840267052,-0.4373161294855391,50.60079794162266,-0.46327516273044145,6606.76,6600.35,0.024657534246575342,103.43220546633232,51.22488392953301,-6.503196390002238,-6.669593793102058,0.9982244639664278,2.0-3.0%,0.98-1.00,2025-09-16→2025-09-17
2025-09-16,2025-09-17,C,6610.0,0.0273972602739726,81.85094639782106,0.5858218963050025,59.29909706120134,0.5242278222095303,6606.76,6600.35,0.024657534246575342,111.12823925280524,52.62962167696787,-4.344881644685014,-4.739699659636981,0.998980122152625,2.0-3.0%,0.98-1.00,2025-09-16→2025-09-17
2025-09-16,2025-09-17,P,6610.0,0.0273972602739726,75.11285823080713,-0.4141781036955838,52.55082207388432,-0.4772840043116865,6606.76,6600.35,0.024657534246575342,108.86114998984353,53.29957440453154,-6.30488164468863,-6.7093904676378395,0.998980122152625,2.0-3.0%,0.98-1.00,2025-09-16→2025-09-17
2025-09-16,2025-09-17,C,6615.0,0.0273972602739726,80.86921524940408,0.5781904039804612,56.34912160284739,0.5099773453798805,6606.76,6600.35,0.024657534246575342,108.08861814378136,49.808279724793465,-4.293799510485329,-4.7310452161150405,0.9997357803388222,2.0-3.0%,0.98-1.00,2025-09-16→2025-09-17
2025-09-16,2025-09-17,P,6615.0,0.0273972602739726,79.12357936065236,-0.42180959601997026,54.60084661553037,-0.49153448114133663,6606.76,6600.35,0.024657534246575342,110.81251444112449,55.47823245235713,-6.203799510487948,-6.650736024115896,0.9997357803388222,2.0-3.0%,0.98-1.00,2025-09-16→2025-09-17
2025-09-16,2025-09-17,C,6620.0,0.0273972602739726,78.17108652883604,0.5627821413643332,53.54914648493241,0.4955332428912387,6606.76,6600.35,0.024657534246575342,100.96041861655888,47.13805129352204,-4.392566473854705,-4.823631913067232,1.0004914385250194,2.0-3.0%,1.00-1.02,2025-09-16→2025-09-17
2025-09-16,2025-09-17,P,6620.0,0.0273972602739726,81.41790291831221,-0.43721785863620033,56.75087151881826,-0.5059908947058298,6606.76,6600.35,0.024657534246575342,108.6753004742195,57.760740034999344,-6.2025664738579795,-6.6434016350642935,1.0004914385250194,2.0-3.0%,1.00-1.02,2025-09-16→2025-09-17
2025-09-16,2025-09-17,C,6625.0,0.0273972602739726,78.38068807346389,0.5673005515068484,50.79917165288089,0.4809211128273051,6606.76,6600.35,0.024657534246575342,99.43074611725055,44.52412864721964,-4.213603464841178,-4.767295666777039,1.0012470967112164,2.0-3.0%,1.00-1.02,2025-09-16→2025-09-17
2025-09-16,2025-09-17,P,6625.0,0.0273972602739726,86.61995674118506,-0.4326994484935927,58.90089679852963,-0.5206679196842924,6606.76,6600.35,0.024657534246575342,112.13661353523209,60.05263005643428,-5.973603464843869,-6.537481365176241,1.0012470967112164,2.0-3.0%,1.00-1.02,2025-09-16→2025-09-17
2025-09-16,2025-09-17,C,6630.0,0.0273972602739726,81.17447008104254,0.5801728260945168,48.049197165975784,0.4660992738357603,6606.76,6600.35,0.024657534246575342,100.14695204610018,41.91960708455781,-3.9810921847342273,-4.712303654712841,1.0020027548974135,2.0-3.0%,1.00-1.02,2025-09-16→2025-09-17
2025-09-16,2025-09-17,P,6630.0,0.0273972602739726,94.40619102699743,-0.4198271739059705,61.300922178658766,-0.5354125526854576,6606.76,6600.35,0.024657534246575342,117.84380502438839,62.589559812121024,-5.841092184737208,-6.581994462713704,1.0020027548974135,2.0-3.0%,1.00-1.02,2025-09-16→2025-09-17
2025-09-16,2025-09-17,C,6635.0,0.0273972602739726,78.98784985628681,0.5673015764944914,45.449222424917025,0.45118284447455165,6606.76,6600.35,0.024657534246575342,92.75548150630715,39.46570113736607,-3.8635968946703927,-4.60791796691819,1.0027584130836107,2.0-3.0%,1.00-1.02,2025-09-16→2025-09-17
2025-09-16,2025-09-17,P,6635.0,0.0273972602739726,97.21202308048235,-0.4326984235060293,63.600947614672805,-0.5504363220784769,6606.76,6600.35,0.024657534246575342,115.44332004491801,65.04186604651568,-5.72359689467358,-6.478296824522953,1.0027584130836107,2.0-3.0%,1.00-1.02,2025-09-16→2025-09-17
2025-09-16,2025-09-17,C,6640.0,0.0273972602739726,76.07873902884477,0.55051497790376,42.94924870628938,0.43618530163679714,6606.76,6600.35,0.024657534246575342,90.08070645043202,37.11497220733827,-3.82119899163698,-4.554052216508195,1.0035140712698079,2.0-3.0%,1.00-1.02,2025-09-16→2025-09-17
2025-09-16,2025-09-17,P,6640.0,0.0273972602739726,99.29536453128487,-0.4494850220966617,66.10097395353296,-0.5654627114450596,6606.76,6600.35,0.024657534246575342,117.75953054935306,67.69142216376167,-5.7311989916395305,-6.474615980362744,1.0035140712698079,2.0-3.0%,1.00-1.02,2025-09-16→2025-09-17
2025-09-16,2025-09-17,C,6645.0,0.0273972602739726,80.75881337244093,0.5794346317554077,40.649274324378894,0.4213119170591223,6606.76,6600.35,0.024657534246575342,92.2439004234759,34.96028318287699,-3.6858240104479267,-4.6993906116510935,1.004269729456005,2.0-3.0%,1.00-1.02,2025-09-16→2025-09-17
2025-09-16,2025-09-17,P,6645.0,0.0273972602739726,108.96789115312465,-0.42056536824502594,68.70099990639301,-0.5805304605449124,6606.76,6600.35,0.024657534246575342,124.91371008270536,70.44383199528329,-5.395824010450558,-6.421200252092807,1.004269729456005,2.0-3.0%,1.00-1.02,2025-09-16→2025-09-17
2025-09-16,2025-09-17,C,6650.0,0.0273972602739726,79.74153843540486,0.5714999204646435,38.19930067873611,0.4060115642658749,6606.76,6600.35,0.024657534246575342,89.43380134677346,32.67518648790747,-3.3866855098217226,-4.447465873055805,1.0050253876422022,2.0-3.0%,1.00-1.02,2025-09-16→2025-09-17
2025-09-16,2025-09-17,P,6650.0,0.0273972602739726,112.94306849431374,-0.4285000795359008,71.35102602871757,-0.5956960754080938,6606.76,6600.35,0.024657534246575342,127.09459656633096,73.2522663667769,-5.2466855098250615,-6.318411843365794,1.0050253876422022,2.0-3.0%,1.00-1.02,2025-09-16→2025-09-17
2025-09-16,2025-09-17,C,6655.0,0.0273972602739726,77.10230447741023,0.5561378566766262,35.949326742487756,0.3908888976287342,6606.76,6600.35,0.024657534246575342,83.26973110093996,30.585631088191803,-3.2851563387029086,-4.344402166199872,1.0057810458283993,2.0-3.0%,1.00-1.02,2025-09-16→2025-09-17
2025-09-16,2025-09-17,P,6655.0,0.0273972602739726,115.2962868145857,-0.4438621433237288,74.10105214612122,-0.610849521612864,6606.76,6600.35,0.024657534246575342,125.92151188082005,76.1630563875151,-5.295156338705025,-6.365545433538358,1.0057810458283993,2.0-3.0%,1.00-1.02,2025-09-16→2025-09-17
2025-09-16,2025-09-17,C,6660.0,0.0273972602739726,78.07351058097721,0.5649548860147569,33.74935312805883,0.37569324955776473,6606.76,6600.35,0.024657534246575342,83.63880743549944,28.55185434557552,-3.07863918064549,-4.2918062703347815,1.0065367040145965,2.0-3.0%,1.00-1.02,2025-09-16→2025-09-17
2025-09-16,2025-09-17,P,6660.0,0.0273972602739726,121.25994519638608,-0.4350451139855821,76.90107859480668,-0.6260769292966881,6606.76,6600.35,0.024657534246575342,131.28157377568587,79.1296492133406,-4.938639180647524,-6.163153116791685,1.0065367040145965,2.0-3.0%,1.00-1.02,2025-09-16→2025-09-17
2025-09-16,2025-09-17,C,6665.0,0.0273972602739726,80.2882392364161,0.5746162081852677,31.649378953805353,0.36056592403939086,6606.76,6600.35,0.024657534246575342,84.61411341696727,26.61979211596872,-2.6667101055325153,-4.0387724269075544,1.0072923622007937,2.0-3.0%,1.00-1.02,2025-09-16→2025-09-17
2025-09-16,2025-09-17,P,6665.0,0.0273972602739726,128.46712613005937,-0.42538379181515834,79.85110421655554,-0.6410910892153326,6606.76,6600.35,0.024657534246575342,137.24786531746412,82.24385913429069,-4.726710105535103,-6.109393881870189,1.0072923622007937,2.0-3.0%,1.00-1.02,2025-09-16→2025-09-17
2025-09-16,2025-09-17,C,6670.0,0.0273972602739726,78.0663269560112,0.5614634708229367,29.69940453481513,0.34571331601776056,6606.76,6600.35,0.024657534246575342,77.97171974319407,24.834568243667036,-2.751019152025059,-4.133977644326206,1.0080480203869908,2.0-3.0%,1.00-1.02,2025-09-16→2025-09-17
2025-09-16,2025-09-17,P,6670.0,0.0273972602739726,131.23766612788748,-0.43853652917756675,82.85113010337773,-0.656121303064174,6606.76,6600.35,0.024657534246575342,135.59645720402648,85.41315438734091,-3.7610191520281275,-5.1557375526412486,1.0080480203869908,2.0-3.0%,1.00-1.02,2025-09-16→2025-09-17
2025-09-16,2025-09-17,C,6675.0,0.0273972602739726,75.18690785951486,0.5451581148351593,27.79943006261965,0.3308761818445941,6606.76,6600.35,0.024657534246575342,75.83417675363883,23.10397724714926,-2.6555364839067104,-4.029083674376202,1.008803678573188,2.0-3.0%,1.00-1.02,2025-09-16→2025-09-17
2025-09-16,2025-09-17,P,6675.0,0.0273972602739726,133.35069930964005,-0.4548418851652915,86.0011553804643,-0.6708134019624787,6606.76,6600.35,0.024657534246575342,138.4498997747732,88.72845780074749,-3.7655364839094467,-5.1499139065793855,1.008803678573188,2.0-3.0%,1.00-1.02,2025-09-16→2025-09-17
2025-09-16,2025-09-17,C,6530.0,0.03561643835616438,126.3894299461686,0.7079962164559547,120.20041177312305,0.7025224169786438,6606.76,6600.35,0.03287671232876712,200.82034861847853,112.81256081559695,-4.711744252517434,-4.746831307166995,0.986784852273044,3.0-4.0%,0.98-1.00,2025-09-16→2025-09-17
2025-09-16,2025-09-17,P,6530.0,0.03561643835616438,39.08012054976027,-0.292003783543049,31.89982617952478,-0.29655269196579065,6606.76,6600.35,0.03287671232876712,117.981078488212,31.778599893721776,-5.9717442525108995,-6.000902755500673,0.986784852273044,3.0-4.0%,0.98-1.00,2025-09-16→2025-09-17
2025-09-16,2025-09-17,C,6535.0,0.03561643835616438,122.47436573337092,0.6938100869477803,116.30040592866862,0.6934338749626116,6606.76,6600.35,0.03287671232876712,191.90934638222944,108.96715141011191,-4.802677342664829,-4.805088861489761,0.9875404302610019,3.0-4.0%,0.98-1.00,2025-09-16→2025-09-17
2025-09-16,2025-09-17,P,6535.0,0.03561643835616438,40.15697876467925,-0.3061899130512621,33.09981984671549,-0.3060428197549461,6606.76,6600.35,0.03287671232876712,114.06051325799008,33.030332046089825,-6.162677342658548,-6.161734474629163,0.9875404302610019,3.0-4.0%,0.98-1.00,2025-09-16→2025-09-17
2025-09-16,2025-09-17,C,6540.0,0.03561643835616438,119.76350178220392,0.6906475323610897,112.4004009433811,0.6841971187283448,6606.76,6600.35,0.03287671232876712,191.4508197833463,105.12611694862608,-5.622949317565527,-5.664296468951421,0.9882960082489599,3.0-4.0%,0.98-1.00,2025-09-16→2025-09-17
2025-09-16,2025-09-17,P,6540.0,0.03561643835616438,42.438037241246406,-0.30935246763784247,34.24981493540963,-0.3155162828093687,6606.76,6600.35,0.03287671232876712,118.59242366512473,34.237893579306274,-6.082949317558526,-6.1224593728080094,0.9882960082489599,3.0-4.0%,0.98-1.00,2025-09-16→2025-09-17
2025-09-16,2025-09-17,C,6545.0,0.03561643835616438,118.47533656543524,0.6894858355573927,108.60039535937267,0.6745406828151056,6606.76,6600.35,0.03287671232876712,191.6921350640176,101.38676621183276,-5.080395794077213,-5.176194223155271,0.9890515862369178,3.0-4.0%,0.98-1.00,2025-09-16→2025-09-17
2025-09-16,2025-09-17,P,6545.0,0.03561643835616438,46.14179445217943,-0.31051416444166263,35.449809327695675,-0.3252719842819544,6606.76,6600.35,0.03287671232876712,123.82417595183416,35.49861689143472,-6.240395794071012,-6.33499341924728,0.9890515862369178,3.0-4.0%,0.98-1.00,2025-09-16→2025-09-17
2025-09-16,2025-09-17,C,6550.0,0.03561643835616438,114.78278623197383,0.6755482647184438,105.05038926892212,0.6641306087564194,6606.76,6600.35,0.03287671232876712,182.58668773741857,97.89491324316714,-5.419735623154874,-5.492922797871448,0.9898071642248757,3.0-4.0%,0.98-1.00,2025-09-16→2025-09-17
2025-09-16,2025-09-17,P,6550.0,0.03561643835616438,47.44116654644763,-0.32445173528054494,36.64980353483361,-0.3351826390281242,6606.76,6600.35,0.03287671232876712,119.70916563125883,36.7640757270442,-6.179735623148254,-6.248520716170235,0.9898071642248757,3.0-4.0%,0.98-1.00,2025-09-16→2025-09-17
2025-09-16,2025-09-17,C,6555.0,0.03561643835616438,110.7426556687957,0.660763727899827,100.30038471031276,0.6563513168332539,6606.76,6600.35,0.03287671232876712,179.53823767633324,93.24250241305799,-4.464504504162208,-4.492788059098941,0.9905627422128336,3.0-4.0%,0.98-1.00,2025-09-16→2025-09-17
2025-09-16,2025-09-17,P,6555.0,0.03561643835616438,48.39295841098091,-0.33923627209921275,37.899797558235605,-0.3453827152734255,6606.76,6600.35,0.03287671232876712,121.65115257620448,38.083020015159036,-6.2245045041559015,-6.263903204902604,0.9905627422128336,3.0-4.0%,0.98-1.00,2025-09-16→2025-09-17
2025-09-16,2025-09-17,C,6560.0,0.03561643835616438,111.3543510209683,0.6722106344222791,96.60037855939663,0.6458569439254467,6606.76,6600.35,0.03287671232876712,182.5985014914837,89.61510707058642,-4.391129833353277,-4.560056989437969,0.9913183202007916,3.0-4.0%,0.98-1.00,2025-09-16→2025-09-17
2025-09-16,2025-09-17,P,6560.0,0.03561643835616438,53.9965761908828,-0.3277893655767186,39.24979134861542,-0.35597723472439224,6606.76,6600.35,0.03287671232876712,129.70185339735977,39.50415288235945,-6.151129833346715,-6.331814074583299,0.9913183202007916,3.0-4.0%,0.98-1.00,2025-09-16→2025-09-17
2025-09-16,2025-09-17,C,6565.0,0.03561643835616438,108.31507674669928,0.6600589854270883,93.00037245130261,0.6349783691100007,6606.76,6600.35,0.03287671232876712,176.68798298721003,86.09003947729525,-4.419021903412466,-4.579788654004994,0.9920738981887495,3.0-4.0%,0.98-1.00,2025-09-16→2025-09-17
2025-09-16,2025-09-17,P,6565.0,0.03561643835616438,55.949224344335164,-0.3399410145719605,40.64978524160415,-0.3668393495836071,6606.76,6600.35,0.03287671232876712,128.78177189910613,40.97903896975595,-6.379021903406221,-6.55144023083087,0.9920738981887495,3.0-4.0%,0.98-1.00,2025-09-16→2025-09-17
2025-09-16,2025-09-17,C,6570.0,0.03561643835616438,104.4472809046695,0.6438700687306594,89.50036563767208,0.6237434283196893,6606.76,6600.35,0.03287671232876712,168.19910582454577,82.66736936418465,-4.57279285943657,-4.701804624470885,0.9928294761767074,3.0-4.0%,0.98-1.00,2025-09-16→2025-09-17
2025-09-16,2025-09-17,P,6570.0,0.03561643835616438,57.073350930013696,-0.35612993126841636,42.099778499406966,-0.3779659325294264,6606.76,6600.35,0.03287671232876712,125.28333174247246,42.50781740008142,-6.4827928594305,-6.622761627513571,0.9928294761767074,3.0-4.0%,0.98-1.00,2025-09-16→2025-09-17
2025-09-16,2025-09-17,C,6575.0,0.03561643835616438,103.6751909751548,0.6509434531877335,86.00035892245114,0.6123464092702869,6606.76,6600.35,0.03287671232876712,173.02768733584077,79.25021221389488,-4.427452465066717,-4.674859516577544,0.9935850541646654,3.0-4.0%,0.98-1.00,2025-09-16→2025-09-17
2025-09-16,2025-09-17,P,6575.0,0.03561643835616438,61.293183428229895,-0.34905654681126486,43.59977178987174,-0.38935421657439956,6606.76,6600.35,0.03287671232876712,135.1023502598078,44.09062732254415,-6.237452465060157,-6.495760528241845,0.9935850541646654,3.0-4.0%,0.98-1.00,2025-09-16→2025-09-17
2025-09-16,2025-09-17,C,6580.0,0.03561643835616438,103.35223278555107,0.6480522280320026,82.30035230230033,0.6010592026832258,6606.76,6600.35,0.03287671232876712,171.05654214164767,75.645100550998,-4.145985218314955,-4.447210510800607,0.9943406321526232,3.0-4.0%,0.98-1.00,2025-09-16→2025-09-17
2025-09-16,2025-09-17,P,6580.0,0.03561643835616438,65.96214766633298,-0.35194777196714094,45.14976495850351,-0.40100183841191045,6606.76,6600.35,0.03287671232876712,138.12164207162925,45.72760634062888,-6.2059852183093245,-6.52042178422029,0.9943406321526232,3.0-4.0%,0.98-1.00,2025-09-16→2025-09-17
2025-09-16,2025-09-17,C,6585.0,0.03561643835616438,99.76308603211544,0.6326380217315826,79.15034510191208,0.5887754589295027,6606.76,6600.35,0.03287671232876712,161.34788060579413,72.57855856780907,-4.394790280700665,-4.675949308261991,0.9950962101405811,3.0-4.0%,0.98-1.00,2025-09-16→2025-09-17
2025-09-16,2025-09-17,P,6585.0,0.03561643835616438,67.3649233406249,-0.3673619782675142,46.7997579425446,-0.41297099961970135,6606.76,6600.35,0.03287671232876712,133.40341754181205,47.46727169300766,-6.304790280694709,-6.5971441075622215,0.9950962101405811,3.0-4.0%,0.98-1.00,2025-09-16→2025-09-17
2025-09-16,2025-09-17,C,6590.0,0.03561643835616438,96.62552307774574,0.6233233294536235,75.85033793619095,0.5765501505973675,6606.76,6600.35,0.03287671232876712,162.85489013419735,69.37266957510701,-4.354497458202358,-4.654313534670953,0.995851788128539,3.0-4.0%,0.98-1.00,2025-09-16→2025-09-17
2025-09-16,2025-09-17,P,6590.0,0.03561643835616438,69.21928281398435,-0.37667667054537973,48.44975082006158,-0.4251225399342519,6606.76,6600.35,0.03287671232876712,139.90086407624517,49.21295347785099,-6.464497458195833,-6.775035480978497,0.995851788128539,3.0-4.0%,0.98-1.00,2025-09-16→2025-09-17
2025-09-16,2025-09-17,C,6595.0,0.03561643835616438,99.81137388136068,0.6394715693262609,72.6003295684186,0.5640891418018232,6606.76,6600.35,0.03287671232876712,166.25162033100744,66.22125989059487,-4.15098724061876,-4.634188601050395,0.996607366116497,3.0-4.0%,0.98-1.00,2025-09-16→2025-09-17
2025-09-16,2025-09-17,P,6595.0,0.03561643835616438,77.39705604531491,-0.3605284306728089,50.19974246639367,-0.4375736200654805,6606.76,6600.35,0.03287671232876712,148.28803127908554,51.06148849341662,-6.260987240612655,-6.754846904619669,0.996607366116497,3.0-4.0%,0.98-1.00,2025-09-16→2025-09-17
2025-09-16,2025-09-17,C,6600.0,0.03561643835616438,96.98473882558821,0.6264972271830757,69.45032308765622,0.551359089602564,6606.76,6600.35,0.03287671232876712,158.1347684296298,63.17267086967058,-4.184152773756579,-4.665788235647648,0.9973629441044549,3.0-4.0%,0.98-1.00,2025-09-16→2025-09-17
2025-09-16,2025-09-17,P,6600.0,0.03561643835616438,79.56234341727978,-0.3735027728158866,52.0497359840374,-0.4502933941097926,6606.76,6600.35,0.03287671232876712,145.16161638372685,53.01283787997636,-6.144152773749779,-6.6363806562437055,0.9973629441044549,3.0-4.0%,0.98-1.00,2025-09-16→2025-09-17
2025-09-16,2025-09-17,C,6605.0,0.03561643835616438,93.18647701656877,0.6089967231708575,66.35031558199125,0.5384159447372532,6606.76,6600.35,0.03287671232876712,150.68729482273906,60.1786770662211,-4.3463310044748855,-4.798753794234278,0.9981185220924128,3.0-4.0%,0.98-1.00,2025-09-16→2025-09-17
2025-09-16,2025-09-17,P,6605.0,0.03561643835616438,80.75600403597927,-0.3910032768281069,53.89972849784226,-0.4632021838286622,6606.76,6600.35,0.03287671232876712,142.70457978286805,54.97063038159149,-6.10633100446811,-6.569125998341659,0.9981185220924128,3.0-4.0%,0.98-1.00,2025-09-16→2025-09-17
2025-09-16,2025-09-17,C,6610.0,0.03561643835616438,95.858581456245,0.6286186245921409,63.35030786579728,0.5252474100620561,6606.76,6600.35,0.03287671232876712,163.18149194807933,57.287462118662916,-4.120554616364466,-4.783164101502296,0.9988741000803708,3.0-4.0%,0.98-1.00,2025-09-16→2025-09-17
2025-09-16,2025-09-17,P,6610.0,0.03561643835616438,88.42003090337258,-0.3713813754068569,55.89972078164874,-0.4763707185038594,6606.76,6600.35,0.03287671232876712,160.1892139142072,57.07941543403376,-6.080554616357894,-6.753536305609665,0.9988741000803708,3.0-4.0%,0.98-1.00,2025-09-16→2025-09-17
2025-09-16,2025-09-17,C,6615.0,0.03561643835616438,96.51075541982328,0.6265896480293742,60.350300012383286,0.5118905610149245,6606.76,6600.35,0.03287671232876712,159.7145066886299,54.40291483477722,-3.983560356131802,-4.718781503894409,0.9996296780683287,3.0-4.0%,0.98-1.00,2025-09-16→2025-09-17
2025-09-16,2025-09-17,P,6615.0,0.03561643835616438,94.06412729467466,-0.3734103519696279,57.8997129282352,-0.48972756755099106,6606.76,6600.35,0.03287671232876712,161.71266566079532,59.19486815014807,-5.943560356125258,-6.689153708001779,0.9996296780683287,3.0-4.0%,0.98-1.00,2025-09-16→2025-09-17
2025-09-16,2025-09-17,C,6620.0,0.03561643835616438,93.11136586029222,0.6107709645068007,57.50029206733052,0.4983402072784438,6606.76,6600.35,0.03287671232876712,150.02215111890715,51.66910783980347,-3.934958117511498,-4.655639271345249,1.0003852560562867,3.0-4.0%,1.00-1.02,2025-09-16→2025-09-17
2025-09-16,2025-09-17,P,6620.0,0.03561643835616438,95.65666016284774,-0.3892290354923101,60.09970498890152,-0.5032682573336804,6606.76,6600.35,0.03287671232876712,157.0107470971137,61.50896590388311,-5.994958117505651,-6.725949529508818,1.0003852560562867,3.0-4.0%,1.00-1.02,2025-09-16→2025-09-17
2025-09-16,2025-09-17,C,6625.0,0.03561643835616438,91.34469828298262,0.6088786792581384,54.85028409180268,0.48468686643986736,6606.76,6600.35,0.03287671232876712,158.39701407357612,49.13341176689346,-3.9970876659554198,-4.793157186120519,1.0011408340442445,3.0-4.0%,1.00-1.02,2025-09-16→2025-09-17
2025-09-16,2025-09-17,P,6625.0,0.03561643835616438,98.88191501328045,-0.3911213207407669,62.299696982593105,-0.5169740178859662,6606.76,6600.35,0.03287671232876712,170.3760470578001,63.82974206735207,-5.757087665948259,-6.563803454648968,1.0011408340442445,3.0-4.0%,1.00-1.02,2025-09-16→2025-09-17
2025-09-16,2025-09-17,C,6630.0,0.03561643835616438,96.81727969496679,0.6285001266979083,52.0002759317872,0.47077121566640767,6606.76,6600.35,0.03287671232876712,161.32071500826703,46.413319289254105,-3.6213141878664974,-4.632356507578394,1.0018964120322025,3.0-4.0%,1.00-1.02,2025-09-16→2025-09-17
2025-09-16,2025-09-17,P,6630.0,0.03561643835616438,109.34641885296907,-0.37149987330113465,64.54968884763775,-0.5308469128995084,6606.76,6600.35,0.03287671232876712,178.29018499852134,66.2052726046245,-5.481314187860214,-6.502728711685766,1.0018964120322025,3.0-4.0%,1.00-1.02,2025-09-16→2025-09-17
2025-09-16,2025-09-17,C,6635.0,0.03561643835616438,94.26080674469965,0.6157854731732231,49.350267597083075,0.45677606323646885,6606.76,6600.35,0.03287671232876712,152.02361846988236,43.891295253750286,-3.5528151169597297,-4.572065434654301,1.0026519900201603,3.0-4.0%,1.00-1.02,2025-09-16→2025-09-17
2025-09-16,2025-09-17,P,6635.0,0.03561643835616438,111.78186833043068,-0.3842145268258016,66.79968045682108,-0.5449339161952591,6606.76,6600.35,0.03287671232876712,173.9835254661535,68.58804471102394,-5.4628151169533465,-6.493026402811546,1.0026519900201603,3.0-4.0%,1.00-1.02,2025-09-16→2025-09-17
2025-09-16,2025-09-17,C,6640.0,0.03561643835616438,90.5685436249941,0.5984057743041501,46.950260198404976,0.44287002679700865,6606.76,6600.35,0.03287671232876712,148.99009828859928,41.61393459481451,-3.664218986710485,-4.661203128231239,1.0034075680081183,3.0-4.0%,1.00-1.02,2025-09-16→2025-09-17
2025-09-16,2025-09-17,P,6640.0,0.03561643835616438,113.08152763842664,-0.40159422569492076,69.34967296529976,-0.5589231114828856,6606.76,6600.35,0.03287671232876712,175.9404422908899,71.26341918040953,-5.424218986704378,-6.432697144605211,1.0034075680081183,3.0-4.0%,1.00-1.02,2025-09-16→2025-09-17
2025-09-16,2025-09-17,C,6645.0,0.03561643835616438,95.21739966426554,0.6245358744915597,44.400251238876535,0.4286368210967828,6606.76,6600.35,0.03287671232876712,161.25671162902515,39.200906735190074,-3.246725044509186,-4.502437976769677,1.0041631459960763,3.0-4.0%,1.00-1.02,2025-09-16→2025-09-17
2025-09-16,2025-09-17,P,6645.0,0.03561643835616438,122.72230610543696,-0.3754641255074478,71.94966415472709,-0.5729813074691349,6606.76,6600.35,0.03287671232876712,193.19749263734823,73.99286005056047,-5.256725044502694,-6.52281018087708,1.0041631459960763,3.0-4.0%,1.00-1.02,2025-09-16→2025-09-17
2025-09-16,2025-09-17,C,6650.0,0.03561643835616438,95.30964549434354,0.6203960123627985,41.95024286012995,0.4143416917049787,6606.76,6600.35,0.03287671232876712,157.0360600677206,36.88994862603431,-2.9732615607545547,-4.294069756171149,1.004918723984034,3.0-4.0%,1.00-1.02,2025-09-16→2025-09-17
2025-09-16,2025-09-17,P,6650.0,0.03561643835616438,127.80647436325029,-0.37960398763610675,74.4496557263833,-0.5873610583824492,6606.76,6600.35,0.03287671232876712,193.96727808210636,76.63466434252314,-4.883261560747392,-6.214984384231417,1.004918723984034,3.0-4.0%,1.00-1.02,2025-09-16→2025-09-17
2025-09-16,2025-09-17,C,6660.0,0.03561643835616438,90.70094353215326,0.6056982547382329,37.50022631939919,0.3860546890007683,6606.76,6600.35,0.03287671232876712,157.83528238021057,32.71376810335596,-2.8674741871280154,-4.275389443505132,1.00642987995995,3.0-4.0%,1.00-1.02,2025-09-16→2025-09-17
2025-09-16,2025-09-17,P,6660.0,0.03561643835616438,133.1816172564826,-0.39430174526073364,79.94963910590559,-0.6157865996009325,6606.76,6600.35,0.03287671232876712,204.74737440661772,82.41179965213269,-4.777474187121245,-6.197192103441887,1.00642987995995,3.0-4.0%,1.00-1.02,2025-09-16→2025-09-17
2025-09-16,2025-09-17,C,6670.0,0.03561643835616438,93.29784534217602,0.6103820240168631,33.30020968607005,0.3577441457134219,6606.76,6600.35,0.03287671232876712,149.90985382914144,28.799590378523135,-2.437451226051994,-4.056860025977016,1.0079410359358658,3.0-4.0%,1.00-1.02,2025-09-16→2025-09-17
2025-09-16,2025-09-17,P,6670.0,0.03561643835616438,145.76236392194872,-0.3896179759821831,85.74962243813934,-0.6441534010817903,6606.76,6600.35,0.03287671232876712,206.80281986761184,88.49823565481893,-4.397451226045742,-6.029023300934188,1.0079410359358658,3.0-4.0%,1.00-1.02,2025-09-16→2025-09-17
2025-09-16,2025-09-17,C,6675.0,0.03561643835616438,89.64028171306101,0.5934446565642175,31.300201409343117,0.3436265772285307,6606.76,6600.35,0.03287671232876712,147.88082998993235,26.94624612254802,-2.346019751423454,-3.9473536399651703,1.0086966139238238,3.0-4.0%,1.00-1.02,2025-09-16→2025-09-17
2025-09-16,2025-09-17,P,6675.0,0.03561643835616438,147.09672272056196,-0.4065553434347695,88.74961414421614,-0.6583000942204814,6606.76,6600.35,0.03287671232876712,209.76423303440848,91.64522245297576,-3.656019751416825,-5.269703603953201,1.0086966139238238,3.0-4.0%,1.00-1.02,2025-09-16→2025-09-17
