asof0,asof1,cp,K,T,price0_pde,delta0_pde,price0_bsm,delta0_bsm,S0,S1,T1,price1_pde,price1_bsm,pnl_pde,pnl_bsm,m,T_bucket,m_bucket,pair
2025-09-17,2025-09-18,C,6565.0,0.005479452054794521,86.35930418739049,0.2178796201611494,54.0,0.6994545233955652,6600.35,6631.96,0.010958904109589041,132.96534320695278,90.51123824701972,21.562825206706144,6.340242515466414,0.9940493314961464,<1.0%,0.98-1.00,2025-09-17→2025-09-18
2025-09-17,2025-09-18,C,6565.0,0.005479452054794521,86.35930418739049,0.2178796201611494,54.0,0.6994545233955652,6600.35,6631.96,0.010958904109589041,132.96534320695278,90.51123824701972,18.262825206706147,3.040242515466417,0.9940493314961464,<1.0%,0.98-1.00,2025-09-17→2025-09-18
2025-09-17,2025-09-18,P,6565.0,0.005479452054794521,47.08280932798142,-0.7821203798388267,10.600000004859567,-0.2686154957576812,6600.35,6631.96,0.010958904109589041,57.710546998915476,10.491333169684594,21.472825206705053,5.240935820900214,0.9940493314961464,<1.0%,0.98-1.00,2025-09-17→2025-09-18
2025-09-17,2025-09-18,P,6565.0,0.005479452054794521,47.08280932798142,-0.7821203798388267,10.600000004859567,-0.2686154957576812,6600.35,6631.96,0.010958904109589041,57.710546998915476,10.491333169684594,18.072825206705055,1.8409358209002136,0.9940493314961464,<1.0%,0.98-1.00,2025-09-17→2025-09-18
2025-09-17,2025-09-18,C,6570.0,0.005479452054794521,80.40414660941212,0.20644170507683787,49.999999946428034,0.6796161676003036,6600.35,6631.96,0.010958904109589041,129.6672473491664,86.04072494402863,21.37437770252123,6.41733294215463,0.9948064140029981,<1.0%,0.98-1.00,2025-09-17→2025-09-18
2025-09-17,2025-09-18,C,6570.0,0.005479452054794521,80.40414660941212,0.20644170507683787,49.999999946428034,0.6796161676003036,6600.35,6631.96,0.010958904109589041,129.6672473491664,86.04072494402863,17.924377702521227,2.967332942154627,0.9948064140029981,<1.0%,0.98-1.00,2025-09-17→2025-09-18
2025-09-17,2025-09-18,P,6570.0,0.005479452054794521,46.124661274099495,-0.7935582949231005,11.600000000004911,-0.2914373851012727,6600.35,6631.96,0.010958904109589041,59.40613370304625,11.051905454424286,21.284377702518945,5.412335743051135,0.9948064140029981,<1.0%,0.98-1.00,2025-09-17→2025-09-18
2025-09-17,2025-09-18,P,6570.0,0.005479452054794521,46.124661274099495,-0.7935582949231005,11.600000000004911,-0.2914373851012727,6600.35,6631.96,0.010958904109589041,59.40613370304625,11.051905454424286,17.734377702518945,1.8623357430511343,0.9948064140029981,<1.0%,0.98-1.00,2025-09-17→2025-09-18
2025-09-17,2025-09-18,C,6575.0,0.005479452054794521,78.32317544666344,0.20264934197439843,45.99999999924876,0.6588313602779389,6600.35,6631.96,0.010958904109589041,126.1329144849264,81.49685418579338,21.144254300189342,6.7243407016145795,0.9955634965098497,<1.0%,0.98-1.00,2025-09-17→2025-09-18
2025-09-17,2025-09-18,C,6575.0,0.005479452054794521,78.32317544666344,0.20264934197439843,45.99999999924876,0.6588313602779389,6600.35,6631.96,0.010958904109589041,126.1329144849264,81.49685418579338,17.394254300189342,2.9743407016145795,0.9955634965098497,<1.0%,0.98-1.00,2025-09-17→2025-09-18
2025-09-17,2025-09-18,P,6575.0,0.005479452054794521,49.04069963544867,-0.7973506580255286,12.699999871397267,-0.3160421234050208,6600.35,6631.96,0.010958904109589041,60.86548340071689,11.652847460026578,20.854254300186696,5.640091520832604,0.9955634965098497,<1.0%,0.98-1.00,2025-09-17→2025-09-18
2025-09-17,2025-09-18,P,6575.0,0.005479452054794521,49.04069963544867,-0.7973506580255286,12.699999871397267,-0.3160421234050208,6600.35,6631.96,0.010958904109589041,60.86548340071689,11.652847460026578,17.1542543001867,1.9400915208326044,0.9955634965098497,<1.0%,0.98-1.00,2025-09-17→2025-09-18
2025-09-17,2025-09-18,C,6580.0,0.005479452054794521,74.87410570918748,0.1958617937543155,42.30000034819659,0.635466992930791,6600.35,6631.96,0.010958904109589041,121.42283104589727,77.25124090953705,20.508808699426154,6.612888353457908,0.9963205790167012,<1.0%,0.98-1.00,2025-09-17→2025-09-18
2025-09-17,2025-09-18,C,6580.0,0.005479452054794521,74.87410570918748,0.1958617937543155,42.30000034819659,0.635466992930791,6600.35,6631.96,0.010958904109589041,121.42283104589727,77.25124090953705,16.758808699426154,2.862888353457908,0.9963205790167012,<1.0%,0.98-1.00,2025-09-17→2025-09-18
2025-09-17,2025-09-18,P,6580.0,0.005479452054794521,50.588639422070216,-0.8041382062456999,13.949999999424108,-0.34276837519826847,6600.35,6631.96,0.010958904109589041,61.14908252360377,12.346350954132049,20.36880869942631,5.784908340017154,0.9963205790167012,<1.0%,0.98-1.00,2025-09-17→2025-09-18
2025-09-17,2025-09-18,P,6580.0,0.005479452054794521,50.588639422070216,-0.8041382062456999,13.949999999424108,-0.34276837519826847,6600.35,6631.96,0.010958904109589041,61.14908252360377,12.346350954132049,16.56880869942631,1.984908340017153,0.9963205790167012,<1.0%,0.98-1.00,2025-09-17→2025-09-18
2025-09-17,2025-09-18,C,6585.0,0.005479452054794521,66.31141777591611,0.17512451427355974,38.70000000528262,0.61075139657445,6600.35,6631.96,0.010958904109589041,115.9629661736363,73.044244820534,20.51431410381283,6.744148354281833,0.9970776615235528,<1.0%,0.98-1.00,2025-09-17→2025-09-18
2025-09-17,2025-09-18,C,6585.0,0.005479452054794521,66.31141777591611,0.17512451427355974,38.70000000528262,0.61075139657445,6600.35,6631.96,0.010958904109589041,115.9629661736363,73.044244820534,16.664314103812835,2.894148354281839,0.9970776615235528,<1.0%,0.98-1.00,2025-09-17→2025-09-18
2025-09-17,2025-09-18,P,6585.0,0.005479452054794521,47.02296101289729,-0.8248754857264738,15.300000122315396,-0.37121097539031406,6600.35,6631.96,0.010958904109589041,60.682900213255394,13.063848690536815,20.324314103813567,5.983978932087705,0.9970776615235528,<1.0%,0.98-1.00,2025-09-17→2025-09-18
2025-09-17,2025-09-18,P,6585.0,0.005479452054794521,47.02296101289729,-0.8248754857264738,15.300000122315396,-0.37121097539031406,6600.35,6631.96,0.010958904109589041,60.682900213255394,13.063848690536815,16.42431410381357,2.0839789320877067,0.9970776615235528,<1.0%,0.98-1.00,2025-09-17→2025-09-18
2025-09-17,2025-09-18,C,6590.0,0.005479452054794521,64.50718609067621,0.17151559394955848,35.200000000021646,0.5846751552804278,6600.35,6631.96,0.010958904109589041,112.58757712101817,68.86900010077443,19.77839207525451,6.718418341585863,0.9978347440304044,<1.0%,0.98-1.00,2025-09-17→2025-09-18
2025-09-17,2025-09-18,C,6590.0,0.005479452054794521,64.50718609067621,0.17151559394955848,35.200000000021646,0.5846751552804278,6600.35,6631.96,0.010958904109589041,112.58757712101817,68.86900010077443,15.728392075254511,2.668418341585866,0.9978347440304044,<1.0%,0.98-1.00,2025-09-17→2025-09-18
2025-09-17,2025-09-18,P,6590.0,0.005479452054794521,50.215738851756896,-0.8284844060503939,16.85000000046557,-0.40183708375581956,6600.35,6631.96,0.010958904109589041,62.301193722549904,13.91815937256024,19.588392075252678,6.102070217521323,0.9978347440304044,<1.0%,0.98-1.00,2025-09-17→2025-09-18
2025-09-17,2025-09-18,P,6590.0,0.005479452054794521,50.215738851756896,-0.8284844060503939,16.85000000046557,-0.40183708375581956,6600.35,6631.96,0.010958904109589041,62.301193722549904,13.91815937256024,15.638392075252678,2.1520702175213238,0.9978347440304044,<1.0%,0.98-1.00,2025-09-17→2025-09-18
2025-09-17,2025-09-18,C,6595.0,0.005479452054794521,61.99013036383205,0.16737975456751653,31.899999561537243,0.5570153558971576,6600.35,6631.96,0.010958904109589041,108.65462021896235,64.8462335424374,19.009125958120862,6.692744600091036,0.998591826537256,<1.0%,0.98-1.00,2025-09-17→2025-09-18
2025-09-17,2025-09-18,C,6595.0,0.005479452054794521,61.99013036383205,0.16737975456751653,31.899999561537243,0.5570153558971576,6600.35,6631.96,0.010958904109589041,108.65462021896235,64.8462335424374,15.059125958120859,2.742744600091033,0.998591826537256,<1.0%,0.98-1.00,2025-09-17→2025-09-18
2025-09-17,2025-09-18,P,6595.0,0.005479452054794521,52.69569264901257,-0.8326202454324574,18.50000000000091,-0.4340575073060324,6600.35,6631.96,0.010958904109589041,63.36191938240144,14.779878830377129,18.819125958119706,6.220557805943541,0.998591826537256,<1.0%,0.98-1.00,2025-09-17→2025-09-18
2025-09-17,2025-09-18,P,6595.0,0.005479452054794521,52.69569264901257,-0.8326202454324574,18.50000000000091,-0.4340575073060324,6600.35,6631.96,0.010958904109589041,63.36191938240144,14.779878830377129,14.769125958119705,2.17055780594354,0.998591826537256,<1.0%,0.98-1.00,2025-09-17→2025-09-18
2025-09-17,2025-09-18,C,6600.0,0.005479452054794521,54.18924410565903,0.1467186573471488,28.749999999672127,0.528085342161651,6600.35,6631.96,0.010958904109589041,102.18606455142695,60.90724499768294,18.662223241256672,6.607222334270382,0.9993489090441076,<1.0%,0.98-1.00,2025-09-17→2025-09-18
2025-09-17,2025-09-18,C,6600.0,0.005479452054794521,54.18924410565903,0.1467186573471488,28.749999999672127,0.528085342161651,6600.35,6631.96,0.010958904109589041,102.18606455142695,60.90724499768294,14.662223241256672,2.607222334270382,0.9993489090441076,<1.0%,0.98-1.00,2025-09-17→2025-09-18
2025-09-17,2025-09-18,P,6600.0,0.005479452054794521,49.89181591493459,-0.8532813426528321,20.399999998629937,-0.4681748880332667,6600.35,6631.96,0.010958904109589041,61.88704627678621,15.826432682003542,18.472223241255747,6.299008210731408,0.9993489090441076,<1.0%,0.98-1.00,2025-09-17→2025-09-18
2025-09-17,2025-09-18,P,6600.0,0.005479452054794521,49.89181591493459,-0.8532813426528321,20.399999998629937,-0.4681748880332667,6600.35,6631.96,0.010958904109589041,61.88704627678621,15.826432682003542,14.472223241255746,2.299008210731408,0.9993489090441076,<1.0%,0.98-1.00,2025-09-17→2025-09-18
2025-09-17,2025-09-18,C,6605.0,0.005479452054794521,50.52637152905551,0.14037799677561816,25.74999999934198,0.4980048922658551,6600.35,6631.96,0.010958904109589041,98.93340642262635,57.046825036083646,17.962651521922755,6.658065355476483,1.0001059915509591,<1.0%,1.00-1.02,2025-09-17→2025-09-18
2025-09-17,2025-09-18,C,6605.0,0.005479452054794521,50.52637152905551,0.14037799677561816,25.74999999934198,0.4980048922658551,6600.35,6631.96,0.010958904109589041,98.93340642262635,57.046825036083646,13.912651521922754,2.608065355476482,1.0001059915509591,<1.0%,1.00-1.02,2025-09-17→2025-09-18
2025-09-17,2025-09-18,P,6605.0,0.005479452054794521,51.22595286242762,-0.8596220032243347,22.39999999808788,-0.5036849899442161,6600.35,6631.96,0.010958904109589041,63.62807070989794,16.864645384399864,17.67265152192094,6.4214825321365065,1.0001059915509591,<1.0%,1.00-1.02,2025-09-17→2025-09-18
2025-09-17,2025-09-18,P,6605.0,0.005479452054794521,51.22595286242762,-0.8596220032243347,22.39999999808788,-0.5036849899442161,6600.35,6631.96,0.010958904109589041,63.62807070989794,16.864645384399864,13.622651521920938,2.371482532136506,1.0001059915509591,<1.0%,1.00-1.02,2025-09-17→2025-09-18
2025-09-17,2025-09-18,C,6610.0,0.005479452054794521,48.582647577195225,0.1368876172386662,22.94999999367792,0.46696338133363163,6600.35,6631.96,0.010958904109589041,95.36411570821713,53.327338314101326,16.972982419085806,6.539287516044057,1.0008630740578108,<1.0%,1.00-1.02,2025-09-17→2025-09-18
2025-09-17,2025-09-18,C,6610.0,0.005479452054794521,48.582647577195225,0.1368876172386662,22.94999999367792,0.46696338133363163,6600.35,6631.96,0.010958904109589041,95.36411570821713,53.327338314101326,12.922982419085805,2.4892875160440564,1.0008630740578108,<1.0%,1.00-1.02,2025-09-17→2025-09-18
2025-09-17,2025-09-18,P,6610.0,0.005479452054794521,54.279238434665196,-0.8631123827612904,24.64999997269024,-0.5404570607788364,6600.35,6631.96,0.010958904109589041,65.05246255740323,18.079218169012165,16.532982419084107,6.333847691218841,1.0008630740578108,<1.0%,1.00-1.02,2025-09-17→2025-09-18
2025-09-17,2025-09-18,P,6610.0,0.005479452054794521,54.279238434665196,-0.8631123827612904,24.64999997269024,-0.5404570607788364,6600.35,6631.96,0.010958904109589041,65.05246255740323,18.079218169012165,12.532982419084108,2.333847691218841,1.0008630740578108,<1.0%,1.00-1.02,2025-09-17→2025-09-18
2025-09-17,2025-09-18,C,6615.0,0.005479452054794521,44.90731962711498,0.1279290103414635,20.200000000000273,0.43485486410713503,6600.35,6631.96,0.010958904109589041,89.76845234161429,49.54123786708351,16.206163983106386,6.504237745573608,1.0016201565646623,<1.0%,1.00-1.02,2025-09-17→2025-09-18
2025-09-17,2025-09-18,C,6615.0,0.005479452054794521,44.90731962711498,0.1279290103414635,20.200000000000273,0.43485486410713503,6600.35,6631.96,0.010958904109589041,89.76845234161429,49.54123786708351,12.056163983106382,2.354237745573606,1.0016201565646623,<1.0%,1.00-1.02,2025-09-17→2025-09-18
2025-09-17,2025-09-18,P,6615.0,0.005479452054794521,55.60092000868598,-0.8720709896585442,27.050000000008822,-0.5782858340925215,6600.35,6631.96,0.010958904109589041,64.45048175270944,19.336585664095765,15.616163983106295,6.3296152156644165,1.0016201565646623,<1.0%,1.00-1.02,2025-09-17→2025-09-18
2025-09-17,2025-09-18,P,6615.0,0.005479452054794521,55.60092000868598,-0.8720709896585442,27.050000000008822,-0.5782858340925215,6600.35,6631.96,0.010958904109589041,64.45048175270944,19.336585664095765,11.616163983106295,2.3296152156644165,1.0016201565646623,<1.0%,1.00-1.02,2025-09-17→2025-09-18
2025-09-17,2025-09-18,C,6620.0,0.005479452054794521,37.51943635797387,0.10981114965422495,18.000000000736236,0.40344388701737743,6600.35,6631.96,0.010958904109589041,85.18597594333524,46.38488623177955,15.278869559429985,5.997138731380831,1.002377239071514,<1.0%,1.00-1.02,2025-09-17→2025-09-18
2025-09-17,2025-09-18,C,6620.0,0.005479452054794521,37.51943635797387,0.10981114965422495,18.000000000736236,0.40344388701737743,6600.35,6631.96,0.010958904109589041,85.18597594333524,46.38488623177955,11.378869559429987,2.0971387313808325,1.002377239071514,<1.0%,1.00-1.02,2025-09-17→2025-09-18
2025-09-17,2025-09-18,P,6620.0,0.005479452054794521,53.21004626364217,-0.8901888503457812,29.700000022310178,-0.61654047184779,6600.35,6631.96,0.010958904109589041,64.86168791634363,20.769870102061304,14.838869559429853,6.18884431510844,1.002377239071514,<1.0%,1.00-1.02,2025-09-17→2025-09-18
2025-09-17,2025-09-18,P,6620.0,0.005479452054794521,53.21004626364217,-0.8901888503457812,29.700000022310178,-0.61654047184779,6600.35,6631.96,0.010958904109589041,64.86168791634363,20.769870102061304,10.988869559429855,2.3388443151084424,1.002377239071514,<1.0%,1.00-1.02,2025-09-17→2025-09-18
2025-09-17,2025-09-18,C,6625.0,0.005479452054794521,35.961141656949266,0.10682239943817706,15.800000210146209,0.37150191669008864,6600.35,6631.96,0.010958904109589041,81.8366055173843,43.099801362428934,14.073343953759258,5.706824413426419,1.0031343215783657,<1.0%,1.00-1.02,2025-09-17→2025-09-18
2025-09-17,2025-09-18,C,6625.0,0.005479452054794521,35.961141656949266,0.10682239943817706,15.800000210146209,0.37150191669008864,6600.35,6631.96,0.010958904109589041,81.8366055173843,43.099801362428934,10.22334395375926,1.8568244134264216,1.0031343215783657,<1.0%,1.00-1.02,2025-09-17→2025-09-18
2025-09-17,2025-09-18,P,6625.0,0.005479452054794521,56.648761086714444,-0.8931776005617608,32.49999999941156,-0.655356822083115,6600.35,6631.96,0.010958904109589041,66.50600005230774,22.238155770909543,13.633343953756963,6.115829146047048,1.0031343215783657,<1.0%,1.00-1.02,2025-09-17→2025-09-18
2025-09-17,2025-09-18,P,6625.0,0.005479452054794521,56.648761086714444,-0.8931776005617608,32.49999999941156,-0.655356822083115,6600.35,6631.96,0.010958904109589041,66.50600005230774,22.238155770909543,9.883343953756963,2.365829146047048,1.0031343215783657,<1.0%,1.00-1.02,2025-09-17→2025-09-18
2025-09-17,2025-09-18,C,6630.0,0.005479452054794521,33.78335922805285,0.10260951693875783,13.799999997796476,0.33994320826104846,6600.35,6631.96,0.010958904109589041,77.6811926045495,39.9702394062374,12.856513169565897,5.354395186868368,1.0038914040852172,<1.0%,1.00-1.02,2025-09-17→2025-09-18
2025-09-17,2025-09-18,C,6630.0,0.005479452054794521,33.78335922805285,0.10260951693875783,13.799999997796476,0.33994320826104846,6600.35,6631.96,0.010958904109589041,77.6811926045495,39.9702394062374,9.206513169565895,1.704395186868366,1.0038914040852172,<1.0%,1.00-1.02,2025-09-17→2025-09-18
2025-09-17,2025-09-18,P,6630.0,0.005479452054794521,59.467988181914706,-0.8973904830612219,35.5,-0.6941848025387787,6600.35,6631.96,0.010958904109589041,67.34426970138621,23.80975522507424,12.416513169564933,5.993181608250566,1.0038914040852172,<1.0%,1.00-1.02,2025-09-17→2025-09-18
2025-09-17,2025-09-18,P,6630.0,0.005479452054794521,59.467988181914706,-0.8973904830612219,35.5,-0.6941848025387787,6600.35,6631.96,0.010958904109589041,67.34426970138621,23.80975522507424,8.766513169564934,2.3431816082505676,1.0038914040852172,<1.0%,1.00-1.02,2025-09-17→2025-09-18
2025-09-17,2025-09-18,C,6635.0,0.005479452054794521,26.551104566608917,0.08074236129039794,12.050000111969439,0.30957439883658067,6600.35,6631.96,0.010958904109589041,71.36938986564759,37.087408570173466,12.097733959610546,4.864353252775786,1.0046484865920688,<1.0%,1.00-1.02,2025-09-17→2025-09-18
2025-09-17,2025-09-18,C,6635.0,0.005479452054794521,26.551104566608917,0.08074236129039794,12.050000111969439,0.30957439883658067,6600.35,6631.96,0.010958904109589041,71.36938986564759,37.087408570173466,8.547733959610547,1.3143532527757866,1.0046484865920688,<1.0%,1.00-1.02,2025-09-17→2025-09-18
2025-09-17,2025-09-18,P,6635.0,0.005479452054794521,57.232743044570306,-0.9192576387095948,38.700000010858275,-0.7326385310325899,6600.35,6631.96,0.010958904109589041,66.02614952439744,25.48602729608092,11.707733959609989,5.808703965939927,1.0046484865920688,<1.0%,1.00-1.02,2025-09-17→2025-09-18
2025-09-17,2025-09-18,P,6635.0,0.005479452054794521,57.232743044570306,-0.9192576387095948,38.700000010858275,-0.7326385310325899,6600.35,6631.96,0.010958904109589041,66.02614952439744,25.48602729608092,8.157733959609992,2.2587039659399295,1.0046484865920688,<1.0%,1.00-1.02,2025-09-17→2025-09-18
2025-09-17,2025-09-18,C,6550.0,0.0136986301369863,121.30223443983087,0.24876159470053397,74.64950053409757,0.7301119620085297,6600.35,6631.96,0.03561643835616438,213.91445999260262,127.04647121866492,40.08664599151619,24.871160880910605,0.9911628652742986,1.0-2.0%,0.98-1.00,2025-09-17→2025-09-18
2025-09-17,2025-09-18,P,6550.0,0.0136986301369863,62.97405225302187,-0.7512384052994636,16.350185883425866,-0.2717189144980392,6600.35,6631.96,0.03561643835616438,117.47114241492436,24.19384685184764,33.3966459915158,18.239034887282926,0.9911628652742986,1.0-2.0%,0.98-1.00,2025-09-17→2025-09-18
2025-09-17,2025-09-18,C,6555.0,0.0136986301369863,119.00195397190556,0.24445120310104773,70.64951083492815,0.715050792249799,6600.35,6631.96,0.03561643835616438,208.36051628905005,122.71556881503057,40.22289746997595,25.34724445698408,0.9919194781485539,1.0-2.0%,0.98-1.00,2025-09-17→2025-09-18
2025-09-17,2025-09-18,P,6555.0,0.0136986301369863,65.66768156969152,-0.7555487968989472,17.400196353362844,-0.2870267007089453,6600.35,6631.96,0.03561643835616438,116.90614274372233,24.938705512737442,33.48289746997547,18.672914009409666,0.9919194781485539,1.0-2.0%,0.98-1.00,2025-09-17→2025-09-18
2025-09-17,2025-09-18,C,6560.0,0.0136986301369863,117.11486750517896,0.24318667400451455,66.74952179382399,0.6990312097651356,6600.35,6631.96,0.010958904109589041,139.5840096231052,86.54983431184337,12.612869234717387,-1.7963765406756949,0.9926760910228091,1.0-2.0%,0.98-1.00,2025-09-17→2025-09-18
2025-09-17,2025-09-18,P,6560.0,0.0136986301369863,68.77450488754656,-0.756813325995525,18.500207269473776,-0.3029837316401691,6600.35,6631.96,0.010958904109589041,59.335530853159725,8.220362439791643,12.322869234718295,-2.0226842428543534,0.9926760910228091,1.0-2.0%,0.98-1.00,2025-09-17→2025-09-18
2025-09-17,2025-09-18,C,6565.0,0.0136986301369863,111.65409187448361,0.23056382544362064,63.04953363609911,0.681610441487982,6600.35,6631.96,0.010958904109589041,132.96534320695278,82.2924219114484,12.111877477727234,-2.145706055434882,0.9934327038970642,1.0-2.0%,0.98-1.00,2025-09-17→2025-09-18
2025-09-17,2025-09-18,P,6565.0,0.0136986301369863,68.30763904144749,-0.7694361745564378,19.700218736603347,-0.31985114286079624,6600.35,6631.96,0.010958904109589041,57.710546998915476,8.897001873517866,11.971877477728745,-2.239505374170335,0.9934327038970642,1.0-2.0%,0.98-1.00,2025-09-17→2025-09-18
2025-09-17,2025-09-18,C,6570.0,0.0136986301369863,105.56402913996033,0.22014167294794942,59.3495458567877,0.6638533750623077,6600.35,6631.96,0.010958904109589041,129.6672473491664,78.04049434354692,11.591321718115395,-2.4344051857193243,0.9941893167713194,1.0-2.0%,0.98-1.00,2025-09-17→2025-09-18
2025-09-17,2025-09-18,P,6570.0,0.0136986301369863,67.21148609151157,-0.7798583270520493,21.000230937800097,-0.3375845630694413,6600.35,6631.96,0.010958904109589041,59.40613370304625,9.645820836143457,11.451321718115022,-2.5289519613750713,0.9941893167713194,1.0-2.0%,0.98-1.00,2025-09-17→2025-09-18
2025-09-17,2025-09-18,C,6575.0,0.0136986301369863,103.68607160036905,0.21784262975373075,55.749558569041255,0.6452737412122641,6600.35,6631.96,0.010958904109589041,126.1329144849264,73.86309425515083,10.913994473484653,-2.5971029597194466,0.9949459296455746,1.0-2.0%,0.98-1.00,2025-09-17→2025-09-18
2025-09-17,2025-09-18,P,6575.0,0.0136986301369863,70.32743833651047,-0.7821573702462981,22.350243500548913,-0.35594578730796766,6600.35,6631.96,0.010958904109589041,60.86548340071689,10.433591448978632,10.723994473485222,-2.74855366319526,0.9949459296455746,1.0-2.0%,0.98-1.00,2025-09-17→2025-09-18
2025-09-17,2025-09-18,C,6580.0,0.0136986301369863,100.45617369522606,0.2128153531282211,52.19957177353035,0.626083767997596,6600.35,6631.96,0.010958904109589041,121.42283104589727,69.72619631854559,10.072906687616998,-2.9905079064038063,0.9957025425198298,1.0-2.0%,0.98-1.00,2025-09-17→2025-09-18
2025-09-17,2025-09-18,P,6580.0,0.0136986301369863,72.09145021595141,-0.7871846468718658,23.85025681777597,-0.3753036058904976,6600.35,6631.96,0.010958904109589041,61.14908252360377,11.333092188179535,9.932906687619418,-3.0866530178014973,0.9957025425198298,1.0-2.0%,0.98-1.00,2025-09-17→2025-09-18
2025-09-17,2025-09-18,C,6585.0,0.0136986301369863,92.01902776701687,0.19565826567491304,48.74958536655549,0.6061045989912479,6600.35,6631.96,0.010958904109589041,115.9629661736363,65.66687508604173,9.815242222016064,-3.158966374113149,0.996459155394085,1.0-2.0%,0.98-1.00,2025-09-17→2025-09-18
2025-09-17,2025-09-18,P,6585.0,0.0136986301369863,68.64821407234153,-0.8043417343251659,25.40027039437973,-0.3952558050541213,6600.35,6631.96,0.010958904109589041,60.682900213255394,12.274592801410563,9.575242222018232,-3.3559640022393538,0.996459155394085,1.0-2.0%,0.98-1.00,2025-09-17→2025-09-18
2025-09-17,2025-09-18,C,6590.0,0.0136986301369863,89.76676679010914,0.19133908816176778,45.44959962306075,0.5852617386285741,6600.35,6631.96,0.010958904109589041,112.58757712101817,61.725404222530415,8.90177142320658,-3.550123558049041,0.9972157682683401,1.0-2.0%,0.98-1.00,2025-09-17→2025-09-18
2025-09-17,2025-09-18,P,6590.0,0.0136986301369863,71.3898628800253,-0.8086609118382535,27.050284554566133,-0.4159577898916515,6600.35,6631.96,0.010958904109589041,62.301193722549904,13.29590141635822,8.761771423206927,-3.651574261525033,0.9972157682683401,1.0-2.0%,0.98-1.00,2025-09-17→2025-09-18
2025-09-17,2025-09-18,C,6595.0,0.0136986301369863,87.97746091013421,0.1903211368752464,42.249614533285694,0.5637633697577271,6600.35,6631.96,0.010958904109589041,108.65462021896235,57.86762831091073,7.9339488633735265,-3.870560118041567,0.9979723811425953,1.0-2.0%,0.98-1.00,2025-09-17→2025-09-18
2025-09-17,2025-09-18,P,6595.0,0.0136986301369863,74.5944667846334,-0.8096788631247813,28.850299464791533,-0.43745615876249955,6600.35,6631.96,0.010958904109589041,63.36191938240144,14.43812550473831,7.743948863374072,-4.022010821517535,0.9979723811425953,1.0-2.0%,0.98-1.00,2025-09-17→2025-09-18
2025-09-17,2025-09-18,C,6600.0,0.0136986301369863,80.32538624155714,0.1736268379424341,39.14962944453919,0.5416469816103219,6600.35,6631.96,0.010958904109589041,102.18606455142695,54.09568428208513,7.4116556526397135,-4.2214610887021,0.9987289940168506,1.0-2.0%,0.98-1.00,2025-09-17→2025-09-18
2025-09-17,2025-09-18,P,6600.0,0.0136986301369863,71.9363019006517,-0.826373162057599,30.750314376045935,-0.4595725469099066,6600.35,6631.96,0.010958904109589041,61.88704627678621,15.666181475912254,7.271655652640433,-4.3229117921780045,0.9987289940168506,1.0-2.0%,0.98-1.00,2025-09-17→2025-09-18
2025-09-17,2025-09-18,C,6605.0,0.0136986301369863,76.29542468767634,0.16696745414601263,36.14964505453372,0.5189473743959544,6600.35,6631.96,0.010958904109589041,98.93340642262635,50.411613000090256,6.722158774444595,-4.403926504655949,0.9994856068911058,1.0-2.0%,0.98-1.00,2025-09-17→2025-09-18
2025-09-17,2025-09-18,P,6605.0,0.0136986301369863,72.90025013136413,-0.833032545854042,32.8503300337984,-0.4823101465508707,6600.35,6631.96,0.010958904109589041,63.62807070989794,17.063849021309125,6.3821587744459904,-4.704176267527139,0.9994856068911058,1.0-2.0%,0.98-1.00,2025-09-17→2025-09-18
2025-09-17,2025-09-18,C,6610.0,0.0136986301369863,74.89110591739345,0.1660509949027039,33.349660866734666,0.4957258327583062,6600.35,6631.96,0.010958904109589041,95.36411570821713,46.90104021134175,5.651128051125583,-4.769893573489897,1.0002422197653609,1.0-2.0%,1.00-1.02,2025-09-17→2025-09-18
2025-09-17,2025-09-18,P,6610.0,0.0136986301369863,76.48984114566484,-0.8339490050973335,34.95034579824096,-0.5054936957619228,6600.35,6631.96,0.010958904109589041,65.05246255740323,18.47153740517024,5.311128051126435,-5.071344276965789,1.0002422197653609,1.0-2.0%,1.00-1.02,2025-09-17→2025-09-18
2025-09-17,2025-09-18,C,6615.0,0.0136986301369863,71.03365588296415,0.1583541786364343,30.649677019684077,0.47212206474069907,6600.35,6631.96,0.010958904109589041,89.76845234161429,43.48613935974436,4.794424413302368,-5.123778466453338,1.0009988326396162,1.0-2.0%,1.00-1.02,2025-09-17→2025-09-18
2025-09-17,2025-09-18,P,6615.0,0.0136986301369863,77.62630089582655,-0.8416458213636375,37.30036191725412,-0.5290478176677285,6600.35,6631.96,0.010958904109589041,64.45048175270944,20.099514954473307,4.404424413304312,-5.476798483523272,1.0009988326396162,1.0-2.0%,1.00-1.02,2025-09-17→2025-09-18
2025-09-17,2025-09-18,C,6620.0,0.0136986301369863,63.37470034288633,0.14307013293894394,28.099692864384906,0.44825597564763,6600.35,6631.96,0.010958904109589041,85.18597594333524,40.21267287123328,4.127553097800027,-5.519371390221439,1.0017554455138713,1.0-2.0%,1.00-1.02,2025-09-17→2025-09-18
2025-09-17,2025-09-18,P,6620.0,0.0136986301369863,74.96125514034192,-0.856929867061101,39.75037774364637,-0.552877858087622,6600.35,6631.96,0.010958904109589041,64.86168791634363,21.82709249274103,3.7375530978011184,-5.873530905850451,1.0017554455138713,1.0-2.0%,1.00-1.02,2025-09-17→2025-09-18
2025-09-17,2025-09-18,C,6625.0,0.0136986301369863,61.66226442897969,0.14036726552923026,25.699709756016546,0.4242714034246274,6600.35,6631.96,0.010958904109589041,81.8366055173843,37.08556741463008,3.112990736621078,-5.8612190622523315,1.0025120583881264,1.0-2.0%,1.00-1.02,2025-09-17→2025-09-18
2025-09-17,2025-09-18,P,6625.0,0.0136986301369863,78.24272901102815,-0.8596327344707776,42.350394603577115,-0.5768254129567763,6600.35,6631.96,0.010958904109589041,66.50600005230774,23.701051750170336,2.7229907366209964,-6.216548696436494,1.0025120583881264,1.0-2.0%,1.00-1.02,2025-09-17→2025-09-18
2025-09-17,2025-09-18,C,6630.0,0.0136986301369863,59.81911518996627,0.1384538338488863,23.399726255051974,0.40015621850866445,6600.35,6631.96,0.010958904109589041,77.6811926045495,34.06368680658761,2.123474312036749,-6.148938067058753,1.0032686712623817,1.0-2.0%,1.00-1.02,2025-09-17→2025-09-18
2025-09-17,2025-09-18,P,6630.0,0.0136986301369863,81.39348955659673,-0.8615461661511813,45.05041107634452,-0.6009022788723338,6600.35,6631.96,0.010958904109589041,67.34426970138621,25.680254405888263,1.7334743120385632,-6.505478964845722,1.0032686712623817,1.0-2.0%,1.00-1.02,2025-09-17→2025-09-18
2025-09-17,2025-09-18,C,6635.0,0.0136986301369863,51.7025889604044,0.11981740837892099,21.349742531308948,0.37654778248920234,6600.35,6631.96,0.010958904109589041,71.36938986564759,31.29017440217649,1.5625717211423447,-6.552675404483566,1.0040252841366368,1.0-2.0%,1.00-1.02,2025-09-17→2025-09-18
2025-09-17,2025-09-18,P,6635.0,0.0136986301369863,78.27087311163548,-0.8801825916211433,47.90042760331926,-0.6248713735196121,6600.35,6631.96,0.010958904109589041,66.02614952439744,27.813510361615045,1.2725717211440468,-6.797815883045271,1.0040252841366368,1.0-2.0%,1.00-1.02,2025-09-17→2025-09-18
2025-09-17,2025-09-18,C,6640.0,0.0136986301369863,49.684777465050466,0.11684992645127824,19.299758755355924,0.3526448866878744,6600.35,6631.96,0.010958904109589041,68.18080207039887,28.535215885513026,0.7063738248751315,-6.747104868203596,1.0047818970108922,1.0-2.0%,1.00-1.02,2025-09-17→2025-09-18
2025-09-17,2025-09-18,P,6640.0,0.0136986301369863,81.24697140087373,-0.883150073548715,50.95044352308378,-0.6483352154492128,6600.35,6631.96,0.010958904109589041,67.83124429106091,30.15397710470461,0.3163738248745922,-7.106123839650596,1.0047818970108922,1.0-2.0%,1.00-1.02,2025-09-17→2025-09-18
2025-09-17,2025-09-18,C,6645.0,0.0136986301369863,49.07578573948427,0.11775294098995646,17.449774650568088,0.3293724059220485,6600.35,6631.96,0.010958904109589041,64.62890635710554,25.99125792890527,-0.27217046469248585,-6.961461751195845,1.0055385098851473,1.0-2.0%,1.00-1.02,2025-09-17→2025-09-18
2025-09-17,2025-09-18,P,6645.0,0.0136986301369863,85.63188945988671,-0.8822470590100658,53.900460155537985,-0.6726919077500375,6600.35,6631.96,0.010958904109589041,69.27303113968195,32.413557759877676,-0.4621704646921039,-7.086208796021534,1.0055385098851473,1.0-2.0%,1.00-1.02,2025-09-17→2025-09-18
2025-09-17,2025-09-18,C,6650.0,0.0136986301369863,45.47841405128706,0.10913363233149832,15.69979040414455,0.3063816478977134,6600.35,6631.96,0.010958904109589041,58.3603889244104,23.565534247062715,-0.8497141179986247,-7.084723890046618,1.0062951227594024,1.0-2.0%,1.00-1.02,2025-09-17→2025-09-18
2025-09-17,2025-09-18,P,6650.0,0.0136986301369863,87.02842755627978,-0.8908663676685057,57.15047599966147,-0.6958085238349866,6600.35,6631.96,0.010958904109589041,67.99819626889945,34.98446482141617,-1.0397141179988267,-7.2054925615763,1.0062951227594024,1.0-2.0%,1.00-1.02,2025-09-17→2025-09-18
2025-09-17,2025-09-18,C,6655.0,0.0136986301369863,39.5590516701272,0.0964456265747389,14.09980565316414,0.28409123652936785,6600.35,6631.96,0.010958904109589041,54.78074678083731,21.311180605887785,-1.2486462560274645,-7.180123986693225,1.0070517356336577,1.0-2.0%,1.00-1.02,2025-09-17→2025-09-18
2025-09-17,2025-09-18,P,6655.0,0.0136986301369863,86.10297495971761,-0.9035543734252178,61.85048509002809,-0.7090965329187789,6600.35,6631.96,0.010958904109589041,69.41223668723963,39.0616171134011,-2.73864625602916,-8.88545859443763,1.0070517356336577,1.0-2.0%,1.00-1.02,2025-09-17→2025-09-18
2025-09-17,2025-09-18,C,6660.0,0.0136986301369863,39.09123418303911,0.09726612333414113,12.699820085181955,0.2630936070334184,6600.35,6631.96,0.010958904109589041,51.55323279426065,19.285693043291758,-2.074582158592169,-7.316388918326268,1.0078083485079128,1.0-2.0%,1.00-1.02,2025-09-17→2025-09-18
2025-09-17,2025-09-18,P,6660.0,0.0136986301369863,90.62906725721548,-0.9027338766659011,65.45049886521974,-0.7292234176509224,6600.35,6631.96,0.010958904109589041,71.17840526257649,42.058739235626945,-3.564582158591165,-9.049247768054585,1.0078083485079128,1.0-2.0%,1.00-1.02,2025-09-17→2025-09-18
2025-09-17,2025-09-18,C,6665.0,0.0136986301369863,37.51065005949832,0.09496451246436596,11.299834498089012,0.24192378260146294,6600.35,6631.96,0.010958904109589041,47.540330168157226,17.28215068796817,-2.551828238998578,-7.197210768032165,1.0085649613821681,1.0-2.0%,1.00-1.02,2025-09-17→2025-09-18
2025-09-17,2025-09-18,P,6665.0,0.0136986301369863,94.04239291826592,-0.9050354875356478,69.15051189250971,-0.7486255978209295,6600.35,6631.96,0.010958904109589041,72.15918519838763,45.18463644196163,-3.891828238998478,-8.835944852880669,1.0085649613821681,1.0-2.0%,1.00-1.02,2025-09-17→2025-09-18
2025-09-17,2025-09-18,C,6670.0,0.0136986301369863,31.114508519628046,0.07820810030282756,10.099848059437136,0.22236381413762887,6600.35,6631.96,0.010958904109589041,42.06864326130062,15.514850240071155,-2.572158050572353,-7.128920164890376,1.0093215742564232,1.0-2.0%,1.00-1.02,2025-09-17→2025-09-18
2025-09-17,2025-09-18,P,6670.0,0.0136986301369863,92.64016116298993,-0.9217918996971916,71.50053416246101,-0.7808295630835335,6600.35,6631.96,0.010958904109589041,71.68118085344187,46.865951242438314,-3.7121580505720715,-8.167977510929756,1.0093215742564232,1.0-2.0%,1.00-1.02,2025-09-17→2025-09-18
2025-09-17,2025-09-18,C,6675.0,0.0136986301369863,29.2885929390686,0.07545340442057624,8.999860655992052,0.20369046398695548,6600.35,6631.96,0.010958904109589041,39.077573251889795,13.87997809669855,-2.985082113734392,-7.038655566627598,1.0100781871306783,1.0-2.0%,1.00-1.02,2025-09-17→2025-09-18
2025-09-17,2025-09-18,P,6675.0,0.0136986301369863,95.80815536702194,-0.9245465955794404,75.25054817474211,-0.8013046798925166,6600.35,6631.96,0.010958904109589041,73.68379340594177,50.05892431000757,-2.6750821137341916,-6.570759068597809,1.0100781871306783,1.0-2.0%,1.00-1.02,2025-09-17→2025-09-18
2025-09-17,2025-09-18,C,6550.0,0.01643835616438356,127.93051611857638,0.2537660069551497,79.05729236170009,0.7107427268492513,6600.35,6631.96,0.03561643835616438,213.91445999260262,126.64141144905807,35.5284565201478,21.083422404295394,0.9910637410578338,1.0-2.0%,0.98-1.00,2025-09-17→2025-09-18
2025-09-17,2025-09-18,P,6550.0,0.01643835616438356,68.94807940963086,-0.7462339930448285,19.997018389098002,-0.2905769416490256,6600.35,6631.96,0.03561643835616438,117.47114241492436,25.704170641609153,29.588456520146785,15.185137125525603,0.9910637410578338,1.0-2.0%,0.98-1.00,2025-09-17→2025-09-18
2025-09-17,2025-09-18,C,6555.0,0.01643835616438356,125.27430451847097,0.24910602197073858,74.55717589980122,0.6993928829371487,6600.35,6631.96,0.03561643835616438,208.36051628905005,121.58590841712612,36.175758645505034,21.942190970356954,0.9918202782647482,1.0-2.0%,0.98-1.00,2025-09-17→2025-09-18
2025-09-17,2025-09-18,P,6555.0,0.01643835616438356,71.28527816318382,-0.750893978029244,21.146871092384572,-0.3049661453237227,6600.35,6631.96,0.03561643835616438,116.90614274372233,26.554998227818942,29.585758645504157,15.489979853682776,0.9918202782647482,1.0-2.0%,0.98-1.00,2025-09-17→2025-09-18
2025-09-17,2025-09-18,C,6560.0,0.01643835616438356,123.6920965587248,0.24912233053464483,71.45698947627261,0.6812306378175473,6600.35,6631.96,0.0136986301369863,143.81224687192966,90.7003259308558,11.27524313179995,-2.383700461412456,0.9925768154716625,1.0-2.0%,0.98-1.00,2025-09-17→2025-09-18
2025-09-17,2025-09-18,P,6560.0,0.01643835616438356,74.69648055709092,-0.7508776694653463,22.296719856318305,-0.31966421100056597,6600.35,6631.96,0.0136986301369863,62.97213096269644,11.374754356751055,11.38524313179935,-2.2454142902722154,0.9925768154716625,1.0-2.0%,0.98-1.00,2025-09-17→2025-09-18
2025-09-17,2025-09-18,C,6565.0,0.01643835616438356,118.17622131093289,0.23655662976149938,67.7068312770898,0.6658064391596399,6600.35,6631.96,0.0136986301369863,137.5071740092119,86.47635369705131,12.07244493323908,-1.4961415418360033,0.993333352678577,1.0-2.0%,0.98-1.00,2025-09-17→2025-09-18
2025-09-17,2025-09-18,P,6565.0,0.01643835616438356,74.17401566295473,-0.7634433702385359,23.646557304488397,-0.3355132293386399,6600.35,6631.96,0.0136986301369863,61.66028971895373,12.22383143834736,10.982444933239872,-2.5444268206057004,0.993333352678577,1.0-2.0%,0.98-1.00,2025-09-17→2025-09-18
2025-09-17,2025-09-18,C,6570.0,0.01643835616438356,112.18039452406147,0.22616782130494992,64.05666563860905,0.6496632387329104,6600.35,6631.96,0.0136986301369863,134.0834646302019,82.32873282213768,10.750835168550612,-2.6358549763470798,0.9940898898854914,1.0-2.0%,0.98-1.00,2025-09-17→2025-09-18
2025-09-17,2025-09-18,P,6570.0,0.01643835616438356,73.17159922974237,-0.7738321786950616,24.94639346513668,-0.3514810626677811,6600.35,6631.96,0.0136986301369863,63.229811958918205,13.038497657144944,10.660835168550646,-2.689683609071553,0.9940898898854914,1.0-2.0%,0.98-1.00,2025-09-17→2025-09-18
2025-09-17,2025-09-18,C,6575.0,0.01643835616438356,110.40549520498494,0.2246436997519315,60.50649328135023,0.6328429331930617,6600.35,6631.96,0.0136986301369863,130.45779191654918,78.25944891454401,10.049012650841526,-2.854165118232469,0.9948464270924058,1.0-2.0%,0.98-1.00,2025-09-17→2025-09-18
2025-09-17,2025-09-18,P,6575.0,0.01643835616438356,76.39011026432065,-0.7753563002480865,26.346222513629527,-0.3681654683160622,6600.35,6631.96,0.0136986301369863,64.59737086423625,13.930256705079046,9.95901265084176,-2.9122895465293936,0.9948464270924058,1.0-2.0%,0.98-1.00,2025-09-17→2025-09-18
2025-09-17,2025-09-18,C,6580.0,0.01643835616438356,107.19919770229562,0.22006084863620956,57.006315345800886,0.61552285756503,6600.35,6631.96,0.0136986301369863,125.82666098608735,74.2315027104496,9.393876574609482,-3.106677527630403,0.9956029642993202,1.0-2.0%,0.98-1.00,2025-09-17→2025-09-18
2025-09-17,2025-09-18,P,6580.0,0.01643835616438356,78.17722311529332,-0.7799391513638418,27.946041373198113,-0.38579681093324747,6600.35,6631.96,0.0136986301369863,64.9594715527499,14.978980451744746,9.303876574610785,-3.1549628064001727,0.9956029642993202,1.0-2.0%,0.98-1.00,2025-09-17→2025-09-18
2025-09-17,2025-09-18,C,6585.0,0.01643835616438356,99.12762043248138,0.20327864595360273,53.656129949994465,0.5974553968962601,6600.35,6631.96,0.0136986301369863,120.52013386648649,70.32421464690378,7.724362001406683,-4.735565095890589,0.9963595015062345,1.0-2.0%,0.98-1.00,2025-09-17→2025-09-18
2025-09-17,2025-09-18,P,6585.0,0.01643835616438356,75.09905619913661,-0.7967213540464659,29.49585830012984,-0.4036378479462303,6600.35,6631.96,0.0136986301369863,64.64617605211522,15.992381615821387,9.084362001408525,-3.3410076264197937,0.9963595015062345,1.0-2.0%,0.98-1.00,2025-09-17→2025-09-18
2025-09-17,2025-09-18,C,6590.0,0.01643835616438356,96.52848980365461,0.19848938043204448,50.355939864742595,0.5789297863885617,6600.35,6631.96,0.0136986301369863,117.03086899852156,66.46086617650235,8.42575068454315,-3.599970547742238,0.9971160387131489,1.0-2.0%,0.98-1.00,2025-09-17→2025-09-18
2025-09-17,2025-09-18,P,6590.0,0.01643835616438356,77.493335923969,-0.8015106195679595,31.245666821577288,-0.4222992730021172,6600.35,6631.96,0.0136986301369863,66.15014280312393,17.167993940762017,8.385750684542941,-3.6011199804032117,0.9971160387131489,1.0-2.0%,0.98-1.00,2025-09-17→2025-09-18
2025-09-17,2025-09-18,C,6595.0,0.01643835616438356,95.26255954152742,0.19920691930159362,47.15574344091783,0.5598521018098144,6600.35,6631.96,0.0136986301369863,113.06565107267708,62.68235538017234,6.553069280876692,-4.846924938208048,0.9978725759200633,1.0-2.0%,0.98-1.00,2025-09-17→2025-09-18
2025-09-17,2025-09-18,P,6595.0,0.01643835616438356,81.22081601548885,-0.800793080698419,33.04547014987611,-0.44140036567372154,6600.35,6631.96,0.0136986301369863,67.17815649624816,18.388773153759757,7.463069280876766,-3.897334441053804,0.9978725759200633,1.0-2.0%,0.98-1.00,2025-09-17→2025-09-18
2025-09-17,2025-09-18,C,6600.0,0.01643835616438356,87.91705789710382,0.1829952210864334,44.055543107083395,0.5402627159238906,6600.35,6631.96,0.0136986301369863,106.892832999108,58.990555070211485,7.315521061457901,-3.977704450354004,0.9986291131269777,1.0-2.0%,0.98-1.00,2025-09-17→2025-09-18
2025-09-17,2025-09-18,P,6600.0,0.01643835616438356,78.86872472472737,-0.817004778913577,34.945269573662245,-0.4610141120357191,6600.35,6631.96,0.0136986301369863,65.99857004165267,19.696241105669742,7.1755210614579,-4.077343918551071,0.9986291131269777,1.0-2.0%,0.98-1.00,2025-09-17→2025-09-18
2025-09-17,2025-09-18,C,6605.0,0.01643835616438356,83.85349409758686,0.17607687125584284,41.055337277955914,0.5202015798110162,6600.35,6631.96,0.0136986301369863,103.5094803314965,55.387297834624405,6.73421009960287,-4.143571937826049,0.999385650333892,1.0-2.0%,0.98-1.00,2025-09-17→2025-09-18
2025-09-17,2025-09-18,P,6605.0,0.01643835616438356,79.79857127887253,-0.8239231287441698,36.94506348476625,-0.4811005757508233,6600.35,6631.96,0.0136986301369863,67.60844899301125,21.092230788573488,6.494210099602935,-4.342410800516637,0.999385650333892,1.0-2.0%,0.98-1.00,2025-09-17→2025-09-18
2025-09-17,2025-09-18,C,6610.0,0.01643835616438356,83.00040839778174,0.1769140605192201,38.205127093675856,0.4997168815984013,6600.35,6631.96,0.0136986301369863,99.8550266353861,51.917699791109044,5.757746546987505,-4.446050627325306,1.0001421875408063,1.0-2.0%,1.00-1.02,2025-09-17→2025-09-18
2025-09-17,2025-09-18,P,6610.0,0.01643835616438356,83.93889593272085,-0.8230859394807678,39.14485312107308,-0.5016027868998757,6600.35,6631.96,0.0136986301369863,68.94722691587315,22.66517753240396,5.5177465469868,-4.644335906095094,1.0001421875408063,1.0-2.0%,1.00-1.02,2025-09-17→2025-09-18
2025-09-17,2025-09-18,C,6615.0,0.01643835616438356,79.07170677323583,0.16929435257782458,35.504913800043596,0.47892901770337676,6600.35,6631.96,0.0136986301369863,94.45001330743352,48.585896996024076,5.098605515015024,-4.68894624960358,1.0008987247477208,1.0-2.0%,1.00-1.02,2025-09-17→2025-09-18
2025-09-17,2025-09-18,P,6615.0,0.01643835616438356,85.00360466182948,-0.8307056474222397,41.39463945841362,-0.5224265888835794,6600.35,6631.96,0.0136986301369863,68.5354452068952,24.289246673862635,4.85860551501672,-4.886095525390232,1.0008987247477208,1.0-2.0%,1.00-1.02,2025-09-17→2025-09-18
2025-09-17,2025-09-18,C,6620.0,0.01643835616438356,71.73571933587698,0.15436107890471415,32.85469728368025,0.4578353527732592,6600.35,6631.96,0.0136986301369863,89.90700936627046,45.30619599289457,4.720646295822037,-4.872175501162571,1.001655261954635,1.0-2.0%,1.00-1.02,2025-09-17→2025-09-18
2025-09-17,2025-09-18,P,6620.0,0.01643835616438356,82.66102757813084,-0.8456389210952964,43.744422652620415,-0.543548363313331,6600.35,6631.96,0.0136986301369863,68.98567288470043,26.008730507012842,4.480646295822041,-5.068436235665786,1.001655261954635,1.0-2.0%,1.00-1.02,2025-09-17→2025-09-18
2025-09-17,2025-09-18,C,6625.0,0.01643835616438356,70.13126442281285,0.15216883245698276,30.404480214929663,0.4366711078375158,6600.35,6631.96,0.0136986301369863,86.44202880816616,42.21517886538004,3.8399432060348238,-5.153173718743732,1.0024117991615495,1.0-2.0%,1.00-1.02,2025-09-17→2025-09-18
2025-09-17,2025-09-18,P,6625.0,0.01643835616438356,86.04998301872733,-0.8478311675429997,46.24420433678097,-0.5648342228166405,6600.35,6631.96,0.0136986301369863,70.5139239455682,27.87110085147424,3.649943206033946,-5.2955902167661755,1.0024117991615495,1.0-2.0%,1.00-1.02,2025-09-17→2025-09-18
2025-09-17,2025-09-18,C,6630.0,0.01643835616438356,68.78851315608644,0.151745988986839,28.004260817056547,0.4152881465114525,6600.35,6631.96,0.0136986301369863,82.28071729921562,39.17970529886816,2.9533092881260687,-5.377258311226878,1.0031683363684638,1.0-2.0%,1.00-1.02,2025-09-17→2025-09-18
2025-09-17,2025-09-18,P,6630.0,0.01643835616438356,89.70064210565431,-0.8482540110131876,48.89398558745734,-0.5861540036937496,6600.35,6631.96,0.0136986301369863,71.34584405558883,29.880556386550325,2.7133092881265775,-5.571671943240773,1.0031683363684638,1.0-2.0%,1.00-1.02,2025-09-17→2025-09-18
2025-09-17,2025-09-18,C,6635.0,0.01643835616438356,60.646687887730565,0.13328899834646013,25.854044979791524,0.3942514235130608,6600.35,6631.96,0.0136986301369863,76.24198806338497,36.38881851710357,2.586734762268436,-5.662287497247727,1.0039248735753783,1.0-2.0%,1.00-1.02,2025-09-17→2025-09-18
2025-09-17,2025-09-18,P,6635.0,0.01643835616438356,86.55222719095802,-0.8667110016535924,51.643766314045024,-0.6075256202194012,6600.35,6631.96,0.0136986301369863,70.30034643872865,31.993846089086674,2.396734762269773,-5.7961151448649275,1.0039248735753783,1.0-2.0%,1.00-1.02,2025-09-17→2025-09-18
2025-09-17,2025-09-18,C,6640.0,0.01643835616438356,58.34266630433063,0.1297160034311134,23.653824989680288,0.37278550678789696,6600.35,6631.96,0.0136986301369863,72.91426705555892,33.561862582594586,1.899677131542548,-5.7837498695653,1.0046814107822926,1.0-2.0%,1.00-1.02,2025-09-17→2025-09-18
2025-09-17,2025-09-18,P,6640.0,0.01643835616438356,89.2416159612187,-0.8702839965688718,54.54354913932093,-0.6287178546399791,6600.35,6631.96,0.0136986301369863,71.96585704987803,34.26098379904761,1.6596771315417556,-5.976228614830465,1.0046814107822926,1.0-2.0%,1.00-1.02,2025-09-17→2025-09-18
2025-09-17,2025-09-18,C,6645.0,0.01643835616438356,58.726655987175626,0.13321123876579993,21.703610915807076,0.3519469824898651,6600.35,6631.96,0.0136986301369863,69.2727380678822,30.987971981468945,0.8891927426131092,-6.025044116504519,1.005437947989207,1.0-2.0%,1.00-1.02,2025-09-17→2025-09-18
2025-09-17,2025-09-18,P,6645.0,0.01643835616438356,94.61901599771626,-0.8667887612342219,57.54333253009281,-0.6498027418625958,6600.35,6631.96,0.0136986301369863,73.31755968117015,36.636991041287274,0.699192742613473,-6.159735329723556,1.005437947989207,1.0-2.0%,1.00-1.02,2025-09-17→2025-09-18
2025-09-17,2025-09-18,C,6650.0,0.01643835616438356,54.92580656514405,0.12449683620385887,19.803396865972445,0.3310869590792849,6600.35,6631.96,0.0136986301369863,63.25267606915021,28.476251540429075,0.3646550075960624,-6.1656587764960875,1.0061944851961213,1.0-2.0%,1.00-1.02,2025-09-17→2025-09-18
2025-09-17,2025-09-18,P,6650.0,0.01643835616438356,95.81157692934026,-0.8755031637961553,60.69312035630446,-0.6704798538338774,6600.35,6631.96,0.0136986301369863,72.29072930141177,39.1736194723544,0.12465500759617854,-6.356131820311358,1.0061944851961213,1.0-2.0%,1.00-1.02,2025-09-17→2025-09-18
2025-09-17,2025-09-18,C,6655.0,0.01643835616438356,48.66357669683054,0.11144003138662067,18.153194302421298,0.3112800193201421,6600.35,6631.96,0.0136986301369863,59.57838274504293,26.229582319269866,-0.07261939213104007,-6.389561410709588,1.0069510224030358,1.0-2.0%,1.00-1.02,2025-09-17→2025-09-18
2025-09-17,2025-09-18,P,6655.0,0.01643835616438356,94.54275741468837,-0.8885599686133785,64.74295552943568,-0.6865016586156367,6600.35,6631.96,0.0136986301369863,73.6096675962754,42.63797129469049,-1.0126193921313984,-7.39968257115995,1.0069510224030358,1.0-2.0%,1.00-1.02,2025-09-17→2025-09-18
2025-09-17,2025-09-18,C,6660.0,0.01643835616438356,48.86331712875224,0.11394379886312299,16.402982522989532,0.29070141682978884,6600.35,6631.96,0.0136986301369863,56.21367960483738,23.89458440645194,-0.751763482063279,-6.339071785989528,1.00770755960995,1.0-2.0%,1.00-1.02,2025-09-17→2025-09-18
2025-09-17,2025-09-18,P,6660.0,0.01643835616438356,99.73590820026318,-0.8860562011368703,68.19276162611004,-0.705445754543196,6600.35,6631.96,0.0136986301369863,75.2381960750397,45.520824360656206,-1.8917634820638227,-7.60085969888981,1.00770755960995,1.0-2.0%,1.00-1.02,2025-09-17→2025-09-18
2025-09-17,2025-09-18,C,6665.0,0.01643835616438356,47.578845011728276,0.11249069460219052,14.902784817232032,0.27143131145213895,6600.35,6631.96,0.0136986301369863,52.15325744753014,21.831420114172943,-1.4058308563752053,-6.429943755002023,1.0084640968168646,1.0-2.0%,1.00-1.02,2025-09-17→2025-09-18
2025-09-17,2025-09-18,P,6665.0,0.01643835616438356,103.444846436898,-0.8875093053977802,71.74257278166806,-0.7238515656736672,6600.35,6631.96,0.0136986301369863,76.1710055367043,48.52406634350109,-2.595830856376459,-7.769052009055617,1.0084640968168646,1.0-2.0%,1.00-1.02,2025-09-17→2025-09-18
2025-09-17,2025-09-18,C,6670.0,0.01643835616438356,40.579802817285675,0.09519437470741124,13.50259234930536,0.2527032006207227,6600.35,6631.96,0.0136986301369863,46.77423680130158,19.888817422876855,-1.509094184501238,-6.487948171620962,1.0092206340237788,1.0-2.0%,1.00-1.02,2025-09-17→2025-09-18
2025-09-17,2025-09-18,P,6670.0,0.01643835616438356,101.43921459611475,-0.9048056252926047,75.34238672854372,-0.7420056330622611,6600.35,6631.96,0.0136986301369863,75.78521650944639,51.59618661082095,-2.6990941845010603,-7.845201938902168,1.0092206340237788,1.0-2.0%,1.00-1.02,2025-09-17→2025-09-18
2025-09-17,2025-09-18,C,6675.0,0.01643835616438356,38.44722319552395,0.09195138209175051,12.202406811879655,0.23459173159798385,6600.35,6631.96,0.0136986301369863,43.608975675836604,18.06843917624201,-1.9065831879202033,-6.415444635812193,1.0099771712306933,1.0-2.0%,1.00-1.02,2025-09-17→2025-09-18
2025-09-17,2025-09-18,P,6675.0,0.01643835616438356,104.30004532801146,-0.9080486179082794,78.94219864930255,-0.760315925737049,6600.35,6631.96,0.0136986301369863,77.6131870029533,54.68253766202179,-1.846583187919581,-6.516413587452128,1.0099771712306933,1.0-2.0%,1.00-1.02,2025-09-17→2025-09-18
2025-09-17,2025-09-18,C,6550.0,0.019178082191780823,137.25682724621268,0.261945136073778,82.99591100842736,0.697517757995781,6600.35,6631.96,0.03561643835616438,213.91445999260262,126.169744640305,31.31991424870796,17.551463669753588,0.9909537077872461,1.0-2.0%,0.98-1.00,2025-09-17→2025-09-18
2025-09-17,2025-09-18,P,6550.0,0.019178082191780823,77.54813243975744,-0.7380548639261668,23.201781849914823,-0.3039130947860451,6600.35,6631.96,0.03561643835616438,117.47114241492436,26.575844297143476,26.12991424870589,12.406692926186787,0.9909537077872461,1.0-2.0%,0.98-1.00,2025-09-17→2025-09-18
2025-09-17,2025-09-18,C,6555.0,0.019178082191780823,134.11770252432822,0.2567427598544347,79.19598993151885,0.6839974707640621,6600.35,6631.96,0.03561643835616438,208.36051628905005,122.06557484477162,31.284361361001395,17.77883994914821,0.9917101609992974,1.0-2.0%,0.98-1.00,2025-09-17→2025-09-18
2025-09-17,2025-09-18,P,6555.0,0.019178082191780823,79.40186367604447,-0.7432572401454919,24.401860773005865,-0.3174333820177617,6600.35,6631.96,0.03561643835616438,116.90614274372233,27.47167450161055,26.094361360998757,12.634069205581346,0.9917101609992974,1.0-2.0%,0.98-1.00,2025-09-17→2025-09-18
2025-09-17,2025-09-18,C,6560.0,0.019178082191780823,133.06252882412753,0.2584207466981153,75.4960729989798,0.6698460039585793,6600.35,6631.96,0.01643835616438356,147.32126514484938,94.45159962776324,10.581320196872658,-2.423832185130472,0.9924666142113487,1.0-2.0%,0.98-1.00,2025-09-17→2025-09-18
2025-09-17,2025-09-18,P,6560.0,0.019178082191780823,83.33954593401344,-0.7415792533017885,25.65194278518402,-0.3314048943344576,6600.35,6631.96,0.01643835616438356,65.78093311238622,14.320088000535407,10.691320196869293,-2.274291290087902,0.9924666142113487,1.0-2.0%,0.98-1.00,2025-09-17→2025-09-18
2025-09-17,2025-09-18,C,6565.0,0.019178082191780823,127.5618210341528,0.2461801837449489,71.74615653068122,0.6555982451628419,6600.35,6631.96,0.01643835616438356,141.36172146161937,90.2714758635384,10.268244391822243,-2.6734605295972216,0.9932230674234002,1.0-2.0%,0.98-1.00,2025-09-17→2025-09-18
2025-09-17,2025-09-18,P,6565.0,0.019178082191780823,82.83169410219321,-0.7538198162550411,27.00202833817093,-0.3459973741824295,6600.35,6631.96,0.01643835616438356,64.81408734681364,15.217666496819675,10.428244391821602,-2.463023002093518,0.9932230674234002,1.0-2.0%,0.98-1.00,2025-09-17→2025-09-18
2025-09-17,2025-09-18,C,6570.0,0.019178082191780823,121.38885884276895,0.23556725346576382,68.14624547089443,0.6405581094286517,6600.35,6631.96,0.01643835616438356,137.80254094589102,86.20941164211308,10.203719117947289,-2.598041839039464,0.9939795206354515,1.0-2.0%,0.98-1.00,2025-09-17→2025-09-18
2025-09-17,2025-09-18,P,6570.0,0.019178082191780823,81.65158786897338,-0.7644327465341595,28.35211631238144,-0.36087274335317326,6600.35,6631.96,0.01643835616438356,66.24760474874384,16.11650670355334,10.21371911794453,-2.542812582606313,0.9939795206354515,1.0-2.0%,0.98-1.00,2025-09-17→2025-09-18
2025-09-17,2025-09-18,C,6575.0,0.019178082191780823,119.78507775872566,0.23493383778002758,64.64633628942966,0.6249457060207609,6600.35,6631.96,0.01643835616438356,134.06951902126852,82.22854027406447,9.573741387773406,-2.7545337673160475,0.9947359738475028,1.0-2.0%,0.98-1.00,2025-09-17→2025-09-18
2025-09-17,2025-09-18,P,6575.0,0.019178082191780823,85.04066274309751,-0.7650661622198924,29.852207130917122,-0.3764851467610642,6600.35,6631.96,0.01643835616438356,67.50728074177565,17.13563533550382,9.533741387770547,-2.7493045108828866,0.9947359738475028,1.0-2.0%,0.98-1.00,2025-09-17→2025-09-18
2025-09-17,2025-09-18,C,6580.0,0.019178082191780823,116.7754355763189,0.23118817038307368,61.24643086836704,0.6088024799811487,6600.35,6631.96,0.01643835616438356,129.47900137566057,78.33062995695855,8.992141934191114,-2.9442463922039117,0.9954924270595541,1.0-2.0%,0.98-1.00,2025-09-17→2025-09-18
2025-09-17,2025-09-18,P,6580.0,0.019178082191780823,87.02387651885249,-0.7688118296168927,31.352300365990686,-0.39239913683049765,6600.35,6631.96,0.01643835616438356,67.90946101383119,18.15636327563402,9.052141934189724,-2.8462632847880975,0.9954924270595541,1.0-2.0%,0.98-1.00,2025-09-17→2025-09-18
2025-09-17,2025-09-18,C,6585.0,0.019178082191780823,108.64691269465479,0.2144007105463932,57.796526671305855,0.5924599364832471,6600.35,6631.96,0.01643835616438356,124.3787259598934,74.393708950568,7.672793539628584,-4.277658592235245,0.9962488802716054,1.0-2.0%,0.98-1.00,2025-09-17→2025-09-18
2025-09-17,2025-09-18,P,6585.0,0.019178082191780823,83.88820959534996,-0.7855992894535699,33.0523980791063,-0.4090675056260017,6600.35,6631.96,0.01643835616438356,67.80188351572242,19.34204295724794,8.782793539627093,-3.1193761471622174,0.9962488802716054,1.0-2.0%,0.98-1.00,2025-09-17→2025-09-18
2025-09-17,2025-09-18,C,6590.0,0.019178082191780823,105.6591697534555,0.2091437687284949,54.5466266618655,0.57540364101214,6600.35,6631.96,0.01643835616438356,120.7712357752308,70.6234632395508,8.338965470492347,-3.2385090923935564,0.9970053334836568,1.0-2.0%,0.98-1.00,2025-09-17→2025-09-18
2025-09-17,2025-09-18,P,6590.0,0.019178082191780823,85.89332261231121,-0.7908562312714671,34.75249750335206,-0.426027211769684,6600.35,6631.96,0.01643835616438356,69.18709124871296,20.530558300990833,8.298965470490817,-3.2332798359604276,0.9970053334836568,1.0-2.0%,0.98-1.00,2025-09-17→2025-09-18
2025-09-17,2025-09-18,C,6595.0,0.019178082191780823,105.08802692966587,0.21191033748907662,51.346728435901696,0.5579628764061052,6600.35,6631.96,0.01643835616438356,116.74006288783849,66.89784966271782,7.5515142319703505,-3.3872065231968094,0.9977617866957081,1.0-2.0%,0.98-1.00,2025-09-17→2025-09-18
2025-09-17,2025-09-18,P,6595.0,0.019178082191780823,90.31503574668514,-0.7880896625108811,36.55259927738871,-0.44346797637571905,6600.35,6631.96,0.01643835616438356,70.14861627898152,21.80494472415694,7.511514231968693,-3.3819772667636645,0.9977617866957081,1.0-2.0%,0.98-1.00,2025-09-17→2025-09-18
2025-09-17,2025-09-18,C,6600.0,0.019178082191780823,97.74584236746456,0.1959665231278998,48.2468337275518,0.5400812065299694,6600.35,6631.96,0.01643835616438356,110.91647454895245,63.2597808528526,7.405498203927153,-3.471966938412155,0.9985182399077595,1.0-2.0%,0.98-1.00,2025-09-17→2025-09-18
2025-09-17,2025-09-18,P,6600.0,0.019178082191780823,87.96570714264398,-0.8040334768720676,38.452704569039724,-0.46134964625185504,6600.35,6631.96,0.01643835616438356,69.31772585775155,23.166875914291722,7.265498203925791,-3.5667376819790153,0.9985182399077595,1.0-2.0%,0.98-1.00,2025-09-17→2025-09-18
2025-09-17,2025-09-18,C,6605.0,0.019178082191780823,93.25561864703432,0.1884148730392891,45.24694091215588,0.5217992853288553,6600.35,6631.96,0.01643835616438356,107.41327554350734,59.71091982463895,6.944205863228132,-3.5940754092449474,0.9992746931198108,1.0-2.0%,0.98-1.00,2025-09-17→2025-09-18
2025-09-17,2025-09-18,P,6605.0,0.019178082191780823,88.46833938037814,-0.8115851269606859,40.50281185354925,-0.4796485965853339,6600.35,6631.96,0.01643835616438356,70.80722476996392,24.661664863822807,6.754205863227014,-3.738307861937752,0.9992746931198108,1.0-2.0%,0.98-1.00,2025-09-17→2025-09-18
2025-09-17,2025-09-18,C,6610.0,0.019178082191780823,92.95762031968292,0.1909167047713864,42.39705016735934,0.5031628687666732,6600.35,6631.96,0.01643835616438356,103.66187408733255,56.29721174727365,6.065122962176533,-3.80497828171438,1.000031146331862,1.0-2.0%,1.00-1.02,2025-09-17→2025-09-18
2025-09-17,2025-09-18,P,6610.0,0.019178082191780823,93.1631970111946,-0.8090832952285262,42.60292100884726,-0.4982679840151509,6600.35,6631.96,0.01643835616438356,72.04852123144981,26.20430680871459,5.925122962173447,-3.8997490252812455,1.000031146331862,1.0-2.0%,1.00-1.02,2025-09-17→2025-09-18
2025-09-17,2025-09-18,C,6615.0,0.019178082191780823,89.02903062926575,0.18364491990581774,39.64716102103466,0.4842535876349623,6600.35,6631.96,0.01643835616438356,98.46001014726939,52.97732041000427,5.494984081777165,-4.007255905140996,1.0007875995439135,1.0-2.0%,1.00-1.02,2025-09-17→2025-09-18
2025-09-17,2025-09-18,P,6615.0,0.019178082191780823,94.22746327893653,-0.8163550800941335,44.853031862521675,-0.5171772651468614,6600.35,6631.96,0.01643835616438356,71.83935520904623,27.884415471444754,5.354984081775289,-4.102026648707884,1.0007875995439135,1.0-2.0%,1.00-1.02,2025-09-17→2025-09-18
2025-09-17,2025-09-18,C,6620.0,0.019178082191780823,81.57952771154466,0.16864241551096126,36.94727349510822,0.4650651658393422,6600.35,6631.96,0.01643835616438356,94.02231105539194,49.70726785030956,5.269213245698564,-4.100709892181461,1.0015440527559647,1.0-2.0%,1.00-1.02,2025-09-17→2025-09-18
2025-09-17,2025-09-18,P,6620.0,0.019178082191780823,91.7708163193759,-0.831357584489018,47.15314433659478,-0.5363656869424823,6600.35,6631.96,0.01643835616438356,72.39435403482472,29.614362911748685,5.029213245697587,-4.295480635748309,1.0015440527559647,1.0-2.0%,1.00-1.02,2025-09-17→2025-09-18
2025-09-17,2025-09-18,C,6625.0,0.019178082191780823,79.999370542984,0.16678554723081473,34.44738738282649,0.44579260479325833,6600.35,6631.96,0.01643835616438356,90.45446104384992,46.625596828095695,4.477908852034001,-4.34150423751475,1.0023005059680161,1.0-2.0%,1.00-1.02,2025-09-17→2025-09-18
2025-09-17,2025-09-18,P,6625.0,0.019178082191780823,95.18351510898268,-0.8332144527690925,49.60325864757806,-0.5557121915331446,6600.35,6631.96,0.01643835616438356,73.8192019409407,31.48636620645584,4.33790885203074,-4.433937625637483,1.0023005059680161,1.0-2.0%,1.00-1.02,2025-09-17→2025-09-18
2025-09-17,2025-09-18,C,6630.0,0.019178082191780823,79.29949326621484,0.16799643509639048,31.947501169836414,0.42623193508248586,6600.35,6631.96,0.01643835616438356,86.28009356719116,43.54998400978502,3.6896326866031517,-4.473191467957239,1.0030569591800675,1.0-2.0%,1.00-1.02,2025-09-17→2025-09-18
2025-09-17,2025-09-18,P,6630.0,0.019178082191780823,99.47649379037937,-0.8320035649035715,52.20337143469169,-0.575100544373088,6600.35,6631.96,0.01643835616438356,74.63753238194194,33.5041079249163,3.449632686601621,-4.671071792366877,1.0030569591800675,1.0-2.0%,1.00-1.02,2025-09-17→2025-09-18
2025-09-17,2025-09-18,C,6635.0,0.019178082191780823,71.35006670422284,0.15010503287977844,29.647615240520736,0.4067742462278107,6600.35,6631.96,0.01643835616438356,80.65429690105503,40.66874852333194,3.455179910670255,-4.65813392326096,1.0038134123921187,1.0-2.0%,1.00-1.02,2025-09-17→2025-09-18
2025-09-17,2025-09-18,P,6635.0,0.019178082191780823,96.51992318654258,-0.8498949671202234,54.85348608200775,-0.5946566065540134,6600.35,6631.96,0.01643835616438356,74.00443363346437,35.57584358477152,3.215179910669981,-4.852904666827833,1.0038134123921187,1.0-2.0%,1.00-1.02,2025-09-17→2025-09-18
2025-09-17,2025-09-18,C,6640.0,0.019178082191780823,68.73214234623966,0.1460609796078974,27.447729314517346,0.387320164212233,6600.35,6631.96,0.01643835616438356,77.23734969881704,37.890849735543725,2.8330124345944174,-4.793190390748551,1.0045698656041702,1.0-2.0%,1.00-1.02,2025-09-17→2025-09-18
2025-09-17,2025-09-18,P,6640.0,0.019178082191780823,98.89485478672401,-0.8539390203920173,57.60360103019866,-0.614259710892061,6600.35,6631.96,0.01643835616438356,75.58018434888524,37.74947560531018,2.6430124345913875,-4.933250538702154,1.0045698656041702,1.0-2.0%,1.00-1.02,2025-09-17→2025-09-18
2025-09-17,2025-09-18,C,6645.0,0.019178082191780823,69.90225132146959,0.15143048141578155,25.347843630700027,0.36791967140090176,6600.35,6631.96,0.01643835616438356,73.55383474444514,35.217886309938876,1.9132824824471903,-4.929940812982389,1.0053263188162214,1.0-2.0%,1.00-1.02,2025-09-17→2025-09-18
2025-09-17,2025-09-18,P,6645.0,0.019178082191780823,105.05781972012043,-0.8485695185841654,60.553714472186584,-0.6335111813809258,6600.35,6631.96,0.01643835616438356,76.88936731217022,40.12498137137709,1.723282482445196,-5.07471155654914,1.0053263188162214,1.0-2.0%,1.00-1.02,2025-09-17→2025-09-18
2025-09-17,2025-09-18,C,6650.0,0.019178082191780823,66.2768412494543,0.14331866951292851,23.3479561423801,0.34862432780910263,6600.35,6631.96,0.01643835616438356,67.92731854249904,32.65144626788833,1.4196968566963761,-5.07001500204562,1.0060827720282728,1.0-2.0%,1.00-1.02,2025-09-17→2025-09-18
2025-09-17,2025-09-18,P,6650.0,0.019178082191780823,106.42526560626024,-0.8566813304870249,63.40383054428639,-0.6534139006830054,6600.35,6631.96,0.01643835616438356,76.25554902788366,42.40867509806549,1.329696856694568,-5.095586599410421,1.0060827720282728,1.0-2.0%,1.00-1.02,2025-09-17→2025-09-18
2025-09-17,2025-09-18,C,6655.0,0.019178082191780823,59.97328098710847,0.13042327231602194,21.498066961894892,0.32971635075800293,6600.35,6631.96,0.01643835616438356,64.26081290082416,30.24380334655916,1.1273203620905896,-5.172333847460365,1.0068392252403242,1.0-2.0%,1.00-1.02,2025-09-17→2025-09-18
2025-09-17,2025-09-18,P,6655.0,0.019178082191780823,105.1145613020823,-0.8695767276839363,66.70393780338054,-0.6717145020238238,6600.35,6631.96,0.01643835616438356,77.581741303866,45.150898407998284,0.8373203620889385,-5.417104591027158,1.0068392252403242,1.0-2.0%,1.00-1.02,2025-09-17→2025-09-18
2025-09-17,2025-09-18,C,6660.0,0.019178082191780823,60.34640897855464,0.13341078619723626,19.798175466339444,0.3113333571320935,6600.35,6631.96,0.01643835616438356,60.87870059109353,27.998777517559574,0.2828850483054053,-5.341247418945374,1.0075956784523754,1.0-2.0%,1.00-1.02,2025-09-17→2025-09-18
2025-09-17,2025-09-18,P,6660.0,0.019178082191780823,110.48054525169478,-0.8665892138027209,70.65402599935896,-0.6868421976737845,6600.35,6631.96,0.01643835616438356,79.1923269117919,48.57290863051912,-0.6071149516962819,-6.288918131531904,1.0075956784523754,1.0-2.0%,1.00-1.02,2025-09-17→2025-09-18
2025-09-17,2025-09-18,C,6665.0,0.019178082191780823,59.814788919216085,0.13355260278898856,18.098283592562893,0.2927695496906307,6600.35,6631.96,0.01643835616438356,56.874775881754054,25.763743790086664,-0.3215977741598861,-5.354445465720742,1.0083521316644268,1.0-2.0%,1.00-1.02,2025-09-17→2025-09-18
2025-09-17,2025-09-18,P,6665.0,0.019178082191780823,114.94178115051783,-0.8664473972109246,74.05413004633101,-0.7045011662634921,6600.35,6631.96,0.01643835616438356,80.18110012011299,51.45134009778985,-1.311597774162955,-6.43071813441124,1.0083521316644268,1.0-2.0%,1.00-1.02,2025-09-17→2025-09-18
2025-09-17,2025-09-18,C,6670.0,0.019178082191780823,52.798893139244775,0.11666935774252023,16.49839045529143,0.27454208210870273,6600.35,6631.96,0.01643835616438356,51.78831242479003,23.641654306087275,-0.3879183982410255,-5.378275215456004,1.009108584876478,1.0-2.0%,1.00-1.02,2025-09-17→2025-09-18
2025-09-17,2025-09-18,P,6670.0,0.019178082191780823,112.91874132870875,-0.8833306422574537,77.65422746272179,-0.7211177747371871,6600.35,6631.96,0.01643835616438356,80.08733458080488,54.55071396618314,-1.5779183982421827,-6.705467140557758,1.009108584876478,1.0-2.0%,1.00-1.02,2025-09-17→2025-09-18
2025-09-17,2025-09-18,C,6675.0,0.019178082191780823,50.558135313591876,0.11341088811570828,14.99849537498767,0.25671602959988526,6600.35,6631.96,0.01643835616438356,48.60617620516506,21.63415046501177,-0.784918173337501,-5.314793695652288,1.0098650380885295,1.0-2.0%,1.00-1.02,2025-09-17→2025-09-18
2025-09-17,2025-09-18,P,6675.0,0.019178082191780823,115.67083946121735,-0.8865891118842909,80.7043462395959,-0.7413473036434234,6600.35,6631.96,0.01643835616438356,81.89789627883626,57.07702684468222,-1.5749181733378563,-6.166011731831631,1.0098650380885295,1.0-2.0%,1.00-1.02,2025-09-17→2025-09-18
2025-09-17,2025-09-18,C,6550.0,0.021917808219178082,145.80833847434403,0.2667516174015786,86.85827696702017,0.6860181740295602,6600.35,6631.96,0.03561643835616438,213.91445999260262,125.94304983399161,27.31798137393619,14.064965518925828,0.9908610713856113,2.0-3.0%,0.98-1.00,2025-09-17→2025-09-18
2025-09-17,2025-09-18,P,6550.0,0.021917808219178082,85.48821099432665,-0.7332483825984351,26.496190654745988,-0.3156860726069089,6600.35,6631.96,0.03561643835616438,117.47114241492436,27.60566636304884,22.67798137393629,9.478836755104286,0.9908610713856113,2.0-3.0%,0.98-1.00,2025-09-17→2025-09-18
2025-09-17,2025-09-18,C,6555.0,0.021917808219178082,142.33308005723453,0.2614283778290151,83.05812504301139,0.6734152366321575,6600.35,6631.96,0.03561643835616438,208.36051628905005,121.82793302303708,27.286248976824915,14.26334437005772,0.9916174538828523,2.0-3.0%,0.98-1.00,2025-09-17→2025-09-18
2025-09-17,2025-09-18,P,6555.0,0.021917808219178082,87.00534179286377,-0.7385716221710384,27.69603887042922,-0.3282770278727362,6600.35,6631.96,0.03561643835616438,116.90614274372233,28.490486717761314,22.646248976826282,9.67683685105708,0.9916174538828523,2.0-3.0%,0.98-1.00,2025-09-17→2025-09-18
2025-09-17,2025-09-18,C,6560.0,0.021917808219178082,141.59699321165712,0.264341293731957,79.35796607936572,0.660239860576405,6600.35,6631.96,0.019178082191780823,151.81468157730876,98.07749756397698,9.994171705132933,-2.520181992819939,0.9923738363800931,2.0-3.0%,0.98-1.00,2025-09-17→2025-09-18
2025-09-17,2025-09-18,P,6560.0,0.021917808219178082,91.26164416294107,-0.735658706268117,28.945881930637825,-0.34128461678444916,6600.35,6631.96,0.019178082191780823,69.59889695429187,17.271851206151723,10.004171705134937,-2.4619932634436736,0.9923738363800931,2.0-3.0%,0.98-1.00,2025-09-17→2025-09-18
2025-09-17,2025-09-18,C,6565.0,0.021917808219178082,136.2017284618097,0.25285364749936745,75.65780406582508,0.6468126813751905,6600.35,6631.96,0.019178082191780823,146.11494008096713,93.97167682827512,9.90729620254507,-2.545748858269569,0.9931302188773341,2.0-3.0%,0.98-1.00,2025-09-17→2025-09-18
2025-09-17,2025-09-18,P,6565.0,0.021917808219178082,90.85876862876337,-0.7471463525007637,30.295718202084572,-0.354853951691483,6600.35,6631.96,0.019178082191780823,68.89133854894366,18.20661647130396,9.767296202548899,-2.633066587032337,0.9931302188773341,2.0-3.0%,0.98-1.00,2025-09-17→2025-09-18
2025-09-17,2025-09-18,C,6570.0,0.021917808219178082,129.83727316827904,0.2422677703459576,72.15763249612337,0.6325758356677502,6600.35,6631.96,0.019178082191780823,142.3369855020626,90.02903598948615,9.641915779364357,-2.6957221654573793,0.9938866013745751,2.0-3.0%,0.98-1.00,2025-09-17→2025-09-18
2025-09-17,2025-09-18,P,6570.0,0.021917808219178082,89.48670255090785,-0.7577322296540819,31.695549898892295,-0.36882040390483045,6600.35,6631.96,0.019178082191780823,70.10556706102585,19.182358047586376,9.551915779365281,-2.7415870325684324,0.9938866013745751,2.0-3.0%,0.98-1.00,2025-09-17→2025-09-18
2025-09-17,2025-09-18,C,6575.0,0.021917808219178082,128.2593374828774,0.24218556193849966,68.60745910069909,0.6182215253611519,6600.35,6631.96,0.019178082191780823,138.66102487829266,86.0463935586904,9.094514387124105,-2.7919824166658103,0.9946429838718159,2.0-3.0%,0.98-1.00,2025-09-17→2025-09-18
2025-09-17,2025-09-18,P,6575.0,0.021917808219178082,92.90115608116966,-0.7578144380615539,33.145376329674036,-0.38318878193927103,6600.35,6631.96,0.019178082191780823,71.42178952824031,20.19927354069023,9.004514387125472,-2.8374026028997683,0.9946429838718159,2.0-3.0%,0.98-1.00,2025-09-17→2025-09-18
2025-09-17,2025-09-18,C,6580.0,0.021917808219178082,125.70298347756095,0.23974864081512653,65.05728216056514,0.6035587089845886,6600.35,6631.96,0.019178082191780823,134.19171135743343,82.06315849769817,8.721545463833912,-2.7784907910026675,0.9953993663690569,2.0-3.0%,0.98-1.00,2025-09-17→2025-09-18
2025-09-17,2025-09-18,P,6580.0,0.021917808219178082,95.33719129151049,-0.7602513591849669,34.745195611462805,-0.39816474431001914,6600.35,6631.96,0.019178082191780823,71.94465909837392,21.341373272877263,8.481545463836554,-2.964012432360427,0.9953993663690569,2.0-3.0%,0.98-1.00,2025-09-17→2025-09-18
2025-09-17,2025-09-18,C,6585.0,0.021917808219178082,117.55141018434657,0.223327039370234,61.85709375057468,0.5879438220703038,6600.35,6631.96,0.019178082191780823,129.1544205780462,78.37484576361112,8.490632285506981,-3.0349042156421078,0.9961557488662978,2.0-3.0%,0.98-1.00,2025-09-17→2025-09-18
2025-09-17,2025-09-18,P,6585.0,0.021917808219178082,92.17800721396206,-0.7766729606299014,36.395010611772705,-0.41349693360793865,6600.35,6631.96,0.019178082191780823,71.89955140997277,22.526774756518535,8.450632285510931,-3.029361928653193,0.9961557488662978,2.0-3.0%,0.98-1.00,2025-09-17→2025-09-18
2025-09-17,2025-09-18,C,6590.0,0.021917808219178082,114.39671334233195,0.21806689442933014,58.456906187343975,0.5723991186233426,6600.35,6631.96,0.019178082191780823,125.39529407871969,74.51831204145037,8.20690546708894,-2.993536139683677,0.9969121313635387,2.0-3.0%,0.98-1.00,2025-09-17→2025-09-18
2025-09-17,2025-09-18,P,6590.0,0.021917808219178082,94.01569958761931,-0.7819331055707288,38.14482040106077,-0.42926111916670423,6600.35,6631.96,0.019178082191780823,73.13260800163415,23.798482269247415,7.9669054670904735,-3.181056023140627,0.9969121313635387,2.0-3.0%,0.98-1.00,2025-09-17→2025-09-18
2025-09-17,2025-09-18,C,6595.0,0.021917808219178082,114.51896186769713,0.22260290518869771,55.306710518632826,0.5562090119245184,6600.35,6631.96,0.019178082191780823,121.64174531958797,70.87684661802723,7.413522166985341,-3.1317668669338445,0.9976685138607797,2.0-3.0%,0.98-1.00,2025-09-17→2025-09-18
2025-09-17,2025-09-18,P,6595.0,0.021917808219178082,99.13033732863882,-0.7773970948113849,39.94462575522448,-0.44536668600873053,6600.35,6631.96,0.019178082191780823,74.37124233349383,25.114617444310625,7.17352216698762,-3.321959055264175,0.9976685138607797,2.0-3.0%,0.98-1.00,2025-09-17→2025-09-18
2025-09-17,2025-09-18,C,6600.0,0.021917808219178082,107.43296585615344,0.2074963212606077,52.20651163143748,0.5396997613816562,6600.35,6631.96,0.019178082191780823,116.00917144963601,67.28082319928308,7.291041284952253,-3.20990945727398,0.9984248963580206,2.0-3.0%,0.98-1.00,2025-09-17→2025-09-18
2025-09-17,2025-09-18,P,6600.0,0.021917808219178082,97.03673053276515,-0.792503678739477,41.89442666382229,-0.46189263901793093,6600.35,6631.96,0.019178082191780823,73.73085155453019,26.563058915518468,6.951041284954606,-3.49957368064336,0.9984248963580206,2.0-3.0%,0.98-1.00,2025-09-17→2025-09-18
2025-09-17,2025-09-18,C,6605.0,0.021917808219178082,102.82548158055451,0.19995893258086628,49.35630766306258,0.5227946428968281,6600.35,6631.96,0.019178082191780823,112.34515410727543,63.90809982338669,6.7792981411188835,-3.425538661968563,0.9991812788552615,2.0-3.0%,0.98-1.00,2025-09-17→2025-09-18
2025-09-17,2025-09-18,P,6605.0,0.021917808219178082,97.42163547282935,-0.8000410674192034,43.94422351433468,-0.478729834464028,6600.35,6631.96,0.019178082191780823,75.05901730315547,28.102453465561666,6.489298141120756,-3.667349932592236,0.9991812788552615,2.0-3.0%,0.98-1.00,2025-09-17→2025-09-18
2025-09-17,2025-09-18,C,6610.0,0.021917808219178082,102.97348563732284,0.2036850816481813,46.45610123472352,0.5056860623529612,6600.35,6631.96,0.019178082191780823,108.88002050550601,60.49497191564933,5.9615145691010545,-3.584736430976939,0.9999376613525024,2.0-3.0%,0.98-1.00,2025-09-17→2025-09-18
2025-09-17,2025-09-18,P,6610.0,0.021917808219178082,102.56202874525817,-0.7963149183518852,46.044017085996074,-0.49583841500789505,6600.35,6631.96,0.019178082191780823,76.58606679237215,29.689325557823395,5.721514569102833,-3.7765477016005953,0.9999376613525024,2.0-3.0%,0.98-1.00,2025-09-17→2025-09-18
2025-09-17,2025-09-18,C,6615.0,0.021917808219178082,99.45873030191278,0.19751297291953132,43.655892381036665,0.48831351441537185,6600.35,6631.96,0.019178082191780823,103.8389275742147,57.17479177471523,5.456614926013676,-3.7355901906697486,1.0006940438497434,2.0-3.0%,1.00-1.02,2025-09-17→2025-09-18
2025-09-17,2025-09-18,P,6615.0,0.021917808219178082,104.03966262550169,-0.802487027080588,48.29380849532981,-0.5131898428893555,6600.35,6631.96,0.019178082191780823,76.53715695207244,31.414739967409332,5.216614926017122,-3.928069066267639,1.0006940438497434,2.0-3.0%,1.00-1.02,2025-09-17→2025-09-18
2025-09-17,2025-09-18,C,6620.0,0.021917808219178082,92.0324905328026,0.1828559765327661,40.95567932282938,0.47071907961105386,6600.35,6631.96,0.019178082191780823,99.38678895795687,53.949074649985505,5.219922581799323,-3.879430106505259,1.0014504263469843,2.0-3.0%,1.00-1.02,2025-09-17→2025-09-18
2025-09-17,2025-09-18,P,6620.0,0.021917808219178082,101.60581207207092,-0.8171440234673014,50.54359517410103,-0.5308053977498026,6600.35,6631.96,0.019178082191780823,77.07720142680608,33.14342829216048,4.979922581801134,-4.07124137712891,1.0014504263469843,2.0-3.0%,1.00-1.02,2025-09-17→2025-09-18
2025-09-17,2025-09-18,C,6625.0,0.021917808219178082,90.40442374911,0.1811604749140479,38.30546386795686,0.45288506223707864,6600.35,6631.96,0.019178082191780823,95.98756920438086,50.77258717605264,4.723517387967008,-3.8656968173139052,1.0022068088442253,2.0-3.0%,1.00-1.02,2025-09-17→2025-09-18
2025-09-17,2025-09-18,P,6625.0,0.021917808219178082,104.9701345040445,-0.8188395250859873,52.943380453832106,-0.5485787854269258,6600.35,6631.96,0.019178082191780823,78.67016476421654,35.01368995291887,4.333517387967788,-4.209424592655058,1.0022068088442253,2.0-3.0%,1.00-1.02,2025-09-17→2025-09-18
2025-09-17,2025-09-18,C,6630.0,0.021917808219178082,90.53000414007784,0.18421647394563473,36.00525172356129,0.4352796897005865,6600.35,6631.96,0.019178082191780823,92.05272870104235,47.92911489508333,3.7269172585785437,-4.209190991435399,1.002963191341466,2.0-3.0%,1.00-1.02,2025-09-17→2025-09-18
2025-09-17,2025-09-18,P,6630.0,0.021917808219178082,110.08810411067078,-0.8157835260544339,55.44316464817621,-0.566487277383313,6600.35,6631.96,0.019178082191780823,79.72750735186345,36.98144056664751,3.536917258580388,-4.343337161913663,1.002963191341466,2.0-3.0%,1.00-1.02,2025-09-17→2025-09-18
2025-09-17,2025-09-18,C,6635.0,0.021917808219178082,82.679566399393,0.16691976607465772,33.45503162902378,0.41703846071460193,6600.35,6631.96,0.019178082191780823,86.62947971133224,44.85383247178015,3.723666194380124,-4.182585743188431,1.003719573838707,2.0-3.0%,1.00-1.02,2025-09-17→2025-09-18
2025-09-17,2025-09-18,P,6635.0,0.021917808219178082,107.23005558565475,-0.8330802339254486,58.09294871171505,-0.5843839805034065,6600.35,6631.96,0.019178082191780823,79.29644145314757,39.09613464746235,3.3336661943831523,-4.527622376287521,1.003719573838707,2.0-3.0%,1.00-1.02,2025-09-17→2025-09-18
2025-09-17,2025-09-18,C,6640.0,0.021917808219178082,79.8348716700475,0.1626774114537645,31.254816910528007,0.3992423849122305,6600.35,6631.96,0.019178082191780823,83.1243036814413,42.11820073438412,3.0577670239465604,-4.420051787075472,1.004475956335948,2.0-3.0%,1.00-1.02,2025-09-17→2025-09-18
2025-09-17,2025-09-18,P,6640.0,0.021917808219178082,109.37775007197617,-0.8373225885462762,60.79273127366605,-0.6024054108209247,6600.35,6631.96,0.019178082191780823,80.78344851424615,41.263994949142216,2.7677670239475205,-4.657964963950764,1.004475956335948,2.0-3.0%,1.00-1.02,2025-09-17→2025-09-18
2025-09-17,2025-09-18,C,6645.0,0.021917808219178082,81.66452716883805,0.16948204888509763,29.104601602913135,0.38139155628452265,6600.35,6631.96,0.019178082191780823,80.11762955117983,39.43787476359739,2.192672434742117,-4.505787094153639,1.005232338833189,2.0-3.0%,1.00-1.02,2025-09-17→2025-09-18
2025-09-17,2025-09-18,P,6645.0,0.021917808219178082,116.19979478642638,-0.8305179511149634,63.64251570602664,-0.6202779323641162,6600.35,6631.96,0.019178082191780823,82.76895747496857,43.58305172347218,1.9526724347437252,-4.693014557970486,1.005232338833189,2.0-3.0%,1.00-1.02,2025-09-17→2025-09-18
2025-09-17,2025-09-18,C,6650.0,0.021917808219178082,78.30308503616828,0.16219111247661908,26.90438125606397,0.3631356534332356,6600.35,6631.96,0.019178082191780823,74.80101978286461,36.71291118988165,1.8231389346141267,-4.528718005024457,1.0059887213304297,2.0-3.0%,1.00-1.02,2025-09-17→2025-09-18
2025-09-17,2025-09-18,P,6650.0,0.021917808219178082,117.83074186942167,-0.8378088875234431,66.5422991333553,-0.6382209310942594,6600.35,6631.96,0.019178082191780823,82.44453079764807,45.95707893144663,1.4831389346157628,-4.8258363681106715,1.0059887213304297,2.0-3.0%,1.00-1.02,2025-09-17→2025-09-18
2025-09-17,2025-09-18,C,6655.0,0.021917808219178082,71.81555967311019,0.14934736695278622,25.054172625815227,0.3458443378947512,6600.35,6631.96,0.019178082191780823,71.0799571329272,34.342676003908764,1.4791297306224758,-4.732139520852973,1.0067451038276707,2.0-3.0%,1.00-1.02,2025-09-17→2025-09-18
2025-09-17,2025-09-18,P,6655.0,0.021917808219178082,116.33560572202994,-0.850652633047263,69.59208618405319,-0.6558701594102719,6600.35,6631.96,0.019178082191780823,83.71565123869382,48.486593748820724,1.2391297306237128,-4.917944261041509,1.0067451038276707,2.0-3.0%,1.00-1.02,2025-09-17→2025-09-18
2025-09-17,2025-09-18,C,6660.0,0.021917808219178082,72.04683374889794,0.15217027094214183,23.103957204668404,0.32799374060400677,6600.35,6631.96,0.019178082191780823,68.47460045484708,31.87852042477425,0.839897735518945,-4.717882140492549,1.0075014863249117,2.0-3.0%,1.00-1.02,2025-09-17→2025-09-18
2025-09-17,2025-09-18,P,6660.0,0.021917808219178082,121.55926901346761,-0.8478297290579666,72.74187563310443,-0.6733173089505178,6600.35,6631.96,0.019178082191780823,86.10247765160291,51.12395373090021,0.4998977355220511,-5.01643986407435,1.0075014863249117,2.0-3.0%,1.00-1.02,2025-09-17→2025-09-18
2025-09-17,2025-09-18,C,6665.0,0.021917808219178082,72.50936236385216,0.1542760545882401,21.403753105633086,0.3110178285421689,6600.35,6631.96,0.019178082191780823,64.81681819759137,29.676355682879148,0.07333391446578386,-4.8812735602178545,1.0082578688221526,2.0-3.0%,1.00-1.02,2025-09-17→2025-09-18
2025-09-17,2025-09-18,P,6665.0,0.021917808219178082,127.01418684408574,-0.8457239454118275,76.69170690525061,-0.687255792438841,6600.35,6631.96,0.019178082191780823,87.43687848533517,54.593370327987486,-0.916666085532416,-5.925844401008465,1.0082578688221526,2.0-3.0%,1.00-1.02,2025-09-17→2025-09-18
2025-09-17,2025-09-18,C,6670.0,0.021917808219178082,65.4042256245575,0.13769942037315794,19.60353939464585,0.29336156553488985,6600.35,6631.96,0.019178082191780823,59.91618481411545,27.376959216717296,0.14732132200452241,-4.773159086557772,1.0090142513193936,2.0-3.0%,1.00-1.02,2025-09-17→2025-09-18
2025-09-17,2025-09-18,P,6670.0,0.021917808219178082,124.90143932046031,-0.8623005796269441,80.09151081035816,-0.7035580991974995,6600.35,6631.96,0.019178082191780823,87.52842819285054,57.511895750224085,-1.0426786779925763,-6.060528484367271,1.0090142513193936,2.0-3.0%,1.00-1.02,2025-09-17→2025-09-18
2025-09-17,2025-09-18,C,6675.0,0.021917808219178082,63.00789209737901,0.13437969889829443,18.203349795440317,0.27764710168884527,6600.35,6631.96,0.019178082191780823,56.786891154029924,25.50431299070624,-0.44774228217504586,-4.976424884384311,1.0097706338166343,2.0-3.0%,1.00-1.02,2025-09-17→2025-09-18
2025-09-17,2025-09-18,P,6675.0,0.021917808219178082,127.49749500895948,-0.8656203011017839,83.44130934695659,-0.720255665062736,6600.35,6631.96,0.019178082191780823,89.39131762375415,60.38591076787361,-1.4377422821728842,-6.0327184273671435,1.0097706338166343,2.0-3.0%,1.00-1.02,2025-09-17→2025-09-18
2025-09-17,2025-09-18,C,6550.0,0.024657534246575342,151.72548581550902,0.27230543211109204,91.53044998085352,0.6796285207686746,6600.35,6631.96,0.03561643835616438,213.91445999260262,127.27486060350111,22.442425290968465,9.566942458502414,0.9905824818401041,2.0-3.0%,0.98-1.00,2025-09-17→2025-09-18
2025-09-17,2025-09-18,P,6550.0,0.024657534246575342,89.56656982874419,-0.72769456788901,29.359275238641658,-0.32249768992515104,6600.35,6631.96,0.03561643835616438,117.47114241492436,28.11759637163118,19.652425290971365,6.844151978533917,0.9905824818401041,2.0-3.0%,0.98-1.00,2025-09-17→2025-09-18
2025-09-17,2025-09-18,C,6555.0,0.024657534246575342,148.18970382861505,0.2670185972787426,87.68078496808266,0.6679829191768093,6600.35,6631.96,0.03561643835616438,208.36051628905005,123.10420013800922,22.459542140019025,9.785059924821269,0.9913386516735698,2.0-3.0%,0.98-1.00,2025-09-17→2025-09-18
2025-09-17,2025-09-18,P,6555.0,0.024657534246575342,91.02177340216602,-0.7329814027213616,30.559613952027576,-0.3342728787270959,6600.35,6631.96,0.03561643835616438,116.90614274372233,29.00280846158944,19.619542140022,7.0163656965633905,0.9913386516735698,2.0-3.0%,0.98-1.00,2025-09-17→2025-09-18
2025-09-17,2025-09-18,C,6560.0,0.024657534246575342,147.6196537204064,0.27046197536648064,84.03114350533451,0.6555174523686575,6600.35,6631.96,0.021917808219178082,160.14900498752405,102.55086357581786,8.400696958665637,-3.7709066693730477,0.9920948215070355,2.0-3.0%,0.98-1.00,2025-09-17→2025-09-18
2025-09-17,2025-09-18,P,6560.0,0.024657534246575342,95.44270885427616,-0.7295380246336203,31.85996753557265,-0.3465661676511036,6600.35,6631.96,0.021917808219178082,75.95533291978695,20.02721612457276,9.610696958668495,-2.4950434405487325,0.9920948215070355,2.0-3.0%,0.98-1.00,2025-09-17→2025-09-18
2025-09-17,2025-09-18,C,6565.0,0.024657534246575342,142.5058604564265,0.2595993093728128,80.43151170758756,0.642715868694378,6600.35,6631.96,0.021917808219178082,154.43732696800586,98.55892210107686,8.244065830725475,-3.866248609429075,0.9928509913405014,2.0-3.0%,0.98-1.00,2025-09-17→2025-09-18
2025-09-17,2025-09-18,P,6565.0,0.024657534246575342,95.31990115061839,-0.7404006906273269,33.260334108170355,-0.3593445054083761,6600.35,6631.96,0.021917808219178082,75.23433045509859,21.036023367415282,9.454065830729562,-2.5911201840413494,0.9928509913405014,2.0-3.0%,0.98-1.00,2025-09-17→2025-09-18
2025-09-17,2025-09-18,C,6570.0,0.024657534246575342,136.22931768413105,0.2492319077710696,76.88188969822886,0.6295783732565399,6600.35,6631.96,0.021917808219178082,150.19487919108713,94.6091809481577,8.121779395356572,-3.9009723786390182,0.9936071611739671,2.0-3.0%,0.98-1.00,2025-09-17→2025-09-18
2025-09-17,2025-09-18,P,6570.0,0.024657534246575342,94.03434393863641,-0.7507680922290313,34.710712367422275,-0.3724580877706821,6600.35,6631.96,0.021917808219178082,75.9825582330023,22.087045838973154,9.231779395359428,-2.726599845568863,0.9936071611739671,2.0-3.0%,0.98-1.00,2025-09-17→2025-09-18
2025-09-17,2025-09-18,C,6575.0,0.024657534246575342,134.65693659955602,0.2493246010235889,73.43228009792892,0.6160011632762789,6600.35,6631.96,0.021917808219178082,146.90910955288277,90.74433353735913,7.668849361644434,-3.921796771162974,0.9943633310074328,2.0-3.0%,0.98-1.00,2025-09-17→2025-09-18
2025-09-17,2025-09-18,P,6575.0,0.024657534246575342,97.4529484143711,-0.7506753989765185,36.21109910096857,-0.3859077202911438,6600.35,6631.96,0.021917808219178082,77.68746414962831,23.180514393597377,8.728849361647498,-2.8014569615970757,0.9943633310074328,2.0-3.0%,0.98-1.00,2025-09-17→2025-09-18
2025-09-17,2025-09-18,C,6580.0,0.024657534246575342,132.52127021661366,0.2478029932239814,69.93267442229762,0.6022910542949528,6600.35,6631.96,0.021917808219178082,142.68827879885387,86.83719723493778,7.316947384190035,-3.8884202262632535,0.9951195008408985,2.0-3.0%,0.98-1.00,2025-09-17→2025-09-18
2025-09-17,2025-09-18,P,6580.0,0.024657534246575342,100.30826759174089,-0.7521970067761831,37.86150082473705,-0.399874948854645,6600.35,6631.96,0.021917808219178082,78.45730895041898,24.402385944237267,8.1269473841949,-3.009952866704806,0.9951195008408985,2.0-3.0%,0.98-1.00,2025-09-17→2025-09-18
2025-09-17,2025-09-18,C,6585.0,0.024657534246575342,124.63499979441737,0.23189829830553915,66.58308378080028,0.5880587223972098,6600.35,6631.96,0.021917808219178082,137.23333152801268,83.058578839662,7.3696947905619865,-3.8885362149756055,0.9958756706743642,2.0-3.0%,0.98-1.00,2025-09-17→2025-09-18
2025-09-17,2025-09-18,P,6585.0,0.024657534246575342,97.41298272988263,-0.7681017016946146,39.36190204267814,-0.41382438376205843,6600.35,6631.96,0.021917808219178082,77.99303723441513,25.495558829768925,8.229694790566516,-2.9690112292814685,0.9958756706743642,2.0-3.0%,0.98-1.00,2025-09-17→2025-09-18
2025-09-17,2025-09-18,C,6590.0,0.024657534246575342,121.43557960531633,0.22668007787467634,63.33350415849418,0.5734433922981376,6600.35,6631.96,0.021917808219178082,133.2244200959674,79.36739972730084,8.234642738381554,-2.726545630543942,0.9966318405078299,2.0-3.0%,0.98-1.00,2025-09-17→2025-09-18
2025-09-17,2025-09-18,P,6590.0,0.024657534246575342,99.20454810109293,-0.7733199221254246,41.21232564724369,-0.42855181298486666,6600.35,6631.96,0.021917808219178082,78.97480135718799,26.892215841126927,7.744642738384414,-3.1534771915485074,0.9966318405078299,2.0-3.0%,0.98-1.00,2025-09-17→2025-09-18
2025-09-17,2025-09-18,C,6595.0,0.024657534246575342,121.96693206375052,0.2321229592753094,60.18393400531886,0.558482618338759,6600.35,6631.96,0.021917808219178082,130.35478113182603,75.76506440735739,7.412593257307532,-2.9036355656880026,0.9973880103412956,2.0-3.0%,0.98-1.00,2025-09-17→2025-09-18
2025-09-17,2025-09-18,P,6595.0,0.024657534246575342,104.72688611982095,-0.7678770407248292,43.06275427519904,-0.4434697736319097,6600.35,6631.96,0.021917808219178082,81.09583794787285,28.29119459980302,7.022593257311602,-3.2319204554954766,0.9973880103412956,2.0-3.0%,0.98-1.00,2025-09-17→2025-09-18
2025-09-17,2025-09-18,C,6600.0,0.024657534246575342,115.23066773516634,0.2177333984561275,57.084372616501696,0.5432492523641405,6600.35,6631.96,0.021917808219178082,124.45513451003966,72.20841655849836,7.26744727480188,-3.0221088672303047,0.9981441801747614,2.0-3.0%,0.98-1.00,2025-09-17→2025-09-18
2025-09-17,2025-09-18,P,6600.0,0.024657534246575342,102.98160735156527,-0.7822666015440078,44.91319063032324,-0.4586251722763209,6600.35,6631.96,0.021917808219178082,80.18686688091198,29.691290600389493,6.877447274805828,-3.352858304345652,0.9981441801747614,2.0-3.0%,0.98-1.00,2025-09-17→2025-09-18
2025-09-17,2025-09-18,C,6605.0,0.024657534246575342,110.69028028962022,0.21037810698152987,54.084819348177916,0.5277184475043905,6600.35,6631.96,0.021917808219178082,120.38187451965206,68.74254816921166,6.899948038313914,-3.1311801256136036,0.9989003500082272,2.0-3.0%,0.98-1.00,2025-09-17→2025-09-18
2025-09-17,2025-09-18,P,6605.0,0.024657534246575342,103.43220546633232,-0.7896218930186109,46.91363649106461,-0.47412570697634826,6600.35,6631.96,0.021917808219178082,81.10428244535541,31.226335431583266,6.509948038318029,-3.462886402477789,0.9989003500082272,2.0-3.0%,0.98-1.00,2025-09-17→2025-09-18
2025-09-17,2025-09-18,C,6610.0,0.024657534246575342,111.12823925280524,0.214722110520335,51.18527348827729,0.511929549689653,6600.35,6631.96,0.021917808219178082,117.70704011680527,65.36886954315924,6.112634086452273,-3.2820930656897715,0.9996565198416929,2.0-3.0%,0.98-1.00,2025-09-17→2025-09-18
2025-09-17,2025-09-18,P,6610.0,0.024657534246575342,108.86114998984353,-0.7852778894797616,48.91408953524433,-0.4898765945228561,6600.35,6631.96,0.021917808219178082,83.42012359733141,32.7625806022761,5.77263408645501,-3.5650008471326764,0.9996565198416929,2.0-3.0%,0.98-1.00,2025-09-17→2025-09-18
2025-09-17,2025-09-18,C,6615.0,0.024657534246575342,108.08861814378136,0.2095072437638854,48.33573425936993,0.4959102883637056,6600.35,6631.96,0.021917808219178082,112.58282380918564,62.04282002006312,5.6774760246236475,-3.375724215176575,1.0004126896751586,2.0-3.0%,1.00-1.02,2025-09-17→2025-09-18
2025-09-17,2025-09-18,P,6615.0,0.024657534246575342,110.81251444112449,-0.7904927562362575,51.114549945491945,-0.5058832642399352,6600.35,6631.96,0.021917808219178082,83.28658284454193,34.48250975693554,5.2374760246278385,-3.759030017375812,1.0004126896751586,2.0-3.0%,1.00-1.02,2025-09-17→2025-09-18
2025-09-17,2025-09-18,C,6620.0,0.024657534246575342,100.96041861655888,0.19546598186166667,45.53620189121875,0.479652483601195,6600.35,6631.96,0.021917808219178082,107.61954442941806,58.76436649984771,5.621320313352785,-3.3618150066336128,1.0011688595086243,2.0-3.0%,1.00-1.02,2025-09-17→2025-09-18
2025-09-17,2025-09-18,P,6620.0,0.024657534246575342,108.6753004742195,-0.8045340181384655,53.36501626703239,-0.5220954678964067,6600.35,6631.96,0.021917808219178082,83.31397901959853,36.25100423742106,5.081320313356628,-3.846562259794755,1.0011688595086243,2.0-3.0%,1.00-1.02,2025-09-17→2025-09-18
2025-09-17,2025-09-18,C,6625.0,0.024657534246575342,99.43074611725055,0.1940136502764321,42.9366726676426,0.4632844967366568,6600.35,6631.96,0.021917808219178082,104.5372382250796,55.67429715966364,4.967228514762039,-3.544422941845575,1.00192502934209,2.0-3.0%,1.00-1.02,2025-09-17→2025-09-18
2025-09-17,2025-09-18,P,6625.0,0.024657534246575342,112.13661353523209,-0.8059863497236451,55.71548739367245,-0.5384756671158366,6600.35,6631.96,0.021917808219178082,85.22234837008281,38.11496742206873,4.5272285147641576,-3.9287841624685846,1.00192502934209,2.0-3.0%,1.00-1.02,2025-09-17→2025-09-18
2025-09-17,2025-09-18,C,6630.0,0.024657534246575342,100.14695204610018,0.19820477444937912,40.33714888789609,0.44669756767465785,6600.35,6631.96,0.021917808219178082,101.03900282896117,52.587166246351444,4.234747079655191,-3.6201101141957874,1.0026811991755558,2.0-3.0%,1.00-1.02,2025-09-17→2025-09-18
2025-09-17,2025-09-18,P,6630.0,0.024657534246575342,117.84380502438839,-0.8017952255507713,58.16596130967673,-0.5549818554650771,6600.35,6631.96,0.021917808219178082,86.7147885288015,40.07580381540674,3.744747079659618,-4.057023548749097,1.0026811991755558,2.0-3.0%,1.00-1.02,2025-09-17→2025-09-18
2025-09-17,2025-09-18,C,6635.0,0.024657534246575342,92.75548150630715,0.18186599283582186,37.93762565964607,0.43015418568077474,6600.35,6631.96,0.021917808219178082,95.19398270716793,49.69324016698101,4.051215966459727,-3.797173809369152,1.0034373690090215,2.0-3.0%,1.00-1.02,2025-09-17→2025-09-18
2025-09-17,2025-09-18,P,6635.0,0.024657534246575342,115.44332004491801,-0.8181340071643339,60.66644170661175,-0.5716519585317351,6600.35,6631.96,0.021917808219178082,85.86044396182633,42.08695122609606,3.661215966464326,-4.130081590812043,1.0034373690090215,2.0-3.0%,1.00-1.02,2025-09-17→2025-09-18
2025-09-17,2025-09-18,C,6640.0,0.024657534246575342,90.08070645043202,0.17800464594576582,35.588104467050016,0.4135083002828053,6600.35,6631.96,0.021917808219178082,91.33676166689925,46.851541441242716,3.523273141654399,-3.9209973719393414,1.0041935388424872,2.0-3.0%,1.00-1.02,2025-09-17→2025-09-18
2025-09-17,2025-09-18,P,6640.0,0.024657534246575342,117.75953054935306,-0.8219953540543158,63.26692336828182,-0.5883971210835393,6600.35,6631.96,0.021917808219178082,86.99389847638834,44.196756403177915,3.183273141656656,-4.200767002549515,1.0041935388424872,2.0-3.0%,1.00-1.02,2025-09-17→2025-09-18
2025-09-17,2025-09-18,C,6645.0,0.024657534246575342,92.2439004234759,0.18542367617370062,33.23858987740232,0.39663304337434485,6600.35,6631.96,0.021917808219178082,89.38167909335054,44.01290675207383,2.78875759614939,-3.887570501062905,1.004949708675953,2.0-3.0%,1.00-1.02,2025-09-17→2025-09-18
2025-09-17,2025-09-18,P,6645.0,0.024657534246575342,124.91371008270536,-0.8145763238264294,66.01740253207481,-0.605055123003874,6600.35,6631.96,0.021917808219178082,90.0294914576605,46.45564378072595,2.2987575961531626,-4.324207561847743,1.004949708675953,2.0-3.0%,1.00-1.02,2025-09-17→2025-09-18
2025-09-17,2025-09-18,C,6650.0,0.024657534246575342,89.43380134677346,0.17923867683593736,31.139064225681977,0.38014574393824097,6600.35,6631.96,0.021917808219178082,83.9662111058426,41.42335301776484,2.2842654252160814,-4.066406965887669,1.0057058785094186,2.0-3.0%,1.00-1.02,2025-09-17→2025-09-18
2025-09-17,2025-09-18,P,6650.0,0.024657534246575342,127.09459656633096,-0.82076132316417,68.86788027264811,-0.6216604002742684,6600.35,6631.96,0.021917808219178082,89.60469902497798,48.81706407687989,1.8442654252191524,-4.449314747330575,1.0057058785094186,2.0-3.0%,1.00-1.02,2025-09-17→2025-09-18
2025-09-17,2025-09-18,C,6655.0,0.024657534246575342,83.26973110093996,0.16715078574195502,29.089538872144658,0.36364131253700205,6600.35,6631.96,0.021917808219178082,79.80332708988004,38.888739405336764,2.016363662696861,-4.194701889294512,1.0064620483428843,2.0-3.0%,1.00-1.02,2025-09-17→2025-09-18
2025-09-17,2025-09-18,P,6655.0,0.024657534246575342,125.92151188082005,-0.8328492142581352,71.66836839758889,-0.6386335533400531,6600.35,6631.96,0.021917808219178082,90.43249056384724,51.13214638500813,1.7263636626993737,-4.412793378921137,1.0064620483428843,2.0-3.0%,1.00-1.02,2025-09-17→2025-09-18
2025-09-17,2025-09-18,C,6660.0,0.024657534246575342,83.63880743549944,0.17022542634428678,27.04001938416104,0.34693644862717,6600.35,6631.96,0.021917808219178082,78.03108776736427,36.358257278722704,1.3691742732571468,-4.2166611411047334,1.00721821817635,2.0-3.0%,1.00-1.02,2025-09-17→2025-09-18
2025-09-17,2025-09-18,P,6660.0,0.024657534246575342,131.28157377568587,-0.8297745736558271,74.76883543112763,-0.6548696955853393,6600.35,6631.96,0.021917808219178082,93.65092679615645,53.7519683378373,1.0291742732604199,-4.499568922547642,1.00721821817635,2.0-3.0%,1.00-1.02,2025-09-17→2025-09-18
2025-09-17,2025-09-18,C,6665.0,0.024657534246575342,84.61411341696727,0.17326894033755003,25.29047389210882,0.3311350870420031,6600.35,6631.96,0.021917808219178082,74.74740651850175,34.13718411201671,0.5729687959301009,-4.417180101397609,1.007974388009816,2.0-3.0%,1.00-1.02,2025-09-17→2025-09-18
2025-09-17,2025-09-18,P,6665.0,0.024657534246575342,137.24786531746412,-0.8267310596625617,77.86930678263616,-0.6712568632729726,6600.35,6631.96,0.021917808219178082,95.35792110212199,56.37734285220404,0.3829687959333121,-4.531570551941549,1.007974388009816,2.0-3.0%,1.00-1.02,2025-09-17→2025-09-18
2025-09-17,2025-09-18,C,6670.0,0.024657534246575342,77.97171974319407,0.15776506184362557,23.34095538120937,0.3143762453467478,6600.35,6631.96,0.021917808219178082,69.65491564986057,31.71622428041428,0.6630463951230459,-4.287433115410597,1.0087305578432817,2.0-3.0%,1.00-1.02,2025-09-17→2025-09-18
2025-09-17,2025-09-18,P,6670.0,0.024657534246575342,135.59645720402648,-0.8422349381564829,81.9196680423438,-0.6838251023354331,6600.35,6631.96,0.021917808219178082,95.2561057883087,59.98814485723278,-0.5269536048738566,-5.534288515177188,1.0087305578432817,2.0-3.0%,1.00-1.02,2025-09-17→2025-09-18
2025-09-17,2025-09-18,C,6675.0,0.024657534246575342,75.83417675363883,0.15504574641504043,21.641413488504668,0.2984717190267451,6600.35,6631.96,0.021917808219178082,66.41605199223136,29.557510244716013,0.1990039558206238,-4.334691038435313,1.0094867276767474,2.0-3.0%,1.00-1.02,2025-09-17→2025-09-18
2025-09-17,2025-09-18,P,6675.0,0.024657534246575342,138.4498997747732,-0.8449542535850864,85.17012260097454,-0.6996161834028313,6600.35,6631.96,0.021917808219178082,97.00791768550539,62.78653997646961,-0.9409960441757015,-5.535132442636737,1.0094867276767474,2.0-3.0%,1.00-1.02,2025-09-17→2025-09-18
2025-09-17,2025-09-18,C,6550.0,0.03287671232876712,182.58668773741857,0.31109381281455883,95.29866734696225,0.6716366137309683,6600.35,6631.96,0.03561643835616438,213.91445999260262,120.45948765814046,17.466324576931896,6.069566639964311,0.9904736078986442,3.0-4.0%,0.98-1.00,2025-09-17→2025-09-18
2025-09-17,2025-09-18,P,6550.0,0.03287671232876712,119.70916563125883,-0.6889061871852858,32.550656725601584,-0.33098810318674043,6600.35,6631.96,0.03561643835616438,117.47114241492436,24.966070871329066,15.226324576926661,3.912533941732759,0.9904736078986442,3.0-4.0%,0.98-1.00,2025-09-17→2025-09-18
2025-09-17,2025-09-18,C,6555.0,0.03287671232876712,179.53823767633324,0.30679597600109293,91.59868999220907,0.6602268971921882,6600.35,6631.96,0.03561643835616438,208.36051628905005,116.4371062895043,17.30217919860555,6.130227779755149,0.991229694622231,3.0-4.0%,0.98-1.00,2025-09-17→2025-09-18
2025-09-17,2025-09-18,P,6555.0,0.03287671232876712,121.65115257620448,-0.6932040239987604,33.850679275805305,-0.34235037748422,6600.35,6631.96,0.03561643835616438,116.90614274372233,25.94471878526906,15.062179198600585,3.9716954322760802,0.991229694622231,3.0-4.0%,0.98-1.00,2025-09-17→2025-09-18
2025-09-17,2025-09-18,C,6560.0,0.03287671232876712,182.5985014914837,0.3155345940531793,87.89871301020412,0.6486263057400417,6600.35,6631.96,0.030136986301369864,185.23455719873056,106.81668494145015,9.275951481979106,-1.253077524442503,0.9919857813458178,3.0-4.0%,0.98-1.00,2025-09-17→2025-09-18
2025-09-17,2025-09-18,P,6560.0,0.03287671232876712,129.70185339735977,-0.6844654059467031,35.20070244091403,-0.35402514892205494,6600.35,6631.96,0.030136986301369864,100.59841946690258,23.464899389618267,8.285951481975061,-2.15926504257396,0.9919857813458178,3.0-4.0%,0.98-1.00,2025-09-17→2025-09-18
2025-09-17,2025-09-18,C,6565.0,0.03287671232876712,176.68798298721003,0.30430019172994804,84.34873747666279,0.6364674428724012,6600.35,6631.96,0.030136986301369864,180.97325371020185,102.89614121022714,7.131070939416443,-3.3687358691963922,0.9927418680694046,3.0-4.0%,0.98-1.00,2025-09-17→2025-09-18
2025-09-17,2025-09-18,P,6565.0,0.03287671232876712,128.78177189910613,-0.6956998082700075,36.45072588359744,-0.36567410714593074,6600.35,6631.96,0.030136986301369864,101.32745428803237,24.373755620122893,8.741070939414708,-1.6910414731172523,0.9927418680694046,3.0-4.0%,0.98-1.00,2025-09-17→2025-09-18
2025-09-17,2025-09-18,C,6570.0,0.03287671232876712,168.19910582454577,0.2910953428456116,80.79876167582734,0.6241209547079425,6600.35,6631.96,0.030136986301369864,173.3347352602453,98.97481461097777,7.198476212650318,-3.3284633783178528,0.9934979547929913,3.0-4.0%,0.98-1.00,2025-09-17→2025-09-18
2025-09-17,2025-09-18,P,6570.0,0.03287671232876712,125.28333174247246,-0.7089046571542976,37.900750051842806,-0.3779997203585795,6600.35,6631.96,0.030136986301369864,98.67927414772191,25.453075849316974,8.358476212647119,-2.1014288394654237,0.9934979547929913,3.0-4.0%,0.98-1.00,2025-09-17→2025-09-18
2025-09-17,2025-09-18,C,6575.0,0.03287671232876712,173.02768733584077,0.30046906662545597,77.39878711260144,0.6112813819816544,6600.35,6631.96,0.030136986301369864,171.4300349112348,95.18319802141195,6.402172803969426,-3.422604484439905,0.994254041516578,3.0-4.0%,0.98-1.00,2025-09-17→2025-09-18
2025-09-17,2025-09-18,P,6575.0,0.03287671232876712,135.1023502598078,-0.6995309333744092,39.60077580585221,-0.39099854598836975,6600.35,6631.96,0.030136986301369864,101.76491210837654,26.749739687276815,7.312172803964845,-2.440535961307761,0.994254041516578,3.0-4.0%,0.98-1.00,2025-09-17→2025-09-18
2025-09-17,2025-09-18,C,6580.0,0.03287671232876712,171.05654214164767,0.29958718267448475,73.99881295275236,0.5982563117710261,6600.35,6631.96,0.030136986301369864,169.68079924820026,91.39117934927435,6.0300491556596345,-3.4108820150819383,0.9950101282401648,3.0-4.0%,0.98-1.00,2025-09-17→2025-09-18
2025-09-17,2025-09-18,P,6580.0,0.03287671232876712,138.12164207162925,-0.7004128173254709,41.200801557336035,-0.4039787997331418,6600.35,6631.96,0.030136986301369864,105.0060147549977,27.959096640181997,6.840049155657901,-2.530230140435524,0.9950101282401648,3.0-4.0%,0.98-1.00,2025-09-17→2025-09-18
2025-09-17,2025-09-18,C,6585.0,0.03287671232876712,161.34788060579413,0.28180912341465814,70.6988395034532,0.5848748785695518,6600.35,6631.96,0.030136986301369864,161.59306766987459,87.68681394394298,6.192013608862757,-3.387894911583331,0.9957662149637515,3.0-4.0%,0.98-1.00,2025-09-17→2025-09-18
2025-09-17,2025-09-18,P,6585.0,0.03287671232876712,133.40341754181205,-0.7181908765852867,42.85082788087266,-0.4172457383797746,6600.35,6631.96,0.030136986301369864,101.90862148632743,29.211662685356714,7.0020136088606755,-2.510862209815466,0.9957662149637515,3.0-4.0%,0.98-1.00,2025-09-17→2025-09-18
2025-09-17,2025-09-18,C,6590.0,0.03287671232876712,162.85489013419735,0.28357346871440037,67.49886669218267,0.5711720110971121,6600.35,6631.96,0.030136986301369864,157.10226189160176,84.07132184229704,6.686242653937903,-2.40474727077952,0.9965223016873382,3.0-4.0%,0.98-1.00,2025-09-17→2025-09-18
2025-09-17,2025-09-18,P,6590.0,0.03287671232876712,139.90086407624517,-0.7164265312854842,44.40085444066244,-0.43063163865314974,6600.35,6631.96,0.030136986301369864,102.40815401770531,30.373033159944498,6.646242653933921,-2.3877339021740784,0.9965223016873382,3.0-4.0%,0.98-1.00,2025-09-17→2025-09-18
2025-09-17,2025-09-18,C,6595.0,0.03287671232876712,166.25162033100744,0.2931414447538812,64.34889405831836,0.5572275913292263,6600.35,6631.96,0.030136986301369864,157.31353884984506,80.5007241295043,5.83379893132992,-2.5139641619166504,0.9972783884109251,3.0-4.0%,0.98-1.00,2025-09-17→2025-09-18
2025-09-17,2025-09-18,P,6595.0,0.03287671232876712,148.28803127908554,-0.706858555246014,46.250881850867245,-0.44460091853195666,6600.35,6631.96,0.030136986301369864,107.60976928560878,31.80168121663928,5.793798931326275,-2.4961649652049935,0.9972783884109251,3.0-4.0%,0.98-1.00,2025-09-17→2025-09-18
2025-09-17,2025-09-18,C,6600.0,0.03287671232876712,158.1347684296298,0.2777559129165107,61.24892249892537,0.5430404754893983,6600.35,6631.96,0.030136986301369864,151.46442790074101,76.97512863653628,5.820135592709182,-2.5655094302197057,0.9980344751345118,3.0-4.0%,0.98-1.00,2025-09-17→2025-09-18
2025-09-17,2025-09-18,P,6600.0,0.03287671232876712,145.16161638372685,-0.7222440870833825,48.300910532532725,-0.45890681905620323,6600.35,6631.96,0.030136986301369864,106.75099664615419,33.41213000807738,5.480135592705487,-2.8439554496335635,0.9980344751345118,3.0-4.0%,0.98-1.00,2025-09-17→2025-09-18
2025-09-17,2025-09-18,C,6605.0,0.03287671232876712,150.68729482273906,0.2665819089496396,58.09895107364582,0.5286445380206956,6600.35,6631.96,0.030136986301369864,144.30143061185194,73.40262417785698,5.7733458581019885,-2.510453846834004,0.9987905618580986,3.0-4.0%,0.98-1.00,2025-09-17→2025-09-18
2025-09-17,2025-09-18,P,6605.0,0.03287671232876712,142.70457978286805,-0.7334180910502492,50.300939188314715,-0.4733436510656797,6600.35,6631.96,0.030136986301369864,104.57833766693777,34.97800452497586,5.233345858098144,-2.9876071898140157,0.9987905618580986,3.0-4.0%,0.98-1.00,2025-09-17→2025-09-18
2025-09-17,2025-09-18,C,6610.0,0.03287671232876712,163.18149194807933,0.2878661086462026,55.19898025833527,0.513928334441743,6600.35,6631.96,0.030136986301369864,143.80352902406136,70.05921201040837,4.500552305693638,-2.645274651703321,0.9995466485816853,3.0-4.0%,0.98-1.00,2025-09-17→2025-09-18
2025-09-17,2025-09-18,P,6610.0,0.03287671232876712,160.1892139142072,-0.7121338913537121,52.20096823026961,-0.4879879293970026,6600.35,6631.96,0.030136986301369864,109.07077438879116,36.45060514944771,4.3605523056906,-2.724701551760914,0.9995466485816853,3.0-4.0%,0.98-1.00,2025-09-17→2025-09-18
2025-09-17,2025-09-18,C,6615.0,0.03287671232876712,159.7145066886299,0.28268127040822466,52.34900985039394,0.4990142071649375,6600.35,6631.96,0.030136986301369864,140.41428786267258,66.76255160158917,4.114445042396115,-2.7238390884835066,1.000302735305272,3.0-4.0%,1.00-1.02,2025-09-17→2025-09-18
2025-09-17,2025-09-18,P,6615.0,0.03287671232876712,161.71266566079532,-0.7173187295917137,54.35099782232783,-0.5029020566738082,6600.35,6631.96,0.030136986301369864,110.67187153704035,38.1539447406285,3.9244450423938346,-2.8532659885410894,1.000302735305272,3.0-4.0%,1.00-1.02,2025-09-17→2025-09-18
2025-09-17,2025-09-18,C,6620.0,0.03287671232876712,150.02215111890715,0.2658689347108938,49.64903976313735,0.48394595836502285,6600.35,6631.96,0.030136986301369864,131.42039135462008,63.60712525609733,3.995882973788733,-2.897531743918215,1.0010588220288588,3.0-4.0%,1.00-1.02,2025-09-17→2025-09-18
2025-09-17,2025-09-18,P,6620.0,0.03287671232876712,157.0107470971137,-0.734131065289021,56.60102778195869,-0.5179939386611899,6600.35,6631.96,0.030136986301369864,106.66831333865296,39.951284877397484,3.7558829737857096,-3.076211598919958,1.0010588220288588,3.0-4.0%,1.00-1.02,2025-09-17→2025-09-18
2025-09-17,2025-09-18,C,6625.0,0.03287671232876712,158.39701407357612,0.27845668057507483,46.94907002328591,0.46869194141863935,6600.35,6631.96,0.030136986301369864,129.4745868189482,60.45250732338263,3.04798432702197,-2.9653522682430413,1.0018149087524455,3.0-4.0%,1.00-1.02,2025-09-17→2025-09-18
2025-09-17,2025-09-18,P,6625.0,0.03287671232876712,170.3760470578001,-0.7215433194247947,59.05105784390025,-0.5331479935457831,6600.35,6631.96,0.030136986301369864,109.71284711263955,41.93923104552641,2.607984327017526,-3.3471919240179666,1.0018149087524455,3.0-4.0%,1.00-1.02,2025-09-17→2025-09-18
2025-09-17,2025-09-18,C,6630.0,0.03287671232876712,161.32071500826703,0.28572934365527936,44.349100291094146,0.45331017320078465,6600.35,6631.96,0.030136986301369864,128.74421073214367,57.393584472124076,2.2680954470567176,-3.0291345748766503,1.0025709954760322,3.0-4.0%,1.00-1.02,2025-09-17→2025-09-18
2025-09-17,2025-09-18,P,6630.0,0.03287671232876712,178.29018499852134,-0.7142706563446224,61.45108805693553,-0.5484998871964057,6600.35,6631.96,0.030136986301369864,113.9728093354875,43.88118623523587,1.9280954470532734,-3.3119185657218004,1.0025709954760322,3.0-4.0%,1.00-1.02,2025-09-17→2025-09-18
2025-09-17,2025-09-18,C,6635.0,0.03287671232876712,152.02361846988236,0.26798000022378043,41.84913124314244,0.43784101243639867,6600.35,6631.96,0.030136986301369864,121.86448924860981,54.43163889415837,2.2791521929263876,-3.0901544031144184,1.003327082199619,3.0-4.0%,1.00-1.02,2025-09-17→2025-09-18
2025-09-17,2025-09-18,P,6635.0,0.03287671232876712,173.9835254661535,-0.7320199997761622,63.80111935108698,-0.5641438019562391,6600.35,6631.96,0.030136986301369864,112.08342616162882,45.77447855844457,2.1391521929242465,-3.167414420163464,1.003327082199619,3.0-4.0%,1.00-1.02,2025-09-17→2025-09-18
2025-09-17,2025-09-18,C,6640.0,0.03287671232876712,148.99009828859928,0.2639565597642013,39.449162027714465,0.42232593642354926,6600.35,6631.96,0.030136986301369864,115.26222412031667,51.567968773499615,1.8563331458536787,-3.149722850348258,1.0040831689232057,3.0-4.0%,1.00-1.02,2025-09-17→2025-09-18
2025-09-17,2025-09-18,P,6640.0,0.03287671232876712,175.9404422908899,-0.7360434402356789,66.50114983299409,-0.579506332094609,6600.35,6631.96,0.030136986301369864,110.47149934297863,48.00836978764528,1.5663331458495655,-3.3818048424896006,1.0040831689232057,3.0-4.0%,1.00-1.02,2025-09-17→2025-09-18
2025-09-17,2025-09-18,C,6645.0,0.03287671232876712,161.25671162902515,0.28506106837026896,37.1491928194946,0.40680756138220325,6600.35,6631.96,0.030136986301369864,115.95133873152977,48.803890356188276,0.5392196288158893,-3.3091870152913145,1.0048392556467927,3.0-4.0%,1.00-1.02,2025-09-17→2025-09-18
2025-09-17,2025-09-18,P,6645.0,0.03287671232876712,193.19749263734823,-0.7149389316296264,69.10118098990006,-0.5952087255401393,6600.35,6631.96,0.030136986301369864,116.15095226384936,50.14581046003241,0.39921962881226136,-3.385452185676389,1.0048392556467927,3.0-4.0%,1.00-1.02,2025-09-17→2025-09-18
2025-09-17,2025-09-18,C,6650.0,0.03287671232876712,157.0360600677206,0.27767923994005284,34.9992233136436,0.39144556574875716,6600.35,6631.96,0.030136986301369864,111.32972353834067,46.190674305903485,0.17255922549502323,-3.423594333318082,1.0055953423703794,3.0-4.0%,1.00-1.02,2025-09-17→2025-09-18
2025-09-17,2025-09-18,P,6650.0,0.03287671232876712,193.96727808210636,-0.7223207600597886,72.00121128557839,-0.610470698089987,6600.35,6631.96,0.030136986301369864,116.51967538031043,52.58206744494419,-0.26744077451031245,-3.8030212333757056,1.0055953423703794,3.0-4.0%,1.00-1.02,2025-09-17→2025-09-18
2025-09-17,2025-09-18,C,6655.0,0.03287671232876712,147.66771155131642,0.26205586489899385,32.749254806089084,0.3756721139081393,6600.35,6631.96,0.030136986301369864,103.45193662363712,43.47902239188488,0.16641411054289357,-3.4249955206361573,1.0063514290939661,3.0-4.0%,1.00-1.02,2025-09-17→2025-09-18
2025-09-17,2025-09-18,P,6655.0,0.03287671232876712,189.5893665717054,-0.73794413510088,74.70124304606634,-0.6263771083271779,6600.35,6631.96,0.030136986301369864,113.63222677526727,54.819990233723274,-0.023585889461426035,-3.550219605778114,1.0063514290939661,3.0-4.0%,1.00-1.02,2025-09-17→2025-09-18
2025-09-17,2025-09-18,C,6660.0,0.03287671232876712,157.83528238021057,0.2787076037041506,30.749284942250142,0.36037838494020014,6600.35,6631.96,0.030136986301369864,102.8318187276902,41.020830233157994,-0.9599473530881077,-3.5415607479596076,1.0071075158175529,3.0-4.0%,1.00-1.02,2025-09-17→2025-09-18
2025-09-17,2025-09-18,P,6660.0,0.03287671232876712,204.74737440661772,-0.7212923962957511,77.70127321079417,-0.641687370564224,6600.35,6631.96,0.030136986301369864,118.00244718897201,57.36131941368603,-1.1999473530915417,-3.71626221646509,1.0071075158175529,3.0-4.0%,1.00-1.02,2025-09-17→2025-09-18
2025-09-17,2025-09-18,C,6665.0,0.03287671232876712,159.24727499194665,0.282162315590812,28.79931526103701,0.3450974088550857,6600.35,6631.96,0.030136986301369864,101.5782959422812,38.616274965550474,-1.6691507958254785,-3.6585290939091504,1.0078636025411396,3.0-4.0%,1.00-1.02,2025-09-17→2025-09-18
2025-09-17,2025-09-18,P,6665.0,0.03287671232876712,211.14980402439124,-0.7178376844090488,80.70130389422775,-0.6571521754180545,6600.35,6631.96,0.030136986301369864,121.73926271322661,59.904876552714995,-1.8091507958302024,-3.7274197350355145,1.0078636025411396,3.0-4.0%,1.00-1.02,2025-09-17→2025-09-18
2025-09-17,2025-09-18,C,6670.0,0.03287671232876712,149.90985382914144,0.26427152350241,26.949345166494368,0.33001033916184475,6600.35,6631.96,0.030136986301369864,95.26819217702943,36.31717332114886,-1.6536228579110954,-3.731626820905806,1.0086196892647263,3.0-4.0%,1.00-1.02,2025-09-17→2025-09-18
2025-09-17,2025-09-18,P,6670.0,0.03287671232876712,206.80281986761184,-0.7357284764974745,83.85133386561756,-0.6722735657980315,6600.35,6631.96,0.030136986301369864,120.41949725763251,62.60479218606952,-1.793622857915068,-3.799432585124439,1.0086196892647263,3.0-4.0%,1.00-1.02,2025-09-17→2025-09-18
2025-09-17,2025-09-18,C,6675.0,0.03287671232876712,147.88082998993235,0.2621615514811383,25.149374502853334,0.31496627604857663,6600.35,6631.96,0.030136986301369864,90.59685835412805,34.072569366276184,-2.0369266423186954,-3.706083985895404,1.009375775988313,3.0-4.0%,1.00-1.02,2025-09-17→2025-09-18
2025-09-17,2025-09-18,P,6675.0,0.03287671232876712,209.76423303440848,-0.7378384485187958,87.7013583125472,-0.6847647427711965,6600.35,6631.96,0.030136986301369864,120.73850174438458,66.0395198023416,-2.876926642321095,-4.554586481002691,1.009375775988313,3.0-4.0%,1.00-1.02,2025-09-17→2025-09-18
2025-09-17,2025-09-18,C,6550.0,0.03561643835616438,201.24544811796213,0.33448504628476916,98.65698538942252,0.6622952035728774,6600.35,6631.96,0.03561643835616438,213.91445999260262,120.72596561532464,13.376927686938545,3.014848615061549,0.9904867052302629,3.0-4.0%,0.98-1.00,2025-09-17→2025-09-18
2025-09-17,2025-09-18,P,6550.0,0.03561643835616438,138.45437298431517,-0.6655149537154986,35.84641523853725,-0.33985777250507415,6600.35,6631.96,0.03561643835616438,117.47114241492436,26.235804571602785,11.186927686946692,0.8929041888852804,0.9904867052302629,3.0-4.0%,0.98-1.00,2025-09-17→2025-09-18
2025-09-17,2025-09-18,C,6555.0,0.03561643835616438,198.67575304105233,0.3310069358316934,94.90687269493901,0.6516108529266871,6600.35,6631.96,0.03561643835616438,208.36051628905005,116.66358131367724,13.236870758360268,3.102580938987625,0.9912428019518127,3.0-4.0%,0.98-1.00,2025-09-17→2025-09-18
2025-09-17,2025-09-18,P,6555.0,0.03561643835616438,140.87518090349573,-0.6689930641685873,37.146301486575794,-0.3506423886376379,6600.35,6631.96,0.03561643835616438,116.90614274372233,27.219360852245472,10.996870758368825,0.9338059048356211,0.9912428019518127,3.0-4.0%,0.98-1.00,2025-09-17→2025-09-18
2025-09-17,2025-09-18,C,6560.0,0.03561643835616438,203.30011290108214,0.34185596796851986,91.30675504426654,0.6403983991112914,6600.35,6631.96,0.03287671232876712,193.1480055716218,109.97585079352302,6.243932852515197,-3.1929933959077132,0.9919988986733626,3.0-4.0%,0.98-1.00,2025-09-17→2025-09-18
2025-09-17,2025-09-18,P,6560.0,0.03561643835616438,150.49004375961152,-0.6581440320317458,38.39618752958904,-0.3615046162613273,6600.35,6631.96,0.03287671232876712,108.51186783991542,26.366805826931795,7.853932852523272,-1.5228390799795584,0.9919988986733626,3.0-4.0%,0.98-1.00,2025-09-17→2025-09-18
2025-09-17,2025-09-18,C,6565.0,0.03561643835616438,195.5703424430041,0.32847386052618277,87.70663441499528,0.6290109802882029,6600.35,6631.96,0.03287671232876712,189.0723206294654,106.03343495849549,8.666941268767467,-0.83303708690989,0.9927549953949124,3.0-4.0%,0.98-1.00,2025-09-17→2025-09-18
2025-09-17,2025-09-18,P,6565.0,0.03561643835616438,147.75077629761063,-0.6715261394741323,39.79606690031733,-0.3728920350844169,6600.35,6631.96,0.03287671232876712,109.42652120741141,27.424389991904036,7.876941268777109,-1.5628827709817,0.9927549953949124,3.0-4.0%,0.98-1.00,2025-09-17→2025-09-18
2025-09-17,2025-09-18,C,6570.0,0.03561643835616438,184.89609943260243,0.3124599969124634,84.30650831914136,0.6170640849329904,6600.35,6631.96,0.03287671232876712,181.54169512458589,102.26570223865201,6.723139497597142,-2.9053957247316156,0.9935110921164622,3.0-4.0%,0.98-1.00,2025-09-17→2025-09-18
2025-09-17,2025-09-18,P,6570.0,0.03561643835616438,142.06703628328222,-0.6875400030878367,41.49593891869381,-0.3850177052492132,6600.35,6631.96,0.03287671232876712,106.88623401218649,28.74493144029293,7.63313949760629,-1.929590337072499,0.9935110921164622,3.0-4.0%,0.98-1.00,2025-09-17→2025-09-18
2025-09-17,2025-09-18,C,6575.0,0.03561643835616438,193.13613007691518,0.3265295723768384,80.806382393087,0.6051262779378712,6600.35,6631.96,0.03287671232876712,179.618564216172,98.40898625611862,5.978400217168243,-2.828041645615915,0.994267188838012,3.0-4.0%,0.98-1.00,2025-09-17→2025-09-18
2025-09-17,2025-09-18,P,6575.0,0.03561643835616438,155.29756992368846,-0.6734704276234337,43.04581235235992,-0.39701625913482075,6600.35,6631.96,0.03287671232876712,109.95344141342972,29.933237257941528,7.188400217176525,-1.5503160487484404,0.994267188838012,3.0-4.0%,0.98-1.00,2025-09-17→2025-09-18
2025-09-17,2025-09-18,C,6580.0,0.03561643835616438,189.8617728047477,0.3239723539661061,77.45625196824676,0.5927610345797575,6600.35,6631.96,0.03287671232876712,178.11103938851076,94.68440821761851,6.809233891131489,-1.687176303065943,0.9950232855595618,3.0-4.0%,0.98-1.00,2025-09-17→2025-09-18
2025-09-17,2025-09-18,P,6580.0,0.03561643835616438,157.01371564758892,-0.6760276460342586,44.695682245207536,-0.4093513883371044,6600.35,6631.96,0.03287671232876712,113.43625489543221,31.20959055225967,6.319233891142687,-2.1104026146642685,0.9950232855595618,3.0-4.0%,0.98-1.00,2025-09-17→2025-09-18
2025-09-17,2025-09-18,C,6585.0,0.03561643835616438,178.2132113473562,0.3038734519336493,74.15611894748827,0.5801495768055628,6600.35,6631.96,0.03287671232876712,170.1240345776358,91.00390104297458,6.994560184377439,-1.7385281228236558,0.9957793822811116,3.0-4.0%,0.98-1.00,2025-09-17→2025-09-18
2025-09-17,2025-09-18,P,6585.0,0.03561643835616438,150.3556571863159,-0.6961265480666379,46.245551432811226,-0.4217534385670571,6600.35,6631.96,0.03287671232876712,110.43958839421035,32.3948560763838,6.804560184386197,-1.8683738068954625,0.9957793822811116,3.0-4.0%,0.98-1.00,2025-09-17→2025-09-18
2025-09-17,2025-09-18,C,6590.0,0.03561643835616438,181.028453954769,0.30752767332804976,71.00598301576792,0.5671951541414849,6600.35,6631.96,0.03287671232876712,165.708726619582,87.45838432138044,6.379050246100443,-1.8290388224121585,0.9965354790026615,3.0-4.0%,0.98-1.00,2025-09-17→2025-09-18
2025-09-17,2025-09-18,P,6590.0,0.03561643835616438,158.16140278977022,-0.6924723266722654,48.09541550109179,-0.4347078612311349,6600.35,6631.96,0.03287671232876712,111.01461874580224,33.849339354788754,6.039050246110083,-2.108884506483969,0.9965354790026615,3.0-4.0%,0.98-1.00,2025-09-17→2025-09-18
2025-09-17,2025-09-18,C,6595.0,0.03561643835616438,184.34076094208947,0.3168928434939153,67.85584380841783,0.5540779361599597,6600.35,6631.96,0.03287671232876712,166.13937172404096,83.91285313540448,5.533017217157454,-1.964403562016134,0.9972915757242112,3.0-4.0%,0.98-1.00,2025-09-17→2025-09-18
2025-09-17,2025-09-18,P,6595.0,0.03561643835616438,166.46421277316608,-0.6831071565064235,49.9452762937417,-0.4478250792126605,6600.35,6631.96,0.03287671232876712,116.43560215992666,35.30380816881325,5.343017217167823,-2.094249246087948,0.9972915757242112,3.0-4.0%,0.98-1.00,2025-09-17→2025-09-18
2025-09-17,2025-09-18,C,6600.0,0.03561643835616438,174.61659089410716,0.2996483572244568,64.75570325652097,0.540738981166933,6600.35,6631.96,0.03287671232876712,160.38848710291353,80.41250023095608,5.57811542813503,-2.042759194686564,0.9980476724457611,3.0-4.0%,0.98-1.00,2025-09-17→2025-09-18
2025-09-17,2025-09-18,P,6600.0,0.03561643835616438,161.73054572129612,-0.7003516427758217,51.84513574184302,-0.46116403420568686,6600.35,6631.96,0.03287671232876712,115.67505584843894,36.80345526436395,5.238115428143498,-2.322604878758389,0.9980476724457611,3.0-4.0%,0.98-1.00,2025-09-17→2025-09-18
2025-09-17,2025-09-18,C,6605.0,0.03561643835616438,165.02910729435456,0.28569066555690453,61.755560068800605,0.5271630772874741,6600.35,6631.96,0.03287671232876712,153.4765394911115,77.00384218497766,5.569318061746335,-2.0636248730568916,0.998803769167311,3.0-4.0%,0.98-1.00,2025-09-17→2025-09-18
2025-09-17,2025-09-18,P,6605.0,0.03561643835616438,157.13356511762163,-0.7143093344433826,53.84499255412402,-0.4747399380851464,6600.35,6631.96,0.03287671232876712,113.75344654630615,38.39479721838734,5.329318061755092,-2.2434705571286777,0.998803769167311,3.0-4.0%,0.98-1.00,2025-09-17→2025-09-18
2025-09-17,2025-09-18,C,6610.0,0.03561643835616438,178.97740603295105,0.30878496911465586,58.75541478109653,0.5133915214783402,6600.35,6631.96,0.03287671232876712,153.05630390168568,73.59451366885833,4.389307126285836,-2.0783059939301616,0.9995598658888607,3.0-4.0%,0.98-1.00,2025-09-17→2025-09-18
2025-09-17,2025-09-18,P,6610.0,0.03561643835616438,176.0723668522863,-0.6912150308856292,55.74484733563713,-0.4885049068526413,6600.35,6631.96,0.03287671232876712,118.3235492665331,39.89195669395713,4.249307126294511,-2.1583598943881697,0.9995598658888607,3.0-4.0%,0.98-1.00,2025-09-17→2025-09-18
2025-09-17,2025-09-18,C,6615.0,0.03561643835616438,174.5898362760207,0.3024684427030635,55.955267458560684,0.49942269105873055,6600.35,6631.96,0.03287671232876712,150.03074721627306,70.37200253699211,3.9889725261562585,-2.236751264366312,1.0003159626104106,3.0-4.0%,1.00-1.02,2025-09-17→2025-09-18
2025-09-17,2025-09-18,P,6615.0,0.03561643835616438,176.67530009140575,-0.6975315572973271,58.04469994388273,-0.5024803243138901,6600.35,6631.96,0.03287671232876712,120.28833089076745,41.76295757039952,4.148972526168283,-2.016596948438096,1.0003159626104106,3.0-4.0%,1.00-1.02,2025-09-17→2025-09-18
2025-09-17,2025-09-18,C,6620.0,0.03561643835616438,163.43420853456288,0.28388695332722175,53.25511876792689,0.4853237578313112,6600.35,6631.96,0.03287671232876712,141.4094164177332,67.24470121402464,4.076333405326626,-2.2910839850475764,1.0010720593319604,3.0-4.0%,1.00-1.02,2025-09-17→2025-09-18
2025-09-17,2025-09-18,P,6620.0,0.03561643835616438,170.51017534607465,-0.7161130466730719,60.24455080172993,-0.516622039757104,6600.35,6631.96,0.03287671232876712,116.65733840189873,43.54066064558674,4.236333405335568,-2.0695773232781107,1.0010720593319604,3.0-4.0%,1.00-1.02,2025-09-17→2025-09-18
2025-09-17,2025-09-18,C,6625.0,0.03561643835616438,171.7687014387654,0.2963356750599059,50.554968363406715,0.4710643154357317,6600.35,6631.96,0.03287671232876712,139.60707442407482,64.11806617823413,3.1828293113564765,-2.34034301092332,1.0018281560535103,3.0-4.0%,1.00-1.02,2025-09-17→2025-09-18
2025-09-17,2025-09-18,P,6625.0,0.03561643835616438,183.8351712463501,-0.7036643249403511,62.54440012743453,-0.5309070537818686,6600.35,6631.96,0.03287671232876712,119.84533471788387,45.41326749442305,3.3428293113642695,-2.1180280299553047,1.0018281560535103,3.0-4.0%,1.00-1.02,2025-09-17→2025-09-18
2025-09-17,2025-09-18,C,6630.0,0.03561643835616438,174.52444545542892,0.30328669723973734,47.95481671718244,0.4566993355956546,6600.35,6631.96,0.03287671232876712,139.38648615709323,61.08753824173618,2.3631075002519975,-2.4862659981784976,1.00258425277506,3.0-4.0%,1.00-1.02,2025-09-17→2025-09-18
2025-09-17,2025-09-18,P,6630.0,0.03561643835616438,191.58141825906498,-0.6967133027606381,64.84424720105699,-0.5453929356770396,6600.35,6631.96,0.03287671232876712,124.61508476056562,47.28543920288712,2.0731075002635535,-2.7101293032489444,1.00258425277506,3.0-4.0%,1.00-1.02,2025-09-17→2025-09-18
2025-09-17,2025-09-18,C,6635.0,0.03561643835616438,164.3966683187455,0.28463981683208295,45.404664439837234,0.4422065388623163,6600.35,6631.96,0.03287671232876712,132.85871295251076,58.105667922283374,2.452535389937946,-2.5281486934376787,1.0033403494966098,3.0-4.0%,1.00-1.02,2025-09-17→2025-09-18
2025-09-17,2025-09-18,P,6635.0,0.03561643835616438,186.4441441184768,-0.7153601831682795,67.39409561113962,-0.5598177559369246,6600.35,6631.96,0.03287671232876712,123.07764986564126,49.39930867343719,2.312535389949076,-2.604160734834,1.0033403494966098,3.0-4.0%,1.00-1.02,2025-09-17→2025-09-18
2025-09-17,2025-09-18,C,6640.0,0.03561643835616438,160.46000094187934,0.2794301915764592,42.854508977952264,0.42750989261352823,6600.35,6631.96,0.03287671232876712,126.8988088715242,55.12341840199042,2.1672116442682157,-2.513587705513487,1.0040964462181596,3.0-4.0%,1.00-1.02,2025-09-17→2025-09-18
2025-09-17,2025-09-18,P,6640.0,0.03561643835616438,187.49797973772618,-0.7205698084237591,69.94394146327522,-0.5743931227590932,6600.35,6631.96,0.03287671232876712,122.10808409431456,51.51437343539965,1.9272116442748022,-2.693433389585241,1.0040964462181596,3.0-4.0%,1.00-1.02,2025-09-17→2025-09-18
2025-09-17,2025-09-18,C,6645.0,0.03561643835616438,173.61045098211318,0.30152237391028414,40.55435600715009,0.4130067122897033,6600.35,6631.96,0.03287671232876712,128.1357862411118,52.38689751591346,0.9188777606960201,-2.6051421754773845,1.0048525429397095,3.0-4.0%,1.00-1.02,2025-09-17→2025-09-18
2025-09-17,2025-09-18,P,6645.0,0.03561643835616438,205.6389327740257,-0.6984776260899836,72.49378569364444,-0.589161620617576,6600.35,6631.96,0.03287671232876712,128.33539977353982,53.62944767278805,0.7788777607041588,-2.6766011722786125,1.0048525429397095,3.0-4.0%,1.00-1.02,2025-09-17→2025-09-18
2025-09-17,2025-09-18,C,6650.0,0.03561643835616438,168.95311569878044,0.29364147709159844,38.40420467218473,0.3986582598201918,6600.35,6631.96,0.03287671232876712,124.11098140057562,49.801259692806525,0.4679929091346633,-2.8515875929161396,1.0056086396612594,3.0-4.0%,1.00-1.02,2025-09-17→2025-09-18
2025-09-17,2025-09-18,P,6650.0,0.03561643835616438,205.97210048676286,-0.7063585229087146,75.24363175743201,-0.603756704583641,6600.35,6631.96,0.03287671232876712,129.30093324268964,55.94282561871614,0.27799290914423835,-2.965250568111305,1.0056086396612594,3.0-4.0%,1.00-1.02,2025-09-17→2025-09-18
2025-09-17,2025-09-18,C,6655.0,0.03561643835616438,158.59935923876483,0.27682064209249896,36.10404855135221,0.3838514254209076,6600.35,6631.96,0.03287671232876712,116.66396322353897,47.06729246989926,0.5996995034562005,-2.783543557554763,1.006364736382809,3.0-4.0%,1.00-1.02,2025-09-17→2025-09-18
2025-09-17,2025-09-18,P,6655.0,0.03561643835616438,200.60884702284383,-0.7231793579077882,78.04347733446912,-0.6184028670141336,6600.35,6631.96,0.03287671232876712,126.84425337529703,58.307341419028944,0.5096995034649545,-2.802285373683432,1.006364736382809,3.0-4.0%,1.00-1.02,2025-09-17→2025-09-18
2025-09-17,2025-09-18,C,6660.0,0.03561643835616438,169.5393325099429,0.2944013206083517,34.003895928135535,0.3693294262228844,6600.35,6631.96,0.03287671232876712,116.49392939181189,44.534960880376275,-0.40602574442990225,-2.7745031629052566,1.0071208331043588,3.0-4.0%,1.00-1.02,2025-09-17→2025-09-18
2025-09-17,2025-09-18,P,6660.0,0.03561643835616438,216.53932329009223,-0.7055986793919441,80.94332427809968,-0.6329689674850665,6600.35,6631.96,0.03287671232876712,131.6645578532177,60.77373400812803,-0.6460257444208821,-2.941850937797259,1.0071208331043588,3.0-4.0%,1.00-1.02,2025-09-17→2025-09-18
2025-09-17,2025-09-18,C,6665.0,0.03561643835616438,171.01359315748854,0.29787301062654425,32.00374346783519,0.35493169729269514,6600.35,6631.96,0.03287671232876712,116.27254060947428,42.10580191497229,-1.1157658659049687,-2.9193909514219794,1.0078769298259087,3.0-4.0%,1.00-1.02,2025-09-17→2025-09-18
2025-09-17,2025-09-18,P,6665.0,0.03561643835616438,223.00408693371742,-0.7021269893737386,83.94317131285698,-0.6474112249094701,6600.35,6631.96,0.03287671232876712,136.43350738053743,63.34328981189037,-1.255765865896354,-2.9853311806118654,1.0078769298259087,3.0-4.0%,1.00-1.02,2025-09-17→2025-09-18
2025-09-17,2025-09-18,C,6670.0,0.03561643835616438,161.022930424876,0.2792946345205924,30.15359508857364,0.34086405332733105,6600.35,6631.96,0.03287671232876712,110.23459960031448,39.83269200878203,-1.078503397195833,-3.0247127256768227,1.0086330265474586,3.0-4.0%,1.00-1.02,2025-09-17→2025-09-18
2025-09-17,2025-09-18,P,6670.0,0.03561643835616438,218.00392719720426,-0.7207053654797012,86.99301905169068,-0.6618468296254825,6600.35,6631.96,0.03287671232876712,135.38590468103158,65.96571816578535,-1.1185033971868776,-2.979021715538714,1.0086330265474586,3.0-4.0%,1.00-1.02,2025-09-17→2025-09-18
2025-09-17,2025-09-18,C,6675.0,0.03561643835616438,158.51023514277028,0.27654809698482474,28.253443667397732,0.32651356423921657,6600.35,6631.96,0.03287671232876712,105.6753623949561,37.51022962184743,-1.49168534569022,-3.0710937656015282,1.0093891232690084,3.0-4.0%,1.00-1.02,2025-09-17→2025-09-18
2025-09-17,2025-09-18,P,6675.0,0.03561643835616438,220.4817349111817,-0.7234519030154689,90.79289276153486,-0.673816462354051,6600.35,6631.96,0.03287671232876712,135.81700578532121,69.36895587658955,-2.2316853456812744,-3.8006616249886775,1.0093891232690084,3.0-4.0%,1.00-1.02,2025-09-17→2025-09-18
