asof0,asof1,cp,K,T,price0_pde,delta0_pde,price0_bsm,delta0_bsm,S0,S1,T1,price1_pde,price1_bsm,pnl_pde,pnl_bsm,m,T_bucket,m_bucket,pair
2025-09-18,2025-09-19,C,6575.0,0.010958904109589041,126.1329144849264,0.21530104176575954,73.55000002144152,0.807788805590335,6631.96,6664.360000000001,0.03561643835616438,186.6863986896397,131.927500268127,36.974246246789264,17.777642698872697,0.9901586512759116,1.0-2.0%,0.98-1.00,2025-09-18→2025-09-19
2025-09-18,2025-09-19,P,6575.0,0.010958904109589041,60.86548340071689,-0.7846989582342179,8.350000010060512,-0.19514552816069297,6631.96,6664.360000000001,0.03561643835616438,93.33170344131696,15.401692827091438,42.12424624678909,23.022715112406562,0.9901586512759116,1.0-2.0%,0.98-1.00,2025-09-18→2025-09-19
2025-09-18,2025-09-19,C,6580.0,0.010958904109589041,121.42283104589727,0.20559195649181217,69.00000000005639,0.7952664098028672,6631.96,6664.360000000001,0.03561643835616438,182.3586791515563,126.92574499523653,37.83882060966518,18.733368322386667,0.9909116236342963,1.0-2.0%,0.98-1.00,2025-09-18→2025-09-19
2025-09-18,2025-09-19,P,6580.0,0.010958904109589041,61.14908252360377,-0.7944080435081095,8.900000000013733,-0.20869505183484413,6631.96,6664.360000000001,0.03561643835616438,94.00094611215913,15.571376724679567,42.83882060966318,23.861719679449067,0.9909116236342963,1.0-2.0%,0.98-1.00,2025-09-18→2025-09-19
2025-09-18,2025-09-19,C,6585.0,0.010958904109589041,115.9629661736363,0.19781014452205387,64.74999964712515,0.7788825018984665,6631.96,6664.360000000001,0.03561643835616438,176.89481776050408,122.37691713350341,38.34095131748535,19.51420693848926,0.9916645959926811,1.0-2.0%,0.98-1.00,2025-09-18→2025-09-19
2025-09-18,2025-09-19,P,6585.0,0.010958904109589041,60.682900213255394,-0.8021898554779385,9.549999773113996,-0.22391975727855992,6631.96,6664.360000000001,0.03561643835616438,93.53404693005113,15.838208316957662,43.390951317485644,24.65500013582546,0.9916645959926811,1.0-2.0%,0.98-1.00,2025-09-18→2025-09-19
2025-09-18,2025-09-19,C,6590.0,0.010958904109589041,112.58757712101817,0.19293494816944595,60.39999999844895,0.7629008017111466,6631.96,6664.360000000001,0.00821917808219178,104.62869848339807,83.46315536333532,6.498907679309853,-11.967985975441557,0.9924175683510658,1.0-2.0%,0.98-1.00,2025-09-18→2025-09-19
2025-09-18,2025-09-19,P,6590.0,0.010958904109589041,62.301193722549904,-0.8070650518305169,10.249999999206238,-0.24031286657457934,6631.96,6664.360000000001,0.00821917808219178,33.58881620801487,2.8764990161851074,18.04890767930919,-0.3138631229834976,0.9924175683510658,1.0-2.0%,0.98-1.00,2025-09-18→2025-09-19
2025-09-18,2025-09-19,C,6595.0,0.010958904109589041,108.65462021896235,0.18611437206924875,56.20000013270692,0.7447033616672853,6631.96,6664.360000000001,0.00821917808219178,99.91745736458655,78.75247621359631,8.16989434495624,-9.928388918020449,0.9931705407094505,1.0-2.0%,0.98-1.00,2025-09-18→2025-09-19
2025-09-18,2025-09-19,P,6595.0,0.010958904109589041,63.36191938240144,-0.813885627930689,11.00000009321684,-0.25793444133999105,6631.96,6664.360000000001,0.00821917808219178,33.88009414666669,3.1442071684357416,17.719894344954767,-0.2929241005841501,0.9931705407094505,1.0-2.0%,0.98-1.00,2025-09-18→2025-09-19
2025-09-18,2025-09-19,C,6600.0,0.010958904109589041,102.18606455142695,0.17524350903033462,52.05000000061409,0.7252555388379623,6631.96,6664.360000000001,0.00821917808219178,94.1046744201204,74.06447190421932,5.922110307417071,-11.898279458350366,0.9939235130678352,1.0-2.0%,0.98-1.00,2025-09-18→2025-09-19
2025-09-18,2025-09-19,P,6600.0,0.010958904109589041,61.88704627678621,-0.8247564909696422,11.900000000371847,-0.27770549433895564,6631.96,6664.360000000001,0.00821917808219178,33.06983025966687,3.48427905435085,17.422110307416858,-0.30234198341768703,0.9939235130678352,1.0-2.0%,0.98-1.00,2025-09-18→2025-09-19
2025-09-18,2025-09-19,C,6605.0,0.010958904109589041,98.93340642262635,0.1704169804877445,48.149999999999636,0.7029089229173792,6631.96,6664.360000000001,0.00821917808219178,96.37292941871625,69.50413973475406,5.178489832196988,-12.074249102523467,0.99467648542622,1.0-2.0%,0.98-1.00,2025-09-18→2025-09-19
2025-09-18,2025-09-19,P,6605.0,0.010958904109589041,63.62807070989794,-0.8295830195122473,12.900000000000318,-0.2991243321894922,6631.96,6664.360000000001,0.00821917808219178,40.34060431571097,3.8749764430349387,16.828489832197267,-0.35837163706029074,0.99467648542622,1.0-2.0%,0.98-1.00,2025-09-18→2025-09-19
2025-09-18,2025-09-19,C,6610.0,0.010958904109589041,95.36411570821713,0.16502312459636212,44.2499999521533,0.6797699133856521,6631.96,6664.360000000001,0.00821917808219178,93.34140584765822,64.94554662693918,4.5532507630777825,-12.124545193695493,0.9954294577846047,1.0-2.0%,0.98-1.00,2025-09-18→2025-09-19
2025-09-18,2025-09-19,P,6610.0,0.010958904109589041,65.05246255740323,-0.8349768754035858,13.899999952153848,-0.32149517265226074,6631.96,6664.360000000001,0.00821917808219178,42.31159980210969,4.263304440089655,16.353250763076637,-0.28355640606657495,0.9954294577846047,1.0-2.0%,0.98-1.00,2025-09-18→2025-09-19
2025-09-18,2025-09-19,C,6615.0,0.010958904109589041,89.76845234161429,0.15459167943554267,40.44999999972606,0.6549858950253074,6631.96,6664.360000000001,0.00821917808219178,87.7625152580438,60.44161310463551,4.0912295862883274,-12.12154299882032,0.9961824301429894,1.0-2.0%,0.98-1.00,2025-09-18→2025-09-19
2025-09-18,2025-09-19,P,6615.0,0.010958904109589041,64.45048175270944,-0.8454083205643795,15.099999999725696,-0.34627919101260835,6631.96,6664.360000000001,0.00821917808219178,41.73522826995051,4.759370917785645,15.791229586286358,-0.38055421119130095,0.9961824301429894,1.0-2.0%,0.98-1.00,2025-09-18→2025-09-19
2025-09-18,2025-09-19,C,6620.0,0.010958904109589041,85.18597594333524,0.14786363797701044,36.75000009948599,0.6285391708732657,6631.96,6664.360000000001,0.00821917808219178,85.92488044679416,55.994058005721854,3.409218129544784,-12.164669136294151,0.9969354025013741,1.0-2.0%,0.98-1.00,2025-09-18→2025-09-19
2025-09-18,2025-09-19,P,6620.0,0.010958904109589041,64.86168791634363,-0.8521363620229203,16.40000009948517,-0.3727259151646474,6631.96,6664.360000000001,0.00821917808219178,44.900112516153534,5.311815818873356,15.109218129543086,-0.42368034866521853,0.9969354025013741,1.0-2.0%,0.98-1.00,2025-09-18→2025-09-19
2025-09-18,2025-09-19,C,6625.0,0.010958904109589041,81.8366055173843,0.1428652163140193,33.25000000053433,0.5999988295754958,6631.96,6664.360000000001,0.00821917808219178,88.19577590048576,51.66665470908174,2.5711669914256996,-12.23996207824639,0.9976883748597588,1.0-2.0%,0.98-1.00,2025-09-18→2025-09-19
2025-09-18,2025-09-19,P,6625.0,0.010958904109589041,66.50600005230774,-0.8571347836859441,17.90000000053351,-0.40126625646241754,6631.96,6664.360000000001,0.00821917808219178,52.17352702729584,5.984412522233015,14.221166991425056,-0.548973290617452,0.9976883748597588,1.0-2.0%,0.98-1.00,2025-09-18→2025-09-19
2025-09-18,2025-09-19,C,6630.0,0.010958904109589041,77.6811926045495,0.13532801084700952,29.90000000000009,0.569784441615211,6631.96,6664.360000000001,0.00821917808219178,83.28787000204933,47.436161138635725,1.7653724485568167,-12.31101590833315,0.9984413472181436,1.0-2.0%,0.98-1.00,2025-09-18→2025-09-19
2025-09-18,2025-09-19,P,6630.0,0.010958904109589041,67.34426970138621,-0.8646719891529699,19.550000000000637,-0.43148064442270423,6631.96,6664.360000000001,0.00821917808219178,52.268140186307086,6.7539189517860905,13.415372448556695,-0.6200271207041492,0.9984413472181436,1.0-2.0%,0.98-1.00,2025-09-18→2025-09-19
2025-09-18,2025-09-19,C,6635.0,0.010958904109589041,71.36938986564759,0.12535433295120588,26.699999994515565,0.5380098384614281,6631.96,6664.360000000001,0.00821917808219178,77.28130410293718,43.30790766139762,0.9885196123808617,-12.381518766150563,0.9991943195765283,1.0-2.0%,0.98-1.00,2025-09-18→2025-09-19
2025-09-18,2025-09-19,P,6635.0,0.010958904109589041,66.02614952439744,-0.8746456670487399,21.3499999945152,-0.4632552475764855,6631.96,6664.360000000001,0.00821917808219178,51.264093344657525,7.625665474548441,12.638519612379648,-0.6905299785216172,0.9991943195765283,1.0-2.0%,0.98-1.00,2025-09-18→2025-09-19
2025-09-18,2025-09-19,C,6640.0,0.010958904109589041,68.18080207039887,0.12044174400004379,23.699999999969805,0.5047770016824996,6631.96,6664.360000000001,0.00821917808219178,84.01535546032657,39.32326150332665,-0.0023125056014823286,-12.45477485451326,0.999947291934913,1.0-2.0%,0.98-1.00,2025-09-18→2025-09-19
2025-09-18,2025-09-19,P,6640.0,0.010958904109589041,67.83124429106091,-0.8795582559999309,23.34999999996944,-0.49648808435541397,6631.96,6664.360000000001,0.00821917808219178,63.000663759503084,8.641019316478832,11.647687494398237,-0.7637860668843182,0.999947291934913,1.0-2.0%,0.98-1.00,2025-09-18→2025-09-19
2025-09-18,2025-09-19,C,6645.0,0.010958904109589041,64.62890635710554,0.11478646914893775,20.899999998125168,0.4703984147298463,6631.96,6664.360000000001,0.00821917808219178,80.90503347773902,35.49283267953524,-1.0690816004256436,-12.590908637247274,1.0007002642932978,1.0-2.0%,1.00-1.02,2025-09-18→2025-09-19
2025-09-18,2025-09-19,P,6645.0,0.010958904109589041,69.27303113968195,-0.885213530851031,25.549999998123894,-0.5308666713080671,6631.96,6664.360000000001,0.00821917808219178,64.8928608343671,9.810590492686288,10.68091839957389,-0.7999198496183375,1.0007002642932978,1.0-2.0%,1.00-1.02,2025-09-18→2025-09-19
2025-09-18,2025-09-19,C,6650.0,0.010958904109589041,58.3603889244104,0.1038205868058565,18.300000000000182,0.4352013035220753,6631.96,6664.360000000001,0.00821917808219178,75.26228517809426,31.827690215508483,-1.8137870125098066,-12.550522234115476,1.0014532366516824,1.0-2.0%,1.00-1.02,2025-09-18→2025-09-19
2025-09-18,2025-09-19,P,6650.0,0.010958904109589041,67.99819626889945,-0.8961794131941155,27.950000000000273,-0.5660637825158387,6631.96,6664.360000000001,0.00821917808219178,64.25263159216045,11.145448028659757,9.986212987489836,-0.709533446486514,1.0014532366516824,1.0-2.0%,1.00-1.02,2025-09-18→2025-09-19
2025-09-18,2025-09-19,C,6655.0,0.010958904109589041,54.78074678083731,0.09832717735913321,15.900000001391163,0.3995282910956279,6631.96,6664.360000000001,0.00821917808219178,78.24063297589558,28.339317875244888,-2.6858005464359715,-12.444716631498563,1.0022062090100672,1.0-2.0%,1.00-1.02,2025-09-18→2025-09-19
2025-09-18,2025-09-19,P,6655.0,0.010958904109589041,69.41223668723963,-0.9016728226408415,30.550000001391254,-0.601736794942286,6631.96,6664.360000000001,0.00821917808219178,72.23349844742454,12.657075688395707,9.064199453563756,-0.6537278438696035,1.0022062090100672,1.0-2.0%,1.00-1.02,2025-09-18→2025-09-19
2025-09-18,2025-09-19,C,6660.0,0.010958904109589041,51.55323279426065,0.09330272684653977,13.699999999991178,0.3637402255287296,6631.96,6664.360000000001,0.00821917808219178,80.6734859671926,25.039619937423595,-3.423008349827938,-12.185183307131036,1.002959181368452,1.0-2.0%,1.00-1.02,2025-09-18→2025-09-19
2025-09-18,2025-09-19,P,6660.0,0.010958904109589041,71.17840526257649,-0.9066972731534397,33.34999999999127,-0.6375248605091851,6631.96,6664.360000000001,0.00821917808219178,79.66887049617824,14.357377750574415,8.32699165017194,-0.3941945195020544,1.002959181368452,1.0-2.0%,1.00-1.02,2025-09-18→2025-09-19
2025-09-18,2025-09-19,C,6665.0,0.010958904109589041,47.540330168157226,0.0853008900743894,11.749999980635039,0.3286360043800932,6631.96,6664.360000000001,0.00821917808219178,75.91897528570335,21.98865375569767,-4.0137488384102635,-11.8978065419152,1.0037121537268365,1.0-2.0%,1.00-1.02,2025-09-18→2025-09-19
2025-09-18,2025-09-19,P,6665.0,0.010958904109589041,72.15918519838763,-0.9146991099256163,36.64999998689018,-0.6705851412675554,6631.96,6664.360000000001,0.00821917808219178,79.91687887214843,16.5444442199896,7.48625116159047,-0.4230414229308366,1.0037121537268365,1.0-2.0%,1.00-1.02,2025-09-18→2025-09-19
2025-09-18,2025-09-19,C,6670.0,0.010958904109589041,42.06864326130062,0.0770896967127138,10.00000000000432,0.29440568012390916,6631.96,6664.360000000001,0.00821917808219178,69.96273835750945,19.157186658792853,-4.29770617349197,-11.338744036014818,1.0044651260852213,1.0-2.0%,1.00-1.02,2025-09-18→2025-09-19
2025-09-18,2025-09-19,P,6670.0,0.010958904109589041,71.68118085344187,-0.9229103032872245,38.65000000012515,-0.7175877908145986,6631.96,6664.360000000001,0.00821917808219178,78.96316100141662,17.45909848345127,8.452293826506569,1.7998444223933774,1.0044651260852213,1.0-2.0%,1.00-1.02,2025-09-18→2025-09-19
2025-09-18,2025-09-19,C,6675.0,0.010958904109589041,39.077573251889795,0.07226231909979043,8.40000007763274,0.26090606447073034,6631.96,6664.360000000001,0.00821917808219178,80.62442789416559,16.506146963558876,-4.491299138833249,-10.603356488851803,1.005218098443606,1.0-2.0%,1.00-1.02,2025-09-18→2025-09-19
2025-09-18,2025-09-19,P,6675.0,0.010958904109589041,73.68379340594177,-0.927737680900127,43.35000003103596,-0.7367750819974463,6631.96,6664.360000000001,0.00821917808219178,94.6273695955143,21.142166520177398,6.958700861164619,0.7715126567176611,1.005218098443606,1.0-2.0%,1.00-1.02,2025-09-18→2025-09-19
2025-09-18,2025-09-19,C,6680.0,0.010958904109589041,35.81385359748412,0.06672761612041715,7.049999920110622,0.22975751570112965,6631.96,6664.360000000001,0.00821917808219178,77.77830507533608,14.15402946697077,-4.561974762301553,-9.844143508716726,1.0059710708019909,1.0-2.0%,1.00-1.02,2025-09-18→2025-09-19
2025-09-18,2025-09-19,P,6680.0,0.010958904109589041,75.41375631345274,-0.9332723838795485,46.94999997292052,-0.7680316167213822,6631.96,6664.360000000001,0.00821917808219178,96.78376583413554,23.751253518741578,6.938025237697875,1.584224381773197,1.0059710708019909,1.0-2.0%,1.00-1.02,2025-09-18→2025-09-19
2025-09-18,2025-09-19,C,6685.0,0.010958904109589041,30.44179518001041,0.056738526647550094,5.950000001681246,0.2018088018442662,6631.96,6664.360000000001,0.00821917808219178,72.3090946390731,12.125323022203702,-4.388328263380654,-9.088605179754333,1.0067240431603754,1.0-2.0%,1.00-1.02,2025-09-18→2025-09-19
2025-09-18,2025-09-19,P,6685.0,0.010958904109589041,75.03538045788659,-0.9432614733523493,50.75000000055388,-0.797086842327696,6631.96,6664.360000000001,0.00821917808219178,96.31707445532071,26.619127512142768,5.511671736616634,0.7756136914177851,1.0067240431603754,1.0-2.0%,1.00-1.02,2025-09-18→2025-09-19
2025-09-18,2025-09-19,C,6690.0,0.010958904109589041,27.56905676005865,0.05241083744827336,4.899999933252957,0.1743639935058923,6631.96,6664.360000000001,0.00821917808219178,77.14086588156741,10.198164351860214,-4.148111133324086,-8.099393389591006,1.0074770155187602,1.0-2.0%,1.00-1.02,2025-09-18→2025-09-19
2025-09-18,2025-09-19,P,6690.0,0.010958904109589041,77.15632459985211,-0.9475891625516719,54.74999998851854,-0.8233468583093041,6631.96,6664.360000000001,0.00821917808219178,106.15136475527657,29.76209780206227,7.401888866674685,3.3764382092219023,1.0074770155187602,1.0-2.0%,1.00-1.02,2025-09-18→2025-09-19
2025-09-18,2025-09-19,C,6695.0,0.010958904109589041,24.73623635411794,0.04768700528167016,4.050000259233343,0.15018533675000095,6631.96,6664.360000000001,0.00821917808219178,79.27333128154332,8.558155782513495,-3.845058971126139,-7.166004910700113,1.008229987877145,1.0-2.0%,1.00-1.02,2025-09-18→2025-09-19
2025-09-18,2025-09-19,P,6695.0,0.010958904109589041,79.31718675582535,-0.9523129947182845,58.85000004510675,-0.8481176479745824,6631.96,6664.360000000001,0.00821917808219178,113.2863492127128,33.06901745432424,7.754941028872935,4.379011794376932,1.008229987877145,1.0-2.0%,1.00-1.02,2025-09-18→2025-09-19
2025-09-18,2025-09-19,C,6700.0,0.010958904109589041,21.448598155768668,0.04069013006605394,3.3000000035449375,0.12778268024692635,6631.96,6664.360000000001,0.00821917808219178,74.63037233458302,7.0883693886128185,-3.3933602141401695,-6.215158840000484,1.0089829602355298,1.0-2.0%,1.00-1.02,2025-09-18→2025-09-19
2025-09-18,2025-09-19,P,6700.0,0.010958904109589041,81.02323111939089,-0.959309869933946,63.15000000002692,-0.8691511718543652,6631.96,6664.360000000001,0.00821917808219178,113.64590932320135,36.67427546308227,8.181639785860373,5.260497968081907,1.0089829602355298,1.0-2.0%,1.00-1.02,2025-09-18→2025-09-19
2025-09-18,2025-09-19,C,6705.0,0.010958904109589041,17.44759517826159,0.034266796607166874,2.70000000026414,0.10851703738901,6631.96,6664.360000000001,0.00821917808219178,68.7949518704726,5.860899851964632,-2.9602442100722257,-5.365952011403984,1.0097359325939144,1.0-2.0%,1.00-1.02,2025-09-18→2025-09-19
2025-09-18,2025-09-19,P,6705.0,0.010958904109589041,82.0159107037946,-0.9657332033927422,67.1500001653585,-0.8976442009523307,6631.96,6664.360000000001,0.00821917808219178,112.81300791655715,39.895040639762556,8.989755789925368,6.783672110855999,1.0097359325939144,1.0-2.0%,1.00-1.02,2025-09-18→2025-09-19
2025-09-18,2025-09-19,C,6575.0,0.0136986301369863,130.45779191654918,0.21895783219210085,77.64976428042792,0.7750297864486243,6631.96,6664.360000000001,0.03561643835616438,186.6863986896397,130.44055516858407,32.75576623697581,14.739034919064142,0.990069237291493,1.0-2.0%,0.98-1.00,2025-09-18→2025-09-19
2025-09-18,2025-09-19,P,6575.0,0.0136986301369863,64.59737086423625,-0.7810421678078824,11.800068970031816,-0.2271543327551779,6631.96,6664.360000000001,0.03561643835616438,93.33170344131696,17.72426122320894,38.55576623697581,20.60980038126789,0.990069237291493,1.0-2.0%,0.98-1.00,2025-09-18→2025-09-19
2025-09-18,2025-09-19,C,6580.0,0.0136986301369863,125.82666098608735,0.20977085331178688,73.34976851991996,0.7614393887361994,6631.96,6664.360000000001,0.03561643835616438,182.3586791515563,125.79648084702603,33.353424352698,15.479363804946729,0.9908221416544523,1.0-2.0%,0.98-1.00,2025-09-18→2025-09-19
2025-09-18,2025-09-19,P,6580.0,0.0136986301369863,64.9594715527499,-0.7902291466881781,12.60007341480582,-0.24149673339790995,6631.96,6664.360000000001,0.03561643835616438,94.00094611215913,18.23209262437308,39.0034243526974,21.224494162092412,0.9908221416544523,1.0-2.0%,0.98-1.00,2025-09-18→2025-09-19
2025-09-18,2025-09-19,C,6585.0,0.0136986301369863,120.52013386648649,0.20213427480285323,67.79976978229024,0.7572890452072355,6631.96,6664.360000000001,0.03561643835616438,176.89481776050408,119.19483272655634,35.15084949638745,17.16383493528516,0.9915750460174115,1.0-2.0%,0.98-1.00,2025-09-18→2025-09-19
2025-09-18,2025-09-19,P,6585.0,0.0136986301369863,64.64617605211522,-0.7978657251971252,13.40007805790924,-0.25629165429415524,6631.96,6664.360000000001,0.03561643835616438,93.53404693005113,18.67208307707142,39.40084949638729,21.85384959913077,0.9915750460174115,1.0-2.0%,0.98-1.00,2025-09-18→2025-09-19
2025-09-18,2025-09-19,C,6590.0,0.0136986301369863,117.03086899852156,0.19703557285295456,65.04977794920978,0.7304338107606917,6631.96,6664.360000000001,0.010958904109589041,116.43087707383182,86.97421531923646,5.266047439564142,-12.016055468646833,0.9923279503803709,1.0-2.0%,0.98-1.00,2025-09-18→2025-09-19
2025-09-18,2025-09-19,P,6590.0,0.0136986301369863,66.15014280312393,-0.8029644271469987,14.300082790021861,-0.2723286055407971,6631.96,6664.360000000001,0.010958904109589041,44.809927360336296,5.50876304365147,16.866047439563197,-0.32655318047802595,0.9923279503803709,1.0-2.0%,0.98-1.00,2025-09-18→2025-09-19
2025-09-18,2025-09-19,C,6595.0,0.0136986301369863,113.06565107267708,0.1903078485590474,59.999781039010486,0.7202616424532168,6631.96,6664.360000000001,0.010958904109589041,111.68815591593528,81.81932588926247,7.484025706686766,-9.686477215484611,0.9930808547433302,1.0-2.0%,0.98-1.00,2025-09-18→2025-09-19
2025-09-18,2025-09-19,P,6595.0,0.0136986301369863,67.17815649624816,-0.8096921514408983,15.200087832134614,-0.2889202534782228,6631.96,6664.360000000001,0.010958904109589041,45.06928438930206,5.932045996414786,16.584025706685548,-0.2889837873054226,0.9930808547433302,1.0-2.0%,0.98-1.00,2025-09-18→2025-09-19
2025-09-18,2025-09-19,C,6600.0,0.0136986301369863,106.892832999108,0.18006408972640717,57.14978942649668,0.6945717796426742,6631.96,6664.360000000001,0.010958904109589041,105.69333364678137,78.00047066508432,4.565923492864322,-12.104125660423012,0.9938337591062895,1.0-2.0%,0.98-1.00,2025-09-18→2025-09-19
2025-09-18,2025-09-19,P,6600.0,0.0136986301369863,65.99857004165267,-0.8199359102735552,16.300094102895855,-0.30738349781701657,6631.96,6664.360000000001,0.010958904109589041,44.0765403070034,6.477791848189327,16.265923492863635,-0.34077467072849643,0.9938337591062895,1.0-2.0%,0.98-1.00,2025-09-18→2025-09-19
2025-09-18,2025-09-19,C,6605.0,0.0136986301369863,103.5094803314965,0.1749923035429308,53.3497948044469,0.67491757273534,6631.96,6664.360000000001,0.010958904109589041,108.92994646648827,73.60891936120515,4.030249365208943,-12.167329356625391,0.9945866634692488,1.0-2.0%,0.98-1.00,2025-09-18→2025-09-19
2025-09-18,2025-09-19,P,6605.0,0.0136986301369863,67.60844899301125,-0.8250076964570605,17.40009921844876,-0.32643793839349167,6631.96,6664.360000000001,0.010958904109589041,52.31523131357432,7.023007126353832,15.830249365209212,-0.3234107960506911,0.9945866634692488,1.0-2.0%,0.98-1.00,2025-09-18→2025-09-19
2025-09-18,2025-09-19,C,6610.0,0.0136986301369863,99.8550266353861,0.16946973767836984,49.54980098600572,0.654645597256953,6631.96,6664.360000000001,0.010958904109589041,106.00526146599375,69.21730452841712,1.3591804992207335,-14.360517351125626,0.9953395678322081,1.0-2.0%,0.98-1.00,2025-09-18→2025-09-19
2025-09-18,2025-09-19,P,6610.0,0.0136986301369863,68.94722691587315,-0.8305302623215486,18.650105473183885,-0.34695057212947583,6631.96,6664.360000000001,0.010958904109589041,54.392624499960064,7.664687414124046,15.25918049921863,-0.40880146300479225,0.9953395678322081,1.0-2.0%,0.98-1.00,2025-09-18→2025-09-19
2025-09-18,2025-09-19,C,6615.0,0.0136986301369863,94.45001330743352,0.1596771640956887,45.94980785014195,0.6327613969762312,6631.96,6664.360000000001,0.010958904109589041,100.2688285044705,64.95913970622769,3.0764598832995995,-12.251469262030238,0.9960924721951674,1.0-2.0%,0.98-1.00,2025-09-18→2025-09-19
2025-09-18,2025-09-19,P,6615.0,0.0136986301369863,68.5354452068952,-0.8403228359042411,20.000112264144718,-0.3685941141526034,6631.96,6664.360000000001,0.010958904109589041,53.65826972528367,8.373227471376822,14.92645988329787,-0.35755070145545,0.9960924721951674,1.0-2.0%,0.98-1.00,2025-09-18→2025-09-19
2025-09-18,2025-09-19,C,6620.0,0.0136986301369863,89.90700936627046,0.152927580168071,42.449814611663896,0.6098383492371859,6631.96,6664.360000000001,0.010958904109589041,98.75154198437329,60.77170605454194,2.4951464025544112,-12.30876251528516,0.9968453765581268,1.0-2.0%,0.98-1.00,2025-09-18→2025-09-19
2025-09-18,2025-09-19,P,6620.0,0.0136986301369863,68.98567288470043,-0.8470724198318806,21.500119025666663,-0.39151716189164926,6631.96,6664.360000000001,0.010958904109589041,57.14306139206369,9.185793819690844,14.345146402553393,-0.41484395471035107,0.9968453765581268,1.0-2.0%,0.98-1.00,2025-09-18→2025-09-19
2025-09-18,2025-09-19,C,6625.0,0.0136986301369863,86.44202880816616,0.14772141173738149,39.04982188526719,0.5858993161205458,6631.96,6664.360000000001,0.010958904109589041,101.57332151967134,56.65693420565913,1.8638262597087651,-12.333137842305998,0.997598280921086,1.0-2.0%,0.98-1.00,2025-09-18→2025-09-19
2025-09-18,2025-09-19,P,6625.0,0.0136986301369863,70.5139239455682,-0.8522785882625755,23.10012629926996,-0.41545619500828845,6631.96,6664.360000000001,0.010958904109589041,64.96691911422951,10.071021970808033,13.713826259707911,-0.4392192817312299,0.997598280921086,1.0-2.0%,0.98-1.00,2025-09-18→2025-09-19
2025-09-18,2025-09-19,C,6630.0,0.0136986301369863,82.28071729921562,0.1404327327378997,35.749828711147984,0.5609593126153993,6631.96,6664.360000000001,0.010958904109589041,96.54871174647982,52.61655618175246,1.349979459291979,-12.275081728739238,0.9983511852840453,1.0-2.0%,0.98-1.00,2025-09-18→2025-09-19
2025-09-18,2025-09-19,P,6630.0,0.0136986301369863,71.34584405558883,-0.8595672672620477,24.80013312515166,-0.44039619851343714,6631.96,6664.360000000001,0.010958904109589041,64.94438752791335,11.03064394690091,13.099979459290815,-0.48116316816439664,0.9983511852840453,1.0-2.0%,0.98-1.00,2025-09-18→2025-09-19
2025-09-18,2025-09-19,C,6635.0,0.0136986301369863,76.24198806338497,0.13091539535737848,32.6498373800905,0.5349225348737688,6631.96,6664.360000000001,0.010958904109589041,90.3315394288046,48.729313702297986,0.7583411904208726,-12.331490129910396,0.9991040896470047,1.0-2.0%,0.98-1.00,2025-09-18→2025-09-19
2025-09-18,2025-09-19,P,6635.0,0.0136986301369863,70.30034643872865,-0.8690846046425635,26.650141778713078,-0.466382493278836,6631.96,6664.360000000001,0.010958904109589041,63.7292933970895,12.104762879195732,12.608341190419535,-0.4392072177654569,0.9991040896470047,1.0-2.0%,0.98-1.00,2025-09-18→2025-09-19
2025-09-18,2025-09-19,C,6640.0,0.0136986301369863,72.91426705555892,0.12575558008281928,29.64984554696275,0.508065090021828,6631.96,6664.360000000001,0.010958904109589041,97.85894899234917,44.92413264600509,0.17551920531659349,-12.211308916707498,0.999856994009964,1.0-2.0%,0.98-1.00,2025-09-18→2025-09-19
2025-09-18,2025-09-19,P,6640.0,0.0136986301369863,71.96585704987803,-0.874244419917171,28.700149960965064,-0.49329042110700805,6631.96,6664.360000000001,0.010958904109589041,76.25878114751156,13.338220411153543,11.875519205316817,-0.46739035613267,0.999856994009964,1.0-2.0%,0.98-1.00,2025-09-18→2025-09-19
2025-09-18,2025-09-19,C,6645.0,0.0136986301369863,69.2727380678822,0.1200099383079432,26.799853949060434,0.48042663767655713,6631.96,6664.360000000001,0.010958904109589041,94.68987215855859,41.243454159847715,-0.4883220011774263,-12.165823060720715,1.0006098983729232,1.0-2.0%,1.00-1.02,2025-09-18→2025-09-19
2025-09-18,2025-09-19,P,6645.0,0.0136986301369863,73.31755968117015,-0.8799900616920117,30.85015836306411,-0.5209288734522792,6631.96,6664.360000000001,0.010958904109589041,78.09178250055913,14.657541924995712,11.211677998821656,-0.421904500145871,1.0006098983729232,1.0-2.0%,1.00-1.02,2025-09-18→2025-09-19
2025-09-18,2025-09-19,C,6650.0,0.0136986301369863,63.25267606915021,0.10977179966920755,24.09986235837232,0.45214277509995865,6631.96,6664.360000000001,0.010958904109589041,88.85056870370244,37.69230369279194,-0.9566063092823867,-12.04942591323891,1.0013628027358825,1.0-2.0%,1.00-1.02,2025-09-18→2025-09-19
2025-09-18,2025-09-19,P,6650.0,0.0136986301369863,72.29072930141177,-0.890228200330743,33.15016677237418,-0.5492127360288794,6631.96,6664.360000000001,0.010958904109589041,77.25455723257942,16.106391457939935,10.743393690716562,-0.3055073526640051,1.0013628027358825,1.0-2.0%,1.00-1.02,2025-09-18→2025-09-19
2025-09-18,2025-09-19,C,6655.0,0.0136986301369863,59.57838274504293,0.10404338797070606,21.59987125548969,0.4234981759484712,6631.96,6664.360000000001,0.010958904109589041,92.16790105196813,34.319890027871224,-1.621005770250933,-11.971340900730699,1.0021157070988418,1.0-2.0%,1.00-1.02,2025-09-18→2025-09-19
2025-09-18,2025-09-19,P,6655.0,0.0136986301369863,73.6096675962754,-0.8959566120292408,35.650175669492455,-0.5778573351803666,6631.96,6664.360000000001,0.010958904109589041,85.57396776770106,17.73397779302013,10.128994229747892,-0.17742234015580394,1.0021157070988418,1.0-2.0%,1.00-1.02,2025-09-18→2025-09-19
2025-09-18,2025-09-19,C,6660.0,0.0136986301369863,56.21367960483738,0.09880176753980101,19.24988004514944,0.39459969151048485,6631.96,6664.360000000001,0.010958904109589041,94.69464225337052,31.090224612582915,-2.2011772682896065,-11.785030004939925,1.0028686114618013,1.0-2.0%,1.00-1.02,2025-09-18→2025-09-19
2025-09-18,2025-09-19,P,6660.0,0.0136986301369863,75.2381960750397,-0.9011982324601582,38.30018445915175,-0.6067558196183547,6631.96,6664.360000000001,0.010958904109589041,93.10278715598287,19.504312377730457,9.548822731709617,0.008888555635024886,1.0028686114618013,1.0-2.0%,1.00-1.02,2025-09-18→2025-09-19
2025-09-18,2025-09-19,C,6665.0,0.0136986301369863,52.15325744753014,0.09110367644404735,17.049889023207015,0.36560196045339716,6631.96,6664.360000000001,0.010958904109589041,89.75904872225,28.008592906347076,-2.5517591167871854,-11.445503518690268,1.0036215158247606,1.0-2.0%,1.00-1.02,2025-09-18→2025-09-19
2025-09-18,2025-09-19,P,6665.0,0.0136986301369863,76.1710055367043,-0.9088963235559402,41.10019343720887,-0.6357535506754449,6631.96,6664.360000000001,0.010958904109589041,93.16927181172447,21.422680671495527,9.098240883212956,0.24841504188476193,1.0036215158247606,1.0-2.0%,1.00-1.02,2025-09-18→2025-09-19
2025-09-18,2025-09-19,C,6670.0,0.0136986301369863,46.77423680130158,0.08304624712747175,14.99989764779366,0.33666626226483537,6631.96,6664.360000000001,0.010958904109589041,83.56951241027014,25.080323888192652,-2.84069840693013,-11.05798689738085,1.0043744201877198,1.0-2.0%,1.00-1.02,2025-09-18→2025-09-19
2025-09-18,2025-09-19,P,6670.0,0.0136986301369863,75.78521650944639,-0.9169537528724386,44.05020206179688,-0.6646892488639995,6631.96,6664.360000000001,0.010958904109589041,91.98181368660613,23.494411653341558,8.809301593067513,0.6359316631939471,1.0043744201877198,1.0-2.0%,1.00-1.02,2025-09-18→2025-09-19
2025-09-18,2025-09-19,C,6675.0,0.0136986301369863,43.608975675836604,0.07792818601879588,13.199906555966436,0.30872744994775114,6631.96,6664.360000000001,0.010958904109589041,94.71639831168369,22.412597985845878,-3.274873227009029,-10.752769378307306,1.005127324550679,1.0-2.0%,1.00-1.02,2025-09-18→2025-09-19
2025-09-18,2025-09-19,P,6675.0,0.0136986301369863,77.6131870029533,-0.9220718139811397,48.400207793504705,-0.6842711598670377,6631.96,6664.360000000001,0.010958904109589041,108.13077777486616,26.989600359731412,7.275126772989424,-0.42961442030761177,1.005127324550679,1.0-2.0%,1.00-1.02,2025-09-18→2025-09-19
2025-09-18,2025-09-19,C,6680.0,0.0136986301369863,40.19573773746522,0.07225641246049383,11.499914570200417,0.28101772337264075,6631.96,6664.360000000001,0.010958904109589041,91.71444882181555,19.86390701670507,-3.4411077637200393,-10.204974237273714,1.0058802289136384,1.0-2.0%,1.00-1.02,2025-09-18→2025-09-19
2025-09-18,2025-09-19,P,6680.0,0.0136986301369863,79.19318068355402,-0.9277435875394353,51.85021565477018,-0.7093869014062613,6631.96,6664.360000000001,0.010958904109589041,110.13090647187818,29.63602644801631,6.908892236278209,-0.16586439443674905,1.0058802289136384,1.0-2.0%,1.00-1.02,2025-09-18→2025-09-19
2025-09-18,2025-09-19,C,6685.0,0.0136986301369863,34.844224698634974,0.06269423422934849,9.999923079348946,0.2545736310351713,6631.96,6664.360000000001,0.010958904109589041,86.02152531910757,17.54392406736497,-3.5312931890309254,-9.748185645539689,1.0066331332765976,1.0-2.0%,1.00-1.02,2025-09-18→2025-09-19
2025-09-18,2025-09-19,P,6685.0,0.0136986301369863,78.83489926369708,-0.9373057657706027,53.300229433212735,-0.75471128323974,6631.96,6664.360000000001,0.010958904109589041,109.4400611560193,30.13383444979263,8.918706810968043,3.0026455769679927,1.0066331332765976,1.0-2.0%,1.00-1.02,2025-09-18→2025-09-19
2025-09-18,2025-09-19,C,6690.0,0.0136986301369863,31.760987713670364,0.05800154127629308,8.649930194178296,0.2292447364757129,6631.96,6664.360000000001,0.010958904109589041,91.1653469890191,15.408227856656595,-3.6292499373519274,-9.177529461813222,1.0073860376395571,1.0-2.0%,1.00-1.02,2025-09-18→2025-09-19
2025-09-18,2025-09-19,P,6690.0,0.0136986301369863,80.74489389770483,-0.9419984587236773,57.80023429363064,-0.770964741083168,6631.96,6664.360000000001,0.010958904109589041,119.58596101280716,33.935045806592825,8.070750062647654,2.529257611095062,1.0073860376395571,1.0-2.0%,1.00-1.02,2025-09-18→2025-09-19
2025-09-18,2025-09-19,C,6695.0,0.0136986301369863,28.716309734876344,0.052986042426042684,7.449937593532923,0.2052837083380851,6631.96,6664.360000000001,0.010958904109589041,93.28775244542064,13.463606268278909,-3.5667477746038116,-8.501192150154068,1.0081389420025164,1.0-2.0%,1.00-1.02,2025-09-18→2025-09-19
2025-09-18,2025-09-19,P,6695.0,0.0136986301369863,82.69344753788215,-0.9470139575739038,60.800244877485966,-0.805424059456699,6631.96,6664.360000000001,0.010958904109589041,126.71044465606666,36.05256330509019,7.53325222539501,2.945739526397496,1.0081389420025164,1.0-2.0%,1.00-1.02,2025-09-18→2025-09-19
2025-09-18,2025-09-19,C,6700.0,0.0136986301369863,25.233262234794246,0.04602050484615766,6.399944376717713,0.18296655301416812,6631.96,6664.360000000001,0.010958904109589041,88.44556457902917,11.717201241717703,-3.3910643570155337,-7.8281163176591475,1.0088918463654757,1.0-2.0%,1.00-1.02,2025-09-18→2025-09-19
2025-09-18,2025-09-19,P,6700.0,0.0136986301369863,84.20363165676892,-0.9539794951537737,65.00025075527992,-0.824941640890724,6631.96,6664.360000000001,0.010958904109589041,126.87033497654049,39.58523573945422,8.808935642982785,4.628109164859904,1.0088918463654757,1.0-2.0%,1.00-1.02,2025-09-18→2025-09-19
2025-09-18,2025-09-19,C,6705.0,0.0136986301369863,21.032669694224875,0.039404106202443466,5.4499508073774905,0.16181658299990925,6631.96,6664.360000000001,0.010958904109589041,82.36731763048601,10.114422678642086,-3.176693040959189,-7.142857289197147,1.009644750728435,1.0-2.0%,1.00-1.02,2025-09-18→2025-09-19
2025-09-18,2025-09-19,P,6705.0,0.0136986301369863,84.99627073517229,-0.9605958937974373,69.10025717494318,-0.8459249944856321,6631.96,6664.360000000001,0.010958904109589041,125.79416621487012,43.02746800704335,8.973306959037501,5.2579698213349495,1.009644750728435,1.0-2.0%,1.00-1.02,2025-09-18→2025-09-19
2025-09-18,2025-09-19,C,6575.0,0.01643835616438356,134.06951902126852,0.22182537151563259,81.65719734643153,0.751756137660693,6631.96,6664.360000000001,0.03561643835616438,186.6863986896397,129.7652579486521,28.662857962893376,11.49310113979313,0.9899634137902693,1.0-2.0%,0.98-1.00,2025-09-18→2025-09-19
2025-09-18,2025-09-19,P,6575.0,0.01643835616438356,67.50728074177565,-0.778174628484342,15.197596860773956,-0.2510210251402399,6631.96,6664.360000000001,0.03561643835616438,93.33170344131696,19.54754379500787,35.062857962893105,17.98308121454391,0.9899634137902693,1.0-2.0%,0.98-1.00,2025-09-18→2025-09-19
2025-09-18,2025-09-19,C,6580.0,0.01643835616438356,129.47900137566057,0.21303546145033372,77.5570663705139,0.7380129434826739,6631.96,6664.360000000001,0.03561643835616438,182.3586791515563,125.37093886045204,29.047651049009076,12.038380631160965,0.9907162376790832,1.0-2.0%,0.98-1.00,2025-09-18→2025-09-19
2025-09-18,2025-09-19,P,6580.0,0.01643835616438356,67.90946101383119,-0.7869645385496361,16.097465393208267,-0.26469562970246363,6631.96,6664.360000000001,0.03561643835616438,94.00094611215913,20.15073980067268,35.39765104900864,18.476138402359965,0.9907162376790832,1.0-2.0%,0.98-1.00,2025-09-18→2025-09-19
2025-09-18,2025-09-19,C,6585.0,0.01643835616438356,124.3787259598934,0.20564073670461322,72.25700184878951,0.7312773284343316,6631.96,6664.360000000001,0.03561643835616438,176.89481776050408,119.28494238600706,30.587240130770418,13.556614558727258,0.9914690615678972,1.0-2.0%,0.98-1.00,2025-09-18→2025-09-19
2025-09-18,2025-09-19,P,6585.0,0.01643835616438356,67.80188351572242,-0.7943592632954037,16.997330803588056,-0.2787497565643026,6631.96,6664.360000000001,0.03561643835616438,93.53404693005113,20.700994780434712,35.687240130771514,18.981492112683554,0.9914690615678972,1.0-2.0%,0.98-1.00,2025-09-18→2025-09-19
2025-09-18,2025-09-19,C,6590.0,0.01643835616438356,120.7712357752308,0.2003762041604976,69.50678362720737,0.7084872128275987,6631.96,6664.360000000001,0.0136986301369863,127.90497464815765,90.66535445623867,1.8578109851997633,-14.604985695614591,0.992221885456711,1.0-2.0%,0.98-1.00,2025-09-18→2025-09-19
2025-09-18,2025-09-19,P,6590.0,0.01643835616438356,69.18709124871296,-0.799623795839461,18.04718406443476,-0.29407427829875865,6631.96,6664.360000000001,0.0136986301369863,55.5829707096334,8.32011200347688,16.05781098519897,-0.321993383120061,0.992221885456711,1.0-2.0%,0.98-1.00,2025-09-18→2025-09-19
2025-09-18,2025-09-19,C,6595.0,0.01643835616438356,116.74006288783849,0.1937196756966147,65.606629195795,0.6924150952805516,6631.96,6664.360000000001,0.0136986301369863,123.20540386818841,86.27807447783653,4.073482507429572,-12.084249087090253,0.9929747093455249,1.0-2.0%,0.98-1.00,2025-09-18→2025-09-19
2025-09-18,2025-09-19,P,6595.0,0.01643835616438356,70.14861627898152,-0.8062803243033358,19.147030507110685,-0.31006446078560823,6631.96,6664.360000000001,0.0136986301369863,55.884946208922024,8.93533854960856,15.773482507428522,-0.30391147054612233,0.9929747093455249,1.0-2.0%,0.98-1.00,2025-09-18→2025-09-19
2025-09-18,2025-09-19,C,6600.0,0.01643835616438356,110.91647454895245,0.18409335051362496,61.85646472905046,0.675185379349925,6631.96,6664.360000000001,0.0136986301369863,117.12189148643644,81.995457053883,5.585375443358455,-10.326006290937933,0.9937275332343388,1.0-2.0%,0.98-1.00,2025-09-18→2025-09-19
2025-09-18,2025-09-19,P,6600.0,0.01643835616438356,69.31772585775155,-0.8159066494863433,20.29687124311704,-0.32674161100049137,6631.96,6664.360000000001,0.0136986301369863,54.80298010643072,9.58468366120178,15.535375443357966,-0.31357180358390124,0.9937275332343388,1.0-2.0%,0.98-1.00,2025-09-18→2025-09-19
2025-09-18,2025-09-19,C,6605.0,0.01643835616438356,107.41327554350734,0.1788474820785191,58.15629377372079,0.6573296911479971,6631.96,6664.360000000001,0.0136986301369863,120.91720145025124,77.74959626802593,3.3053415806558846,-12.197481993195463,0.9944803571231526,1.0-2.0%,0.98-1.00,2025-09-18→2025-09-19
2025-09-18,2025-09-19,P,6605.0,0.01643835616438356,70.80722476996392,-0.8211525179214433,21.59670073554389,-0.3445503602569971,6631.96,6664.360000000001,0.0136986301369863,63.59983634949873,10.34024243035492,15.105341580655208,-0.33656832767310796,0.9944803571231526,1.0-2.0%,0.98-1.00,2025-09-18→2025-09-19
2025-09-18,2025-09-19,C,6610.0,0.01643835616438356,103.66187408733255,0.1732312931507893,54.50611708446377,0.6388191272365993,6631.96,6664.360000000001,0.0136986301369863,118.16496436860537,73.54038776481684,2.887306101914332,-12.197739722466164,0.9952331810119666,1.0-2.0%,0.98-1.00,2025-09-18→2025-09-19
2025-09-18,2025-09-19,P,6610.0,0.01643835616438356,72.04852123144981,-0.8267687068491205,22.946524481432334,-0.36301236121917474,6631.96,6664.360000000001,0.0136986301369863,65.84914554711204,11.132481437164643,14.637306101911957,-0.3883994964985398,0.9952331810119666,1.0-2.0%,0.98-1.00,2025-09-18→2025-09-19
2025-09-18,2025-09-19,C,6615.0,0.01643835616438356,98.46001014726939,0.16399443134954259,50.95593116545206,0.6194582734916707,6631.96,6664.360000000001,0.0136986301369863,112.40198994750766,69.40508076108017,2.5865804242747297,-12.170448061130472,0.9959860049007805,1.0-2.0%,0.98-1.00,2025-09-18→2025-09-19
2025-09-18,2025-09-19,P,6615.0,0.01643835616438356,71.83935520904623,-0.8360055686503587,24.39633908393762,-0.38232173956185467,6631.96,6664.360000000001,0.0136986301369863,65.08771740524654,11.9986997375197,14.33658042427208,-0.36277563819569814,0.9959860049007805,1.0-2.0%,0.98-1.00,2025-09-18→2025-09-19
2025-09-18,2025-09-19,C,6620.0,0.01643835616438356,94.02231105539194,0.1573425116879487,47.555736700413036,0.5991515615112174,6631.96,6664.360000000001,0.0136986301369863,110.93224359345146,65.38389992596512,2.1021026213103795,-12.212510592963767,0.9967388287895944,1.0-2.0%,0.98-1.00,2025-09-18→2025-09-19
2025-09-18,2025-09-19,P,6620.0,0.01643835616438356,72.39435403482472,-0.842657488311987,25.896147659318103,-0.40231099089276123,6631.96,6664.360000000001,0.0136986301369863,68.61951733046756,12.90240954355454,13.952102621308839,-0.31512389507431493,0.9967388287895944,1.0-2.0%,0.98-1.00,2025-09-18→2025-09-19
2025-09-18,2025-09-19,C,6625.0,0.01643835616438356,90.45446104384992,0.15199899180080712,44.20553632892734,0.5782256783811279,6631.96,6664.360000000001,0.0136986301369863,114.10013886897238,61.40282102121819,1.6252326656537637,-12.184511979548862,0.9974916526784082,1.0-2.0%,0.98-1.00,2025-09-18→2025-09-19
2025-09-18,2025-09-19,P,6625.0,0.01643835616438356,73.8192019409407,-0.8480010081991424,27.595946303977144,-0.4233396556146806,6631.96,6664.360000000001,0.0136986301369863,76.7889588852492,13.960531941623458,13.425232665652675,-0.33379515808411675,0.9974916526784082,1.0-2.0%,0.98-1.00,2025-09-18→2025-09-19
2025-09-18,2025-09-19,C,6630.0,0.01643835616438356,86.28009356719116,0.144898816579747,40.9553284679796,0.5565538957446478,6631.96,6664.360000000001,0.0136986301369863,109.14807419887957,57.5011441335937,1.2552783428161218,-12.082346222126887,0.9982444765672221,1.0-2.0%,0.98-1.00,2025-09-18→2025-09-19
2025-09-18,2025-09-19,P,6630.0,0.01643835616438356,74.63753238194194,-0.8551011834201939,29.345738735431496,-0.44498136678161654,6631.96,6664.360000000001,0.0136986301369863,76.83844049441143,15.059729261352004,12.955278342814749,-0.33260371627538277,0.9982444765672221,1.0-2.0%,0.98-1.00,2025-09-18→2025-09-19
2025-09-18,2025-09-19,C,6635.0,0.01643835616438356,80.65429690105503,0.13597799779664946,37.855114048189535,0.5341244498436147,6631.96,6664.360000000001,0.0136986301369863,102.89249505419818,53.721522685131276,0.8443128713884835,-12.055632174933407,0.9989973004560361,1.0-2.0%,0.98-1.00,2025-09-18→2025-09-19
2025-09-18,2025-09-19,P,6635.0,0.01643835616438356,74.00443363346437,-0.8640220022033333,31.195525007094602,-0.4673381025603644,6631.96,6664.360000000001,0.0136986301369863,75.5844076289871,16.24003230272001,12.64431287138847,-0.20824547704393837,0.9989973004560361,1.0-2.0%,0.98-1.00,2025-09-18→2025-09-19
2025-09-18,2025-09-19,C,6640.0,0.01643835616438356,77.23734969881704,0.13067330925942316,34.904893229850586,0.5110631949087799,6631.96,6664.360000000001,0.0136986301369863,110.31850089196367,50.06840172588545,0.2661847799946182,-12.058447515044747,0.9997501243448499,1.0-2.0%,0.98-1.00,2025-09-18→2025-09-19
2025-09-18,2025-09-19,P,6640.0,0.01643835616438356,75.58018434888524,-0.8693266907405596,33.2453041887552,-0.49039935749519953,6631.96,6664.360000000001,0.0136986301369863,88.01195974600506,17.58691134347555,12.066184779994604,-0.21106081715526948,0.9997501243448499,1.0-2.0%,0.98-1.00,2025-09-18→2025-09-19
2025-09-18,2025-09-19,C,6645.0,0.01643835616438356,73.55383474444514,0.12492607915365793,32.05466780288816,0.48747429295459316,6631.96,6664.360000000001,0.0136986301369863,107.32609153467138,46.50337001918069,-0.19760496457857624,-11.944167091729076,1.0005029482336638,1.0-2.0%,1.00-1.02,2025-09-18→2025-09-19
2025-09-18,2025-09-19,P,6645.0,0.01643835616438356,76.88936731217022,-0.8750739208463023,35.44507903238764,-0.5139610764202007,6631.96,6664.360000000001,0.0136986301369863,90.02109666798007,19.064864435601976,11.502395035420673,-0.19766112398521685,1.0005029482336638,1.0-2.0%,1.00-1.02,2025-09-18→2025-09-19
2025-09-18,2025-09-19,C,6650.0,0.01643835616438356,67.92731854249904,0.1154815775350998,29.30443669353599,0.46338535197152325,6631.96,6664.360000000001,0.0136986301369863,101.55531224144575,43.02794333792781,-0.5916031121372942,-11.863685403877604,1.0012557721224777,1.0-2.0%,1.00-1.02,2025-09-18→2025-09-19
2025-09-18,2025-09-19,P,6650.0,0.01643835616438356,76.25554902788366,-0.8845184224648787,37.64484765244015,-0.5380772004324567,6631.96,6664.360000000001,0.0136986301369863,89.25186365400585,20.546452955517452,11.208396887862552,-0.016298705988109674,1.0012557721224777,1.0-2.0%,1.00-1.02,2025-09-18→2025-09-19
2025-09-18,2025-09-19,C,6655.0,0.01643835616438356,64.26081290082416,0.10969083339021793,26.75420344672284,0.4390234733936227,6631.96,6664.360000000001,0.0136986301369863,104.15843145969218,39.73374408309883,-1.1039830018431216,-11.774360537953616,1.0020085960112917,1.0-2.0%,1.00-1.02,2025-09-18→2025-09-19
2025-09-18,2025-09-19,P,6655.0,0.01643835616438356,77.581741303866,-0.8903091666097798,40.04461343182629,-0.5625407467322776,6631.96,6664.360000000001,0.0136986301369863,96.85652915151255,22.207125539261597,10.746016998157351,0.12632019412610518,1.0020085960112917,1.0-2.0%,1.00-1.02,2025-09-18→2025-09-19
2025-09-18,2025-09-19,C,6660.0,0.01643835616438356,60.87870059109353,0.10442916410652878,24.303967330090018,0.414363835070312,6631.96,6664.360000000001,0.0136986301369863,106.63379223288344,36.53628039878777,-1.5335049170515913,-11.575388256278337,1.0027614199001056,1.0-2.0%,1.00-1.02,2025-09-18→2025-09-19
2025-09-18,2025-09-19,P,6660.0,0.01643835616438356,79.1923269117919,-0.8955708358934293,42.644378288994176,-0.587098717333671,6631.96,6664.360000000001,0.0136986301369863,104.33343620396953,24.054790016376955,10.216495082947603,0.22199844161126592,1.0027614199001056,1.0-2.0%,1.00-1.02,2025-09-18→2025-09-19
2025-09-18,2025-09-19,C,6665.0,0.01643835616438356,56.874775881754054,0.0971125275385737,22.003730375544365,0.3896152148926854,6631.96,6664.360000000001,0.0136986301369863,101.91690763905605,33.48431440188324,-1.896445892249841,-11.37353296252322,1.0035142437889193,1.0-2.0%,1.00-1.02,2025-09-18→2025-09-19
2025-09-18,2025-09-19,P,6665.0,0.01643835616438356,80.18110012011299,-0.9028874724614304,45.34414133444943,-0.6118473375112937,6631.96,6664.360000000001,0.0136986301369863,104.61809788938322,26.002824019473337,9.853554107750835,0.42385373536624726,1.0035142437889193,1.0-2.0%,1.00-1.02,2025-09-18→2025-09-19
2025-09-18,2025-09-19,C,6670.0,0.01643835616438356,51.78831242479003,0.08945294333204964,19.803491849523652,0.36470514423833567,6631.96,6664.360000000001,0.0136986301369863,95.8379641779194,30.534020000040528,-2.198275363958458,-11.116446673322276,1.0042670676777332,1.0-2.0%,1.00-1.02,2025-09-18→2025-09-19
2025-09-18,2025-09-19,P,6670.0,0.01643835616438356,80.08733458080488,-0.9105470566678838,48.14390280842781,-0.6367574081656467,6631.96,6664.360000000001,0.0136986301369863,103.54070070751857,28.052529617629716,9.551724636039932,0.6809400245673025,1.0042670676777332,1.0-2.0%,1.00-1.02,2025-09-18→2025-09-19
2025-09-18,2025-09-19,C,6675.0,0.01643835616438356,48.60617620516506,0.08427679415557016,17.803257201096585,0.3401987951909644,6631.96,6664.360000000001,0.0136986301369863,105.83519248079513,27.786437936765196,-2.5805681306405206,-10.872440964187433,1.0050198915665471,1.0-2.0%,1.00-1.02,2025-09-18→2025-09-19
2025-09-18,2025-09-19,P,6675.0,0.01643835616438356,81.89789627883626,-0.9157232058443606,51.093665584960945,-0.6615326424418986,6631.96,6664.360000000001,0.0136986301369863,118.53947528962833,30.25501526909875,9.21943186935778,0.9836576151178704,1.0050198915665471,1.0-2.0%,1.00-1.02,2025-09-18→2025-09-19
2025-09-18,2025-09-19,C,6680.0,0.01643835616438356,45.27764578243467,0.07883501937568566,15.90302296953223,0.3157688390382565,6631.96,6664.360000000001,0.0136986301369863,103.10712331031463,25.148003200019957,-2.8042546277722584,-10.480910384839682,1.005772715455361,1.0-2.0%,1.00-1.02,2025-09-18→2025-09-19
2025-09-18,2025-09-19,P,6680.0,0.01643835616438356,83.56206377376897,-0.9211649806243094,55.443503426316056,-0.6784605114265875,6631.96,6664.360000000001,0.0136986301369863,120.81295239842125,33.89027195493918,7.695745372228121,-0.1678794297781998,1.005772715455361,1.0-2.0%,1.00-1.02,2025-09-18→2025-09-19
2025-09-18,2025-09-19,C,6685.0,0.01643835616438356,40.17777411400365,0.0699596019977328,14.102790469194588,0.29145288019652604,6631.96,6664.360000000001,0.0136986301369863,97.64581136912872,22.619970054994155,-2.86669110472658,-10.043073318367602,1.006525539344175,1.0-2.0%,1.00-1.02,2025-09-18→2025-09-19
2025-09-18,2025-09-19,P,6685.0,0.01643835616438356,83.45489002299233,-0.9300403980021905,58.79329067614617,-0.7006894832626555,6631.96,6664.360000000001,0.0136986301369863,120.35318673649411,36.54895565159268,7.483308895271481,0.052339257710421805,1.006525539344175,1.0-2.0%,1.00-1.02,2025-09-18→2025-09-19
2025-09-18,2025-09-19,C,6690.0,0.01643835616438356,37.069934299508354,0.06515160948071014,12.552570932830804,0.268522629895241,6631.96,6664.360000000001,0.0136986301369863,102.01249208355878,20.365427866702703,-3.110912147175044,-9.700133208605955,1.007278363232989,1.0-2.0%,1.00-1.02,2025-09-18→2025-09-19
2025-09-18,2025-09-19,P,6690.0,0.01643835616438356,85.3397481261559,-0.9348483905192436,62.29308589424363,-0.7220772666134556,6631.96,6664.360000000001,0.0136986301369863,129.72141373018482,39.38097813260356,7.189087852824009,0.2953034382763633,1.007278363232989,1.0-2.0%,1.00-1.02,2025-09-18→2025-09-19
2025-09-18,2025-09-19,C,6695.0,0.01643835616438356,34.228783699617104,0.06055310190279889,11.102356151448475,0.2460920838450869,6631.96,6664.360000000001,0.0136986301369863,104.1774158202444,18.232223290019192,-3.261920501650716,-9.27338351658095,1.0080311871218028,1.0-2.0%,1.00-1.02,2025-09-18→2025-09-19
2025-09-18,2025-09-19,P,6695.0,0.01643835616438356,87.49129544392122,-0.9394468980971163,63.592689929275366,-0.7634302441714771,6631.96,6664.360000000001,0.0136986301369863,136.88788374612523,39.804139646267686,9.538079498347084,3.8351399111562756,1.0080311871218028,1.0-2.0%,1.00-1.02,2025-09-18→2025-09-19
2025-09-18,2025-09-19,C,6700.0,0.01643835616438356,30.80851981604988,0.05400681096791702,9.752146243732568,0.22422865157568608,6631.96,6664.360000000001,0.0136986301369863,99.6399662268455,16.222039235626198,-3.1998206753605403,-8.715008311052351,1.0087840110106165,1.0-2.0%,1.00-1.02,2025-09-18→2025-09-19
2025-09-18,2025-09-19,P,6700.0,0.01643835616438356,89.06372947801492,-0.945993189032063,67.24247185678541,-0.7862068144248128,6631.96,6664.360000000001,0.0136986301369863,137.35198043198932,42.76825433744216,9.550179324639355,4.373100787364361,1.0087840110106165,1.0-2.0%,1.00-1.02,2025-09-18→2025-09-19
2025-09-18,2025-09-19,C,6705.0,0.01643835616438356,26.648742261274112,0.047506899934816646,8.551948988994582,0.20356686568340224,6631.96,6664.360000000001,0.0136986301369863,93.7487877594678,14.394806054825494,-3.1392235578880867,-8.195566448142344,1.0095368348994305,1.0-2.0%,1.00-1.02,2025-09-18→2025-09-19
2025-09-18,2025-09-19,P,6705.0,0.01643835616438356,89.89664984089468,-0.9524931000650838,71.04226532291523,-0.8077864370684955,6631.96,6664.360000000001,0.0136986301369863,136.462348243859,45.91526423917912,9.610776442109234,4.922280561019697,1.0095368348994305,1.0-2.0%,1.00-1.02,2025-09-18→2025-09-19
2025-09-18,2025-09-19,C,6575.0,0.019178082191780823,138.66102487829266,0.22554657521632532,85.34598038781769,0.7347211332583843,6631.96,6664.360000000001,0.03561643835616438,186.6863986896397,129.1683414798381,24.842290962990944,8.345035282427954,0.9898613327960305,1.0-2.0%,0.98-1.00,2025-09-18→2025-09-19
2025-09-18,2025-09-19,P,6575.0,0.019178082191780823,71.42178952824031,-0.774453424783666,18.201465852870797,-0.2679441464952828,6631.96,6664.360000000001,0.03561643835616438,93.33170344131696,20.669362578070377,31.9422909629912,15.53139034644731,0.9898613327960305,1.0-2.0%,0.98-1.00,2025-09-18→2025-09-19
2025-09-18,2025-09-19,C,6580.0,0.019178082191780823,134.19171135743343,0.2172914106518359,81.34605291115531,0.7214631948675546,6631.96,6664.360000000001,0.03561643835616438,182.3586791515563,124.87754576137104,25.109758294880404,8.774592486290842,0.990614079056712,1.0-2.0%,0.98-1.00,2025-09-18→2025-09-19
2025-09-18,2025-09-19,P,6580.0,0.019178082191780823,71.94465909837392,-0.7827085893481254,19.201538046942915,-0.2811415174359391,6631.96,6664.360000000001,0.03561643835616438,94.00094611215913,21.377311363387662,32.159758294879694,15.908985164924582,0.990614079056712,1.0-2.0%,0.98-1.00,2025-09-18→2025-09-19
2025-09-18,2025-09-19,C,6585.0,0.019178082191780823,129.1544205780462,0.20995567755712136,77.39612849042805,0.7076480580307603,6631.96,6664.360000000001,0.03561643835616438,176.89481776050408,120.60773934463214,25.297436047149148,9.172202919802977,0.9913668253173933,1.0-2.0%,0.98-1.00,2025-09-18→2025-09-19
2025-09-18,2025-09-19,P,6585.0,0.019178082191780823,71.89955140997277,-0.7900443224429117,20.301614607329157,-0.2951359687266348,6631.96,6664.360000000001,0.03561643835616438,93.53404693005113,22.16935261280105,32.24743604715077,16.21240538674313,0.9913668253173933,1.0-2.0%,0.98-1.00,2025-09-18→2025-09-19
2025-09-18,2025-09-19,C,6590.0,0.019178082191780823,125.39529407871969,0.20453150121720196,73.54620781390986,0.6930397229631123,6631.96,6664.360000000001,0.01643835616438356,139.61569668322252,94.2055499934886,4.02317936056255,-11.804487024005212,0.9921195715780747,1.0-2.0%,0.98-1.00,2025-09-18→2025-09-19
2025-09-18,2025-09-19,P,6590.0,0.019178082191780823,73.13260800163415,-0.7954684987827776,21.401692323389852,-0.3094340115608226,6631.96,6664.360000000001,0.01643835616438356,66.67397439078871,11.048776595631352,15.773179360562429,0.02566197457082353,0.9921195715780747,1.0-2.0%,0.98-1.00,2025-09-18→2025-09-19
2025-09-18,2025-09-19,C,6595.0,0.019178082191780823,121.64174531958797,0.19864012007354126,69.74629125061438,0.6778911232834991,6631.96,6664.360000000001,0.01643835616438356,135.0509182102709,89.93978541285833,3.7140601096171606,-11.813672394385733,0.9928723178387561,1.0-2.0%,0.98-1.00,2025-09-18→2025-09-19
2025-09-18,2025-09-19,P,6595.0,0.019178082191780823,74.37124233349383,-0.8013598799264168,22.551774148405457,-0.32430379331643244,6631.96,6664.360000000001,0.01643835616438356,67.11027200106848,11.747948056755604,15.51406010961634,0.0574429034525874,0.9928723178387561,1.0-2.0%,0.98-1.00,2025-09-18→2025-09-19
2025-09-18,2025-09-19,C,6600.0,0.019178082191780823,116.00917144963601,0.18935801425225013,66.04637822794575,0.661998519264117,6631.96,6664.360000000001,0.01643835616438356,129.00627590998707,85.74877562273923,3.5148003382269986,-11.798752024157746,0.9936250640994375,1.0-2.0%,0.98-1.00,2025-09-18→2025-09-19
2025-09-18,2025-09-19,P,6600.0,0.019178082191780823,73.73085155453019,-0.8106419857477315,23.801859772653188,-0.33994977885530087,6631.96,6664.360000000001,0.01643835616438356,66.06670578402039,12.520863156673613,15.314800338226943,0.06437283491193213,0.9936250640994375,1.0-2.0%,0.98-1.00,2025-09-18→2025-09-19
2025-09-18,2025-09-19,C,6605.0,0.019178082191780823,112.34515410727543,0.18390536632845636,62.446469010347755,0.6454047428519679,6631.96,6664.360000000001,0.01643835616438356,132.50792144816737,81.63437911500296,3.091466130957911,-11.861113668404116,0.9943778103601189,1.0-2.0%,0.98-1.00,2025-09-18→2025-09-19
2025-09-18,2025-09-19,P,6605.0,0.019178082191780823,75.05901730315547,-0.8160946336715478,25.151949401709317,-0.3563327673404248,6631.96,6664.360000000001,0.01643835616438356,74.56942740542857,13.369275853878435,14.991466130958592,0.09518166182995813,0.9943778103601189,1.0-2.0%,0.98-1.00,2025-09-18→2025-09-19
2025-09-18,2025-09-19,C,6610.0,0.019178082191780823,108.88002050550601,0.1789569286953631,58.84656183738389,0.6284566639118596,6631.96,6664.360000000001,0.01643835616438356,129.85823425996858,77.5204468355987,2.751795510270142,-11.811995910744589,0.9951305566208003,1.0-2.0%,0.98-1.00,2025-09-18→2025-09-19
2025-09-18,2025-09-19,P,6610.0,0.019178082191780823,76.58606679237215,-0.8210430713045918,26.602042942177377,-0.3734121869468294,6631.96,6664.360000000001,0.01643835616438356,76.92081630046624,14.294974996212432,14.55179551026922,0.048554857077476754,0.9951305566208003,1.0-2.0%,0.98-1.00,2025-09-18→2025-09-19
2025-09-18,2025-09-19,C,6615.0,0.019178082191780823,103.8389275742147,0.17019286573453893,55.34665827594472,0.6108100065757942,6631.96,6664.360000000001,0.01643835616438356,124.19899446331785,73.48428651615177,2.535751150200843,-11.74024421305607,0.9958833028814816,1.0-2.0%,0.98-1.00,2025-09-18→2025-09-19
2025-09-18,2025-09-19,P,6615.0,0.019178082191780823,76.53715695207244,-0.8298071342653978,28.152139865979734,-0.39114663857339443,6631.96,6664.360000000001,0.01643835616438356,76.26265258707691,15.29976625354334,14.235751150199341,0.023151089778194134,0.9958833028814816,1.0-2.0%,0.98-1.00,2025-09-18→2025-09-19
2025-09-18,2025-09-19,C,6620.0,0.019178082191780823,99.38678895795687,0.16346722757059332,51.946758422810944,0.5925035116233086,6631.96,6664.360000000001,0.01643835616438356,122.39305662534422,69.52762387789699,2.203661826712687,-11.697113776595522,0.9966360491421631,1.0-2.0%,0.98-1.00,2025-09-18→2025-09-19
2025-09-18,2025-09-19,P,6620.0,0.019178082191780823,77.07720142680608,-0.8365327724293605,29.70223905992134,-0.409278904276409,6631.96,6664.360000000001,0.01643835616438356,79.45779083233857,16.304760151561368,13.953661826711738,0.11063649855587698,0.9966360491421631,1.0-2.0%,0.98-1.00,2025-09-18→2025-09-19
2025-09-18,2025-09-19,C,6625.0,0.019178082191780823,95.98756920438086,0.15851920478895246,48.74686290257023,0.5734058832057315,6631.96,6664.360000000001,0.01643835616438356,125.24929508056748,65.73420740408255,1.7139777648378551,-11.728350615866013,0.9973887954028444,1.0-2.0%,0.98-1.00,2025-09-18→2025-09-19
2025-09-18,2025-09-19,P,6625.0,0.019178082191780823,78.67016476421654,-0.8414807952110293,31.40234235462549,-0.42815994658635953,6631.96,6664.360000000001,0.01643835616438356,87.31510537078097,17.43070426288591,13.513977764837808,0.12238226939828323,0.9973887954028444,1.0-2.0%,0.98-1.00,2025-09-18→2025-09-19
2025-09-18,2025-09-19,C,6630.0,0.019178082191780823,92.05272870104235,0.1520557332555104,45.54696916278499,0.5539446116752791,6631.96,6664.360000000001,0.01643835616438356,120.41656700225712,61.94312277210065,1.3233942425213803,-11.697805418279344,0.9981415416635259,1.0-2.0%,0.98-1.00,2025-09-18→2025-09-19
2025-09-18,2025-09-19,P,6630.0,0.019178082191780823,79.72750735186345,-0.847944266744452,33.20244861484025,-0.4476212181168112,6631.96,6664.360000000001,0.01643835616438356,87.48345337570713,18.639619630905145,13.173394242520704,0.2029274669849226,0.9981415416635259,1.0-2.0%,0.98-1.00,2025-09-18→2025-09-19
2025-09-18,2025-09-19,C,6635.0,0.019178082191780823,86.62947971133224,0.14341988458907026,42.447078805698766,0.5339412466665081,6631.96,6664.360000000001,0.01643835616438356,114.25454742313775,58.236678633437805,1.0031957393140436,-11.649696391995157,0.9988942879242072,1.0-2.0%,0.98-1.00,2025-09-18→2025-09-19
2025-09-18,2025-09-19,P,6635.0,0.019178082191780823,79.29644145314757,-0.8565801154109157,35.102558257754026,-0.46762458312558225,6631.96,6664.360000000001,0.01643835616438356,86.32250987983943,19.933175492241844,12.853195739314142,0.25103649326912425,0.9988942879242072,1.0-2.0%,0.98-1.00,2025-09-18→2025-09-19
2025-09-18,2025-09-19,C,6640.0,0.019178082191780823,83.1243036814413,0.1379730582007771,39.44719097493453,0.5134332062694539,6631.96,6664.360000000001,0.01643835616438356,120.58228646328274,54.616504089110094,0.5796729142947434,-11.58523588313059,0.9996470341848886,1.0-2.0%,0.98-1.00,2025-09-18→2025-09-19
2025-09-18,2025-09-19,P,6640.0,0.019178082191780823,80.78344851424615,-0.862026941799212,37.102670426989334,-0.4881326235226357,6631.96,6664.360000000001,0.01643835616438356,97.65132500323112,21.31300094791459,12.42967291429494,0.3154970021336627,0.9996470341848886,1.0-2.0%,0.98-1.00,2025-09-18→2025-09-19
2025-09-18,2025-09-19,C,6645.0,0.019178082191780823,80.11762955117983,0.13355752446282057,36.647305470753054,0.49249398809221273,6631.96,6664.360000000001,0.01643835616438356,117.54540165246235,51.17235456326762,0.07273620740453879,-11.556805214187962,1.00039978044557,1.0-2.0%,1.00-1.02,2025-09-18→2025-09-19
2025-09-18,2025-09-19,P,6645.0,0.019178082191780823,82.76895747496857,-0.8664424755371589,39.352784822853664,-0.5090534010478126,6631.96,6664.360000000001,0.01643835616438356,99.61551627563409,22.912946945989006,11.92273620740442,0.3433301939494058,1.00039978044557,1.0-2.0%,1.00-1.02,2025-09-18→2025-09-19
2025-09-18,2025-09-19,C,6650.0,0.019178082191780823,74.80101978286461,0.12472053627689852,33.84742236799366,0.4711423694759515,6631.96,6664.360000000001,0.01643835616438356,111.88196562006736,47.731078707928646,-0.1909453753715784,-11.415012771021084,1.0011525267062513,1.0-2.0%,1.00-1.02,2025-09-18→2025-09-19
2025-09-18,2025-09-19,P,6650.0,0.019178082191780823,82.44453079764807,-0.8752794637230799,41.552901562993156,-0.5303764533572791,6631.96,6664.360000000001,0.01643835616438356,98.95315632648655,24.472502307109153,11.609054624628268,0.4341970887761377,1.0011525267062513,1.0-2.0%,1.00-1.02,2025-09-18→2025-09-19
2025-09-18,2025-09-19,C,6655.0,0.019178082191780823,71.0799571329272,0.1187818295640338,31.247540100968763,0.4495483763235671,6631.96,6664.360000000001,0.01643835616438356,113.57784512343862,44.47229179366195,-0.59853127787476,-11.31536739288382,1.0019052729669329,1.0-2.0%,1.00-1.02,2025-09-18→2025-09-19
2025-09-18,2025-09-19,P,6655.0,0.019178082191780823,83.71565123869382,-0.881218170435949,43.95301913951789,-0.5519409569813727,6631.96,6664.360000000001,0.01643835616438356,105.6501119130869,26.214582415046152,11.201468722125227,0.5328870061967734,1.0019052729669329,1.0-2.0%,1.00-1.02,2025-09-18→2025-09-19
2025-09-18,2025-09-19,C,6660.0,0.019178082191780823,68.47460045484708,0.11495670161187527,28.747659954162373,0.4277154160746172,6631.96,6664.360000000001,0.01643835616438356,115.31123861329924,41.30939999116117,-1.0245971322248222,-11.157979480817833,1.0026580192276142,1.0-2.0%,1.00-1.02,2025-09-18→2025-09-19
2025-09-18,2025-09-19,P,6660.0,0.019178082191780823,86.10247765160291,-0.8850432983881192,46.453138820487766,-0.5737433352824587,6631.96,6664.360000000001,0.01643835616438356,112.38458148619104,28.052583596566365,10.775402867775544,0.6892840631519732,1.0026580192276142,1.0-2.0%,1.00-1.02,2025-09-18→2025-09-19
2025-09-18,2025-09-19,C,6665.0,0.019178082191780823,64.81681819759137,0.10846238709482733,26.34778048965927,0.4056833907900437,6631.96,6664.360000000001,0.01643835616438356,110.57198580969803,38.24392771984367,-1.3141813418724655,-10.944141861597638,1.0034107654882956,1.0-2.0%,1.00-1.02,2025-09-18→2025-09-19
2025-09-18,2025-09-19,P,6665.0,0.019178082191780823,87.43687848533517,-0.8915376129051479,49.05325918205517,-0.5957435719134011,6631.96,6664.360000000001,0.01643835616438356,112.64640476581705,29.988032993353954,10.485818658127279,0.9020917299945239,1.0034107654882956,1.0-2.0%,1.00-1.02,2025-09-18→2025-09-19
2025-09-18,2025-09-19,C,6670.0,0.019178082191780823,59.91618481411545,0.10102383357235142,24.09790099764814,0.38366380098469227,6631.96,6664.360000000001,0.01643835616438356,104.55243781431128,35.32590979651468,-1.6231722077442425,-10.78070715190424,1.004163511748977,1.0-2.0%,1.00-1.02,2025-09-18→2025-09-19
2025-09-18,2025-09-19,P,6670.0,0.019178082191780823,87.52842819285054,-0.898976166427598,51.803379510302875,-0.6177305113385527,6631.96,6664.360000000001,0.01643835616438356,111.6279328536982,32.07096252000974,10.126827792254666,1.0144685673694447,1.004163511748977,1.0-2.0%,1.00-1.02,2025-09-18→2025-09-19
2025-09-18,2025-09-19,C,6675.0,0.019178082191780823,56.786891154029924,0.09590614938709809,21.998020582107074,0.36179798772123967,6631.96,6664.360000000001,0.01643835616438356,112.97153699117945,32.559706349563385,-1.9073592401420312,-10.522254802168364,1.0049162580096584,1.0-2.0%,1.00-1.02,2025-09-18→2025-09-19
2025-09-18,2025-09-19,P,6675.0,0.019178082191780823,89.39131762375415,-0.904093850612905,54.65350003416188,-0.6397678420708469,6631.96,6664.360000000001,0.01643835616438356,125.04810811377989,34.256203208367424,9.842640759858622,1.278478083095795,1.0049162580096584,1.0-2.0%,1.00-1.02,2025-09-18→2025-09-19
2025-09-18,2025-09-19,C,6680.0,0.019178082191780823,54.97901351469699,0.09326684375987469,19.998139865404937,0.3399942967333707,6631.96,6664.360000000001,0.01643835616438356,110.03508005318528,29.89927233478511,-2.2718457378199908,-10.265815214161398,1.0056690042703398,1.0-2.0%,1.00-1.02,2025-09-18→2025-09-19
2025-09-18,2025-09-19,P,6680.0,0.019178082191780823,92.5756230754086,-0.9067331562401102,57.65361931745883,-0.6615715330587176,6631.96,6664.360000000001,0.01643835616438356,127.11272725903491,36.595769193589604,9.528154262180063,1.5849176711028115,1.0056690042703398,1.0-2.0%,1.00-1.02,2025-09-18→2025-09-19
2025-09-18,2025-09-19,C,6685.0,0.019178082191780823,50.078023447197,0.08487008603377731,18.098258323793743,0.3183017549286179,6631.96,6664.360000000001,0.01643835616438356,104.60580733723141,27.346158845411082,-2.3997907874944335,-9.962976859687396,1.0064217505310211,1.0-2.0%,1.00-1.02,2025-09-18→2025-09-19
2025-09-18,2025-09-19,P,6685.0,0.019178082191780823,92.66681609889531,-0.9151299139661829,62.00370163924981,-0.6766299304028854,6631.96,6664.360000000001,0.01643835616438356,126.68453062631508,40.32633554379345,8.150209212504826,0.4228097450538577,1.0064217505310211,1.0-2.0%,1.00-1.02,2025-09-18→2025-09-19
2025-09-18,2025-09-19,C,6690.0,0.019178082191780823,46.85541522425488,0.07982688553931383,16.34837462867631,0.2970839305560342,6631.96,6664.360000000001,0.01643835616438356,108.12088295016302,24.954516828792293,-2.5863910914738115,-9.62551935001567,1.0071744967917025,1.0-2.0%,1.00-1.02,2025-09-18→2025-09-19
2025-09-18,2025-09-19,P,6690.0,0.019178082191780823,94.4363909669438,-0.920173114460677,65.40380833927702,-0.6961206700881768,6631.96,6664.360000000001,0.01643835616438356,135.20068232248423,43.115587768822024,7.813608908526437,0.5543097108573072,1.0071744967917025,1.0-2.0%,1.00-1.02,2025-09-18→2025-09-19
2025-09-18,2025-09-19,C,6695.0,0.019178082191780823,45.922363643320836,0.0786488721619238,14.6984891130694,0.27615845309020576,6631.96,6664.360000000001,0.01643835616438356,109.80753445627161,22.675465190370232,-2.8482234580463732,-9.247533880122816,1.007927243052384,1.0-2.0%,1.00-1.02,2025-09-18→2025-09-19
2025-09-18,2025-09-19,P,6695.0,0.019178082191780823,98.49552247699576,-0.9213511278380097,68.90391216651278,-0.7150985036280566,6631.96,6664.360000000001,0.01643835616438356,141.88840991181016,46.0234989412852,7.351776541952017,0.6691915175494252,1.007927243052384,1.0-2.0%,1.00-1.02,2025-09-18→2025-09-19
2025-09-18,2025-09-19,C,6700.0,0.019178082191780823,42.91174334419974,0.0729967082661804,13.198599965010771,0.255975331423259,6631.96,6664.360000000001,0.01643835616438356,105.32470850771249,20.565447621060684,-2.9650933478242845,-8.893600738113731,1.0086799893130654,1.0-2.0%,1.00-1.02,2025-09-18→2025-09-19
2025-09-18,2025-09-19,P,6700.0,0.019178082191780823,100.47708526886207,-0.9270032917337745,71.25406245167687,-0.7425311257215391,6631.96,6664.360000000001,0.01643835616438356,142.40666004650365,47.6988333588979,8.384906652174802,2.408008473378274,1.0086799893130654,1.0-2.0%,1.00-1.02,2025-09-18→2025-09-19
2025-09-18,2025-09-19,C,6705.0,0.019178082191780823,38.5728080103306,0.06629146026426154,11.848704878966828,0.23671814885657874,6631.96,6664.360000000001,0.01643835616438356,99.55377806855968,18.62950705904632,-2.9978433125621096,-8.51966802295328,1.0094327355737467,1.0-2.0%,1.00-1.02,2025-09-18→2025-09-19
2025-09-18,2025-09-19,P,6705.0,0.019178082191780823,101.13033302598578,-0.9337085397356526,73.65422506310097,-0.7723172446771545,6631.96,6664.360000000001,0.01643835616438356,141.63680569059576,49.37160427872368,9.752156687435647,4.52307872754022,1.0094327355737467,1.0-2.0%,1.00-1.02,2025-09-18→2025-09-19
2025-09-18,2025-09-19,C,6575.0,0.021917808219178082,146.90910955288277,0.23453518667960901,89.0007113344418,0.729231312168694,6631.96,6664.360000000001,0.03561643835616438,186.6863986896397,129.4507394507582,20.90105995158054,4.8729054857339165,0.9895624151226419,2.0-3.0%,0.98-1.00,2025-09-18→2025-09-19
2025-09-18,2025-09-19,P,6575.0,0.021917808219178082,77.68746414962831,-0.7654648133203823,21.19972670433799,-0.2801704809320145,6631.96,6664.360000000001,0.03561643835616438,93.33170344131696,21.655276538141152,28.651059951580805,12.927523582197425,0.9895624151226419,2.0-3.0%,0.98-1.00,2025-09-18→2025-09-19
2025-09-18,2025-09-19,C,6580.0,0.021917808219178082,142.68827879885387,0.22699590907232603,85.10069861115971,0.7161893976901985,6631.96,6664.360000000001,0.03561643835616438,182.3586791515563,125.2647450289387,21.045332546056517,5.195463514837183,0.9903149340695032,2.0-3.0%,0.98-1.00,2025-09-18→2025-09-19
2025-09-18,2025-09-19,P,6580.0,0.021917808219178082,78.45730895041898,-0.773004090927617,22.199714834707947,-0.29233855865660086,6631.96,6664.360000000001,0.03561643835616438,94.00094611215913,22.348782038748368,28.845332546055214,13.271769300474029,0.9903149340695032,2.0-3.0%,0.98-1.00,2025-09-18→2025-09-19
2025-09-18,2025-09-19,C,6585.0,0.021917808219178082,137.23333152801268,0.21903481455878795,81.30068522191777,0.7024633555197021,6631.96,6664.360000000001,0.03561643835616438,176.89481776050408,121.1620534882195,21.103272008295153,5.440187281161272,0.9910674530163645,2.0-3.0%,0.98-1.00,2025-09-18→2025-09-19
2025-09-18,2025-09-19,P,6585.0,0.021917808219178082,77.99303723441513,-0.7809651854412055,23.299702911429904,-0.30521627258909034,6631.96,6664.360000000001,0.03561643835616438,93.53404693005113,23.12745176343583,28.953272008295485,13.539007231886693,0.9910674530163645,2.0-3.0%,0.98-1.00,2025-09-18→2025-09-19
2025-09-18,2025-09-19,C,6590.0,0.021917808219178082,133.2244200959674,0.21324704251159365,78.75066662076279,0.683490167803801,6631.96,6664.360000000001,0.019178082191780823,147.1103769098744,98.94174751561604,3.690795822624244,-11.545081436843532,0.9918199719632258,2.0-3.0%,0.98-1.00,2025-09-18→2025-09-19
2025-09-18,2025-09-19,P,6590.0,0.021917808219178082,78.97480135718799,-0.7867529574883687,24.499688968156534,-0.31876678423623467,6631.96,6664.360000000001,0.019178082191780823,72.33002003337714,13.765164420777182,15.490795822623575,0.32804380925417753,0.9918199719632258,2.0-3.0%,0.98-1.00,2025-09-18→2025-09-19
2025-09-18,2025-09-19,C,6595.0,0.021917808219178082,130.35478113182603,0.20913357429969798,74.95065319418336,0.6696357770627155,6631.96,6664.360000000001,0.019178082191780823,142.60608052598033,94.72027884648378,3.474072192689686,-11.446199176832334,0.9925724909100871,2.0-3.0%,0.98-1.00,2025-09-18→2025-09-19
2025-09-18,2025-09-19,P,6595.0,0.021917808219178082,81.09583794787285,-0.7908664257002483,25.799675214259878,-0.3329506316698369,6631.96,6664.360000000001,0.019178082191780823,72.82540471407061,14.622794248212585,15.174072192688476,0.33760046610289685,0.9925724909100871,2.0-3.0%,0.98-1.00,2025-09-18→2025-09-19
2025-09-18,2025-09-19,C,6600.0,0.021917808219178082,124.45513451003966,0.19953074818121083,71.25063904515264,0.6551251380779536,6631.96,6664.360000000001,0.019178082191780823,136.62903413741907,90.57619942049769,3.3352037589286576,-11.426054473726058,0.9933250098569485,2.0-3.0%,0.98-1.00,2025-09-18→2025-09-19
2025-09-18,2025-09-19,P,6600.0,0.021917808219178082,80.18686688091198,-0.8004692518187569,27.049661283668684,-0.3472365345362996,6631.96,6664.360000000001,0.019178082191780823,71.84803939009225,15.441052036815108,15.08520375892816,0.4004637189762956,0.9933250098569485,2.0-3.0%,0.98-1.00,2025-09-18→2025-09-19
2025-09-18,2025-09-19,C,6605.0,0.021917808219178082,120.38187451965206,0.19349653883817206,67.65062494249469,0.6399966360361984,6631.96,6664.360000000001,0.019178082191780823,139.8692914341147,86.51110722400699,3.0807121416431142,-11.385891007573182,0.9940775288038098,2.0-3.0%,0.98-1.00,2025-09-18→2025-09-19
2025-09-18,2025-09-19,P,6605.0,0.021917808219178082,81.10428244535541,-0.806503461161801,28.449647185806043,-0.36231649183219344,6631.96,6664.360000000001,0.019178082191780823,80.08797775136436,16.377478765806472,14.880712141642789,0.4890543353632619,0.9940775288038098,2.0-3.0%,0.98-1.00,2025-09-18→2025-09-19
2025-09-18,2025-09-19,C,6610.0,0.021917808219178082,117.70704011680527,0.19007657490532315,64.1006091479544,0.624422241317083,6631.96,6664.360000000001,0.019178082191780823,137.18911862122445,82.48607991189783,2.741518973067432,-11.331280618673826,0.9948300477506711,2.0-3.0%,0.98-1.00,2025-09-18→2025-09-19
2025-09-18,2025-09-19,P,6610.0,0.021917808219178082,83.42012359733141,-0.8099234250946221,29.849631608378786,-0.3777095768074265,6631.96,6664.360000000001,0.019178082191780823,82.40748600306671,17.313412284329843,14.591518973066197,0.5877902885608233,0.9948300477506711,2.0-3.0%,0.98-1.00,2025-09-18→2025-09-19
2025-09-18,2025-09-19,C,6615.0,0.021917808219178082,112.58282380918564,0.18141702756218533,60.65059334861098,0.6082760257569001,6631.96,6664.360000000001,0.019178082191780823,131.58069889432957,78.54225268939354,2.5720883069850915,-11.2581432345239,0.9955825666975324,2.0-3.0%,0.98-1.00,2025-09-18→2025-09-19
2025-09-18,2025-09-19,P,6615.0,0.021917808219178082,83.28658284454193,-0.8185829724377299,31.349615956731668,-0.393706656351459,6631.96,6664.360000000001,0.019178082191780823,81.79874734075095,18.329552041202533,14.372088306982896,0.6060956657874854,0.9955825666975324,2.0-3.0%,0.98-1.00,2025-09-18→2025-09-19
2025-09-18,2025-09-19,C,6620.0,0.021917808219178082,107.61954442941806,0.17394092014801102,57.35057698376977,0.5915021345468245,6631.96,6664.360000000001,0.019178082191780823,129.63575341650318,74.72291201060943,2.114314187204341,-11.414669159317445,0.9963350856443938,2.0-3.0%,0.98-1.00,2025-09-18→2025-09-19
2025-09-18,2025-09-19,P,6620.0,0.021917808219178082,83.31397901959853,-0.8260590798519267,32.99959970344935,-0.41036623879685113,6631.96,6664.360000000001,0.019178082191780823,84.8534829275293,19.469109869584372,14.164314187202876,0.6958661370182,0.9963350856443938,2.0-3.0%,0.98-1.00,2025-09-18→2025-09-19
2025-09-18,2025-09-19,C,6625.0,0.021917808219178082,104.5372382250796,0.16966881880454637,54.050560329901145,0.574429367186837,6631.96,6664.360000000001,0.019178082191780823,132.18143204024574,70.90469950643092,1.752730270732605,-11.361511496853833,0.9970876045912551,2.0-3.0%,0.98-1.00,2025-09-18→2025-09-19
2025-09-18,2025-09-19,P,6625.0,0.021917808219178082,85.22234837008281,-0.8303311811954299,34.749582974645364,-0.42751582903525737,6631.96,6664.360000000001,0.019178082191780823,92.39884261583636,20.693145923506563,13.752730270732386,0.7015128607425734,0.9970876045912551,2.0-3.0%,0.98-1.00,2025-09-18→2025-09-19
2025-09-18,2025-09-19,C,6630.0,0.021917808219178082,101.03900282896117,0.16417442418742023,50.850542854246214,0.5568686562322543,6631.96,6664.360000000001,0.019178082191780823,127.33734364864921,67.17140688573909,1.430748656327495,-11.292544461925345,0.9978401235381165,2.0-3.0%,0.98-1.00,2025-09-18→2025-09-19
2025-09-18,2025-09-19,P,6630.0,0.021917808219178082,86.7147885288015,-0.8358255758125378,36.549565521828754,-0.44505684224152664,6631.96,6664.360000000001,0.019178082191780823,92.55443528884435,21.96044758824155,13.380748656326684,0.71984168862571,0.9978401235381165,2.0-3.0%,0.98-1.00,2025-09-18→2025-09-19
2025-09-18,2025-09-19,C,6635.0,0.021917808219178082,95.19398270716793,0.1549969471793451,47.750525628226114,0.5388598826260301,6631.96,6664.360000000001,0.019178082191780823,121.19271194758146,63.52461387508083,1.228098911389134,-11.20906019708367,0.9985926424849777,2.0-3.0%,0.98-1.00,2025-09-18→2025-09-19
2025-09-18,2025-09-19,P,6635.0,0.021917808219178082,85.86044396182633,-0.8450030528205991,38.44954831222367,-0.46304512813442633,6631.96,6664.360000000001,0.019178082191780823,91.40948465235466,23.314269810403857,13.178098911387867,0.8026621515556638,0.9985926424849777,2.0-3.0%,0.98-1.00,2025-09-18→2025-09-19
2025-09-18,2025-09-19,C,6640.0,0.021917808219178082,91.33676166689925,0.14905452241788864,44.75050834873127,0.5204433891524558,6631.96,6664.360000000001,0.019178082191780823,126.96864883519576,59.96589501863946,0.9206334736603266,-11.112365808539852,0.999345161431839,2.0-3.0%,0.98-1.00,2025-09-18→2025-09-19
2025-09-18,2025-09-19,P,6640.0,0.021917808219178082,86.99389847638834,-0.8509454775820908,40.449531062452934,-0.4814403544104615,6631.96,6664.360000000001,0.019178082191780823,102.18510260455551,24.75618652779349,12.820633473660205,0.8486674828992129,0.999345161431839,2.0-3.0%,0.98-1.00,2025-09-18→2025-09-19
2025-09-18,2025-09-19,C,6645.0,0.021917808219178082,89.38167909335054,0.14661240329949393,41.90048935372715,0.5016665582377883,6631.96,6664.360000000001,0.019178082191780823,123.77923010875391,56.541563835564375,0.44975813309631274,-11.05399648690462,1.0000976803787005,2.0-3.0%,1.00-1.02,2025-09-18→2025-09-19
2025-09-18,2025-09-19,P,6645.0,0.021917808219178082,90.0294914576605,-0.8533875967004653,42.549512073407186,-0.5002018151058869,6631.96,6664.360000000001,0.019178082191780823,103.99536494270566,26.287761694540222,12.399758133095546,0.956538809431013,1.0000976803787005,2.0-3.0%,1.00-1.02,2025-09-18→2025-09-19
2025-09-18,2025-09-19,C,6650.0,0.021917808219178082,83.9662111058426,0.13778149619985589,39.10047073447731,0.4825798958804637,6631.96,6664.360000000001,0.019178082191780823,118.06783542568004,53.16435249001415,0.2358795231245896,-10.935588626527291,1.0008501993255616,2.0-3.0%,1.00-1.02,2025-09-18→2025-09-19
2025-09-18,2025-09-19,P,6650.0,0.021917808219178082,89.60469902497798,-0.8622185038001311,44.74949345415598,-0.5192884774632115,6631.96,6664.360000000001,0.019178082191780823,103.28365132421969,27.91055034898909,12.185879523124719,1.0749466698083374,1.0008501993255616,2.0-3.0%,1.00-1.02,2025-09-18→2025-09-19
2025-09-18,2025-09-19,C,6655.0,0.021917808219178082,79.80332708988004,0.13122793887356463,36.400451813600284,0.4632093903487688,6631.96,6664.360000000001,0.019178082191780823,119.37641007011932,49.87989258857306,-0.051785219503569735,-10.807984247300366,1.001602718272423,2.0-3.0%,1.00-1.02,2025-09-18→2025-09-19
2025-09-18,2025-09-19,P,6655.0,0.021917808219178082,90.43249056384724,-0.8687720611264106,47.04947453327895,-0.5386589829949064,6631.96,6664.360000000001,0.019178082191780823,109.59190703323506,29.62609044754754,11.848214780496178,1.1525510490352673,1.001602718272423,2.0-3.0%,1.00-1.02,2025-09-18→2025-09-19
2025-09-18,2025-09-19,C,6660.0,0.021917808219178082,78.03108776736427,0.12892299480200234,33.800433354979305,0.44359676380943663,6631.96,6664.360000000001,0.019178082191780823,120.67662395111981,46.68970755715645,-0.4271050315849463,-10.622535147425989,1.0023552372192843,2.0-3.0%,1.00-1.02,2025-09-18→2025-09-19
2025-09-18,2025-09-19,P,6660.0,0.021917808219178082,93.65092679615645,-0.8710770051979707,49.54945625399887,-0.558116918108699,6631.96,6664.360000000001,0.019178082191780823,115.89180197880667,31.529577693558622,11.422894968414731,1.282988146722154,1.0023552372192843,2.0-3.0%,1.00-1.02,2025-09-18→2025-09-19
2025-09-18,2025-09-19,C,6665.0,0.021917808219178082,74.74740651850175,0.1232189874650603,31.350413481954092,0.4238868865495375,6631.96,6664.360000000001,0.019178082191780823,115.78378302164745,43.64287372695935,-0.7922951938680249,-10.53393512420525,1.0031077561661457,2.0-3.0%,1.00-1.02,2025-09-18→2025-09-19
2025-09-18,2025-09-19,P,6665.0,0.021917808219178082,95.35792110212199,-0.8767810125349214,52.0994364012995,-0.5777768000264966,6631.96,6664.360000000001,0.019178082191780823,115.99864211393442,33.48420927205689,11.05770480613193,1.3699683208588027,1.0031077561661457,2.0-3.0%,1.00-1.02,2025-09-18→2025-09-19
2025-09-18,2025-09-19,C,6670.0,0.021917808219178082,69.65491564986057,0.1155691911229405,29.000394154244077,0.40407182947507436,6631.96,6664.360000000001,0.019178082191780823,109.65363434989929,40.69482457027425,-0.9944417923833355,-10.34192727499263,1.003860275113007,2.0-3.0%,1.00-1.02,2025-09-18→2025-09-19
2025-09-18,2025-09-19,P,6670.0,0.021917808219178082,95.2561057883087,-0.8844308088770025,54.74941712381451,-0.5975403186096506,6631.96,6664.360000000001,0.019178082191780823,114.86817450678436,35.53766179995773,10.80555820761537,1.5103063229530136,1.003860275113007,2.0-3.0%,1.00-1.02,2025-09-18→2025-09-19
2025-09-18,2025-09-19,C,6675.0,0.021917808219178082,66.41605199223136,0.11031172880913614,26.750374809611458,0.3841977029608209,6631.96,6664.360000000001,0.019178082191780823,117.37346529837828,37.8471021827736,-1.2741000134160707,-10.148005575930807,1.0046127940598684,2.0-3.0%,1.00-1.02,2025-09-18→2025-09-19
2025-09-18,2025-09-19,P,6675.0,0.021917808219178082,97.00791768550539,-0.889688271190823,57.499397829011286,-0.6173612820386308,6631.96,6664.360000000001,0.019178082191780823,127.58768651984637,37.6914790006731,10.575899986583153,1.7525055380519774,1.0046127940598684,2.0-3.0%,1.00-1.02,2025-09-18→2025-09-19
2025-09-18,2025-09-19,C,6680.0,0.021917808219178082,66.00141107748266,0.11011939460412079,24.650355546830724,0.3644941263842648,6631.96,6664.360000000001,0.019178082191780823,114.16160046794015,35.15112787918633,-1.6678683851735716,-9.909609694850376,1.0053653130067297,2.0-3.0%,1.00-1.02,2025-09-18→2025-09-19
2025-09-18,2025-09-19,P,6680.0,0.021917808219178082,101.58395232558473,-0.8898806053958287,60.29937826651076,-0.6373742469594101,6631.96,6664.360000000001,0.019178082191780823,129.37550275398172,39.89732573816127,10.182131614825337,2.000925601485239,1.0053653130067297,2.0-3.0%,1.00-1.02,2025-09-18→2025-09-19
2025-09-18,2025-09-19,C,6685.0,0.021917808219178082,61.15149885207327,0.10193814977583947,22.550336005642748,0.3444626418425711,6631.96,6664.360000000001,0.019178082191780823,108.5527438224242,32.45879055392288,-1.8027960527372544,-9.660589595699491,1.006117831953591,2.0-3.0%,1.00-1.02,2025-09-18→2025-09-19
2025-09-18,2025-09-19,P,6685.0,0.021917808219178082,101.72471565499896,-0.898061850224102,63.349359340646515,-0.656775103262147,6631.96,6664.360000000001,0.019178082191780823,128.7663271730546,42.35704310469919,9.997203947261394,2.1795133456939197,1.006117831953591,2.0-3.0%,1.00-1.02,2025-09-18→2025-09-19
2025-09-18,2025-09-19,C,6690.0,0.021917808219178082,57.76747318589622,0.09671603481129915,20.70031712951868,0.32518042372364997,6631.96,6664.360000000001,0.019178082191780823,111.61600194863996,30.02433506797297,-1.9835995278861431,-9.385845728646434,1.0068703509004524,2.0-3.0%,1.00-1.02,2025-09-18→2025-09-19
2025-09-18,2025-09-19,P,6690.0,0.021917808219178082,103.33136554364665,-0.9032839651886423,66.44934032027777,-0.6762109633701621,6631.96,6664.360000000001,0.019178082191780823,136.82926636384866,44.873526189868244,9.816400472112516,2.459235213193633,1.0068703509004524,2.0-3.0%,1.00-1.02,2025-09-18→2025-09-19
2025-09-18,2025-09-19,C,6695.0,0.021917808219178082,57.87674502928648,0.09731477023652993,18.950298640907704,0.30615636913187005,6631.96,6664.360000000001,0.019178082191780823,112.8964521275683,27.699757237896847,-2.402998555663623,-9.169466359872757,1.0076228698473138,2.0-3.0%,1.00-1.02,2025-09-18→2025-09-19
2025-09-18,2025-09-19,P,6695.0,0.021917808219178082,108.43131294186477,-0.9026852297634169,70.89932720755132,-0.6889974396014124,6631.96,6664.360000000001,0.019178082191780823,143.1093976073682,48.80113400733444,8.197001444335196,1.2735170430861302,1.0076228698473138,2.0-3.0%,1.00-1.02,2025-09-18→2025-09-19
2025-09-18,2025-09-19,C,6700.0,0.021917808219178082,55.40798545678885,0.0926525551460078,17.250280104178955,0.28715313950333293,6631.96,6664.360000000001,0.019178082191780823,108.20478774286109,25.433584869330844,-2.551942786730704,-8.853761719908144,1.0083753887941749,2.0-3.0%,1.00-1.02,2025-09-18→2025-09-19
2025-09-18,2025-09-19,P,6700.0,0.021917808219178082,110.95322892419303,-0.9073474448539535,74.2993106400163,-0.7067023947534437,6631.96,6664.360000000001,0.019178082191780823,143.41741428724333,51.66136238117679,7.948057213268591,1.4471575900119653,1.0083753887941749,2.0-3.0%,1.00-1.02,2025-09-18→2025-09-19
2025-09-18,2025-09-19,C,6705.0,0.021917808219178082,50.95845770352553,0.08591335033447138,15.650261899384077,0.2684709860812482,6631.96,6664.360000000001,0.019178082191780823,102.26239425276641,23.27902132044801,-2.6335925508369193,-8.548459949032587,1.0091279077410362,2.0-3.0%,1.00-1.02,2025-09-18→2025-09-19
2025-09-18,2025-09-19,P,6705.0,0.021917808219178082,111.49437672576032,-0.9140866496654588,77.89929439128082,-0.7233611959921928,6631.96,6664.360000000001,0.019178082191780823,142.47470186174286,54.743291579749894,7.716407449161359,1.536902750147437,1.0091279077410362,2.0-3.0%,1.00-1.02,2025-09-18→2025-09-19
2025-09-18,2025-09-19,C,6575.0,0.030136986301369864,171.4300349112348,0.26361106675536866,93.30000000000655,0.7122343994675536,6631.96,6664.360000000001,0.03561643835616438,186.6863986896397,122.8458139941522,15.659001437125914,1.1236054572508785,0.9894955453888755,3.0-4.0%,0.98-1.00,2025-09-18→2025-09-19
2025-09-18,2025-09-19,P,6575.0,0.030136986301369864,101.76491210837654,-0.7363889332447106,24.80000000000223,-0.2949832481463577,6631.96,6664.360000000001,0.03561643835616438,93.33170344131696,19.47982056805222,24.109001437129024,9.80745723994215,0.9894955453888755,3.0-4.0%,0.98-1.00,2025-09-18→2025-09-19
2025-09-18,2025-09-19,C,6580.0,0.030136986301369864,169.68079924820026,0.2603294832988304,89.50000028364047,0.6998459163466828,6631.96,6664.360000000001,0.03561643835616438,182.3586791515563,118.720573599413,15.565324741117754,1.3249923103670938,0.9902480134842282,3.0-4.0%,0.98-1.00,2025-09-18→2025-09-19
2025-09-18,2025-09-19,P,6580.0,0.030136986301369864,105.0060147549977,-0.7396705167012187,25.899999240470606,-0.30668485499651177,6631.96,6664.360000000001,0.03561643835616438,94.00094611215913,20.26290623196178,24.06532474111989,10.03658930188715,0.9902480134842282,3.0-4.0%,0.98-1.00,2025-09-18→2025-09-19
2025-09-18,2025-09-19,C,6585.0,0.030136986301369864,161.59306766987459,0.24871008183009832,85.79999984043661,0.6868984463504035,6631.96,6664.360000000001,0.03561643835616438,176.89481776050408,114.67801077009517,15.641793348704681,1.4444903382465526,0.991000481579581,3.0-4.0%,0.98-1.00,2025-09-18→2025-09-19
2025-09-18,2025-09-19,P,6585.0,0.030136986301369864,101.90862148632743,-0.7512899181699926,27.14999992779758,-0.31914966109435716,6631.96,6664.360000000001,0.03561643835616438,93.53404693005113,21.177067026748773,24.14179334870817,10.140449019457346,0.991000481579581,3.0-4.0%,0.98-1.00,2025-09-18→2025-09-19
2025-09-18,2025-09-19,C,6590.0,0.030136986301369864,157.10226189160176,0.24219841922732993,83.14999999429438,0.670279788049333,6631.96,6664.360000000001,0.0273972602739726,156.04327126874568,103.5188947049819,1.9027712170343785,-11.967065132798755,0.9917529496749338,3.0-4.0%,0.98-1.00,2025-09-18→2025-09-19
2025-09-18,2025-09-19,P,6590.0,0.030136986301369864,102.40815401770531,-0.7578015807727289,28.399999994485825,-0.3318186655284317,6631.96,6664.360000000001,0.0273972602739726,80.45759932846936,17.471084503594966,14.352771217036828,0.550924763121369,0.9917529496749338,3.0-4.0%,0.98-1.00,2025-09-18→2025-09-19
2025-09-18,2025-09-19,C,6595.0,0.030136986301369864,157.31353884984506,0.2431324573952471,79.44999999967331,0.6572074732920955,6631.96,6664.360000000001,0.0273972602739726,151.66511284520058,99.41908616986802,1.4725083803938555,-11.94352213466426,0.9925054177702866,3.0-4.0%,0.98-1.00,2025-09-18→2025-09-19
2025-09-18,2025-09-19,P,6595.0,0.030136986301369864,107.60976928560878,-0.7568675426048128,29.699999999684678,-0.3448785159427874,6631.96,6664.360000000001,0.0273972602739726,81.07851095656636,18.37166283694819,13.922508380396348,0.574063916546498,0.9925054177702866,3.0-4.0%,0.98-1.00,2025-09-18→2025-09-19
2025-09-18,2025-09-19,C,6600.0,0.030136986301369864,151.46442790074101,0.2338787932349971,75.84999999998672,0.6436050925214866,6631.96,6664.360000000001,0.0273972602739726,145.88030200403722,95.4005996644537,1.372327099185969,-11.902804997696514,0.9932578858656392,3.0-4.0%,0.98-1.00,2025-09-18→2025-09-19
2025-09-18,2025-09-19,P,6600.0,0.030136986301369864,106.75099664615419,-0.766121206765082,30.94999999998572,-0.35805662329522503,6631.96,6664.360000000001,0.0273972602739726,80.29277016705059,19.228499023845643,13.972327099189076,0.7510345947654891,0.9932578858656392,3.0-4.0%,0.98-1.00,2025-09-18→2025-09-19
2025-09-18,2025-09-19,C,6605.0,0.030136986301369864,144.30143061185194,0.2235642999982995,72.30000011348693,0.6296333594011303,6631.96,6664.360000000001,0.0273972602739726,148.9176804849606,91.4226878472191,1.2565166800549603,-11.90012084459698,0.994010353960992,3.0-4.0%,0.98-1.00,2025-09-18→2025-09-19
2025-09-18,2025-09-19,P,6605.0,0.030136986301369864,104.57833766693777,-0.7764357000017647,32.35000012065757,-0.37193157004338956,6631.96,6664.360000000001,0.0273972602739726,88.329218699602,20.207659482763574,13.9065166800576,0.8005828694060249,0.994010353960992,3.0-4.0%,0.98-1.00,2025-09-18→2025-09-19
2025-09-18,2025-09-19,C,6610.0,0.030136986301369864,143.80352902406136,0.2236095322905596,68.80000000894006,0.6152887654485898,6631.96,6664.360000000001,0.0273972602739726,146.27875413283184,87.48545823491895,1.6550511537857382,-11.035356000534655,0.9947628220563448,3.0-4.0%,0.98-1.00,2025-09-18→2025-09-19
2025-09-18,2025-09-19,P,6610.0,0.030136986301369864,109.07077438879116,-0.7763904677094745,34.05000000875998,-0.3867565277274578,6631.96,6664.360000000001,0.0273972602739726,90.68936239910813,21.43928726496756,13.305051153787403,0.6809114983698485,0.9947628220563448,3.0-4.0%,0.98-1.00,2025-09-18→2025-09-19
2025-09-18,2025-09-19,C,6615.0,0.030136986301369864,140.41428786267258,0.21796368712907666,65.40000000045575,0.6004713284943095,6631.96,6664.360000000001,0.0273972602739726,140.84863750268048,83.63195880079547,1.387976537017786,-11.005271043215966,0.9955152901516976,3.0-4.0%,0.98-1.00,2025-09-18→2025-09-19
2025-09-18,2025-09-19,P,6615.0,0.030136986301369864,110.67187153704035,-0.7820363128709575,35.60000000045693,-0.4014647507341564,6631.96,6664.360000000001,0.0273972602739726,90.2583158205871,22.543236728983402,13.137976537019448,0.8074579237868829,0.9955152901516976,3.0-4.0%,0.98-1.00,2025-09-18→2025-09-19
2025-09-18,2025-09-19,C,6620.0,0.030136986301369864,131.42039135462008,0.20492538912664734,62.05000000001337,0.5852987740169524,6631.96,6664.360000000001,0.0273972602739726,138.8852005143964,79.8201124968391,1.4104173922965115,-10.913680278149581,0.9962677582470503,3.0-4.0%,0.98-1.00,2025-09-18→2025-09-19
2025-09-18,2025-09-19,P,6620.0,0.030136986301369864,106.66831333865296,-0.79507461087342,37.15000000001373,-0.4164777040131603,6631.96,6664.360000000001,0.0273972602739726,93.29394888394219,23.644509858066158,13.260417392299242,0.9938776100266207,0.9962677582470503,3.0-4.0%,0.98-1.00,2025-09-18→2025-09-19
2025-09-18,2025-09-19,C,6625.0,0.030136986301369864,129.4745868189482,0.20237791496198382,58.79999999999973,0.5696994455279772,6631.96,6664.360000000001,0.0273972602739726,141.18161623602958,76.09382006582291,1.0429555552316225,-10.858262035106765,0.9970202263424031,3.0-4.0%,0.98-1.00,2025-09-18→2025-09-19
2025-09-18,2025-09-19,P,6625.0,0.030136986301369864,109.71284711263955,-0.7976220850380782,38.849999999999454,-0.4320442177836875,6631.96,6664.360000000001,0.0273972602739726,100.58943465721754,24.87336082074762,12.942955555234168,1.0982326561917084,0.9970202263424031,3.0-4.0%,0.98-1.00,2025-09-18→2025-09-19
2025-09-18,2025-09-19,C,6630.0,0.030136986301369864,128.74421073214367,0.20141317150783625,55.649999844585636,0.5537120813171713,6631.96,6664.360000000001,0.0273972602739726,136.4443284352246,72.45445769696744,0.624213243145987,-10.790271434676661,0.9977726944377558,3.0-4.0%,0.98-1.00,2025-09-18→2025-09-19
2025-09-18,2025-09-19,P,6630.0,0.030136986301369864,113.9728093354875,-0.7985868284922204,40.79999984305459,-0.4481763125293318,6631.96,6664.360000000001,0.0273972602739726,100.851216908058,26.321322236180094,12.42421324314838,1.0709125259506003,0.9977726944377558,3.0-4.0%,0.98-1.00,2025-09-18→2025-09-19
2025-09-18,2025-09-19,C,6635.0,0.030136986301369864,121.86448924860981,0.1910644492541317,52.59999999773299,0.5373764443613214,6631.96,6664.360000000001,0.0273972602739726,130.4878526156337,68.90342316872193,0.45951184416602686,-10.760996797307108,0.9985251625331085,3.0-4.0%,0.98-1.00,2025-09-18→2025-09-19
2025-09-18,2025-09-19,P,6635.0,0.030136986301369864,112.08342616162882,-0.8089355507459024,42.79999999773281,-0.4645596348671424,6631.96,6664.360000000001,0.0273972602739726,99.89381114013192,27.81470109690781,12.209511844167682,1.051732169695672,0.9985251625331085,3.0-4.0%,0.98-1.00,2025-09-18→2025-09-19
2025-09-18,2025-09-19,C,6640.0,0.030136986301369864,115.26222412031667,0.18127824642449417,49.64999936764616,0.5207332124680044,6631.96,6664.360000000001,0.0273972602739726,135.77119038957812,65.44212950986275,0.3265848158462932,-10.671756083963626,0.9992776306284613,3.0-4.0%,0.98-1.00,2025-09-18→2025-09-19
2025-09-18,2025-09-19,P,6640.0,0.030136986301369864,110.47149934297863,-0.8187217535755785,44.79999936238801,-0.4811894543698957,6631.96,6664.360000000001,0.0273972602739726,110.17621896567933,29.307958830488587,12.126584815849192,1.190538321584885,0.9992776306284613,3.0-4.0%,0.98-1.00,2025-09-18→2025-09-19
2025-09-18,2025-09-19,C,6645.0,0.030136986301369864,115.95133873152977,0.1831472248528531,46.700000001839726,0.5038149135338185,6631.96,6664.360000000001,0.0273972602739726,132.54798925272536,61.980032076444786,-0.1339700852325425,-10.523603198495994,1.000030098723814,3.0-4.0%,1.00-1.02,2025-09-18→2025-09-19
2025-09-18,2025-09-19,P,6645.0,0.030136986301369864,116.15095226384936,-0.8168527751472024,46.900000001839544,-0.498121165694645,6631.96,6664.360000000001,0.0273972602739726,111.95208788048866,30.891310004630668,11.616029914769804,1.2891257685067679,1.000030098723814,3.0-4.0%,1.00-1.02,2025-09-18→2025-09-19
2025-09-18,2025-09-19,C,6650.0,0.030136986301369864,111.32972353834067,0.17580750363558997,43.950000924642154,0.4866450439009308,6631.96,6664.360000000001,0.0273972602739726,126.97493564757232,58.701406896754634,-0.34616311779321673,-10.417299422390428,1.0007825668191668,3.0-4.0%,1.00-1.02,2025-09-18→2025-09-19
2025-09-18,2025-09-19,P,6650.0,0.030136986301369864,116.51967538031043,-0.8241924963644742,48.90000087164435,-0.5154062952242684,6631.96,6664.360000000001,0.0273972602739726,111.37810432696615,32.38002188789278,11.603836882209407,1.5991639652665697,1.0007825668191668,3.0-4.0%,1.00-1.02,2025-09-18→2025-09-19
2025-09-18,2025-09-19,C,6655.0,0.030136986301369864,103.45193662363712,0.164232984344198,41.19999999533729,0.46920975436864776,6631.96,6664.360000000001,0.0273972602739726,127.97485743026621,55.42259539695942,-0.3711486927521088,-10.252396041544447,1.0015350349145196,3.0-4.0%,1.00-1.02,2025-09-18→2025-09-19
2025-09-18,2025-09-19,P,6655.0,0.030136986301369864,113.63222677526727,-0.8357670156558726,51.34999999528736,-0.5327683977207316,6631.96,6664.360000000001,0.0273972602739726,117.37709616128701,34.286768228469555,11.32885130725073,1.5116960861519928,1.0015350349145196,3.0-4.0%,1.00-1.02,2025-09-18→2025-09-19
2025-09-18,2025-09-19,C,6660.0,0.030136986301369864,102.8318187276902,0.16376708483023047,38.599999691404264,0.45162050490393296,6631.96,6664.360000000001,0.0273972602739726,128.92786656573315,52.28463144421903,-0.8060535484995563,-10.132504358887674,1.0022875030098723,3.0-4.0%,1.00-1.02,2025-09-18→2025-09-19
2025-09-18,2025-09-19,P,6660.0,0.030136986301369864,118.00244718897201,-0.8362329151698797,53.699999685039074,-0.5504390532762895,6631.96,6664.360000000001,0.0273972602739726,123.32917534839869,36.10052862781913,10.943946451504555,1.6842253261520739,1.0022875030098723,3.0-4.0%,1.00-1.02,2025-09-18→2025-09-19
2025-09-18,2025-09-19,C,6665.0,0.030136986301369864,101.5782959422812,0.16150359408286777,36.05000000000064,0.43381603223954507,6631.96,6664.360000000001,0.0273972602739726,124.05840453303918,49.19411651688779,-1.1327164482850023,-9.955639444561495,1.0030399711052251,3.0-4.0%,1.00-1.02,2025-09-18→2025-09-19
2025-09-18,2025-09-19,P,6665.0,0.030136986301369864,121.73926271322661,-0.8384964059171953,56.20000000000073,-0.568202031988707,6631.96,6664.360000000001,0.0273972602739726,123.45878336733844,38.05710222435437,10.51728355171758,1.759745836434412,1.0030399711052251,3.0-4.0%,1.00-1.02,2025-09-18→2025-09-19
2025-09-18,2025-09-19,C,6670.0,0.030136986301369864,95.26819217702943,0.1523399606012873,33.65000000007831,0.4159838618944229,6631.96,6664.360000000001,0.0273972602739726,118.00847596938944,46.24846083859575,-1.285814723481793,-9.82787712537953,1.003792439200578,3.0-4.0%,1.00-1.02,2025-09-18→2025-09-19
2025-09-18,2025-09-19,P,6670.0,0.030136986301369864,120.41949725763251,-0.8476600393987329,58.80000000008022,-0.58605491278639,6631.96,6664.360000000001,0.0273972602739726,122.40792485534581,40.11082950187165,10.414185276519412,1.9381791742793588,1.003792439200578,3.0-4.0%,1.00-1.02,2025-09-18→2025-09-19
2025-09-18,2025-09-19,C,6675.0,0.030136986301369864,90.59685835412805,0.14514823540216512,31.40000000334112,0.3982317136451946,6631.96,6664.360000000001,0.0273972602739726,124.96108573962772,43.45097252371261,-1.5028028270302336,-9.702707522104527,1.0045449072959307,3.0-4.0%,1.00-1.02,2025-09-18→2025-09-19
2025-09-18,2025-09-19,P,6675.0,0.030136986301369864,120.73850174438458,-0.8548517645978808,61.50000000349473,-0.6039519481869278,6631.96,6664.360000000001,0.0273972602739726,134.3596046772144,42.263172159556234,10.247197172971802,2.118043121256786,1.0045449072959307,3.0-4.0%,1.00-1.02,2025-09-18→2025-09-19
2025-09-18,2025-09-19,C,6680.0,0.030136986301369864,92.30442179431093,0.1484204126916146,29.150000085112424,0.3802356912037065,6631.96,6664.360000000001,0.0273972602739726,121.56876045439918,40.6545213544282,-1.9588213712083924,-9.469636395000297,1.0052973753912833,3.0-4.0%,1.00-1.02,2025-09-18→2025-09-19
2025-09-18,2025-09-19,P,6680.0,0.030136986301369864,127.43640349422633,-0.8515795873084271,64.30000008707339,-0.6218460722014881,6631.96,6664.360000000001,0.0273972602739726,135.96634944361634,44.51561140384365,9.74117862879351,2.2978127393285597,1.0052973753912833,3.0-4.0%,1.00-1.02,2025-09-18→2025-09-19
2025-09-18,2025-09-19,C,6685.0,0.030136986301369864,87.85546108054062,0.14115939207767406,27.049999999977445,0.3624153085486037,6631.96,6664.360000000001,0.0273972602739726,116.00081491217036,38.009223210302025,-2.1735643033167182,-9.34225599697496,1.006049843486636,3.0-4.0%,1.00-1.02,2025-09-18→2025-09-19
2025-09-18,2025-09-19,P,6685.0,0.030136986301369864,127.97778109010127,-0.8588406079223773,67.19999999997617,-0.6396887226723748,6631.96,6664.360000000001,0.0273972602739726,135.39747395303414,46.86965206508103,9.576435696685508,2.4759146145853066,1.006049843486636,3.0-4.0%,1.00-1.02,2025-09-18→2025-09-19
2025-09-18,2025-09-19,C,6690.0,0.030136986301369864,82.51242579120752,0.13336985283551633,25.04999999871825,0.34469717038423436,6631.96,6664.360000000001,0.0273972602739726,118.52513184480931,35.467075082789506,-2.2211832318708042,-9.068188320449384,1.0068023115819889,3.0-4.0%,1.00-1.02,2025-09-18→2025-09-19
2025-09-18,2025-09-19,P,6690.0,0.030136986301369864,127.62508411043066,-0.8666301471645371,70.14999999861266,-0.6576208217223161,6631.96,6664.360000000001,0.0273972602739726,142.92086093730757,49.275294371009295,9.478816768131466,2.7069146238033923,1.0068023115819889,3.0-4.0%,1.00-1.02,2025-09-18→2025-09-19
2025-09-18,2025-09-19,C,6695.0,0.030136986301369864,82.99031609355792,0.13452682928784784,23.149999952575854,0.32713346005194355,6631.96,6664.360000000001,0.0273972602739726,119.3217395291619,33.029645402726146,-2.6586692689263405,-8.899124105683146,1.0075547796773416,3.0-4.0%,1.00-1.02,2025-09-18→2025-09-19
2025-09-18,2025-09-19,P,6695.0,0.030136986301369864,133.09331272243318,-0.8654731707122034,73.24999994861264,-0.6752311323815747,6631.96,6664.360000000001,0.0273972602739726,148.71653867330076,51.83648399518552,9.141330731075865,2.9774886891633905,1.0075547796773416,3.0-4.0%,1.00-1.02,2025-09-18→2025-09-19
2025-09-18,2025-09-19,C,6700.0,0.030136986301369864,82.317229706939,0.13288996785714113,21.35000084377816,0.30977854174661035,6631.96,6664.360000000001,0.0273972602739726,114.56995876616554,30.69854499640269,-2.8556349585714456,-8.586824752590346,1.0083072477726944,3.0-4.0%,1.00-1.02,2025-09-18→2025-09-19
2025-09-18,2025-09-19,P,6700.0,0.030136986301369864,137.41056464545534,-0.8671100321429401,77.6999995230126,-0.6868533799367872,6631.96,6664.360000000001,0.0273972602739726,148.96382796195016,55.82313141218401,7.5943650414317325,1.7540495099522815,1.0083072477726944,3.0-4.0%,1.00-1.02,2025-09-18→2025-09-19
2025-09-18,2025-09-19,C,6705.0,0.030136986301369864,77.20254750551928,0.12544631869260447,19.65000000001396,0.29268920210306837,6631.96,6664.360000000001,0.0273972602739726,108.55496951436473,28.47542907529987,-2.9644607256404516,-8.383130148139573,1.0090597158680472,3.0-4.0%,1.00-1.02,2025-09-18→2025-09-19
2025-09-18,2025-09-19,P,6705.0,0.030136986301369864,137.28622075371456,-0.8745536813073869,81.10000000000218,-0.7029177167622899,6631.96,6664.360000000001,0.0273972602739726,147.94790876178,58.72226039922225,7.435539274359819,1.8745340230985832,1.0090597158680472,3.0-4.0%,1.00-1.02,2025-09-18→2025-09-19
2025-09-18,2025-09-19,C,6575.0,0.03287671232876712,179.618564216172,0.27311186824639655,97.10000097973716,0.697611840190068,6631.96,6664.360000000001,0.03561643835616438,186.6863986896397,123.53495001624378,11.55117546881661,-2.2026236221585798,0.9894955453888755,3.0-4.0%,0.98-1.00,2025-09-18→2025-09-19
2025-09-18,2025-09-19,P,6575.0,0.03287671232876712,109.95344141342972,-0.7268881317534748,28.949999599368766,-0.30997054850540173,6631.96,6664.360000000001,0.03561643835616438,93.33170344131696,21.716671009977972,19.651175468812976,6.143045771575183,0.9894955453888755,3.0-4.0%,0.98-1.00,2025-09-18→2025-09-19
2025-09-18,2025-09-19,C,6580.0,0.03287671232876712,178.11103938851076,0.2703791864553394,94.49999993857182,0.6821866479221897,6631.96,6664.360000000001,0.03561643835616438,182.3586791515563,120.51935810266423,10.239714358846856,-3.102847392679319,0.9902480134842282,3.0-4.0%,0.98-1.00,2025-09-18→2025-09-19
2025-09-18,2025-09-19,P,6580.0,0.03287671232876712,113.43625489543221,-0.7296208135444965,29.64999993661695,-0.3195906306153557,6631.96,6664.360000000001,0.03561643835616438,94.00094611215913,22.13390127774869,19.989714358842086,6.7047364319377,0.9902480134842282,3.0-4.0%,0.98-1.00,2025-09-18→2025-09-19
2025-09-18,2025-09-19,C,6585.0,0.03287671232876712,170.1240345776358,0.25901275679650493,90.74999999426655,0.6705622631885894,6631.96,6664.360000000001,0.03561643835616438,176.89481776050408,116.4365377170825,10.357986679793099,-2.9762173273106605,0.991000481579581,3.0-4.0%,0.98-1.00,2025-09-18→2025-09-19
2025-09-18,2025-09-19,P,6585.0,0.03287671232876712,110.43958839421035,-0.740987243203377,31.049999994614154,-0.3316702345278369,6631.96,6664.360000000001,0.03561643835616438,93.53404693005113,23.190672428819653,19.90798667978982,6.646115598702094,0.991000481579581,3.0-4.0%,0.98-1.00,2025-09-18→2025-09-19
2025-09-18,2025-09-19,C,6590.0,0.03287671232876712,165.708726619582,0.25267368768590265,87.09999999959291,0.6584587771330087,6631.96,6664.360000000001,0.030136986301369864,160.88283928776298,107.04125452291191,1.4133725189766242,-11.734064379109832,0.9917529496749338,3.0-4.0%,0.98-1.00,2025-09-18→2025-09-19
2025-09-18,2025-09-19,P,6590.0,0.03287671232876712,111.01461874580224,-0.7473263123139419,32.24999999958072,-0.3433393949347498,6631.96,6664.360000000001,0.030136986301369864,85.46652949539337,20.81262047044197,14.063372518972127,0.9741963958860822,0.9917529496749338,3.0-4.0%,0.98-1.00,2025-09-18→2025-09-19
2025-09-18,2025-09-19,C,6595.0,0.03287671232876712,166.13937172404096,0.25404529443872936,83.3999999999769,0.6462912146420317,6631.96,6664.360000000001,0.030136986301369864,156.5105326734512,102.9708004783497,1.0689324601850263,-11.63983535440218,0.9925054177702866,3.0-4.0%,0.98-1.00,2025-09-18→2025-09-19
2025-09-18,2025-09-19,P,6595.0,0.03287671232876712,116.43560215992666,-0.7459547055611098,33.69999999997799,-0.3558988498088155,6631.96,6664.360000000001,0.030136986301369864,86.09342143206663,21.86911267061373,13.568932460180363,0.9311227338058146,0.9925054177702866,3.0-4.0%,0.98-1.00,2025-09-18→2025-09-19
2025-09-18,2025-09-19,C,6600.0,0.03287671232876712,160.38848710291353,0.24508590264432406,79.80000021499836,0.6336463320501238,6631.96,6664.360000000001,0.030136986301369864,150.7899780570162,98.98331017465716,1.059216754323752,-11.530141158424371,0.9932578858656392,3.0-4.0%,0.98-1.00,2025-09-18→2025-09-19
2025-09-18,2025-09-19,P,6600.0,0.03287671232876712,115.67505584843894,-0.7549140973555665,34.95000021907663,-0.3681735311986639,6631.96,6664.360000000001,0.030136986301369864,85.37206536663676,22.75399900783077,13.709216754320764,1.1788224108369079,0.9932578858656392,3.0-4.0%,0.98-1.00,2025-09-18→2025-09-19
2025-09-18,2025-09-19,C,6605.0,0.03287671232876712,153.4765394911115,0.23519162054916087,76.35000002230299,0.6204528278819018,6631.96,6664.360000000001,0.030136986301369864,153.6829215874542,95.12312415256747,1.7297914942070678,-10.75267162337395,0.994010353960992,3.0-4.0%,0.98-1.00,2025-09-18→2025-09-19
2025-09-18,2025-09-19,P,6605.0,0.03287671232876712,113.75344654630615,-0.7648083794507126,36.60000002189008,-0.3815873188748041,6631.96,6664.360000000001,0.030136986301369864,93.26420744804828,23.979722641663784,13.529791494203504,1.113429131543862,0.994010353960992,3.0-4.0%,0.98-1.00,2025-09-18→2025-09-19
2025-09-18,2025-09-19,C,6610.0,0.03287671232876712,153.05630390168568,0.23542323017669586,72.90000000171312,0.6070582424200069,6631.96,6664.360000000001,0.030136986301369864,151.00411971754957,91.26208021964067,1.3222873422749144,-10.71868705440857,0.9947628220563448,3.0-4.0%,0.98-1.00,2025-09-18→2025-09-19
2025-09-18,2025-09-19,P,6610.0,0.03287671232876712,118.3235492665331,-0.7645767698231336,38.15000000168175,-0.39496988196079336,6631.96,6664.360000000001,0.030136986301369864,95.58460412913102,25.119051050350436,13.122287342269946,1.1470241755299213,0.9947628220563448,3.0-4.0%,0.98-1.00,2025-09-18→2025-09-19
2025-09-18,2025-09-19,C,6615.0,0.03287671232876712,150.03074721627306,0.23046035724159109,69.50000000008595,0.5933451085252115,6631.96,6664.360000000001,0.030136986301369864,145.6241738904062,87.44307376374036,1.1330844253723171,-10.62438151621718,0.9955152901516976,3.0-4.0%,0.98-1.00,2025-09-18→2025-09-19
2025-09-18,2025-09-19,P,6615.0,0.03287671232876712,120.28833089076745,-0.7695396427582416,40.15000000007376,-0.40930218910793914,6631.96,6664.360000000001,0.030136986301369864,95.20385685298336,26.651891354036252,12.58308442536745,0.9113909270974538,0.9955152901516976,3.0-4.0%,0.98-1.00,2025-09-18→2025-09-19
2025-09-18,2025-09-19,C,6620.0,0.03287671232876712,141.4094164177332,0.21801992556902558,66.30000000000155,0.5791104983385558,6631.96,6664.360000000001,0.030136986301369864,143.61066580428695,83.79908137473194,1.0361544115634462,-10.66318014616953,0.9962677582470503,3.0-4.0%,0.98-1.00,2025-09-18→2025-09-19
2025-09-18,2025-09-19,P,6620.0,0.03287671232876712,116.65733840189873,-0.7819800744308157,41.85000000000218,-0.4232881147918793,6631.96,6664.360000000001,0.030136986301369864,98.18954731785837,27.922845150821104,12.586154411558855,0.9645349192571189,0.9962677582470503,3.0-4.0%,0.98-1.00,2025-09-18→2025-09-19
2025-09-18,2025-09-19,C,6625.0,0.03287671232876712,139.60707442407482,0.2157327299340985,63.10000118548078,0.5646838276767518,6631.96,6664.360000000001,0.030136986301369864,145.741435652422,80.15499270593773,0.7602595501350837,-10.545756016727076,0.9970202263424031,3.0-4.0%,0.98-1.00,2025-09-18→2025-09-19
2025-09-18,2025-09-19,P,6625.0,0.03287671232876712,119.84533471788387,-0.7842672700657685,43.64999888447937,-0.4376218787566586,6631.96,6664.360000000001,0.030136986301369864,105.31951571697542,29.28160965759116,12.260259550131327,1.0289488717159792,0.9970202263424031,3.0-4.0%,0.98-1.00,2025-09-18→2025-09-19
2025-09-18,2025-09-19,C,6630.0,0.03287671232876712,139.38648615709323,0.21563792701253132,59.899999935375035,0.5500219461043558,6631.96,6664.360000000001,0.030136986301369864,140.9950766289197,76.50963308184146,0.413331164793866,-10.420711053781432,0.9977726944377558,3.0-4.0%,0.98-1.00,2025-09-18→2025-09-19
2025-09-18,2025-09-19,P,6630.0,0.03287671232876712,124.61508476056562,-0.7843620729872993,44.89999993295851,-0.4517552898117819,6631.96,6664.360000000001,0.030136986301369864,105.57235524447641,30.142606551875815,12.463331164788919,1.6868713899019738,0.9977726944377558,3.0-4.0%,0.98-1.00,2025-09-18→2025-09-19
2025-09-18,2025-09-19,C,6635.0,0.03287671232876712,132.85871295251076,0.20588901710277796,56.8499999991559,0.535002012223763,6631.96,6664.360000000001,0.030136986301369864,135.12325957022526,72.99842620287382,0.32919584586988204,-10.334065196050211,0.9985251625331085,3.0-4.0%,0.98-1.00,2025-09-18→2025-09-19
2025-09-18,2025-09-19,P,6635.0,0.03287671232876712,123.07764986564126,-0.7941109828970537,47.09999999916499,-0.46695936434570734,6631.96,6664.360000000001,0.030136986301369864,104.69973673677136,31.85744396613609,12.129195845864974,1.5294834048011712,0.9985251625331085,3.0-4.0%,0.98-1.00,2025-09-18→2025-09-19
2025-09-18,2025-09-19,C,6640.0,0.03287671232876712,126.8988088715242,0.1970372836057921,53.84999979976874,0.5197259723330943,6631.96,6664.360000000001,0.030136986301369864,140.14559428015613,69.53195180932198,0.2159920111722302,-10.239121503592536,0.9992776306284613,3.0-4.0%,0.98-1.00,2025-09-18→2025-09-19
2025-09-18,2025-09-19,P,6640.0,0.03287671232876712,122.10808409431456,-0.8029627163940664,49.099999801809645,-0.4822207953244524,6631.96,6664.360000000001,0.030136986301369864,114.72126999768577,33.39141156358073,12.165992011168186,1.77395376851252,0.9992776306284613,3.0-4.0%,0.98-1.00,2025-09-18→2025-09-19
2025-09-18,2025-09-19,C,6645.0,0.03287671232876712,128.1357862411118,0.19978348686012176,51.00000000257796,0.5041964451548291,6631.96,6664.360000000001,0.030136986301369864,136.86399067096173,66.20309211253607,-0.27298497426805124,-10.135964823016735,1.000030098723814,3.0-4.0%,1.00-1.02,2025-09-18→2025-09-19
2025-09-18,2025-09-19,P,6645.0,0.03287671232876712,128.33539977353982,-0.8002165131397613,51.20000000257778,-0.4977396340736344,6631.96,6664.360000000001,0.030136986301369864,116.43886493949012,35.01654401722499,11.577015025728702,1.776764143986025,1.000030098723814,3.0-4.0%,1.00-1.02,2025-09-18→2025-09-19
2025-09-18,2025-09-19,C,6650.0,0.03287671232876712,124.11098140057562,0.19343289781175507,48.14999947434353,0.48843912841366244,6631.96,6664.360000000001,0.030136986301369864,131.37450771504857,62.873763337356195,-0.367225889100971,-9.92542776060293,1.0007825668191668,3.0-4.0%,1.00-1.02,2025-09-18→2025-09-19
2025-09-18,2025-09-19,P,6650.0,0.03287671232876712,129.30093324268964,-0.8065671021880755,53.19999946061216,-0.5135567945247416,6631.96,6664.360000000001,0.030136986301369864,115.94858053457746,36.546432469670435,11.58277411089409,2.089240142601909,1.0007825668191668,3.0-4.0%,1.00-1.02,2025-09-18→2025-09-19
2025-09-18,2025-09-19,C,6655.0,0.03287671232876712,116.66396322353897,0.18253221130942607,45.44999999826405,0.47250706719073904,6631.96,6664.360000000001,0.030136986301369864,132.21579767810383,59.68468517721203,-0.21404364642550888,-9.609228976980207,1.0015350349145196,3.0-4.0%,1.00-1.02,2025-09-18→2025-09-19
2025-09-18,2025-09-19,P,6655.0,0.03287671232876712,126.84425337529703,-0.8174677886904195,55.69999999828133,-0.5293932164372089,6631.96,6664.360000000001,0.030136986301369864,121.78906904863051,38.54554900810672,11.33595635357003,2.0023402125658514,1.0015350349145196,3.0-4.0%,1.00-1.02,2025-09-18→2025-09-19
2025-09-18,2025-09-19,C,6660.0,0.03287671232876712,116.49392939181189,0.1827301896339234,42.89999987589772,0.45648891848640083,6631.96,6664.360000000001,0.030136986301369864,132.99296963879476,56.638642652543695,-0.8704581441392136,-9.740240958959632,1.0022875030098723,3.0-4.0%,1.00-1.02,2025-09-18→2025-09-19
2025-09-18,2025-09-19,P,6660.0,0.03287671232876712,131.6645578532177,-0.8172698103659157,57.99999987352203,-0.5455514388243563,6631.96,6664.360000000001,0.030136986301369864,127.5654395603027,40.356288195200705,10.929541855856119,2.1258666179094448,1.0022875030098723,3.0-4.0%,1.00-1.02,2025-09-18→2025-09-19
2025-09-18,2025-09-19,C,6665.0,0.03287671232876712,116.27254060947428,0.18210643077158717,40.30000000000018,0.44020153860595945,6631.96,6664.360000000001,0.030136986301369864,128.14935811114745,53.544886173889154,-1.250248356999518,-9.61252985083332,1.0030399711052251,3.0-4.0%,1.00-1.02,2025-09-18→2025-09-19
2025-09-18,2025-09-19,P,6665.0,0.03287671232876712,136.43350738053743,-0.8178935692282842,60.49999999999909,-0.5617345406225045,6631.96,6664.360000000001,0.030136986301369864,127.72102658365527,42.35833807857716,10.54975164299685,2.2501991161694477,1.0030399711052251,3.0-4.0%,1.00-1.02,2025-09-18→2025-09-19
2025-09-18,2025-09-19,C,6670.0,0.03287671232876712,110.23459960031448,0.17343710999577042,37.900000000011914,0.4239650126942263,6631.96,6664.360000000001,0.030136986301369864,122.18867648110131,50.64480795558438,-1.3193623638630516,-9.43646641129316,1.003792439200578,3.0-4.0%,1.00-1.02,2025-09-18→2025-09-19
2025-09-18,2025-09-19,P,6670.0,0.03287671232876712,135.38590468103158,-0.8265628900040624,63.10000000001264,-0.5779710665342359,6631.96,6664.360000000001,0.030136986301369864,126.75954350459968,44.45825986027421,10.430637636132069,2.376262555709559,1.003792439200578,3.0-4.0%,1.00-1.02,2025-09-18→2025-09-19
2025-09-18,2025-09-19,C,6675.0,0.03287671232876712,105.6753623949561,0.1664654647437413,35.500000000550244,0.4075122212426676,6631.96,6664.360000000001,0.030136986301369864,128.79639121767522,47.74511785388904,-1.4434810576973058,-9.25339596826265,1.0045449072959307,3.0-4.0%,1.00-1.02,2025-09-18→2025-09-19
2025-09-18,2025-09-19,P,6675.0,0.03287671232876712,135.81700578532121,-0.8335345352561021,65.70000000055052,-0.594423857985796,6631.96,6664.360000000001,0.030136986301369864,138.36645679215562,46.55856975857705,10.256518942298179,2.5093329987401276,1.0045449072959307,3.0-4.0%,1.00-1.02,2025-09-18→2025-09-19
2025-09-18,2025-09-19,C,6680.0,0.03287671232876712,108.28727818001985,0.17109078022890445,33.250000013707904,0.39114583311527257,6631.96,6664.360000000001,0.030136986301369864,125.33046806510598,44.993971607613275,-1.9433412794165958,-9.073124992935043,1.0052973753912833,3.0-4.0%,1.00-1.02,2025-09-18→2025-09-19
2025-09-18,2025-09-19,P,6680.0,0.03287671232876712,143.41925988003686,-0.8289092197709422,68.50000001342823,-0.6106686611089028,6631.96,6664.360000000001,0.030136986301369864,139.89973219058527,48.85740399402266,9.706658720578982,2.635664619928786,1.0052973753912833,3.0-4.0%,1.00-1.02,2025-09-18→2025-09-19
2025-09-18,2025-09-19,C,6685.0,0.03287671232876712,104.6252745705883,0.16510067327334188,31.100000223876577,0.3748256217126947,6631.96,6664.360000000001,0.030136986301369864,119.91512266051134,42.34387016413575,-2.199261814056368,-8.994350143491513,1.006049843486636,3.0-4.0%,1.00-1.02,2025-09-18→2025-09-19
2025-09-18,2025-09-19,P,6685.0,0.03287671232876712,144.74759458026531,-0.8348993267265198,71.30000022387685,-0.6271104575157678,6631.96,6664.360000000001,0.030136986301369864,139.48358533698269,51.157322068825124,9.600738185939687,2.8683788235112075,1.006049843486636,3.0-4.0%,1.00-1.02,2025-09-18→2025-09-19
2025-09-18,2025-09-19,C,6690.0,0.03287671232876712,98.7432451707669,0.1566821091851502,29.099999999942156,0.3587573412611487,6631.96,6664.360000000001,0.030136986301369864,122.21994522226582,39.847339079324684,-2.3265003375989517,-8.873737856861414,1.0068023115819889,3.0-4.0%,1.00-1.02,2025-09-18→2025-09-19
2025-09-18,2025-09-19,P,6690.0,0.03287671232876712,143.85590349011156,-0.843317890814704,74.19999999993979,-0.6434959705785852,6631.96,6664.360000000001,0.030136986301369864,146.7876064497244,53.5586265969082,9.573499662396884,3.0992694467465256,1.0068023115819889,3.0-4.0%,1.00-1.02,2025-09-18→2025-09-19
2025-09-18,2025-09-19,C,6695.0,0.03287671232876712,99.74601024990348,0.15856757457807938,27.099999997786654,0.3425145447102929,6631.96,6664.360000000001,0.030136986301369864,122.81291052296505,37.352619743595824,-2.6875894163298595,-8.647471248613678,1.0075547796773416,3.0-4.0%,1.00-1.02,2025-09-18→2025-09-19
2025-09-18,2025-09-19,P,6695.0,0.03287671232876712,149.84900687889433,-0.8414324254217704,77.19999999761785,-0.6597773151089905,6631.96,6664.360000000001,0.030136986301369864,152.37977030143853,56.06276706867402,13.412410583665835,7.526785009531665,1.0075547796773416,3.0-4.0%,1.00-1.02,2025-09-18→2025-09-19
2025-09-18,2025-09-19,C,6700.0,0.03287671232876712,100.29745193791392,0.15880129723707795,25.19999994118416,0.3264262972392822,6631.96,6664.360000000001,0.030136986301369864,118.14586113912934,34.9622395846859,-2.895162030481412,-8.32621203055292,1.0083072477726944,3.0-4.0%,1.00-1.02,2025-09-18→2025-09-19
2025-09-18,2025-09-19,P,6700.0,0.03287671232876712,155.3907868765621,-0.841198702762773,80.39999994118443,-0.675509781989175,6631.96,6664.360000000001,0.030136986301369864,152.71191946858042,58.77569148937573,8.804837969514299,3.4365169364496353,1.0083072477726944,3.0-4.0%,1.00-1.02,2025-09-18→2025-09-19
2025-09-18,2025-09-19,C,6705.0,0.03287671232876712,95.29549127789896,0.15164913328520166,23.4500010433876,0.3107608324953685,6631.96,6664.360000000001,0.030136986301369864,112.22044762339743,32.730522651721,-2.9634319184406204,-8.118650972850114,1.0090597158680472,3.0-4.0%,1.00-1.02,2025-09-18→2025-09-19
2025-09-18,2025-09-19,P,6705.0,0.03287671232876712,155.37916452619896,-0.8483508667146215,84.69999949664725,-0.6867398143984683,6631.96,6664.360000000001,0.030136986301369864,151.78570450383603,62.650094273524246,7.636568081554188,2.4003699865107393,1.0090597158680472,3.0-4.0%,1.00-1.02,2025-09-18→2025-09-19
2025-09-18,2025-09-19,C,6575.0,0.03561643835616438,196.18685652754542,0.2944652412067464,101.70485844598625,0.6912117201614306,6631.96,6664.360000000001,0.03561643835616438,186.6863986896397,125.29931065417077,6.259326184901253,-6.5952597332307334,0.989219084943824,3.0-4.0%,0.98-1.00,2025-09-18→2025-09-19
2025-09-18,2025-09-19,P,6575.0,0.03561643835616438,124.68825911177166,-0.7055347587929192,31.297786327566882,-0.3148848327366254,6631.96,6664.360000000001,0.03561643835616438,93.33170344131696,22.275281539509706,16.609326184890964,3.952268580666834,0.989219084943824,3.0-4.0%,0.98-1.00,2025-09-18→2025-09-19
2025-09-18,2025-09-19,C,6580.0,0.03561643835616438,194.57725163172384,0.2918093879754675,99.00475980473766,0.6771364031407919,6631.96,6664.360000000001,0.03561643835616438,182.3586791515563,122.15454052728819,5.045375829594693,-7.439219461762029,0.9899713428030968,3.0-4.0%,0.98-1.00,2025-09-18→2025-09-19
2025-09-18,2025-09-19,P,6580.0,0.03561643835616438,128.06759824834683,-0.7081906120241435,32.49771177262619,-0.32550990699952426,6631.96,6664.360000000001,0.03561643835616438,94.00094611215913,23.159302323265138,16.445375829582634,4.046520986784763,0.9899713428030968,3.0-4.0%,0.98-1.00,2025-09-18→2025-09-19
2025-09-18,2025-09-19,C,6585.0,0.03561643835616438,186.10428216938055,0.27989149541608654,95.30468177113744,0.6660329833041931,6631.96,6664.360000000001,0.03561643835616438,176.89481776050408,118.12229473366915,5.131515548518646,-7.379468659056219,0.9907236006623698,3.0-4.0%,0.98-1.00,2025-09-18→2025-09-19
2025-09-18,2025-09-19,P,6585.0,0.03561643835616438,124.58357281838603,-0.720108504583578,33.69763581573716,-0.3363176475068694,6631.96,6664.360000000001,0.03561643835616438,93.53404693005113,24.038223653908517,16.581515548508317,4.146691779222747,0.9907236006623698,3.0-4.0%,0.98-1.00,2025-09-18→2025-09-19
2025-09-18,2025-09-19,C,6590.0,0.03561643835616438,183.60387729852025,0.2763943621310031,91.55460340059926,0.6548839993228562,6631.96,6664.360000000001,0.03287671232876712,169.0446433964558,111.2825610463724,1.1948226669553552,-11.068241578060892,0.9914758585216427,3.0-4.0%,0.98-1.00,2025-09-18→2025-09-19
2025-09-18,2025-09-19,P,6590.0,0.03561643835616438,127.07211197991408,-0.7236056378685929,35.047555747230035,-0.3477081905854381,6631.96,6664.360000000001,0.03287671232876712,91.54941137138483,23.41939786161265,13.394822666942808,1.215745374968387,0.9914758585216427,3.0-4.0%,0.98-1.00,2025-09-18→2025-09-19
2025-09-18,2025-09-19,C,6595.0,0.03561643835616438,184.88680017335392,0.27911870820299023,87.95452197992381,0.6431711998535854,6631.96,6664.360000000001,0.03287671232876712,164.6471926728982,107.32024038357304,0.8065538542229582,-10.988746875256524,0.9922281163809155,3.0-4.0%,0.98-1.00,2025-09-18→2025-09-19
2025-09-18,2025-09-19,P,6595.0,0.03561643835616438,133.34397888712232,-0.7208812917966486,36.3974753108937,-0.3592764486420618,6631.96,6664.360000000001,0.03287671232876712,92.14958186785267,24.41486476504633,13.05655385421181,1.3405569360030025,0.9922281163809155,3.0-4.0%,0.98-1.00,2025-09-18→2025-09-19
2025-09-18,2025-09-19,C,6600.0,0.03561643835616438,178.64177496856522,0.26962545971783203,84.40443681498073,0.6311669735138448,6631.96,6664.360000000001,0.03287671232876712,159.06341457778666,103.3999935816637,1.414135105142087,-10.299809941848924,0.9929803742401884,3.0-4.0%,0.98-1.00,2025-09-18→2025-09-19
2025-09-18,2025-09-19,P,6600.0,0.03561643835616438,132.08789771470836,-0.7303745402818078,37.64739330284647,-0.3708367350620979,6631.96,6664.360000000001,0.03287671232876712,91.56342499275009,25.3215318537425,13.214135105130971,1.565110216012176,0.9929803742401884,3.0-4.0%,0.98-1.00,2025-09-18→2025-09-19
2025-09-18,2025-09-19,C,6605.0,0.03561643835616438,171.99428628971063,0.2602244994339879,80.90435027763169,0.6188732590175774,6631.96,6664.360000000001,0.03287671232876712,161.69992481182553,99.5220220030069,1.4687262183386416,-10.151493592169853,0.9937326320994612,3.0-4.0%,0.98-1.00,2025-09-18→2025-09-19
2025-09-18,2025-09-19,P,6605.0,0.03561643835616438,130.4293530682373,-0.739775500565667,39.29730459550228,-0.38343845105515056,6631.96,6664.360000000001,0.03287671232876712,99.19755644678978,26.574156435302257,13.01872621832802,1.4734058141870925,0.9937326320994612,3.0-4.0%,0.98-1.00,2025-09-18→2025-09-19
2025-09-18,2025-09-19,C,6610.0,0.03561643835616438,174.7981869122543,0.2651087897201145,77.45426181859148,0.6062913332423123,6631.96,6664.360000000001,0.03287671232876712,158.9259812311801,95.68650356404851,0.9604752130681433,-10.093839197051253,0.9944848899587341,3.0-4.0%,0.98-1.00,2025-09-18→2025-09-19
2025-09-18,2025-09-19,P,6610.0,0.03561643835616438,138.22219772317902,-0.734891210279475,40.7972168088063,-0.3959247604931406,6631.96,6664.360000000001,0.03287671232876712,101.42123408614249,27.69488328679745,12.560475213055394,1.5779622399779765,0.9944848899587341,3.0-4.0%,0.98-1.00,2025-09-18→2025-09-19
2025-09-18,2025-09-19,C,6615.0,0.03561643835616438,171.67867716298636,0.2602004089915031,74.10417082906588,0.5933475799192857,6631.96,6664.360000000001,0.03287671232876712,153.645176087161,91.93801365619038,0.7695067486751608,-10.024461589385176,0.995237147818007,3.0-4.0%,0.98-1.00,2025-09-18→2025-09-19
2025-09-18,2025-09-19,P,6615.0,0.03561643835616438,140.0916320062937,-0.739799591008095,42.44712581928161,-0.4088685138161691,6631.96,6664.360000000001,0.03287671232876712,101.13805016214434,28.94639337894023,12.36950674866268,1.6473398476441012,0.995237147818007,3.0-4.0%,0.98-1.00,2025-09-18→2025-09-19
2025-09-18,2025-09-19,C,6620.0,0.03561643835616438,162.2723878689924,0.24675307286906462,70.80407797514636,0.5801384268570067,6631.96,6664.360000000001,0.03287671232876712,151.58319187341345,88.23295689549923,0.7552004390421576,-10.046485030167347,0.9959894056772798,3.0-4.0%,0.98-1.00,2025-09-18→2025-09-19
2025-09-18,2025-09-19,P,6620.0,0.03561643835616438,135.6742867446744,-0.7532469271305463,44.14703296536209,-0.4220776668784478,6631.96,6664.360000000001,0.03287671232876712,104.07368716842726,30.241336618250443,12.405200439030104,1.6753164068619313,0.9959894056772798,3.0-4.0%,0.98-1.00,2025-09-18→2025-09-19
2025-09-18,2025-09-19,C,6625.0,0.03561643835616438,165.059002780436,0.25101991722286543,67.55398417304286,0.5666636753810191,6631.96,6664.360000000001,0.03287671232876712,153.43163773523213,84.57145998824126,0.3169546819790252,-9.909903082345327,0.9967416635365527,3.0-4.0%,0.98-1.00,2025-09-18→2025-09-19
2025-09-18,2025-09-19,P,6625.0,0.03561643835616438,143.44984568848264,-0.7489800827768012,45.94693881755893,-0.4356034650252798,6631.96,6664.360000000001,0.03287671232876712,110.91975425023267,31.624973079608935,11.86695468196876,1.7135522668192973,0.9967416635365527,3.0-4.0%,0.98-1.00,2025-09-18→2025-09-19
2025-09-18,2025-09-19,C,6630.0,0.03561643835616438,166.01364181691227,0.2527271902660389,64.35388654799453,0.5529222139238029,6631.96,6664.360000000001,0.03287671232876712,148.66891290383776,80.95361786845024,-0.03836096461979288,-9.764679731131512,0.9974939213958256,3.0-4.0%,0.98-1.00,2025-09-18→2025-09-19
2025-09-18,2025-09-19,P,6630.0,0.03561643835616438,149.39342875737026,-0.7472728097335763,47.74684126462353,-0.4493329445349995,6631.96,6664.360000000001,0.03287671232876712,111.15465063885519,33.00749607708667,11.51163903536828,1.8583874029342269,0.9974939213958256,3.0-4.0%,0.98-1.00,2025-09-18→2025-09-19
2025-09-18,2025-09-19,C,6635.0,0.03561643835616438,158.65063626699788,0.24194220479295775,61.25378798305428,0.5388851963675949,6631.96,6664.360000000001,0.03287671232876712,143.04002707588847,77.42537202760377,-0.038927435291966184,-9.659880362310371,0.9982461792550984,3.0-4.0%,0.98-1.00,2025-09-18→2025-09-19
2025-09-18,2025-09-19,P,6635.0,0.03561643835616438,147.01936723982757,-0.7580577952066725,49.64674278599978,-0.46335755085890973,6631.96,6664.360000000001,0.03287671232876712,110.5233860309301,34.4796282510365,11.461072564696593,1.9127846478289197,0.9982461792550984,3.0-4.0%,0.98-1.00,2025-09-18→2025-09-19
2025-09-18,2025-09-19,C,6640.0,0.03561643835616438,155.6217367163164,0.23727542074256608,58.303687990408434,0.5245738994286665,6631.96,6664.360000000001,0.03287671232876712,147.66813698396857,74.03418131929493,-0.2877236320592651,-9.596194341489074,0.9989984371143713,3.0-4.0%,0.98-1.00,2025-09-18→2025-09-19
2025-09-18,2025-09-19,P,6640.0,0.03561643835616438,148.9794117214949,-0.7627245792571413,51.64664298062371,-0.47764219430678806,6631.96,6664.360000000001,0.03287671232876712,120.14911715899936,36.042561042046145,11.31227636793179,2.075607095540189,0.9989984371143713,3.0-4.0%,0.98-1.00,2025-09-18→2025-09-19
2025-09-18,2025-09-19,C,6645.0,0.03561643835616438,162.3879573038441,0.2478354382497709,55.35358539573099,0.5100661516403805,6631.96,6664.360000000001,0.03287671232876712,144.31768720801023,70.64246468610372,-0.9298681992927111,-9.426143313148604,0.9997506949736442,3.0-4.0%,0.98-1.00,2025-09-18→2025-09-19
2025-09-18,2025-09-19,P,6645.0,0.03561643835616438,160.73457634143057,-0.7521645617498679,53.69654038594672,-0.49214994209507396,6631.96,6664.360000000001,0.03287671232876712,121.79628860307142,37.65084440885539,10.620131800696129,2.1956581238806656,0.9997506949736442,3.0-4.0%,0.98-1.00,2025-09-18→2025-09-19
2025-09-18,2025-09-19,C,6650.0,0.03561643835616438,158.26841941603521,0.2415404333907216,52.55348199067157,0.4953577964723999,6631.96,6664.360000000001,0.03287671232876712,139.09100445843242,67.39026632959121,-1.175910041859506,-9.399592605706022,1.000502952832917,3.0-4.0%,1.00-1.02,2025-09-18→2025-09-19
2025-09-18,2025-09-19,P,6650.0,0.03561643835616438,161.6039824860124,-0.7584595666089279,55.64643652816085,-0.5069227301565247,6631.96,6664.360000000001,0.03287671232876712,121.56722707351415,39.16328583206632,10.574089958129683,2.4242964570716836,1.000502952832917,3.0-4.0%,1.00-1.02,2025-09-18→2025-09-19
2025-09-18,2025-09-19,C,6655.0,0.03561643835616438,149.2770401539775,0.2285721516970402,49.75337720070502,0.4804476596718722,6631.96,6664.360000000001,0.03287671232876712,139.7810394324768,64.13759190366181,-1.1057377149842305,-9.266504173368924,1.00125521069219,3.0-4.0%,1.00-1.02,2025-09-18→2025-09-19
2025-09-18,2025-09-19,P,6655.0,0.03561643835616438,157.60154725632074,-0.77142784830262,58.046332002643794,-0.5217952083590204,6631.96,6664.360000000001,0.03287671232876712,127.25488326757663,41.09847764378037,10.494262285005309,2.406164750832545,1.00125521069219,3.0-4.0%,1.00-1.02,2025-09-18→2025-09-19
2025-09-18,2025-09-19,C,6660.0,0.03561643835616438,158.45804947152413,0.24187489687119124,47.05327120971151,0.46537177232110066,6631.96,6664.360000000001,0.03287671232876712,140.3264901144419,60.97900247662983,-1.8867466586267252,-9.128045423203913,1.0020074685514628,3.0-4.0%,1.00-1.02,2025-09-18→2025-09-19
2025-09-18,2025-09-19,P,6660.0,0.03561643835616438,171.77150060625004,-0.758125103128499,60.39622619992633,-0.5368443214143546,6631.96,6664.360000000001,0.03287671232876712,132.79795516954283,42.98738219937968,9.613253341363787,2.4437560138253858,1.0020074685514628,3.0-4.0%,1.00-1.02,2025-09-18→2025-09-19
2025-09-18,2025-09-19,C,6665.0,0.03561643835616438,159.87598013593222,0.24371748844944036,44.50316428144015,0.4502243043443643,6631.96,6664.360000000001,0.03287671232876712,135.64373837141113,57.964108159128955,-2.3964466257620005,-9.087267460757648,1.0027597264107357,3.0-4.0%,1.00-1.02,2025-09-18→2025-09-19
2025-09-18,2025-09-19,P,6665.0,0.03561643835616438,178.17837530307756,-0.7562825115501963,62.79611887633973,-0.5520474219411325,6631.96,6664.360000000001,0.03287671232876712,133.1128246465065,44.92412575719527,9.203553374226775,2.5863364708929986,1.0027597264107357,3.0-4.0%,1.00-1.02,2025-09-18→2025-09-19
2025-09-18,2025-09-19,C,6670.0,0.03561643835616438,152.44687933707092,0.23324295061243439,42.05305786338931,0.43501910074000466,6631.96,6664.360000000001,0.03287671232876712,130.10483846963763,55.04671465787442,-2.457071599842993,-8.99461886397638,1.0035119842700084,3.0-4.0%,1.00-1.02,2025-09-18→2025-09-19
2025-09-18,2025-09-19,P,6670.0,0.03561643835616438,175.73821853659095,-0.7667570493871702,65.29601186200853,-0.5673380368128484,6631.96,6664.360000000001,0.03287671232876712,132.57154596475976,46.95747531126153,9.142928400144722,2.6817523927365876,1.0035119842700084,3.0-4.0%,1.00-1.02,2025-09-18→2025-09-19
2025-09-18,2025-09-19,C,6675.0,0.03561643835616438,151.84951484821332,0.23189588302464967,39.552949059620914,0.41954078511064224,6631.96,6664.360000000001,0.03287671232876712,136.2677164197289,52.080344203767254,-2.7134266099987716,-8.793121437585034,1.0042642421292813,3.0-4.0%,1.00-1.02,2025-09-18→2025-09-19
2025-09-18,2025-09-19,P,6675.0,0.03561643835616438,180.12979808010036,-0.7681041169749935,67.84590344524986,-0.5827613068777204,6631.96,6664.360000000001,0.03287671232876712,143.7320451348501,49.03945492428056,8.886573389990215,2.8814663428384684,1.0042642421292813,3.0-4.0%,1.00-1.02,2025-09-18→2025-09-19
2025-09-18,2025-09-19,C,6680.0,0.03561643835616438,159.59973423178383,0.2436731677454908,37.20284050230748,0.40409733956512467,6631.96,6664.360000000001,0.03287671232876712,132.84188449586594,49.26107497590738,-3.4450106349540324,-8.642753801910256,1.0050164999885542,3.0-4.0%,1.00-1.02,2025-09-18→2025-09-19
2025-09-18,2025-09-19,P,6680.0,0.03561643835616438,192.86896149607423,-0.7563268322541394,70.54579549252276,-0.5981187541703301,6631.96,6664.360000000001,0.03287671232876712,145.30383443100567,51.26945469865723,8.104989365034537,2.9790476351190307,1.0050164999885542,3.0-4.0%,1.00-1.02,2025-09-18→2025-09-19
2025-09-18,2025-09-19,C,6690.0,0.03561643835616438,146.67935128630435,0.22491386394124885,32.802624141464094,0.3732745938373854,6631.96,6664.360000000001,0.03287671232876712,130.18807200912525,43.92270211061668,-3.4872091916965813,-8.294096840331488,1.0065210157071,3.0-4.0%,1.00-1.02,2025-09-18→2025-09-19
2025-09-18,2025-09-19,P,6690.0,0.03561643835616438,189.92646661535107,-0.775086136058375,76.09557819487964,-0.6290756332353775,6631.96,6664.360000000001,0.03287671232876712,152.64526438429374,55.88038218021029,8.062790808291773,3.332050516826577,1.0065210157071,3.0-4.0%,1.00-1.02,2025-09-18→2025-09-19
2025-09-18,2025-09-19,C,6700.0,0.03561643835616438,157.39068592361383,0.23988449364760545,28.802409869153962,0.34283606616584517,6631.96,6664.360000000001,0.03287671232876712,126.35365401391633,38.99363485543063,-4.472257594182547,-7.80788854377357,1.0080255314256457,3.0-4.0%,1.00-1.02,2025-09-18→2025-09-19
2025-09-18,2025-09-19,P,6700.0,0.03561643835616438,210.615689317415,-0.7601155063520655,82.09536368192948,-0.6595475091495459,6631.96,6664.360000000001,0.03287671232876712,158.80608882910266,60.95032598902844,6.877742405807336,3.619339296445645,1.0080255314256457,3.0-4.0%,1.00-1.02,2025-09-18→2025-09-19
2025-09-18,2025-09-19,C,6710.0,0.03561643835616438,149.76576963126647,0.2291890326595633,25.102197631668332,0.31275726585530156,6631.96,6664.360000000001,0.03287671232876712,128.19527840662323,34.3797761603405,-4.875724658169979,-7.583335413711945,1.0095300471441915,3.0-4.0%,1.00-1.02,2025-09-18→2025-09-19
2025-09-18,2025-09-19,P,6710.0,0.03561643835616438,212.96866108982212,-0.7708109673401183,88.34514971619865,-0.6898639049903376,6631.96,6664.360000000001,0.03287671232876712,170.64295566184532,66.28271631882035,6.724275341820256,4.101590521687314,1.0095300471441915,3.0-4.0%,1.00-1.02,2025-09-18→2025-09-19
