asof0,asof1,cp,K,T,price0_pde,delta0_pde,price0_bsm,delta0_bsm,S0,S1,T1,price1_pde,price1_bsm,pnl_pde,pnl_bsm,m,T_bucket,m_bucket,pair
2025-09-19,2025-09-22,C,6610.0,0.00821917808219178,93.34140584765822,0.9632402524349964,54.15355827093663,0.8654194937892409,6664.360000000001,6693.75,0.038356164383561646,164.1493910184208,82.79514859785195,37.54036898093601,40.41532107753471,0.9923428797295566,<1.0%,0.98-1.00,2025-09-19→2025-09-22
2025-09-19,2025-09-22,P,6610.0,0.00821917808219178,42.31159980210969,-0.03675974756514939,3.199444014587243,-0.13525582945104458,6664.360000000001,6693.75,0.038356164383561646,72.55973251302296,14.917931566860261,28.88036898093972,31.775168827566123,0.9923428797295566,<1.0%,0.98-1.00,2025-09-19→2025-09-22
2025-09-19,2025-09-22,C,6615.0,0.00821917808219178,87.7625152580438,0.9709725559303952,49.55348682311342,0.8480353445745464,6664.360000000001,6693.75,0.038356164383561646,162.01136075766243,78.08999767448222,38.113116581206256,41.726241222954584,0.9930935173087772,<1.0%,0.98-1.00,2025-09-19→2025-09-22
2025-09-19,2025-09-22,P,6615.0,0.00821917808219178,41.73522826995051,-0.029027444069754268,3.4993819654102936,-0.15031885896638256,6664.360000000001,6693.75,0.038356164383561646,75.41577210210748,14.906905691945667,29.45311658121006,33.017871265021896,0.9930935173087772,<1.0%,0.98-1.00,2025-09-19→2025-09-22
2025-09-19,2025-09-22,C,6620.0,0.00821917808219178,85.92488044679416,0.9331683664064196,44.95340992160436,0.8294035432445518,6664.360000000001,6693.75,0.005479452054794521,84.2247264687741,71.78323436826668,5.07418171131587,8.123829864043106,0.9938441548879977,<1.0%,0.98-1.00,2025-09-19→2025-09-22
2025-09-19,2025-09-22,P,6620.0,0.00821917808219178,44.900112516153534,-0.0668316335937715,3.8993054348984515,-0.1689946863628305,6664.360000000001,6693.75,0.005479452054794521,10.820888359591956,0.27233569912567646,2.1141817113209056,5.116753832203489,0.9938441548879977,<1.0%,0.98-1.00,2025-09-19→2025-09-22
2025-09-19,2025-09-22,C,6625.0,0.00821917808219178,88.19577590048576,0.9547959728586389,40.453318325348846,0.8070573651452599,6664.360000000001,6693.75,0.005479452054794521,80.63191945428525,66.82992371771343,4.388546357685161,8.730584038381284,0.9945947924672183,<1.0%,0.98-1.00,2025-09-19→2025-09-22
2025-09-19,2025-09-22,P,6625.0,0.00821917808219178,52.17352702729584,-0.04520402714158365,4.349217357033922,-0.19035469563483687,6664.360000000001,6693.75,0.005479452054794521,12.228342796682288,0.30981656501521115,1.4285463576911168,5.694524504707744,0.9945947924672183,<1.0%,0.98-1.00,2025-09-19→2025-09-22
2025-09-19,2025-09-22,C,6630.0,0.00821917808219178,83.28787000204933,0.9640391823024939,36.05321058820937,0.7808512032281285,6664.360000000001,6693.75,0.005479452054794521,76.92612082896126,61.88991286915916,3.8668884321302706,9.250783137125762,0.9953454300464387,<1.0%,0.98-1.00,2025-09-19→2025-09-22
2025-09-19,2025-09-22,P,6630.0,0.00821917808219178,52.268140186307086,-0.035960817697800164,4.949108888601813,-0.21671278129017862,6664.360000000001,6693.75,0.005479452054794521,13.522805622936072,0.3684231272944771,0.9568884321383262,6.269188642118224,0.9953454300464387,<1.0%,0.98-1.00,2025-09-19→2025-09-22
2025-09-19,2025-09-22,C,6635.0,0.00821917808219178,77.28130410293718,0.9372448329700838,31.75308566444437,0.7505677479280027,6664.360000000001,6693.75,0.005479452054794521,73.23699927846224,56.963288246470256,2.904374359009786,8.39081388839644,0.9960960676256593,<1.0%,0.98-1.00,2025-09-19→2025-09-22
2025-09-19,2025-09-22,P,6635.0,0.00821917808219178,51.264093344657525,-0.06275516703011637,5.6489835963598125,-0.2471763457186764,6664.360000000001,6693.75,0.005479452054794521,14.833945524017631,0.44017512608996867,1.4443743590150833,6.864512800671755,0.9960960676256593,<1.0%,0.98-1.00,2025-09-19→2025-09-22
2025-09-19,2025-09-22,C,6640.0,0.00821917808219178,84.01535546032657,0.9437020196229491,27.6029401684018,0.7150994694860494,6664.360000000001,6693.75,0.005479452054794521,70.1856794586185,52.06053377042281,3.9145976432820753,10.633226591805421,0.9968467052048798,<1.0%,0.98-1.00,2025-09-19→2025-09-22
2025-09-19,2025-09-22,P,6640.0,0.00821917808219178,63.000663759503084,-0.056297980377206874,6.49883686973817,-0.28286698837671814,6664.360000000001,6693.75,0.005479452054794521,16.782887155752803,0.5353426751348707,0.954597643286077,7.613460788391582,0.9968467052048798,<1.0%,0.98-1.00,2025-09-19→2025-09-22
2025-09-19,2025-09-22,C,6645.0,0.00821917808219178,80.90503347773902,0.9559285215579945,23.552774867140215,0.6749025127022544,6664.360000000001,6693.75,0.005479452054794521,66.96260484920042,47.1700587256646,3.105260751411098,11.364615151681136,0.9975973427841004,<1.0%,0.98-1.00,2025-09-19→2025-09-22
2025-09-19,2025-09-22,P,6645.0,0.00821917808219178,64.8928608343671,-0.044071478442177424,7.548665278099179,-0.3245939295051027,6664.360000000001,6693.75,0.005479452054794521,18.56007399791342,0.6673740105641173,0.09526075141556767,8.339815588154778,0.9975973427841004,<1.0%,0.98-1.00,2025-09-19→2025-09-22
2025-09-19,2025-09-22,C,6650.0,0.00821917808219178,75.26228517809426,0.9603736333445343,19.852577066413687,0.6267785205467256,6664.360000000001,6693.75,0.005479452054794521,63.55232607597216,42.35735072175976,2.374618916004696,12.1789792811321,0.998347980363321,<1.0%,0.98-1.00,2025-09-19→2025-09-22
2025-09-19,2025-09-22,P,6650.0,0.00821917808219178,64.25263159216045,-0.03962636665588708,8.898465566782306,-0.37318166038558315,6664.360000000001,6693.75,0.005479452054794521,20.150056676264036,0.8690904027909596,-0.6853810839835015,9.117808998732071,0.998347980363321,<1.0%,0.98-1.00,2025-09-19→2025-09-22
2025-09-19,2025-09-22,C,6655.0,0.00821917808219178,78.24063297589558,0.9270654221208184,16.402354945570096,0.5727725642607109,6664.360000000001,6693.75,0.005479452054794521,60.85015766624761,37.60921219832926,2.5035472438696864,12.91621433637804,0.9990986179425415,<1.0%,0.98-1.00,2025-09-19→2025-09-22
2025-09-19,2025-09-22,P,6655.0,0.00821917808219178,72.23349844742454,-0.07293457787949745,10.39824535652906,-0.42672387794665084,6664.360000000001,6693.75,0.005479452054794521,22.448149718119346,1.1065274832300247,-0.45645275612161296,9.941414772851818,0.9990986179425415,<1.0%,0.98-1.00,2025-09-19→2025-09-22
2025-09-19,2025-09-22,C,6660.0,0.00821917808219178,80.6734859671926,0.9477262082087788,13.302109766544163,0.5131904553510591,6664.360000000001,6693.75,0.005479452054794521,58.21589443084771,32.97396860278877,0.8463267407445407,13.61733251723267,0.9998492555217621,<1.0%,0.98-1.00,2025-09-19→2025-09-22
2025-09-19,2025-09-22,P,6660.0,0.00821917808219178,79.66887049617824,-0.05227379179142405,12.298000177503127,-0.4863059868563006,6664.360000000001,6693.75,0.005479452054794521,24.81414793429954,1.4712838876880596,-2.1636732592500767,10.592532953706392,0.9998492555217621,<1.0%,0.98-1.00,2025-09-19→2025-09-22
2025-09-19,2025-09-22,C,6665.0,0.00821917808219178,75.91897528570335,0.9572096622195859,10.501848138584137,0.44953924050100114,6664.360000000001,6693.75,0.005479452054794521,55.37382930417816,28.456912371308135,-0.68239197263307,14.238041721675842,1.0005998931009825,<1.0%,1.00-1.02,2025-09-19→2025-09-22
2025-09-19,2025-09-22,P,6665.0,0.00821917808219178,79.91687887214843,-0.042790337780623355,14.497738549543556,-0.5499572017063555,6664.360000000001,6693.75,0.005479452054794521,26.972344259209777,1.954227656208559,-3.6423919726275047,11.263242158149469,1.0005998931009825,<1.0%,1.00-1.02,2025-09-19→2025-09-22
2025-09-19,2025-09-22,C,6670.0,0.00821917808219178,69.96273835750945,0.9218681618412129,8.201581902953876,0.384759249615707,6664.360000000001,6693.75,0.005479452054794521,52.70662531247113,24.19513320565602,-1.2437052765127135,14.541925653794593,1.001350530680203,<1.0%,1.00-1.02,2025-09-19→2025-09-22
2025-09-19,2025-09-22,P,6670.0,0.00821917808219178,78.96316100141662,-0.07813183815885245,17.19747231391466,-0.6147371925916454,6664.360000000001,6693.75,0.005479452054794521,29.30540171908023,2.692448490556899,-4.203705276511371,11.5671260902681,1.001350530680203,<1.0%,1.00-1.02,2025-09-19→2025-09-22
2025-09-19,2025-09-22,C,6675.0,0.00821917808219178,80.62442789416559,0.9372166690149448,6.251320063945968,0.3210880085522799,6664.360000000001,6693.75,0.005479452054794521,50.79822577781976,20.17995633452938,-3.494797902348683,14.61322342864868,1.0021011682594236,<1.0%,1.00-1.02,2025-09-19→2025-09-22
2025-09-19,2025-09-22,P,6675.0,0.00821917808219178,94.6273695955143,-0.06278333098530066,20.247210474904932,-0.678408433655087,6664.360000000001,6693.75,0.005479452054794521,32.397263636009384,3.6772716194295754,-6.454797902342051,11.638423865122611,1.0021011682594236,<1.0%,1.00-1.02,2025-09-19→2025-09-22
2025-09-19,2025-09-22,C,6680.0,0.00821917808219178,77.77830507533608,0.9488859080752824,4.651072519331137,0.26086174035170845,6664.360000000001,6693.75,0.005479452054794521,48.643101760993176,16.47458122792432,-5.7877568383319975,14.433273451063442,1.0028518058386442,<1.0%,1.00-1.02,2025-09-19→2025-09-22
2025-09-19,2025-09-22,P,6680.0,0.00821917808219178,96.78376583413554,-0.05111409192504414,23.6469629302901,-0.7386347018556474,6664.360000000001,6693.75,0.005479452054794521,35.24240107076193,4.971896512823605,-8.797756838322982,11.408473887537047,1.0028518058386442,<1.0%,1.00-1.02,2025-09-19→2025-09-22
2025-09-19,2025-09-22,C,6685.0,0.00821917808219178,72.3090946390731,0.949389039248942,3.400850143960497,0.20678424446166155,6664.360000000001,6693.75,0.005479452054794521,46.133846804327185,13.161337368276236,-7.902543863525853,13.922611055271886,1.0036024434178648,<1.0%,1.00-1.02,2025-09-19→2025-09-22
2025-09-19,2025-09-22,P,6685.0,0.00821917808219178,96.31707445532071,-0.05061096075152526,25.696489962636406,-0.8536581683961719,6664.360000000001,6693.75,0.005479452054794521,37.73340756567452,4.617490326169445,-9.1625438635127,14.439013569162999,1.0036024434178648,<1.0%,1.00-1.02,2025-09-19→2025-09-22
2025-09-19,2025-09-22,C,6690.0,0.00821917808219178,77.14086588156741,0.9211021377948424,2.450659036815523,0.16030204415101534,6664.360000000001,6693.75,0.005479452054794521,44.79386496015273,10.283703232131302,-9.22119182978988,13.138722922401755,1.0043530809970853,<1.0%,1.00-1.02,2025-09-19→2025-09-22
2025-09-19,2025-09-22,P,6690.0,0.00821917808219178,106.15136475527657,-0.07889786220545102,31.446549447774487,-0.8391943980563616,6664.360000000001,6693.75,0.005479452054794521,41.39368717307883,8.781018517030134,-12.28119182978184,10.063923358875982,1.0043530809970853,<1.0%,1.00-1.02,2025-09-19→2025-09-22
2025-09-19,2025-09-22,C,6695.0,0.00821917808219178,79.27333128154332,0.9407412615484843,1.7505019048068107,0.12208300497973566,6664.360000000001,6693.75,0.005479452054794521,43.40042520046131,7.868084097652172,-12.098385676909405,11.96198048364564,1.0051037185763059,<1.0%,1.00-1.02,2025-09-19→2025-09-22
2025-09-19,2025-09-22,P,6695.0,0.00821917808219178,113.2863492127128,-0.059258738451710105,35.74639231576657,-0.8774134372276241,6664.360000000001,6693.75,0.005479452054794521,45.000508864965184,11.365399382552368,-15.108385676904277,8.93718092011936,1.0051037185763059,<1.0%,1.00-1.02,2025-09-19→2025-09-22
2025-09-19,2025-09-22,C,6700.0,0.00821917808219178,74.63037233458302,0.9501125732010082,1.2253735392804401,0.09085664957646133,6664.360000000001,6693.75,0.005479452054794521,41.63417984192531,5.868103949539545,-14.548808526377076,10.704723068947853,1.0058543561555264,<1.0%,1.00-1.02,2025-09-19→2025-09-22
2025-09-19,2025-09-22,P,6700.0,0.00821917808219178,113.64590932320135,-0.049887426799297016,40.24626864711536,-0.9074942348718498,6664.360000000001,6693.75,0.005479452054794521,48.23452495801095,14.412187365374848,-17.53380852636869,7.671255562883136,1.0058543561555264,<1.0%,1.00-1.02,2025-09-19→2025-09-22
2025-09-19,2025-09-22,C,6705.0,0.00821917808219178,68.7949518704726,0.9132435942866552,0.8502737107808116,0.06657883044962123,6664.360000000001,6693.75,0.005479452054794521,40.10763847066981,4.282362529447937,-15.490229236084266,9.39324817308567,1.006604993734747,<1.0%,1.00-1.02,2025-09-19→2025-09-22
2025-09-19,2025-09-22,P,6705.0,0.00821917808219178,112.81300791655715,-0.08675640571349698,44.84616412174,-0.9329176117577233,6664.360000000001,6693.75,0.005479452054794521,51.70824503833359,17.77967781434836,-18.450229236080375,6.4184486095589435,1.006604993734747,<1.0%,1.00-1.02,2025-09-19→2025-09-22
2025-09-19,2025-09-22,C,6710.0,0.00821917808219178,79.5792834001737,0.9299580797078656,0.625207048090374,0.05036354944007484,6664.360000000001,6693.75,0.005479452054794521,39.37426046968376,3.155858846062074,-17.90646796261363,7.944815281956231,1.0073556313139675,<1.0%,1.00-1.02,2025-09-19→2025-09-22
2025-09-19,2025-09-22,P,6710.0,0.00821917808219178,128.5998585036991,-0.07004192029236811,49.64610310543139,-0.9477594561505331,6664.360000000001,6693.75,0.005479452054794521,55.975128488926735,21.71191133024695,-20.891467962607347,4.90465041626361,1.0073556313139675,<1.0%,1.00-1.02,2025-09-19→2025-09-22
2025-09-19,2025-09-22,C,6715.0,0.00821917808219178,76.75948294025066,0.9415025336759081,0.4501537500194388,0.03739921692594323,6664.360000000001,6693.75,0.005479452054794521,38.37349859929302,2.2744231916337867,-19.92075946473439,6.65083701454655,1.0081062688931879,<1.0%,1.00-1.02,2025-09-19→2025-09-22
2025-09-19,2025-09-22,P,6715.0,0.00821917808219178,130.78257710123174,-0.05849746632433529,54.446044160979,-0.9620972252813609,6664.360000000001,6693.75,0.005479452054794521,59.97462807011418,25.771738476536484,-23.080759464727823,3.4760374510186303,1.0081062688931879,<1.0%,1.00-1.02,2025-09-19→2025-09-22
2025-09-19,2025-09-22,C,6720.0,0.00821917808219178,71.38527904588204,0.9431238381997445,0.325113996615471,0.02772960810168057,6664.360000000001,6693.75,0.005479452054794521,36.796162900210575,1.6222723015886231,-21.443409604689943,5.460026817891624,1.0088569064724084,<1.0%,1.00-1.02,2025-09-19→2025-09-22
2025-09-19,2025-09-22,P,6720.0,0.00821917808219178,130.41089226432177,-0.056876161800503026,59.145954177607564,-0.9839912133333358,6664.360000000001,6693.75,0.005479452054794521,63.397553822613745,29.57261443169591,-24.42840960468325,2.819501759866167,1.0088569064724084,<1.0%,1.00-1.02,2025-09-19→2025-09-22
2025-09-19,2025-09-22,C,6725.0,0.00821917808219178,75.79978410141464,0.9128075764726425,0.22508162019485667,0.019854821272736498,6664.360000000001,6693.75,0.005479452054794521,36.35191501084333,1.1171819414610127,-21.802414672530432,4.441466802794286,1.009607544051629,<1.0%,1.00-1.02,2025-09-19→2025-09-22
2025-09-19,2025-09-22,P,6725.0,0.00821917808219178,139.82791637730136,-0.08719242352772663,63.995890410958964,-0.9994964422073598,6664.360000000001,6693.75,0.005479452054794521,67.9535673848246,33.49731528489974,-24.687414672520166,2.1252004364737225,1.009607544051629,<1.0%,1.00-1.02,2025-09-19→2025-09-22
2025-09-19,2025-09-22,C,6730.0,0.00821917808219178,78.38024550489735,0.9329988830848209,0.22507714044607496,0.01876424414814616,6664.360000000001,6693.75,0.005479452054794521,35.84389734702487,0.9519902863198695,-23.495837173862345,3.3735188644859955,1.0103581816308496,<1.0%,1.00-1.02,2025-09-19→2025-09-22
2025-09-19,2025-09-22,P,6730.0,0.00821917808219178,147.4108968382417,-0.06700111691552056,69.19596094121607,-0.9823400416430933,6664.360000000001,6693.75,0.005479452054794521,72.44581117258538,39.382694889080994,-26.63083717385288,0.2709738238899533,1.0103581816308496,<1.0%,1.00-1.02,2025-09-19→2025-09-22
2025-09-19,2025-09-22,C,6735.0,0.00821917808219178,73.88761251595785,0.9424266565476547,0.15005358636649646,0.013031785505868547,6664.360000000001,6693.75,0.005479452054794521,34.84140258120682,0.6317325283491186,-24.597919435935022,2.716995823982531,1.0111088192100701,<1.0%,1.00-1.02,2025-09-19→2025-09-22
2025-09-19,2025-09-22,P,6735.0,0.00821917808219178,147.9207829067656,-0.057573343452484146,74.09592939523554,-0.9900133503451333,6664.360000000001,6693.75,0.005479452054794521,76.44357785834573,43.98421885691732,-27.707919435931515,-0.30350763335709985,1.0111088192100701,<1.0%,1.00-1.02,2025-09-19→2025-09-22
2025-09-19,2025-09-22,C,6610.0,0.010958904109589041,106.00526146599375,0.9634793398532652,56.392664395733846,0.8326320845526995,6664.360000000001,6693.75,0.038356164383561646,164.1493910184208,87.51421637244948,35.28334220171309,39.12894303499664,0.992255424832093,1.0-2.0%,0.98-1.00,2025-09-19→2025-09-22
2025-09-19,2025-09-22,P,6610.0,0.010958904109589041,54.392624499960064,-0.03652066014718019,7.0017685187922325,-0.20076150151379496,6664.360000000001,6693.75,0.038356164383561646,72.55973251302296,18.35865390522281,25.073342201725605,29.900380529490317,0.992255424832093,1.0-2.0%,0.98-1.00,2025-09-19→2025-09-22
2025-09-19,2025-09-22,C,6615.0,0.010958904109589041,100.2688285044705,0.9704234462329304,54.19311765437578,0.7811848971523826,6664.360000000001,6693.75,0.038356164383561646,162.01136075766243,87.74357000448799,33.47925491521474,39.04097587269193,0.9930059962578359,1.0-2.0%,0.98-1.00,2025-09-19→2025-09-22
2025-09-19,2025-09-22,P,6615.0,0.010958904109589041,53.65826972528367,-0.029576553767788408,7.701935338320027,-0.21966185248297307,6664.360000000001,6693.75,0.038356164383561646,75.41577210210748,18.931566811933408,25.269254915235287,30.855861844474454,0.9930059962578359,1.0-2.0%,0.98-1.00,2025-09-19→2025-09-22
2025-09-19,2025-09-22,C,6620.0,0.010958904109589041,98.75154198437329,0.9366508225327387,49.89329261521834,0.7613210998433284,6664.360000000001,6693.75,0.00821917808219178,92.16840043892365,73.52045318817181,3.721832325763362,8.874772875605029,0.9937565676835788,1.0-2.0%,0.98-1.00,2025-09-19→2025-09-22
2025-09-19,2025-09-22,P,6620.0,0.010958904109589041,57.14306139206369,-0.06334917746778297,8.402109311006598,-0.2394476154903164,6664.360000000001,6693.75,0.00821917808219178,18.157956111214457,1.8981035595077174,0.5118323257781068,5.687365419260262,0.9937565676835788,1.0-2.0%,0.98-1.00,2025-09-19→2025-09-22
2025-09-19,2025-09-22,C,6625.0,0.010958904109589041,101.57332151967134,0.956135446510057,45.69348733967763,0.739221432852157,6664.360000000001,6693.75,0.00821917808219178,88.98578876715852,68.75378126592113,2.8991792270699683,9.27428208847552,0.9945071391093216,1.0-2.0%,0.98-1.00,2025-09-19→2025-09-22
2025-09-19,2025-09-22,P,6625.0,0.010958904109589041,64.96691911422951,-0.0438645534903719,9.202303231201313,-0.26145722243047176,6664.360000000001,6693.75,0.00821917808219178,19.975147729233186,2.133256828297476,-0.31082077291799504,6.084227767231413,0.9945071391093216,1.0-2.0%,0.98-1.00,2025-09-19→2025-09-22
2025-09-19,2025-09-22,C,6630.0,0.010958904109589041,96.54871174647982,0.9643121429112822,41.64370626681011,0.7143648720188134,6664.360000000001,6693.75,0.00821917808219178,85.67128712035155,64.04884427085017,2.308866119837983,9.654816411367495,0.9952577105350645,1.0-2.0%,0.98-1.00,2025-09-19→2025-09-22
2025-09-19,2025-09-22,P,6630.0,0.010958904109589041,64.94438752791335,-0.03568785708900489,10.052512529040541,-0.2852196632910692,6664.360000000001,6693.75,0.00821917808219178,21.66044937220774,2.3847151867973935,-0.8011338801541685,6.532605904124356,0.9952577105350645,1.0-2.0%,0.98-1.00,2025-09-19→2025-09-22
2025-09-19,2025-09-22,C,6635.0,0.010958904109589041,90.3315394288046,0.940504996375438,37.64394042838376,0.6877559926879192,6664.360000000001,6693.75,0.00821917808219178,82.32419682514714,59.3623791959908,2.6585581565264214,10.086851374902452,0.9960082819608074,1.0-2.0%,0.98-1.00,2025-09-19→2025-09-22
2025-09-19,2025-09-22,P,6635.0,0.010958904109589041,63.7292933970895,-0.059495003625043015,11.10275057321951,-0.31226709243595424,6664.360000000001,6693.75,0.00821917808219178,23.313162366786695,2.722245370474866,-0.4514418434600216,6.977529846692512,0.9960082819608074,1.0-2.0%,0.98-1.00,2025-09-19→2025-09-22
2025-09-19,2025-09-22,C,6640.0,0.010958904109589041,97.85894899234917,0.9464929649201762,33.894205965791116,0.657641251961387,6664.360000000001,6693.75,0.00821917808219178,79.68908089376265,54.792699043999164,4.282571760996568,12.771923604855214,0.9967588533865502,1.0-2.0%,0.98-1.00,2025-09-19→2025-09-22
2025-09-19,2025-09-22,P,6640.0,0.010958904109589041,76.25878114751156,-0.05350703508010762,12.25300894931388,-0.34157119222380206,6664.360000000001,6693.75,0.00821917808219178,25.677849725185325,3.1031922117660997,-1.0774282389956684,7.388777339457343,0.9967588533865502,1.0-2.0%,0.98-1.00,2025-09-19→2025-09-22
2025-09-19,2025-09-22,C,6645.0,0.010958904109589041,94.68987215855859,0.9571944154969753,30.19448709029166,0.625737193403623,6664.360000000001,6693.75,0.00821917808219178,76.85320412262645,50.245483916589365,-0.2319438714555453,9.509583885867887,0.9975094248122932,1.0-2.0%,0.98-1.00,2025-09-19→2025-09-22
2025-09-19,2025-09-22,P,6645.0,0.010958904109589041,78.09178250055913,-0.04280558450362523,13.553290712029138,-0.373547324448796,6664.360000000001,6693.75,0.00821917808219178,27.84177624383169,3.554487128008077,-1.8919438714384798,7.828555865549896,0.9975094248122932,1.0-2.0%,0.98-1.00,2025-09-19→2025-09-22
2025-09-19,2025-09-22,C,6650.0,0.010958904109589041,88.85056870370244,0.9610971707207379,26.694792965350643,0.591008619288744,6664.360000000001,6693.75,0.00821917808219178,73.76824520736264,45.80119712524902,0.35335415251807234,11.230256679104155,0.9982599962380361,1.0-2.0%,0.98-1.00,2025-09-19→2025-09-22
2025-09-19,2025-09-22,P,6650.0,0.010958904109589041,77.25455723257942,-0.03890282927970701,15.053597300308866,-0.408357234039936,6664.360000000001,6693.75,0.00821917808219178,29.756620618349544,4.108463107004809,-2.6066458474694336,8.251619108433482,0.9982599962380361,1.0-2.0%,0.98-1.00,2025-09-19→2025-09-22
2025-09-19,2025-09-22,C,6655.0,0.010958904109589041,92.16790105196813,0.931940547832046,23.34511989378734,0.5538740093158432,6664.360000000001,6693.75,0.00821917808219178,71.42410140068323,41.43818375724277,0.6102672992167086,11.721642866207691,0.9990105676637789,1.0-2.0%,0.98-1.00,2025-09-19→2025-09-22
2025-09-19,2025-09-22,P,6655.0,0.010958904109589041,85.57396776770106,-0.06805945216848089,16.75392615601686,-0.445710525994038,6664.360000000001,6693.75,0.00821917808219178,32.412280101453895,4.774054673190449,-2.549732700768387,8.549432358964516,0.9990105676637789,1.0-2.0%,0.98-1.00,2025-09-19→2025-09-22
2025-09-19,2025-09-22,C,6660.0,0.010958904109589041,94.69464225337052,0.9499456938189583,20.245468672455445,0.5142696948142635,6664.360000000001,6693.75,0.00821917808219178,69.13686929598913,37.22465960655427,1.0310960586613689,13.835613669409097,0.9997611390895218,1.0-2.0%,0.98-1.00,2025-09-19→2025-09-22
2025-09-19,2025-09-22,P,6660.0,0.010958904109589041,93.10278715598287,-0.0500543061813501,18.654274934684963,-0.48531484049561857,6664.360000000001,6693.75,0.00821917808219178,35.124851286542196,5.560530522502859,-3.8789039413301474,8.913403162165949,0.9997611390895218,1.0-2.0%,0.98-1.00,2025-09-19→2025-09-22
2025-09-19,2025-09-22,C,6665.0,0.010958904109589041,89.75904872225,0.9582102528524236,17.445833856470927,0.47285554022832865,6664.360000000001,6693.75,0.00821917808219178,66.61734476047546,33.21206486769461,-2.061799331332171,12.202775672689693,1.0005117105152648,1.0-2.0%,1.00-1.02,2025-09-19→2025-09-22
2025-09-19,2025-09-22,P,6665.0,0.010958904109589041,93.16927181172447,-0.04178974714798189,20.75464149967638,-0.5268859420012685,6664.360000000001,6693.75,0.00821917808219178,37.605130040811645,6.47718120528566,-5.071799331320837,9.185177835416972,1.0005117105152648,1.0-2.0%,1.00-1.02,2025-09-19→2025-09-22
2025-09-19,2025-09-22,C,6670.0,0.010958904109589041,83.56951241027014,0.9271997600451468,14.846209525566337,0.4302137918453494,6664.360000000001,6693.75,0.00821917808219178,64.22253277604919,29.350116092801727,-2.2504009477263267,12.356016657665432,1.0012622819410075,1.0-2.0%,1.00-1.02,2025-09-19→2025-09-22
2025-09-19,2025-09-22,P,6670.0,0.010958904109589041,91.98181368660613,-0.07280023995529915,23.15501922426847,-0.5697610058763632,6664.360000000001,6693.75,0.00821917808219178,40.21012134616534,7.609441909750785,-5.1604009477138,9.445275962705987,1.0012622819410075,1.0-2.0%,1.00-1.02,2025-09-19→2025-09-22
2025-09-19,2025-09-22,C,6675.0,0.010958904109589041,94.71639831168369,0.94065284521729,12.446593258570829,0.38665827986606016,6664.360000000001,6693.75,0.00821917808219178,62.60237499847045,25.649314714636603,-3.8457871209356043,12.436113154736718,1.0020128533667505,1.0-2.0%,1.00-1.02,2025-09-19→2025-09-22
2025-09-19,2025-09-22,P,6675.0,0.010958904109589041,108.13077777486616,-0.059347154783299855,25.805402346287337,-0.6132470012549417,6664.360000000001,6693.75,0.00821917808219178,43.589766858371014,8.943682466997416,-6.8557871209188495,9.423329366882381,1.0020128533667505,1.0-2.0%,1.00-1.02,2025-09-19→2025-09-22
2025-09-19,2025-09-22,C,6680.0,0.010958904109589041,91.71444882181555,0.9507653511583449,10.396970341931137,0.34385581856933994,6664.360000000001,6693.75,0.00821917808219178,60.73606832441457,22.255084012973384,-5.442993670543196,12.394077492247307,1.0027634247924935,1.0-2.0%,1.00-1.02,2025-09-19→2025-09-22
2025-09-19,2025-09-22,P,6680.0,0.010958904109589041,110.13090647187818,-0.04923464884209359,28.705784571852746,-0.6566333096542877,6664.360000000001,6693.75,0.00821917808219178,46.723263474098516,10.500754046998736,-8.502993670530898,9.348452970739132,1.0027634247924935,1.0-2.0%,1.00-1.02,2025-09-19→2025-09-22
2025-09-19,2025-09-22,C,6685.0,0.010958904109589041,86.02152531910757,0.9511858208422904,8.497347640758335,0.30103058920910397,6664.360000000001,6693.75,0.00821917808219178,58.44003561083606,19.01677494026444,-6.805351274554365,12.302710983144609,1.0035139962182362,1.0-2.0%,1.00-1.02,2025-09-19→2025-09-22
2025-09-19,2025-09-22,P,6685.0,0.010958904109589041,109.4400611560193,-0.04881417915842637,31.856159133675646,-0.6991477533246959,6664.360000000001,6693.75,0.00821917808219178,49.427034050301906,12.303566173169656,-9.76535127453388,9.347952470212402,1.0035139962182362,1.0-2.0%,1.00-1.02,2025-09-19→2025-09-22
2025-09-19,2025-09-22,C,6690.0,0.010958904109589041,91.1653469890191,0.9264810567896888,6.897705780237857,0.26038770799298094,6664.360000000001,6693.75,0.00821917808219178,57.30895788860849,16.095234422063186,-7.579278259048419,11.997205262086439,1.0042645676439792,1.0-2.0%,1.00-1.02,2025-09-19→2025-09-22
2025-09-19,2025-09-22,P,6690.0,0.010958904109589041,119.58596101280716,-0.07351894321069315,35.35650555871689,-0.7384620028014415,6664.360000000001,6693.75,0.00821917808219178,53.29575961785905,14.484447238221492,-10.739278259037762,8.803398262333943,1.0042645676439792,1.0-2.0%,1.00-1.02,2025-09-19→2025-09-22
2025-09-19,2025-09-22,C,6695.0,0.010958904109589041,93.28775244542064,0.9435050897794298,5.598031969575686,0.2233129465543463,6664.360000000001,6693.75,0.00821917808219178,56.11895338073538,13.532280056077525,-9.729614588616894,11.436832500767892,1.005015139069722,1.0-2.0%,1.00-1.02,2025-09-19→2025-09-22
2025-09-19,2025-09-22,P,6695.0,0.010958904109589041,126.71044465606666,-0.05649491022107365,37.65707240885422,-0.802807767097308,6664.360000000001,6693.75,0.00821917808219178,57.105558399766124,15.250917808482427,-11.389614588602683,10.54452027498941,1.005015139069722,1.0-2.0%,1.00-1.02,2025-09-19→2025-09-22
2025-09-19,2025-09-22,C,6700.0,0.010958904109589041,88.44556457902917,0.9516524401662633,4.498332703680717,0.1892567053731075,6664.360000000001,6693.75,0.00821917808219178,54.523182650206756,11.249869340649184,-11.619065216485922,10.787745429084483,1.005765710495465,1.0-2.0%,1.00-1.02,2025-09-19→2025-09-22
2025-09-19,2025-09-22,P,6700.0,0.010958904109589041,126.87033497654049,-0.048347559834278596,42.907138965910235,-0.8103278299367821,6664.360000000001,6693.75,0.00821917808219178,60.509590959022624,19.585740256596637,-14.679065216470578,7.715534921841556,1.005765710495465,1.0-2.0%,1.00-1.02,2025-09-19→2025-09-22
2025-09-19,2025-09-22,C,6705.0,0.010958904109589041,82.36731763048601,0.9193190036320754,3.5486096673678276,0.1577898665072174,6664.360000000001,6693.75,0.00821917808219178,53.12243758458082,9.203492308943169,-12.26878551674616,10.112555823352972,1.0065162819212077,1.0-2.0%,1.00-1.02,2025-09-19→2025-09-22
2025-09-19,2025-09-22,P,6705.0,0.010958904109589041,125.79416621487012,-0.08068099636834392,46.95741592959803,-0.8417946688026731,6664.360000000001,6693.75,0.00821917808219178,64.1086491831753,22.53936322489153,-15.328785516734422,7.04034531611007,1.0065162819212077,1.0-2.0%,1.00-1.02,2025-09-19→2025-09-22
2025-09-19,2025-09-22,C,6710.0,0.010958904109589041,93.6486222551604,0.9339823634407269,2.7988488897123034,0.13063885263030708,6664.360000000001,6693.75,0.00821917808219178,52.505364954545925,7.476880514436743,-14.249741661522421,9.36052412119535,1.0072668533469507,1.0-2.0%,1.00-1.02,2025-09-19→2025-09-22
2025-09-19,2025-09-22,P,6710.0,0.010958904109589041,142.07754902640642,-0.06601763655964113,51.20765515194216,-0.8689456826795556,6664.360000000001,6693.75,0.00821917808219178,68.49137984292668,25.812751430386015,-17.309741661512184,6.288313613951633,1.0072668533469507,1.0-2.0%,1.00-1.02,2025-09-19→2025-09-22
2025-09-19,2025-09-22,C,6715.0,0.010958904109589041,90.66750524332801,0.94397663990907,2.1740610375229608,0.10656188359198472,6664.360000000001,6693.75,0.00821917808219178,51.64342282669749,5.98293693122514,-16.118473446927016,8.493146241231631,1.0080174247726936,1.0-2.0%,1.00-1.02,2025-09-19→2025-09-22
2025-09-19,2025-09-22,P,6715.0,0.010958904109589041,144.09851020143756,-0.056023360091313014,55.607860855083345,-0.8922916472932625,6664.360000000001,6693.75,0.00821917808219178,72.62924100486076,29.357536634694952,-19.203473446916345,5.374451513948465,1.0080174247726936,1.0-2.0%,1.00-1.02,2025-09-19→2025-09-22
2025-09-19,2025-09-22,C,6720.0,0.010958904109589041,85.06764217710459,0.9453697999037521,1.6492496997152557,0.08514910251770202,6664.360000000001,6693.75,0.00821917808219178,50.13371194925953,4.689804757205366,-17.534418419170724,7.747467877004787,1.0087679961984364,1.0-2.0%,1.00-1.02,2025-09-19→2025-09-22
2025-09-19,2025-09-22,P,6720.0,0.010958904109589041,143.50072532206812,-0.05463020009686228,60.10804200239545,-0.9128213316949607,6664.360000000001,6693.75,0.00821917808219178,76.11933341720432,33.10831971620246,-20.64441841915325,4.5778189385143655,1.0087679961984364,1.0-2.0%,1.00-1.02,2025-09-19→2025-09-22
2025-09-19,2025-09-22,C,6725.0,0.010958904109589041,89.7840082962847,0.9189244002030342,1.2494046467224393,0.06756497739610716,6664.360000000001,6693.75,0.00821917808219178,49.768926282268396,3.646241366328468,-18.15718812196664,6.864265314328449,1.0095185676241794,1.0-2.0%,1.00-1.02,2025-09-19→2025-09-22
2025-09-19,2025-09-22,P,6725.0,0.010958904109589041,153.21916962811756,-0.08107559979746176,65.90788444854115,-0.8949610232672905,6664.360000000001,6693.75,0.00821917808219178,80.75435103999878,38.94465020423013,-22.567188121952647,1.352904473825145,1.0095185676241794,1.0-2.0%,1.00-1.02,2025-09-19→2025-09-22
2025-09-19,2025-09-22,C,6730.0,0.010958904109589041,92.37158518342781,0.9364262870742412,0.9495289525386852,0.053451075782370676,6664.360000000001,6693.75,0.00821917808219178,49.34621339364512,2.8208727339299458,-19.921568577111405,6.029072882756157,1.010269139049922,1.0-2.0%,1.00-1.02,2025-09-19→2025-09-22
2025-09-19,2025-09-22,P,6730.0,0.010958904109589041,160.80882470211495,-0.06357371292631771,68.40880626223043,-0.9995845353098826,6664.360000000001,6693.75,0.00821917808219178,85.33144144115676,38.33587091594836,-21.78156857709556,5.7277894927568695,1.010269139049922,1.0-2.0%,1.00-1.02,2025-09-19→2025-09-22
2025-09-19,2025-09-22,C,6735.0,0.010958904109589041,87.68043774928144,0.9446104747813697,0.7496189191359122,0.04324628799782436,6664.360000000001,6693.75,0.00821917808219178,48.391695882398906,2.2224445800979993,-21.262101853823907,5.228991595743967,1.011019710475665,1.0-2.0%,1.00-1.02,2025-09-19→2025-09-22
2025-09-19,2025-09-22,P,6735.0,0.010958904109589041,161.1197554548433,-0.055389525219145565,75.40807182416847,-0.9162325024399678,6664.360000000001,6693.75,0.00821917808219178,89.37672721969223,47.59779563555185,-25.722101853809352,-0.42192675328988827,1.011019710475665,1.0-2.0%,1.00-1.02,2025-09-19→2025-09-22
2025-09-19,2025-09-22,C,6610.0,0.0136986301369863,118.16496436860537,0.9635140656134557,62.999730242269834,0.7593232642128483,6664.360000000001,6693.75,0.038356164383561646,164.1493910184208,98.37137174020972,28.6823216116211,34.683489264784825,0.9921499110459921,1.0-2.0%,0.98-1.00,2025-09-19→2025-09-22
2025-09-19,2025-09-22,P,6610.0,0.0136986301369863,65.84914554711204,-0.03648593438603073,10.80008571877238,-0.24128704198219877,6664.360000000001,6693.75,0.038356164383561646,72.55973251302296,20.590618155340508,21.27232161160542,27.29142616385668,0.9921499110459921,1.0-2.0%,0.98-1.00,2025-09-19→2025-09-22
2025-09-19,2025-09-22,C,6615.0,0.0136986301369863,112.40198994750766,0.9698078493105717,58.84973663175697,0.741560649907745,6664.360000000001,6693.75,0.038356164383561646,162.01136075766243,94.02367186760421,28.847347308762863,35.55553249921181,0.9929004026579785,1.0-2.0%,0.98-1.00,2025-09-19→2025-09-22
2025-09-19,2025-09-22,P,6615.0,0.0136986301369863,65.08771740524654,-0.03019215068920567,11.650092071288555,-0.25899069289807797,6664.360000000001,6693.75,0.038356164383561646,75.41577210210748,21.239535859491752,21.33734730875574,28.061736464274365,0.9929004026579785,1.0-2.0%,0.98-1.00,2025-09-19→2025-09-22
2025-09-19,2025-09-22,C,6620.0,0.0136986301369863,110.93224359345146,0.9392079875910686,54.74974325415951,0.7226997125636024,6664.360000000001,6693.75,0.010958904109589041,99.62479780867888,76.40894768762064,6.496677244699036,12.85985544775614,0.9936508942699649,1.0-2.0%,0.98-1.00,2025-09-19→2025-09-22
2025-09-19,2025-09-22,P,6620.0,0.0136986301369863,68.61951733046756,-0.06079201240845505,12.550098687415357,-0.27778960694866095,6664.360000000001,6693.75,0.010958904109589041,23.72803824369957,4.371865011184468,-0.16332275531554252,6.214236548220983,0.9936508942699649,1.0-2.0%,0.98-1.00,2025-09-19→2025-09-22
2025-09-19,2025-09-22,C,6625.0,0.0136986301369863,114.10013886897238,0.9568722898727554,50.74975049976911,0.7023033068477911,6664.360000000001,6693.75,0.010958904109589041,96.65289357068976,71.84503122775641,3.427523400640286,10.909305811743842,0.9944013858819513,1.0-2.0%,0.98-1.00,2025-09-19→2025-09-22
2025-09-19,2025-09-22,P,6625.0,0.0136986301369863,76.7889588852492,-0.04312771012675972,13.550105908740989,-0.2981174247733593,6664.360000000001,6693.75,0.010958904109589041,25.754512586101466,4.8096816395387805,-0.982476599374557,6.5116711140888555,0.9944013858819513,1.0-2.0%,0.98-1.00,2025-09-19→2025-09-22
2025-09-19,2025-09-22,C,6630.0,0.0136986301369863,109.14807419887957,0.9642181798989321,46.89975833909284,0.6800627300688339,6664.360000000001,6693.75,0.010958904109589041,93.54557092176654,67.36793346835748,2.811627692770937,11.16295636327736,0.9951518774939376,1.0-2.0%,0.98-1.00,2025-09-19→2025-09-22
2025-09-19,2025-09-22,P,6630.0,0.0136986301369863,76.83844049441143,-0.035781820100550005,14.600113488762872,-0.31962810968927385,6664.360000000001,6693.75,0.010958904109589041,27.645568517566836,5.273537753151231,-1.4483723072448562,6.893870143767572,0.9951518774939376,1.0-2.0%,0.98-1.00,2025-09-19→2025-09-22
2025-09-19,2025-09-22,C,6635.0,0.0136986301369863,102.89249505419818,0.9427668448336534,43.09976670497599,0.6566867062942433,6664.360000000001,6693.75,0.010958904109589041,90.36853135602175,62.919520261834805,3.092082430339481,11.499977702012576,0.995902369105924,1.0-2.0%,0.98-1.00,2025-09-19→2025-09-22
2025-09-19,2025-09-22,P,6635.0,0.0136986301369863,75.5844076289871,-0.0572331551658277,15.850121956400926,-0.343290470370216,6664.360000000001,6693.75,0.010958904109589041,29.466907532211064,5.856624828706572,-1.2679175696763565,7.139306924180449,0.995902369105924,1.0-2.0%,0.98-1.00,2025-09-19→2025-09-22
2025-09-19,2025-09-22,C,6640.0,0.0136986301369863,110.31850089196367,0.9481369052738801,39.399775740717814,0.6318099656136378,6664.360000000001,6693.75,0.010958904109589041,87.91772461293992,58.53079965006418,2.484256354001211,11.781105110615549,0.9966528607179104,1.0-2.0%,0.98-1.00,2025-09-19→2025-09-22
2025-09-19,2025-09-22,P,6640.0,0.0136986301369863,88.01195974600506,-0.051863094725734284,17.150130969335805,-0.36812347120171357,6664.360000000001,6693.75,0.010958904109589041,32.01447936951735,6.468990752793161,-1.8257436460106975,7.46914881861815,0.9966528607179104,1.0-2.0%,0.98-1.00,2025-09-19→2025-09-22
2025-09-19,2025-09-22,C,6645.0,0.0136986301369863,107.32609153467138,0.9577168652685881,35.899785059575606,0.6050276171849679,6664.360000000001,6693.75,0.010958904109589041,85.25704345313085,54.2704990973225,1.6527013297567343,12.018238330934128,0.9974033523298969,1.0-2.0%,0.98-1.00,2025-09-19→2025-09-22
2025-09-19,2025-09-22,P,6645.0,0.0136986301369863,90.02109666798007,-0.042283134730878,18.600140209245637,-0.39466322257313974,6664.360000000001,6693.75,0.010958904109589041,34.35217679009725,7.176103382117617,-2.557298670259521,7.7991521114243465,0.9974033523298969,1.0-2.0%,0.98-1.00,2025-09-19→2025-09-22
2025-09-19,2025-09-22,C,6650.0,0.0136986301369863,101.55531224144575,0.9612146696048902,32.44979499948204,0.5770433709852877,6664.360000000001,6693.75,0.010958904109589041,82.31533658729543,50.04184602220357,1.0499008603128317,12.340695326742729,0.9981538439418832,1.0-2.0%,0.98-1.00,2025-09-19→2025-09-22
2025-09-19,2025-09-22,P,6650.0,0.0136986301369863,89.25186365400585,-0.03878533039458339,20.20015019974744,-0.42278988774130355,6664.360000000001,6693.75,0.010958904109589041,36.408848504652866,7.982554208332431,-3.2100991397032166,8.075794800716666,0.9981538439418832,1.0-2.0%,0.98-1.00,2025-09-19→2025-09-22
2025-09-19,2025-09-22,C,6655.0,0.0136986301369863,104.15843145969218,0.9348864205627003,29.19980547063824,0.5473929204839965,6664.360000000001,6693.75,0.010958904109589041,80.09142925397391,45.950828417375305,1.1736880996627832,12.562122066975665,0.9989043355538696,1.0-2.0%,0.98-1.00,2025-09-19→2025-09-22
2025-09-19,2025-09-22,P,6655.0,0.0136986301369863,96.85652915151255,-0.06511357943681059,21.95016065199343,-0.4523840693634617,6664.360000000001,6693.75,0.010958904109589041,39.183319751718514,8.892964549729186,-3.0363119003521737,8.345567798591876,0.9989043355538696,1.0-2.0%,0.98-1.00,2025-09-19→2025-09-22
2025-09-19,2025-09-22,C,6660.0,0.0136986301369863,106.63379223288344,0.9510083122101236,26.149815855945235,0.5163606966004569,6664.360000000001,6693.75,0.010958904109589041,77.90733757954415,42.00627638018068,-0.0501342958549813,12.72415912691287,0.999654827165856,1.0-2.0%,0.98-1.00,2025-09-19→2025-09-22
2025-09-19,2025-09-22,P,6660.0,0.0136986301369863,104.33343620396953,-0.04899168778927108,23.850171005616176,-0.4833301431576488,6664.360000000001,6693.75,0.010958904109589041,41.99760665767703,9.91188066497466,-4.310134295873351,8.455072907403016,0.999654827165856,1.0-2.0%,0.98-1.00,2025-09-19→2025-09-22
2025-09-19,2025-09-22,C,6665.0,0.0136986301369863,101.91690763905605,0.958428147228636,23.2498279789952,0.48421109511563276,6664.360000000001,6693.75,0.010958904109589041,75.4916787368052,38.17783721792239,-1.068203247049052,12.869035914551837,1.0004053187778423,1.0-2.0%,1.00-1.02,2025-09-19→2025-09-22
2025-09-19,2025-09-22,P,6665.0,0.0136986301369863,104.61809788938322,-0.041571852770971855,25.950183128664776,-0.515479744642473,6664.360000000001,6693.75,0.010958904109589041,44.58032639532812,11.083441502716596,-5.328203247061162,8.599949695041982,1.0004053187778423,1.0-2.0%,1.00-1.02,2025-09-19→2025-09-22
2025-09-19,2025-09-22,C,6670.0,0.0136986301369863,95.8379641779194,0.9305376756071058,20.499839594583136,0.4510577803674605,6664.360000000001,6693.75,0.010958904109589041,73.15329780835869,34.46998554088259,-1.0985022860922982,12.993411835000598,1.0011558103898286,1.0-2.0%,1.00-1.02,2025-09-19→2025-09-22
2025-09-19,2025-09-22,P,6670.0,0.0136986301369863,103.54070070751857,-0.0694623243922878,28.200194744251803,-0.5486330593906454,6664.360000000001,6693.75,0.010958904109589041,47.24032404726857,12.375589825677253,-5.3085022861107,8.774325615490753,1.0011558103898286,1.0-2.0%,1.00-1.02,2025-09-19→2025-09-22
2025-09-19,2025-09-22,C,6675.0,0.0136986301369863,105.83519248079513,0.9423682841037634,17.94985178959132,0.417188060652077,6664.360000000001,6693.75,0.010958904109589041,71.51559522582599,30.930427738909202,-2.296203869809055,13.138842897435703,1.001906302001815,1.0-2.0%,1.00-1.02,2025-09-19→2025-09-22
2025-09-19,2025-09-22,P,6675.0,0.0136986301369863,118.53947528962833,-0.057631715895959716,30.650206939261352,-0.5825027791060285,6664.360000000001,6693.75,0.010958904109589041,50.60100004512582,13.836032023702955,-6.606203869817775,8.819756677925842,1.001906302001815,1.0-2.0%,1.00-1.02,2025-09-19→2025-09-22
2025-09-19,2025-09-22,C,6680.0,0.0136986301369863,103.10712331031463,0.951485120497138,15.649863891282621,0.38319459532028033,6664.360000000001,6693.75,0.010958904109589041,69.6602496637503,27.614949943831107,-3.664147691410328,13.037910843537189,1.0026567936138016,1.0-2.0%,1.00-1.02,2025-09-19→2025-09-22
2025-09-19,2025-09-22,P,6680.0,0.0136986301369863,120.81295239842125,-0.04851487950239639,33.30021913470864,-0.6167570922684288,6664.360000000001,6693.75,0.010958904109589041,53.744033063440014,15.474871037591129,-7.874147691424596,8.826490941768768,1.0026567936138016,1.0-2.0%,1.00-1.02,2025-09-19→2025-09-22
2025-09-19,2025-09-22,C,6685.0,0.0136986301369863,97.64581136912872,0.9518578925065113,13.499876016629969,0.34899198845220125,6664.360000000001,6693.75,0.010958904109589041,67.3585066147079,24.445108297386923,-4.725103460765812,12.993125459390008,1.0034072852257878,1.0-2.0%,1.00-1.02,2025-09-19→2025-09-22
2025-09-19,2025-09-22,P,6685.0,0.0136986301369863,120.35318673649411,-0.04814210749299102,36.150231288356736,-0.6510424839940979,6664.360000000001,6693.75,0.010958904109589041,56.44066859478682,17.302752732885892,-8.985103460781021,8.73413860458616,1.0034072852257878,1.0-2.0%,1.00-1.02,2025-09-19→2025-09-22
2025-09-19,2025-09-22,C,6690.0,0.0136986301369863,102.01249208355878,0.9293254745146299,11.549887813386704,0.31514236015769914,6664.360000000001,6693.75,0.010958904109589041,66.06111110132565,21.47575372183701,-5.212875695984433,12.837966034965403,1.0041577768377743,1.0-2.0%,1.00-1.02,2025-09-19→2025-09-22
2025-09-19,2025-09-22,P,6690.0,0.0136986301369863,129.72141373018482,-0.07067452548484691,39.2002430980383,-0.6849791964476515,6664.360000000001,6693.75,0.010958904109589041,60.1416516617947,19.330962392660695,-9.422875696000393,8.631538583596075,1.0041577768377743,1.0-2.0%,1.00-1.02,2025-09-19→2025-09-22
2025-09-19,2025-09-22,C,6695.0,0.0136986301369863,104.1774158202444,0.9446849282262946,9.799899796127647,0.28205770884847825,6664.360000000001,6693.75,0.010958904109589041,64.68889500503677,18.71896466180533,-6.9142900405702505,12.560323936943385,1.0049082684497606,1.0-2.0%,1.00-1.02,2025-09-19→2025-09-22
2025-09-19,2025-09-22,P,6695.0,0.0136986301369863,136.88788374612523,-0.055315071773235525,42.70025421376977,-0.715572823275827,6664.360000000001,6693.75,0.010958904109589041,63.767814145891315,21.836060376024307,-11.374290040584643,8.030685276076138,1.0049082684497606,1.0-2.0%,1.00-1.02,2025-09-19→2025-09-22
2025-09-19,2025-09-22,C,6700.0,0.0136986301369863,99.6399662268455,0.9520522065164448,8.29991052936839,0.2508026938762697,6664.360000000001,6693.75,0.010958904109589041,62.945335288891116,16.24346983961732,-8.43081434951776,12.178908826976581,1.005658760061747,1.0-2.0%,1.00-1.02,2025-09-19→2025-09-22
2025-09-19,2025-09-22,P,6700.0,0.0136986301369863,137.35198043198932,-0.04794779348295842,46.1502659705302,-0.7470699669016942,6664.360000000001,6693.75,0.010958904109589041,67.02263301013647,24.315642583893805,-12.84081434953588,7.706386327240359,1.005658760061747,1.0-2.0%,1.00-1.02,2025-09-19→2025-09-22
2025-09-19,2025-09-22,C,6705.0,0.0136986301369863,93.7487877594678,0.9227814881727748,6.949921714545098,0.22074673669252481,6664.360000000001,6693.75,0.010958904109589041,61.35254141617411,13.955081726387562,-8.920547937397316,11.712253408606824,1.0064092516737333,1.0-2.0%,1.00-1.02,2025-09-19→2025-09-22
2025-09-19,2025-09-22,P,6705.0,0.0136986301369863,136.462348243859,-0.07721851182675099,49.800275405856155,-0.7768438068804135,6664.360000000001,6693.75,0.010958904109589041,70.42821771780815,27.035561218075145,-13.28054793741183,7.2814394842149035,1.0064092516737333,1.0-2.0%,1.00-1.02,2025-09-19→2025-09-22
2025-09-19,2025-09-22,C,6710.0,0.0136986301369863,104.17858785683053,0.9358285772374079,5.799931525445572,0.19295920016268164,6664.360000000001,6693.75,0.010958904109589041,60.41729615668658,11.922396745037531,-10.654001885006874,11.178929107218897,1.0071597432857198,1.0-2.0%,1.00-1.02,2025-09-19→2025-09-22
2025-09-19,2025-09-22,P,6710.0,0.0136986301369863,151.89369462048836,-0.0641714227620614,53.60028607205459,-0.8051393920282158,6664.360000000001,6693.75,0.010958904109589041,74.49135103871032,29.95030399645111,-14.964001885023054,6.813046731708795,1.0071597432857198,1.0-2.0%,1.00-1.02,2025-09-19→2025-09-22
2025-09-19,2025-09-22,C,6715.0,0.0136986301369863,101.5095755809942,0.944880308806538,4.7999406198257475,0.16714509557099716,6664.360000000001,6693.75,0.010958904109589041,59.311769201240395,10.098295805989437,-12.2700322758236,10.58760564116849,1.007910234897706,1.0-2.0%,1.00-1.02,2025-09-19→2025-09-22
2025-09-19,2025-09-22,P,6715.0,0.0136986301369863,154.2262286239123,-0.05511969119280664,57.550295451455895,-0.8316505157844483,6664.360000000001,6693.75,0.010958904109589041,78.3842026636544,33.068019144160644,-16.530032275843435,6.29220865890446,1.007910234897706,1.0-2.0%,1.00-1.02,2025-09-19→2025-09-22
2025-09-19,2025-09-22,C,6720.0,0.0136986301369863,96.15916888320925,0.9461359991912159,3.8999493080698358,0.14266958855344303,6664.360000000001,6693.75,0.010958904109589041,57.58059333496888,8.425151636045257,-13.606937016229283,10.006940792414394,1.0086607265096925,1.0-2.0%,1.00-1.02,2025-09-19→2025-09-22
2025-09-19,2025-09-22,P,6720.0,0.0136986301369863,153.87736820537114,-0.05386400080836212,61.70030375565511,-0.8550296484593012,6664.360000000001,6693.75,0.010958904109589041,81.65140537777202,36.46504687098786,-17.91693701624227,5.629321368218363,1.0086607265096925,1.0-2.0%,1.00-1.02,2025-09-19→2025-09-22
2025-09-19,2025-09-22,C,6725.0,0.0136986301369863,100.25126795849812,0.9219805181262197,3.1999567105751794,0.12185191485352745,6664.360000000001,6693.75,0.010958904109589041,56.946010529503745,7.045398589579008,-14.197007427729059,9.318772222454902,1.0094112181216788,1.0-2.0%,1.00-1.02,2025-09-19→2025-09-22
2025-09-19,2025-09-22,P,6725.0,0.0136986301369863,162.97101355992638,-0.07801948187326874,65.95031184497475,-0.8767445611367187,6664.360000000001,6693.75,0.010958904109589041,86.0152011526961,40.02111965755921,-18.507007427744682,4.9675226518076485,1.0094112181216788,1.0-2.0%,1.00-1.02,2025-09-19→2025-09-22
2025-09-19,2025-09-22,C,6730.0,0.0136986301369863,102.89984376854395,0.9378175616595855,2.5749635887359545,0.10245787254723855,6664.360000000001,6693.75,0.010958904109589041,56.27890361345981,5.796884932362445,-15.937458137174673,8.61376312583672,1.0101617097336653,1.0-2.0%,1.00-1.02,2025-09-19→2025-09-22
2025-09-19,2025-09-22,P,6730.0,0.0136986301369863,170.62113564921177,-0.0621824383400768,70.30031823170157,-0.896632858063488,6664.360000000001,6693.75,0.010958904109589041,90.34647281704073,43.739131211322274,-20.222458137185175,4.302039698485395,1.0101617097336653,1.0-2.0%,1.00-1.02,2025-09-19→2025-09-22
2025-09-19,2025-09-22,C,6735.0,0.0136986301369863,98.51515925874952,0.9452349257996358,2.049969673110013,0.08520491201612587,6664.360000000001,6693.75,0.010958904109589041,55.11512593051664,4.717492985507988,-17.330454469250746,7.9458276358461095,1.0109122013456515,1.0-2.0%,1.00-1.02,2025-09-19→2025-09-22
2025-09-19,2025-09-22,P,6735.0,0.0136986301369863,171.23799741870056,-0.05476507419969174,75.95031504042981,-0.8867901663401346,6664.360000000001,6693.75,0.010958904109589041,94.18107371448589,49.34751917495396,-22.840454469271094,1.612762988736037,1.0109122013456515,1.0-2.0%,1.00-1.02,2025-09-19→2025-09-22
2025-09-19,2025-09-22,C,6610.0,0.01643835616438356,129.85823425996858,0.9631414565688802,67.4190136653524,0.7304168899362062,6664.360000000001,6693.75,0.038356164383561646,164.1493910184208,102.74305061897485,24.293272591441166,31.133047604775317,0.9920566389031436,1.0-2.0%,0.98-1.00,2025-09-19→2025-09-22
2025-09-19,2025-09-22,P,6610.0,0.01643835616438356,76.92081630046624,-0.036858543431725704,14.542977330991334,-0.2697112797550972,6664.360000000001,6693.75,0.038356164383561646,72.55973251302296,22.429994450625372,17.533272591458395,24.37681451200215,0.9920566389031436,1.0-2.0%,0.98-1.00,2025-09-19→2025-09-22
2025-09-19,2025-09-22,C,6615.0,0.01643835616438356,124.19899446331785,0.9689170499494035,63.418578082946624,0.7136872777204847,6664.360000000001,6693.75,0.038356164383561646,162.01136075766243,98.5232249419787,24.3235279019876,31.824730907795374,0.9928070599613154,1.0-2.0%,0.98-1.00,2025-09-19→2025-09-22
2025-09-19,2025-09-22,P,6615.0,0.01643835616438356,76.26265258707691,-0.031082950050947473,15.492550685687092,-0.28609755194016706,6664.360000000001,6693.75,0.038356164383561646,75.41577210210748,23.133434610418362,17.51352790199733,25.008407051521345,0.9928070599613154,1.0-2.0%,0.98-1.00,2025-09-19→2025-09-22
2025-09-19,2025-09-22,C,6620.0,0.01643835616438356,122.39305662534422,0.9407843599472305,59.468121421356045,0.6961372458266304,6664.360000000001,6693.75,0.010958904109589041,99.62479780867888,78.01528191585749,1.7503476611514337,8.940526345155728,0.9935574810194872,1.0-2.0%,0.98-1.00,2025-09-19→2025-09-22
2025-09-19,2025-09-22,P,6620.0,0.01643835616438356,79.45779083233857,-0.05921564005313756,16.542094024095604,-0.30364758383401674,6664.360000000001,6693.75,0.010958904109589041,23.72803824369957,5.225513992835545,-4.209652338838323,2.9742024888815735,0.9935574810194872,1.0-2.0%,0.98-1.00,2025-09-19→2025-09-22
2025-09-19,2025-09-22,C,6625.0,0.01643835616438356,125.24929508056748,0.9569909945951974,55.61763480320951,0.6774591505970657,6664.360000000001,6693.75,0.010958904109589041,96.65289357068976,73.54947768706643,-1.425965331152284,6.789475563952642,0.9943079020776591,1.0-2.0%,0.98-1.00,2025-09-19→2025-09-22
2025-09-19,2025-09-22,P,6625.0,0.01643835616438356,87.31510537078097,-0.043009005405358305,17.641614390457562,-0.32205723418814325,6664.360000000001,6693.75,0.010958904109589041,25.754512586101466,5.732025569482403,-5.085965331136542,3.1152621127893454,0.9943079020776591,1.0-2.0%,0.98-1.00,2025-09-19→2025-09-22
2025-09-19,2025-09-22,C,6630.0,0.01643835616438356,120.41656700225712,0.9637315158190585,51.81712631731534,0.6579276265498373,6664.360000000001,6693.75,0.010958904109589041,93.54557092176654,69.12109842053269,-2.0740692499215676,6.913507055700666,0.9950583231358309,1.0-2.0%,0.98-1.00,2025-09-19→2025-09-22
2025-09-19,2025-09-22,P,6630.0,0.01643835616438356,87.48345337570713,-0.03626848418151436,18.891098920055356,-0.34185720311080986,6664.360000000001,6693.75,0.010958904109589041,27.645568517566836,6.331330497510862,-5.734069249905313,3.2471831994265035,0.9950583231358309,1.0-2.0%,0.98-1.00,2025-09-19→2025-09-22
2025-09-19,2025-09-22,C,6635.0,0.01643835616438356,114.25454742313775,0.9440342403994397,48.116589101100544,0.6372753197579851,6664.360000000001,6693.75,0.010958904109589041,90.36853135602175,64.76031216575939,-1.945166325338981,7.0704783523131916,0.9958087441940027,1.0-2.0%,0.98-1.00,2025-09-19→2025-09-22
2025-09-19,2025-09-22,P,6635.0,0.01643835616438356,86.32250987983943,-0.055965759601001884,20.190561703842377,-0.36250950990266595,6664.360000000001,6693.75,0.010958904109589041,29.466907532211064,6.9705442427377875,-5.6551663253265865,3.3541544960391416,0.9958087441940027,1.0-2.0%,0.98-1.00,2025-09-19→2025-09-22
2025-09-19,2025-09-22,C,6640.0,0.01643835616438356,120.58228646328274,0.9488486022656614,44.5160223792609,0.6155260920277441,6664.360000000001,6693.75,0.010958904109589041,87.91772461293992,60.47049161029918,-2.636660420587237,7.159688155304959,0.9965591652521745,1.0-2.0%,0.98-1.00,2025-09-19→2025-09-22
2025-09-19,2025-09-22,P,6640.0,0.01643835616438356,97.65132500323112,-0.051151397734641724,21.589994982000917,-0.384258737632907,6664.360000000001,6693.75,0.010958904109589041,32.01447936951735,7.68072368727826,-6.2966604205789105,3.4933642990309135,0.9965591652521745,1.0-2.0%,0.98-1.00,2025-09-19→2025-09-22
2025-09-19,2025-09-22,C,6645.0,0.01643835616438356,117.54540165246235,0.9576706934581626,41.06542435820893,0.5925568619937788,6664.360000000001,6693.75,0.010958904109589041,85.25704345313085,56.28677727509603,-3.4959416807348482,7.234753826003178,0.9973095863103463,1.0-2.0%,0.98-1.00,2025-09-19→2025-09-22
2025-09-19,2025-09-22,P,6645.0,0.01643835616438356,99.61551627563409,-0.04232930654232277,23.189393280276363,-0.40736945219622883,6664.360000000001,6693.75,0.010958904109589041,34.35217679009725,8.528850769499059,-7.155941680721157,3.57258820004693,0.9973095863103463,1.0-2.0%,0.98-1.00,2025-09-19→2025-09-22
2025-09-19,2025-09-22,C,6650.0,0.01643835616438356,111.88196562006736,0.9608980221410434,37.71480054234826,0.5685961824139327,6664.360000000001,6693.75,0.010958904109589041,82.31533658729543,52.18289960628863,-4.190792870724707,7.338958198854844,0.9980600073685181,1.0-2.0%,0.98-1.00,2025-09-19→2025-09-22
2025-09-19,2025-09-22,P,6650.0,0.01643835616438356,98.95315632648655,-0.03910197785931836,24.78877314508827,-0.43118864724671685,6664.360000000001,6693.75,0.010958904109589041,36.408848504652866,9.393131683267939,-7.800792870714657,3.722634342580756,0.9980600073685181,1.0-2.0%,0.98-1.00,2025-09-19→2025-09-22
2025-09-19,2025-09-22,C,6655.0,0.01643835616438356,113.57784512343862,0.9364355272140784,34.51414949797663,0.5435903155789684,6664.360000000001,6693.75,0.010958904109589041,80.09142925397391,48.19629997280026,-4.171840144821218,7.373880625134436,0.99881042842669,1.0-2.0%,0.98-1.00,2025-09-19→2025-09-22
2025-09-19,2025-09-22,P,6655.0,0.01643835616438356,105.6501119130869,-0.06356447278638243,26.588122100717555,-0.45619451408168316,6664.360000000001,6693.75,0.010958904109589041,39.183319751718514,10.406532049778889,-7.731840144808259,3.807556768860401,0.99881042842669,1.0-2.0%,0.98-1.00,2025-09-19→2025-09-22
2025-09-19,2025-09-22,C,6660.0,0.01643835616438356,115.31123861329924,0.951326280505398,31.463475391241445,0.517667302259893,6664.360000000001,6693.75,0.010958904109589041,77.90733757954415,44.33382981253817,-5.359479384053095,7.385757986582044,0.9995608494848618,1.0-2.0%,0.98-1.00,2025-09-19→2025-09-22
2025-09-19,2025-09-22,P,6660.0,0.01643835616438356,112.38458148619104,-0.04867371949496365,28.53744799398237,-0.4821175274007585,6664.360000000001,6693.75,0.010958904109589041,41.99760665767703,11.544061889517934,-9.019479384043045,3.719434130308013,0.9995608494848618,1.0-2.0%,0.98-1.00,2025-09-19→2025-09-22
2025-09-19,2025-09-22,C,6665.0,0.01643835616438356,110.57198580969803,0.9582379581474362,28.562779205695733,0.490959268180093,6664.360000000001,6693.75,0.010958904109589041,75.4916787368052,40.60239020493191,-6.362613589952591,7.370707108187354,1.0003112705430335,1.0-2.0%,1.00-1.02,2025-09-19→2025-09-22
2025-09-19,2025-09-22,P,6665.0,0.01643835616438356,112.64640476581705,-0.041762041853131274,30.636751808435747,-0.5088255614805585,6664.360000000001,6693.75,0.010958904109589041,44.58032639532812,12.812622281910535,-10.022613589936496,3.704383251913317,1.0003112705430335,1.0-2.0%,1.00-1.02,2025-09-19→2025-09-22
2025-09-19,2025-09-22,C,6670.0,0.01643835616438356,104.55243781431128,0.932200618610157,25.762065273790085,0.46353201956605233,6664.360000000001,6693.75,0.010958904109589041,73.15329780835869,36.97063671954675,-6.397376180951973,7.376793944953992,1.0010616916012054,1.0-2.0%,1.00-1.02,2025-09-19→2025-09-22
2025-09-19,2025-09-22,P,6670.0,0.01643835616438356,111.6279328536982,-0.06779938139004686,32.786036048798906,-0.536322889708304,6664.360000000001,6693.75,0.010958904109589041,47.24032404726857,14.142641017292135,-9.957376180946557,3.812529728526746,1.0010616916012054,1.0-2.0%,1.00-1.02,2025-09-19→2025-09-22
2025-09-19,2025-09-22,C,6675.0,0.01643835616438356,112.97153699117945,0.9430518261290151,23.21134162267208,0.435734235041897,6664.360000000001,6693.75,0.010958904109589041,71.51559522582599,33.5601013821979,-7.566293169931203,7.343770832118903,1.0018121126593773,1.0-2.0%,1.00-1.02,2025-09-19→2025-09-22
2025-09-19,2025-09-22,P,6675.0,0.01643835616438356,125.04810811377989,-0.056948173871446905,35.18530798646543,-0.5642900067768525,6664.360000000001,6693.75,0.010958904109589041,50.60100004512582,15.691022340960444,-11.17629316991821,3.734483299171366,1.0018121126593773,1.0-2.0%,1.00-1.02,2025-09-19→2025-09-22
2025-09-19,2025-09-22,C,6680.0,0.01643835616438356,110.03508005318528,0.9516246436133827,20.76060658624192,0.40749933122067356,6664.360000000001,6693.75,0.010958904109589041,69.6602496637503,30.2627819618815,-8.768248275796761,7.223594655424645,1.002562533717549,1.0-2.0%,1.00-1.02,2025-09-19→2025-09-22
2025-09-19,2025-09-22,P,6680.0,0.01643835616438356,127.11272725903491,-0.048375356386978964,37.78457471663887,-0.5924571731914049,6664.360000000001,6693.75,0.010958904109589041,53.744033063440014,17.431903595104814,-12.378248275786714,3.612316320095047,1.002562533717549,1.0-2.0%,1.00-1.02,2025-09-19→2025-09-22
2025-09-19,2025-09-22,C,6685.0,0.01643835616438356,104.60580733723141,0.9519696434789615,18.459865904892013,0.3790447949702108,6664.360000000001,6693.75,0.010958904109589041,67.3585066147079,27.12346907457004,-9.678387821846123,7.159873475825725,1.003312954775721,1.0-2.0%,1.00-1.02,2025-09-19→2025-09-22
2025-09-19,2025-09-22,P,6685.0,0.01643835616438356,126.68453062631508,-0.048030356521474776,40.48383261015442,-0.6209665419796252,6664.360000000001,6693.75,0.010958904109589041,56.44066859478682,19.29111140302257,-13.338387821833884,3.500206668780823,1.003312954775721,1.0-2.0%,1.00-1.02,2025-09-19→2025-09-22
2025-09-19,2025-09-22,C,6690.0,0.01643835616438356,108.12088295016302,0.9305078242957644,16.359130761303277,0.35080727780735055,6664.360000000001,6693.75,0.010958904109589041,66.06111110132565,24.1926082582645,-10.047624956051976,6.989774105242169,1.0040633758338926,1.0-2.0%,1.00-1.02,2025-09-19→2025-09-22
2025-09-19,2025-09-22,P,6690.0,0.01643835616438356,135.20068232248423,-0.06949217570462934,43.38309599125387,-0.6492606464758865,6664.360000000001,6693.75,0.010958904109589041,60.1416516617947,21.358762249675692,-13.65762495604099,3.381770399925923,1.0040633758338926,1.0-2.0%,1.00-1.02,2025-09-19→2025-09-22
2025-09-19,2025-09-22,C,6695.0,0.01643835616438356,109.80753445627161,0.9450441702742501,14.408401211746877,0.32278440489135707,6664.360000000001,6693.75,0.010958904109589041,64.68889500503677,21.43527881479713,-11.52484816435966,6.763366340243204,1.0048137968920645,1.0-2.0%,1.00-1.02,2025-09-19→2025-09-22
2025-09-19,2025-09-22,P,6695.0,0.01643835616438356,141.88840991181016,-0.05495582972638343,46.38235594903108,-0.6776861202630429,6664.360000000001,6693.75,0.010958904109589041,63.767814145891315,23.554353112278022,-15.08484816434163,3.21719507453043,1.0048137968920645,1.0-2.0%,1.00-1.02,2025-09-19→2025-09-22
2025-09-19,2025-09-22,C,6700.0,0.01643835616438356,105.32470850771249,0.9520572568060895,12.60768208005993,0.29515608266823495,6664.360000000001,6693.75,0.010958904109589041,62.945335288891116,18.85741207794581,-12.730962777530417,6.575362730380748,1.0055642179502362,1.0-2.0%,1.00-1.02,2025-09-19→2025-09-22
2025-09-19,2025-09-22,P,6700.0,0.01643835616438356,142.40666004650365,-0.04794274319440225,49.5816336084481,-0.7054380729890027,6664.360000000001,6693.75,0.010958904109589041,67.02263301013647,25.973508286190736,-16.290962777516548,3.0328249651463786,1.0055642179502362,1.0-2.0%,1.00-1.02,2025-09-19→2025-09-22
2025-09-19,2025-09-22,C,6705.0,0.01643835616438356,99.55377806855968,0.9241446209290164,11.00699034136369,0.26858168055854936,6664.360000000001,6693.75,0.010958904109589041,61.35254141617411,16.51314505455275,-13.010610409103254,6.256384408384389,1.0063146390084081,1.0-2.0%,1.00-1.02,2025-09-19→2025-09-22
2025-09-19,2025-09-22,P,6705.0,0.01643835616438356,141.63680569059576,-0.07585537907136018,53.13097502270466,-0.7307392130117413,6664.360000000001,6693.75,0.010958904109589041,70.42821771780815,28.77182567965383,-16.670610409092767,2.5764254704146516,1.0063146390084081,1.0-2.0%,1.00-1.02,2025-09-19→2025-09-22
2025-09-19,2025-09-22,C,6710.0,0.01643835616438356,108.9719462554445,0.9364361149396053,9.50630896172106,0.24240581570213504,6664.360000000001,6693.75,0.010958904109589041,60.41729615668658,14.312284923986681,-14.371857418074455,6.025693076514391,1.00706506006658,1.0-2.0%,1.00-1.02,2025-09-19→2025-09-22
2025-09-19,2025-09-22,P,6710.0,0.01643835616438356,156.05604996070022,-0.06356388506095258,56.78033636589862,-0.7552742525948961,6664.360000000001,6693.75,0.010958904109589041,74.49135103871032,31.721703189525215,-18.181857418058637,2.147510283763559,1.00706506006658,1.0-2.0%,1.00-1.02,2025-09-19→2025-09-22
2025-09-19,2025-09-22,C,6715.0,0.01643835616438356,106.3120606039761,0.9451008197704837,8.205670026143252,0.217859418203557,6664.360000000001,6693.75,0.010958904109589041,59.311769201240395,12.358089793367071,-15.676513093053963,5.697111698997588,1.0078154811247517,1.0-2.0%,1.00-1.02,2025-09-19→2025-09-22
2025-09-19,2025-09-22,P,6715.0,0.01643835616438356,158.39724039248722,-0.054899180229853475,60.42968887848929,-0.7801490077093942,6664.360000000001,6693.75,0.010958904109589041,78.3842026636544,34.721672092688095,-19.436513093044635,1.878579336578646,1.0078154811247517,1.0-2.0%,1.00-1.02,2025-09-19→2025-09-22
2025-09-19,2025-09-22,C,6720.0,0.01643835616438356,101.12069450395367,0.9462964101804041,7.005050890499888,0.19407117281618153,6664.360000000001,6693.75,0.010958904109589041,57.58059333496888,10.553992029249457,-16.711651495201526,5.39624823093254,1.0085659021829236,1.0-2.0%,1.00-1.02,2025-09-19→2025-09-22
2025-09-19,2025-09-22,P,6720.0,0.01643835616438356,158.20695037568234,-0.05370358982031258,64.2790920877469,-0.8030773974289689,6664.360000000001,6693.75,0.010958904109589041,81.65140537777202,37.973603991108575,-20.521651495181054,1.5024447104369187,1.0085659021829236,1.0-2.0%,1.00-1.02,2025-09-19→2025-09-22
2025-09-19,2025-09-22,C,6725.0,0.01643835616438356,104.70325317529513,0.9230136663641824,5.954472146859416,0.17185303744816577,6664.360000000001,6693.75,0.010958904109589041,56.946010529503745,8.953953391880304,-16.97737165444278,5.09923922939851,1.0093163232410953,1.0-2.0%,1.00-1.02,2025-09-19→2025-09-22
2025-09-19,2025-09-22,P,6725.0,0.01643835616438356,166.7905851302851,-0.0769863336361719,68.22852086558942,-0.8250200316974559,6664.360000000001,6693.75,0.010958904109589041,86.0152011526961,41.378126306750346,-20.837371654432953,1.1473387315877446,1.0093163232410953,1.0-2.0%,1.00-1.02,2025-09-19→2025-09-22
2025-09-19,2025-09-22,C,6730.0,0.01643835616438356,107.10629172119543,0.9382027267932898,5.05394331643754,0.15151595970828477,6664.360000000001,6693.75,0.010958904109589041,56.27890361345981,7.561419845549381,-18.423778140454242,4.6969459441735975,1.0100667442992672,1.0-2.0%,1.00-1.02,2025-09-19→2025-09-22
2025-09-19,2025-09-22,P,6730.0,0.01643835616438356,174.19469975941615,-0.06179727320712629,72.32799864220578,-0.8450868056270772,6664.360000000001,6693.75,0.010958904109589041,90.34647281704073,44.989488318908116,-22.28377814044259,0.7371012173793119,1.0100667442992672,1.0-2.0%,1.00-1.02,2025-09-19→2025-09-22
2025-09-19,2025-09-22,C,6735.0,0.01643835616438356,102.88531104218306,0.945337245727444,4.253448812326269,0.13252203366195806,6664.360000000001,6693.75,0.010958904109589041,55.11512593051664,6.323397525733526,-19.53346165192903,4.3551774306751305,1.010817165357439,1.0-2.0%,1.00-1.02,2025-09-19→2025-09-22
2025-09-19,2025-09-22,P,6735.0,0.01643835616438356,174.97479516364876,-0.05466275427291664,76.52751150428594,-0.8638020704077866,6664.360000000001,6693.75,0.010958904109589041,94.18107371448589,48.75491339947439,-23.44346165191901,0.3371428492843478,1.010817165357439,1.0-2.0%,1.00-1.02,2025-09-19→2025-09-22
2025-09-19,2025-09-22,C,6610.0,0.019178082191780823,137.18911862122445,0.9630900894143469,72.98941862072843,0.7114785179312915,6664.360000000001,6693.75,0.038356164383561646,164.1493910184208,108.43998570000622,18.694782272112903,26.089646357999758,0.9917799109564738,1.0-2.0%,0.98-1.00,2025-09-19→2025-09-22
2025-09-19,2025-09-22,P,6610.0,0.019178082191780823,82.40748600306671,-0.036909910586115036,18.20429141916179,-0.28858527322067457,6664.360000000001,6693.75,0.038356164383561646,72.55973251302296,23.835954414009393,13.8847822721259,21.281521179955458,0.9917799109564738,1.0-2.0%,0.98-1.00,2025-09-19→2025-09-22
2025-09-19,2025-09-22,C,6615.0,0.019178082191780823,131.58069889432957,0.9685692739477171,69.08964793310952,0.6960844724338662,6664.360000000001,6693.75,0.038356164383561646,162.01136075766243,104.29588933734794,18.633749038677166,26.642077355169086,0.9925301226894212,1.0-2.0%,0.98-1.00,2025-09-19→2025-09-22
2025-09-19,2025-09-22,P,6615.0,0.019178082191780823,81.79874734075095,-0.03143072605283545,19.204513095790844,-0.3034736540976054,6664.360000000001,6693.75,0.038356164383561646,75.41577210210748,24.554982213642006,13.823749038692817,21.819090693928448,0.9925301226894212,1.0-2.0%,0.98-1.00,2025-09-19→2025-09-22
2025-09-19,2025-09-22,C,6620.0,0.019178082191780823,129.63575341650318,0.9418370771767587,65.08987542249724,0.6807559206980136,6664.360000000001,6693.75,0.019178082191780823,112.80007201637727,86.59963707937095,-1.8305916982243815,5.8425834906857865,0.9932803344223686,1.0-2.0%,0.98-1.00,2025-09-19→2025-09-22
2025-09-19,2025-09-22,P,6620.0,0.019178082191780823,84.8534829275293,-0.05816292282353687,20.404755173306967,-0.31977488293261697,6664.360000000001,6693.75,0.019178082191780823,36.23438892519507,12.505971885128474,-4.390591698216284,3.2981838093894282,0.9932803344223686,1.0-2.0%,0.98-1.00,2025-09-19→2025-09-22
2025-09-19,2025-09-22,C,6625.0,0.019178082191780823,132.18143204024574,0.9572120537027647,61.29012450486243,0.6640110200018332,6664.360000000001,6693.75,0.019178082191780823,109.92408203754093,82.36563130494778,-2.6324622583236845,5.984716122146523,0.994030546155316,1.0-2.0%,0.98-1.00,2025-09-19→2025-09-22
2025-09-19,2025-09-22,P,6625.0,0.019178082191780823,92.39884261583636,-0.04278794629773986,21.605003628774284,-0.336478023066049,6664.360000000001,6693.75,0.019178082191780823,38.356272297498464,13.272888930692716,-5.192462258309451,3.4390890979109834,0.994030546155316,1.0-2.0%,0.98-1.00,2025-09-19→2025-09-22
2025-09-19,2025-09-22,C,6630.0,0.019178082191780823,127.33734364864921,0.9636155456134208,57.59038651827905,0.6463921785301625,6664.360000000001,6693.75,0.019178082191780823,106.94846744617061,78.20526877324846,-3.220660885577889,6.102533872998887,0.9947807578882635,1.0-2.0%,0.98-1.00,2025-09-19→2025-09-22
2025-09-19,2025-09-22,P,6630.0,0.019178082191780823,92.55443528884435,-0.03638445438688118,22.855262151103034,-0.3538621642300066,6664.360000000001,6693.75,0.019178082191780823,40.378531057266386,14.07089061991519,-5.730660885569584,3.600009006719688,0.9947807578882635,1.0-2.0%,0.98-1.00,2025-09-19→2025-09-22
2025-09-19,2025-09-22,C,6635.0,0.019178082191780823,121.19271194758146,0.9448745432941258,53.990661083127634,0.6279368172864261,6664.360000000001,6693.75,0.019178082191780823,103.82781601570467,74.1192323285286,-3.069862827413818,6.244936939952289,0.9955309696212108,1.0-2.0%,0.98-1.00,2025-09-19→2025-09-22
2025-09-19,2025-09-22,P,6635.0,0.019178082191780823,91.40948465235466,-0.05512545670630839,24.25553635919914,-0.3722937363148494,6664.360000000001,6693.75,0.019178082191780823,42.25575297793837,14.985400369458603,-5.579862827401631,3.741712910293204,0.9955309696212108,1.0-2.0%,0.98-1.00,2025-09-19→2025-09-22
2025-09-19,2025-09-22,C,6640.0,0.019178082191780823,126.96864883519576,0.9494138606258891,50.49094731272044,0.6086822525645018,6664.360000000001,6693.75,0.019178082191780823,101.34142456997272,70.10820718089508,-3.703273363794338,6.310828597129635,0.9962811813541582,1.0-2.0%,0.98-1.00,2025-09-19→2025-09-22
2025-09-19,2025-09-22,P,6640.0,0.019178082191780823,102.18510260455551,-0.05058613937447269,25.70582011115539,-0.3913815385874735,6664.360000000001,6693.75,0.019178082191780823,44.76723488334635,15.931205157374734,-6.163273363784276,3.8527034190856195,0.9962811813541582,1.0-2.0%,0.98-1.00,2025-09-19→2025-09-22
2025-09-19,2025-09-22,C,6645.0,0.019178082191780823,123.77923010875391,0.9578156230560892,47.09124499091058,0.5886650071892604,6664.360000000001,6693.75,0.019178082191780823,98.669999490996,66.17286289960248,-4.450201161617894,6.39913543870799,0.9970313930871056,1.0-2.0%,0.98-1.00,2025-09-19→2025-09-22
2025-09-19,2025-09-22,P,6645.0,0.019178082191780823,103.99536494270566,-0.04218437694420843,27.306117789343716,-0.4113987839627125,6664.360000000001,6693.75,0.019178082191780823,47.09368315550857,16.99586087607986,-6.910201161609741,3.9410102606638784,0.9970313930871056,1.0-2.0%,0.98-1.00,2025-09-19→2025-09-22
2025-09-19,2025-09-22,C,6650.0,0.019178082191780823,118.06783542568004,0.9608973192014302,43.79155349353459,0.56792020914647,6664.360000000001,6693.75,0.019178082191780823,95.6930088836372,62.31383434510553,-5.140772211329466,6.408825053185584,0.9977816048200531,1.0-2.0%,0.98-1.00,2025-09-19→2025-09-22
2025-09-19,2025-09-22,P,6650.0,0.019178082191780823,103.28365132421969,-0.03910268079883978,29.006426291969092,-0.4321435820055033,6664.360000000001,6693.75,0.019178082191780823,49.11456589929264,18.136832321584734,-7.50077221132212,4.0506998751414915,0.9977816048200531,1.0-2.0%,0.98-1.00,2025-09-19→2025-09-22
2025-09-19,2025-09-22,C,6655.0,0.019178082191780823,119.37641007011932,0.9374875595539418,40.59187227361281,0.5464810367612527,6664.360000000001,6693.75,0.019178082191780823,93.30854723645375,58.53170407435573,-5.002759375289806,6.488922329587098,0.9985318165530005,1.0-2.0%,0.98-1.00,2025-09-19→2025-09-22
2025-09-19,2025-09-22,P,6655.0,0.019178082191780823,109.59190703323506,-0.06251244044642412,30.75674420613086,-0.4535246189936524,6664.360000000001,6693.75,0.019178082191780823,51.72797760324729,19.308933759831234,-7.31275937527963,4.179088552223181,0.9985318165530005,1.0-2.0%,0.98-1.00,2025-09-19→2025-09-22
2025-09-19,2025-09-22,C,6660.0,0.019178082191780823,120.67662395111981,0.9517080278603257,37.5422014304213,0.5243509895283219,6664.360000000001,6693.75,0.019178082191780823,90.92460300482519,54.87353149588671,-6.020698938814416,6.539324417762927,0.9992820282859479,1.0-2.0%,0.98-1.00,2025-09-19→2025-09-22
2025-09-19,2025-09-22,P,6660.0,0.019178082191780823,115.89180197880667,-0.04829197214017455,32.75707422885489,-0.47571280162365176,6664.360000000001,6693.75,0.019178082191780823,54.341906722757486,20.696529472364546,-8.380698938800295,4.18119923971885,0.9992820282859479,1.0-2.0%,0.98-1.00,2025-09-19→2025-09-22
2025-09-19,2025-09-22,C,6665.0,0.019178082191780823,115.78378302164745,0.9583409471004217,34.54253911088563,0.5016444904379916,6664.360000000001,6693.75,0.019178082191780823,88.35379618793418,51.247461267369545,-6.7656404352808295,6.656668426027723,1.0000322400188952,1.0-2.0%,1.00-1.02,2025-09-19→2025-09-22
2025-09-19,2025-09-22,P,6665.0,0.019178082191780823,115.99864211393442,-0.041659052900001846,34.757411909320126,-0.49841930071398177,6664.360000000001,6693.75,0.019178082191780823,56.76897325700533,22.070459243847836,-9.175640435268969,4.248543247983635,1.0000322400188952,1.0-2.0%,1.00-1.02,2025-09-19→2025-09-22
2025-09-19,2025-09-22,C,6670.0,0.019178082191780823,109.65363434989929,0.9333137322871646,31.742884703578056,0.4784060896461912,6664.360000000001,6693.75,0.019178082191780823,85.7781967352584,47.79609703077813,-6.730090591919222,6.639645025298723,1.0007824517518427,1.0-2.0%,1.00-1.02,2025-09-19→2025-09-22
2025-09-19,2025-09-22,P,6670.0,0.019178082191780823,114.86817450678436,-0.06668626771310111,36.907758083013505,-0.5216968191444821,6664.360000000001,6693.75,0.019178082191780823,59.19124715547097,23.570834915080468,-9.040090591912005,4.332669514656017,1.0007824517518427,1.0-2.0%,1.00-1.02,2025-09-19→2025-09-22
2025-09-19,2025-09-22,C,6675.0,0.019178082191780823,117.37346529837828,0.9436870166106509,29.043236838709618,0.4547203549779456,6664.360000000001,6693.75,0.019178082191780823,83.74821342226804,44.42687284153044,-7.734961418186483,6.63576876719844,1.00153266348479,1.0-2.0%,1.00-1.02,2025-09-19→2025-09-22
2025-09-19,2025-09-22,P,6675.0,0.019178082191780823,127.58768651984637,-0.05631298338958814,39.258109637144116,-0.5453434361740275,6664.360000000001,6693.75,0.019178082191780823,62.15913719361852,25.24987081800873,-10.094961418180038,4.277643589154351,1.00153266348479,1.0-2.0%,1.00-1.02,2025-09-19→2025-09-22
2025-09-19,2025-09-22,C,6680.0,0.019178082191780823,114.16160046794015,0.9519554307262285,26.54359214228134,0.43083687106439905,6664.360000000001,6693.75,0.019178082191780823,81.57910901734522,41.24063364523545,-8.777970109043302,6.537704359417562,1.0022828752177375,1.0-2.0%,1.00-1.02,2025-09-19→2025-09-22
2025-09-19,2025-09-22,P,6680.0,0.019178082191780823,129.37550275398172,-0.04804456927418976,41.65846825321751,-0.5694497584058749,6664.360000000001,6693.75,0.019178082191780823,64.98790613983778,26.96319210165848,-11.03797010903159,4.286128399548332,1.0022828752177375,1.0-2.0%,1.00-1.02,2025-09-19→2025-09-22
2025-09-19,2025-09-22,C,6685.0,0.019178082191780823,108.5527438224242,0.9522917303391258,24.043955397785794,0.40641117698904966,6664.360000000001,6693.75,0.019178082191780823,78.96143809818604,38.03892921789293,-9.437853954666352,6.605575508292068,1.003033086950685,1.0-2.0%,1.00-1.02,2025-09-19→2025-09-22
2025-09-19,2025-09-22,P,6685.0,0.019178082191780823,128.7663271730546,-0.047708269661307305,44.25882819621984,-0.5936526141629227,6664.360000000001,6693.75,0.019178082191780823,67.36810857181658,28.861927194371674,-11.797853954654205,4.247450330247954,1.003033086950685,1.0-2.0%,1.00-1.02,2025-09-19→2025-09-22
2025-09-19,2025-09-22,C,6690.0,0.019178082191780823,111.61600194863996,0.9314466117552298,21.844312944988815,0.38237234295592154,6664.360000000001,6693.75,0.019178082191780823,77.15653840992479,35.13009500311955,-9.675215919485666,6.462076840525684,1.0037832986836324,1.0-2.0%,1.00-1.02,2025-09-19→2025-09-22
2025-09-19,2025-09-22,P,6690.0,0.019178082191780823,136.82926636384866,-0.0685533882452023,47.00918856169392,-0.6178809161898603,6664.360000000001,6693.75,0.019178082191780823,70.56108223469691,30.900655091670615,-12.035215919473542,4.109520126819639,1.0037832986836324,1.0-2.0%,1.00-1.02,2025-09-19→2025-09-22
2025-09-19,2025-09-22,C,6695.0,0.019178082191780823,112.8964521275683,0.9455352164875998,19.69467415509098,0.35808177031776167,6664.360000000001,6693.75,0.019178082191780823,75.28905657324333,32.26047866942827,-10.889280012570005,6.375976770361195,1.0045335104165798,1.0-2.0%,1.00-1.02,2025-09-19→2025-09-22
2025-09-19,2025-09-22,P,6695.0,0.019178082191780823,143.1093976073682,-0.05446478351277584,49.85955038665452,-0.6422129168472012,6664.360000000001,6693.75,0.019178082191780823,73.6914737491519,33.02982132069337,-13.24928001255955,4.024637626138865,1.0045335104165798,1.0-2.0%,1.00-1.02,2025-09-19→2025-09-22
2025-09-19,2025-09-22,C,6700.0,0.019178082191780823,108.20478774286109,0.9523679241114245,17.695032363259543,0.33399542659491255,6664.360000000001,6693.75,0.019178082191780823,73.10557506331247,29.536921959197116,-11.94009328963421,6.233874412375716,1.0052837221495272,1.0-2.0%,1.00-1.02,2025-09-19→2025-09-22
2025-09-19,2025-09-22,P,6700.0,0.019178082191780823,143.41741428724333,-0.047632075888994874,52.859909229695404,-0.6663419792296503,6664.360000000001,6693.75,0.019178082191780823,76.5058655903628,35.30497424898431,-14.250093289622466,3.9337907695590353,1.0052837221495272,1.0-2.0%,1.00-1.02,2025-09-19→2025-09-22
2025-09-19,2025-09-22,C,6705.0,0.019178082191780823,102.26239425276641,0.9251205850904783,15.795388998250473,0.30996148420913244,6664.360000000001,6693.75,0.019178082191780823,71.0013370657626,26.907775969844806,-11.939293995808619,6.1402319790937785,1.0060339338824746,1.0-2.0%,1.00-1.02,2025-09-19→2025-09-22
2025-09-19,2025-09-22,P,6705.0,0.019178082191780823,142.47470186174286,-0.0748794149098269,56.01026179668406,-0.6901023069428417,6664.360000000001,6693.75,0.019178082191780823,79.39950094395111,37.73077394632264,-14.29929399580023,3.7821068010497143,1.0060339338824746,1.0-2.0%,1.00-1.02,2025-09-19→2025-09-22
2025-09-19,2025-09-22,C,6710.0,0.019178082191780823,111.20721398724663,0.9370720747138868,14.095735084460557,0.28674578077703317,6664.360000000001,6693.75,0.019178082191780823,69.41905182659413,24.48935780709826,-13.140548275840585,5.972541502963162,1.006784145615422,1.0-2.0%,1.00-1.02,2025-09-19→2025-09-22
2025-09-19,2025-09-22,P,6710.0,0.019178082191780823,156.41920266079316,-0.06292792528655493,60.310503769866955,-0.7063165501408131,6664.360000000001,6693.75,0.019178082191780823,82.81508905592342,41.46163824019504,-16.550548275828177,2.3586434086380947,1.006784145615422,1.0-2.0%,1.00-1.02,2025-09-19→2025-09-22
2025-09-19,2025-09-22,C,6715.0,0.019178082191780823,108.3425877797487,0.9455502615684117,12.496075610348498,0.2638524778527707,6664.360000000001,6693.75,0.019178082191780823,67.76791359461448,22.173117118902155,-14.189722187495068,5.845375675907223,1.0075343573483693,1.0-2.0%,1.00-1.02,2025-09-19→2025-09-22
2025-09-19,2025-09-22,P,6715.0,0.019178082191780823,158.55425751788547,-0.054449738431963844,62.810936257407775,-0.7353947527961251,6664.360000000001,6693.75,0.019178082191780823,86.16182417508232,43.11462354084415,-16.749722187484608,3.2632517846776956,1.0075343573483693,1.0-2.0%,1.00-1.02,2025-09-19→2025-09-22
2025-09-19,2025-09-22,C,6720.0,0.019178082191780823,103.00922951918557,0.9467226463020156,10.996410419680615,0.24133748386344356,6664.360000000001,6693.75,0.019178082191780823,65.51326522458884,19.960516488310077,-15.02417857481569,5.707091349253535,1.0082845690813167,1.0-2.0%,1.00-1.02,2025-09-19→2025-09-22
2025-09-19,2025-09-22,P,6720.0,0.019178082191780823,158.22058032190546,-0.05327735369849213,66.31126961184509,-0.7578113171789234,6664.360000000001,6693.75,0.019178082191780823,88.90504915619661,45.90531897389155,-17.58417857480136,3.1220746118881024,1.0082845690813167,1.0-2.0%,1.00-1.02,2025-09-19→2025-09-22
2025-09-19,2025-09-22,C,6725.0,0.019178082191780823,106.34692257953947,0.9238228692059053,9.69672359899505,0.22028034327190124,6664.360000000001,6693.75,0.019178082191780823,64.20526432101433,17.978528809177988,-15.251154125961015,5.425960711238953,1.0090347808142641,1.0-2.0%,1.00-1.02,2025-09-19→2025-09-22
2025-09-19,2025-09-22,P,6725.0,0.019178082191780823,166.557954446847,-0.07617713079456946,70.06157426657774,-0.7782711222318011,6664.360000000001,6693.75,0.019178082191780823,92.59492160376139,48.98914282737769,-17.811154125947645,2.823388282392184,1.0090347808142641,1.0-2.0%,1.00-1.02,2025-09-19→2025-09-22
2025-09-19,2025-09-22,C,6730.0,0.019178082191780823,108.5507450148628,0.9387356677252946,8.497026135217993,0.19993914742844596,6664.360000000001,6693.75,0.019178082191780823,62.901646746445365,16.11104522801088,-16.53944127444586,5.17378845707809,1.0097849925472115,1.0-2.0%,1.00-1.02,2025-09-19→2025-09-22
2025-09-19,2025-09-22,P,6730.0,0.019178082191780823,173.76145794675415,-0.06126433227512577,73.86187424195941,-0.7984644550643789,6664.360000000001,6693.75,0.019178082191780823,96.28917738032979,52.1269571453613,-19.09944127443408,2.5668703343416404,1.0097849925472115,1.0-2.0%,1.00-1.02,2025-09-19→2025-09-22
2025-09-19,2025-09-22,C,6735.0,0.019178082191780823,104.23750729022436,0.945758688030148,7.397316667568475,0.1804043414818007,6664.360000000001,6693.75,0.019178082191780823,61.1693831864125,14.361005316888622,-17.5458478412055,4.94791640384998,1.010535204280159,1.0-2.0%,1.00-1.02,2025-09-19→2025-09-22
2025-09-19,2025-09-22,P,6735.0,0.019178082191780823,174.44790128668694,-0.054241311970448354,77.76216249873414,-0.8178459595581737,6664.360000000001,6693.75,0.019178082191780823,99.55478717143785,55.38256080569863,-20.105847841188556,2.336492751414248,1.010535204280159,1.0-2.0%,1.00-1.02,2025-09-19→2025-09-22
2025-09-19,2025-09-22,C,6610.0,0.0273972602739726,146.27875413283184,0.962429246974531,77.69981374127565,0.6940704057589147,6664.360000000001,6693.75,0.038356164383561646,164.1493910184208,106.15346970066548,14.014204431419092,21.9012707747459,0.9916587051519437,2.0-3.0%,0.98-1.00,2025-09-19→2025-09-22
2025-09-19,2025-09-22,P,6610.0,0.0273972602739726,90.68936239910813,-0.0375707530268798,22.200081206911136,-0.3065524265266515,6664.360000000001,6693.75,0.038356164383561646,72.55973251302296,20.76910245383874,9.904204431459974,17.809575815618103,0.9916587051519437,2.0-3.0%,0.98-1.00,2025-09-19→2025-09-22
2025-09-19,2025-09-22,C,6615.0,0.0273972602739726,140.84863750268048,0.9676003924239427,73.84981824701663,0.6799097674528142,6664.360000000001,6693.75,0.038356164383561646,162.01136075766243,102.00458633512972,13.912224466660895,22.367451934562197,0.9924088252012265,2.0-3.0%,0.98-1.00,2025-09-19→2025-09-22
2025-09-19,2025-09-22,P,6615.0,0.0273972602739726,90.2583158205871,-0.032399607577692086,23.40008570586724,-0.32088437832757294,6664.360000000001,6693.75,0.038356164383561646,75.41577210210748,21.674816709264405,9.652224466708354,18.130791879047187,0.9924088252012265,2.0-3.0%,0.98-1.00,2025-09-19→2025-09-22
2025-09-19,2025-09-22,C,6620.0,0.0273972602739726,138.8852005143964,0.9422835917161658,70.0998222751723,0.6650268908979399,6664.360000000001,6693.75,0.024657534246575342,125.31018811925016,89.17448453882207,2.406285239462445,10.554859676509942,0.9931589452505094,2.0-3.0%,0.98-1.00,2025-09-19→2025-09-22
2025-09-19,2025-09-22,P,6620.0,0.0273972602739726,93.29394888394219,-0.05771640828538576,24.65008971507359,-0.33571771167124215,6664.360000000001,6693.75,0.024657534246575342,46.84792835908129,14.42386377768048,-1.2537147604925418,6.916743546017615,0.9931589452505094,2.0-3.0%,0.98-1.00,2025-09-19→2025-09-22
2025-09-19,2025-09-22,C,6625.0,0.0273972602739726,141.18161623602958,0.9568151975577895,66.39982639199934,0.6496310062340663,6664.360000000001,6693.75,0.024657534246575342,122.47827940471696,85.03797349257638,1.6792013437771196,10.707344726781166,0.9939090652997923,2.0-3.0%,0.98-1.00,2025-09-19→2025-09-22
2025-09-19,2025-09-22,P,6625.0,0.0273972602739726,100.58943465721754,-0.04318480244363086,25.950093817919424,-0.3510623040504168,6664.360000000001,6693.75,0.024657534246575342,49.012460535968266,15.288807740909306,-2.0807986561817122,6.967721116041547,0.9939090652997923,2.0-3.0%,0.98-1.00,2025-09-19→2025-09-22
2025-09-19,2025-09-22,C,6630.0,0.0273972602739726,136.4443284352246,0.9628582873178667,62.7998309452023,0.6335572103673406,6664.360000000001,6693.75,0.024657534246575342,119.65118876412654,80.98031899865236,1.3015949357284669,10.979753587304238,0.9946591853490752,2.0-3.0%,0.98-1.00,2025-09-19→2025-09-22
2025-09-19,2025-09-22,P,6630.0,0.0273972602739726,100.851216908058,-0.03714171268354412,27.35009833885215,-0.3670817214980971,6664.360000000001,6693.75,0.024657534246575342,51.181810786798735,16.23269292436771,-2.4584050642306607,7.238531794828859,0.9946591853490752,2.0-3.0%,0.98-1.00,2025-09-19→2025-09-22
2025-09-19,2025-09-22,C,6635.0,0.0273972602739726,130.4878526156337,0.9451227527247664,59.249835133474335,0.616977807067841,6664.360000000001,6693.75,0.024657534246575342,116.61523809110413,76.96144331714913,1.222842297419664,10.867022250276513,0.995409305398358,2.0-3.0%,0.98-1.00,2025-09-19→2025-09-22
2025-09-19,2025-09-22,P,6635.0,0.0273972602739726,99.89381114013192,-0.05487724727640987,28.800102528774005,-0.3836048558708173,6664.360000000001,6693.75,0.024657534246575342,53.14230100519493,17.21539479020248,-2.2371577025463436,7.424146714043099,0.995409305398358,2.0-3.0%,0.98-1.00,2025-09-19→2025-09-22
2025-09-19,2025-09-22,C,6640.0,0.0273972602739726,135.77119038957812,0.9493849722471454,55.84983974997158,0.5996483243381967,6664.360000000001,6693.75,0.024657534246575342,114.12784624760297,73.06530263000332,0.6975756656569523,10.976335747700748,0.9961594254476409,2.0-3.0%,0.98-1.00,2025-09-19→2025-09-22
2025-09-19,2025-09-22,P,6640.0,0.0273972602739726,110.17621896567933,-0.05061502775431027,30.40010713020274,-0.4008741794404323,6664.360000000001,6693.75,0.024657534246575342,55.65135005311371,18.320951340527472,-2.7624243343008508,7.531692133754072,0.9961594254476409,2.0-3.0%,0.98-1.00,2025-09-19→2025-09-22
2025-09-19,2025-09-22,C,6645.0,0.0273972602739726,132.54798925272536,0.9573209023901043,52.49984450495367,0.581853588506599,6664.360000000001,6693.75,0.024657534246575342,111.50593112546986,69.2097189785245,0.1143386787553915,11.149323033791394,0.9969095454969237,2.0-3.0%,0.98-1.00,2025-09-19→2025-09-22
2025-09-19,2025-09-22,P,6645.0,0.0273972602739726,111.95208788048866,-0.04267909761110721,32.050111868629756,-0.41860684147806587,6664.360000000001,6693.75,0.024657534246575342,58.025875822398476,19.46710199971085,-3.3956613212095825,7.652855071040113,0.9969095454969237,2.0-3.0%,0.98-1.00,2025-09-19→2025-09-22
2025-09-19,2025-09-22,C,6650.0,0.0273972602739726,126.97493564757232,0.9602262970954882,49.29985043552006,0.5634300226508943,6664.360000000001,6693.75,0.024657534246575342,108.66844166642981,65.48090280104134,-0.47105087163583903,11.190791634290544,0.9976596655462066,2.0-3.0%,0.98-1.00,2025-09-19→2025-09-22
2025-09-19,2025-09-22,P,6650.0,0.0273972602739726,111.37810432696615,-0.039773702905912964,33.8001177891465,-0.43689547688458225,6664.360000000001,6693.75,0.024657534246575342,60.18482725477786,20.69681859254524,-4.081050871595238,7.590358065637622,0.9976596655462066,2.0-3.0%,0.98-1.00,2025-09-19→2025-09-22
2025-09-19,2025-09-22,C,6655.0,0.0273972602739726,127.97485743026621,0.9380382339623319,46.14985444065451,0.5445794432472483,6664.360000000001,6693.75,0.024657534246575342,106.25109429211349,61.794325339065836,-0.2689436961523839,11.294810162963696,0.9984097855954894,2.0-3.0%,0.98-1.00,2025-09-19→2025-09-22
2025-09-19,2025-09-22,P,6655.0,0.0273972602739726,117.37709616128701,-0.06196176603910775,35.60012174391704,-0.455653830697924,6664.360000000001,6693.75,0.024657534246575342,62.76392077188311,21.96757185825072,-3.678943696110659,7.891666084211721,0.9984097855954894,2.0-3.0%,0.98-1.00,2025-09-19→2025-09-22
2025-09-19,2025-09-22,C,6660.0,0.0273972602739726,128.92786656573315,0.951485313811027,43.09985963188319,0.525249269871538,6664.360000000001,6693.75,0.024657534246575342,103.82181194525393,58.19404795023274,-1.0641533729055297,11.462923958475804,0.9991599056447723,2.0-3.0%,0.98-1.00,2025-09-19→2025-09-22
2025-09-19,2025-09-22,P,6660.0,0.0273972602739726,123.32917534839869,-0.04851468619029858,37.550126928569625,-0.4749604842350352,6664.360000000001,6693.75,0.024657534246575342,65.33107931644312,23.36794771884388,-4.524153372867149,8.009088631667412,0.9991599056447723,2.0-3.0%,0.98-1.00,2025-09-19→2025-09-22
2025-09-19,2025-09-22,C,6665.0,0.0273972602739726,124.05840453303918,0.9577699785923388,40.14986491677655,0.5054784507901918,6664.360000000001,6693.75,0.024657534246575342,101.41318487995795,54.68143611186133,-1.8488596708282756,11.443988331276561,0.9999100256940552,2.0-3.0%,0.98-1.00,2025-09-19→2025-09-22
2025-09-19,2025-09-22,P,6665.0,0.0273972602739726,123.45878336733844,-0.042230021409189265,39.55013220712044,-0.4947075734806542,6664.360000000001,6693.75,0.024657534246575342,67.91889314256548,24.81076656815594,-5.208859670783948,8.089455584596143,0.9999100256940552,2.0-3.0%,0.98-1.00,2025-09-19→2025-09-22
2025-09-19,2025-09-22,C,6670.0,0.0273972602739726,118.00847596938944,0.9340155403883257,37.29987105752298,0.48530563973200863,6664.360000000001,6693.75,0.024657534246575342,98.82184387860073,51.25783249242659,-1.650716732012345,11.536867248276552,1.000660145743338,2.0-3.0%,1.00-1.02,2025-09-19→2025-09-22
2025-09-19,2025-09-22,P,6670.0,0.0273972602739726,122.40792485534581,-0.06598445961304145,41.75013835270511,-0.5148541634266262,6664.360000000001,6693.75,0.024657534246575342,70.32399303263178,26.433115096104302,-5.110716731972747,8.081563863108245,1.000660145743338,2.0-3.0%,1.00-1.02,2025-09-19→2025-09-22
2025-09-19,2025-09-22,C,6675.0,0.0273972602739726,124.96108573962772,0.9438094046411747,34.59987577003312,0.46482185475801,6664.360000000001,6693.75,0.024657534246575342,96.67730360239011,47.97123207634195,-2.5885584024035673,11.488885688662362,1.001410265792621,2.0-3.0%,1.00-1.02,2025-09-19→2025-09-22
2025-09-19,2025-09-22,P,6675.0,0.0273972602739726,134.3596046772144,-0.05619059536011349,44.0501430464451,-0.5353115591193774,6664.360000000001,6693.75,0.024657534246575342,73.17589364783848,28.14724842262285,-5.998558402366296,8.082806722518193,1.001410265792621,2.0-3.0%,1.00-1.02,2025-09-19→2025-09-22
2025-09-19,2025-09-22,C,6680.0,0.0273972602739726,121.56876045439918,0.951672700086593,31.999880453777678,0.44406727885264247,6664.360000000001,6693.75,0.024657534246575342,94.59565524040272,44.77775501378437,-3.4196606555444156,11.498862674521094,1.0021603858419037,2.0-3.0%,1.00-1.02,2025-09-19→2025-09-22
2025-09-19,2025-09-22,P,6680.0,0.0273972602739726,135.96634944361634,-0.04832729991488818,46.45014773306184,-0.5560387812826784,6664.360000000001,6693.75,0.024657534246575342,76.09068617727216,29.954530238921507,-6.829660655501464,8.091979781897592,1.0021603858419037,2.0-3.0%,1.00-1.02,2025-09-19→2025-09-22
2025-09-19,2025-09-22,C,6685.0,0.0273972602739726,116.00081491217036,0.9519917417284272,29.44988696400742,0.422974068731735,6664.360000000001,6693.75,0.024657534246575342,92.0670946410016,41.63050448132208,-3.9790372893979153,11.568792119974558,1.0029105058911867,2.0-3.0%,1.00-1.02,2025-09-19→2025-09-22
2025-09-19,2025-09-22,P,6685.0,0.0273972602739726,135.39747395303414,-0.04800825827304765,48.950154196364565,-0.5769949708638566,6664.360000000001,6693.75,0.024657534246575342,78.55856646928986,31.856297983743843,-7.4890372893551636,8.057882193688407,1.0029105058911867,2.0-3.0%,1.00-1.02,2025-09-19→2025-09-22
2025-09-19,2025-09-22,C,6690.0,0.0273972602739726,118.52513184480931,0.932063019720698,27.149892557768,0.40204671508409356,6664.360000000001,6693.75,0.024657534246575342,90.11109128863836,38.724528105620266,-4.093332149590768,11.483847043678729,1.0036606259404695,2.0-3.0%,1.00-1.02,2025-09-19→2025-09-22
2025-09-19,2025-09-22,P,6690.0,0.0273972602739726,142.92086093730757,-0.06793698028065631,51.55015984811189,-0.5981393091867526,6664.360000000001,6693.75,0.024657534246575342,81.5990040083457,33.85385856191533,-7.553332149551547,8.029314296998315,1.0036606259404695,2.0-3.0%,1.00-1.02,2025-09-19→2025-09-22
2025-09-19,2025-09-22,C,6695.0,0.0273972602739726,119.3217395291619,0.945505512697229,24.849898304650196,0.38075513587533727,6664.360000000001,6693.75,0.024657534246575342,88.10814331696021,35.819166239990864,-5.188407018171009,11.40960655662406,1.0044107459897524,2.0-3.0%,1.00-1.02,2025-09-19→2025-09-22
2025-09-19,2025-09-22,P,6695.0,0.0273972602739726,148.71653867330076,-0.05449448730411353,54.3501655022219,-0.6190950309243316,6664.360000000001,6693.75,0.024657534246575342,84.5924969280863,36.04826344080311,-8.698407018132139,7.895202958865742,1.0044107459897524,2.0-3.0%,1.00-1.02,2025-09-19→2025-09-22
2025-09-19,2025-09-22,C,6700.0,0.0273972602739726,114.56995876616554,0.9520545783521365,22.799903804890164,0.35995626136921965,6664.360000000001,6693.75,0.024657534246575342,86.22074376334167,33.164415748648025,-6.180884057768736,11.220885478358845,1.0051608660390352,2.0-3.0%,1.00-1.02,2025-09-19→2025-09-22
2025-09-19,2025-09-22,P,6700.0,0.0273972602739726,148.96382796195016,-0.04794542164920501,57.2001710952336,-0.6402297629016246,6664.360000000001,6693.75,0.024657534246575342,87.70153826588816,38.293746204944455,-9.740884057729899,7.666352731678369,1.0051608660390352,2.0-3.0%,1.00-1.02,2025-09-19→2025-09-22
2025-09-19,2025-09-22,C,6705.0,0.0273972602739726,108.55496951436473,0.925913553676172,20.749909448531525,0.33882584831380463,6664.360000000001,6693.75,0.024657534246575342,84.02373977437884,30.511370528095995,-6.112599342542154,11.14190831805748,1.005910986088318,2.0-3.0%,1.00-1.02,2025-09-19→2025-09-22
2025-09-19,2025-09-22,P,6705.0,0.0273972602739726,147.94790876178,-0.07408644632532628,60.20017667729553,-0.6611291836114326,6664.360000000001,6693.75,0.024657534246575342,90.5009751683441,40.69233921854993,-9.572599342498703,7.680586706339618,1.005910986088318,2.0-3.0%,1.00-1.02,2025-09-19→2025-09-22
2025-09-19,2025-09-22,C,6710.0,0.0273972602739726,116.6247441828387,0.9373227106309995,18.89991475039369,0.31827581877766437,6664.360000000001,6693.75,0.024657534246575342,82.22582975738901,28.066282594901622,-7.247914465444524,10.945873686124633,1.006661106137601,2.0-3.0%,1.00-1.02,2025-09-19→2025-09-22
2025-09-19,2025-09-22,P,6710.0,0.0273972602739726,161.0167534818839,-0.06267728937044331,63.350181979294575,-0.6816468991041937,6664.360000000001,6693.75,0.024657534246575342,93.6995060427738,43.2481556242783,-10.75791446540271,7.433602364671856,1.006661106137601,2.0-3.0%,1.00-1.02,2025-09-19→2025-09-22
2025-09-19,2025-09-22,C,6715.0,0.0273972602739726,113.45125583024067,0.9454934683135614,17.099920451378694,0.2976661438419468,6664.360000000001,6693.75,0.024657534246575342,80.8094545068405,25.675712301362182,-8.288053033735018,10.751592032485357,1.0074112261868837,2.0-3.0%,1.00-1.02,2025-09-19→2025-09-22
2025-09-19,2025-09-22,P,6715.0,0.0273972602739726,162.8423351809372,-0.054506531687758784,67.60018604752258,-0.6961802698753043,6664.360000000001,6693.75,0.024657534246575342,97.27957168364566,46.97746752455714,-12.848053033696797,6.010738131634795,1.0074112261868837,2.0-3.0%,1.00-1.02,2025-09-19→2025-09-22
2025-09-19,2025-09-22,C,6720.0,0.0273972602739726,108.1530461670911,0.9466288843985315,15.499925721625914,0.2779486739010193,6664.360000000001,6693.75,0.024657534246575342,78.63631342034756,23.50174555299418,-9.121422912472287,10.531088474049207,1.0081613462361667,2.0-3.0%,1.00-1.02,2025-09-19→2025-09-22
2025-09-19,2025-09-22,P,6720.0,0.0273972602739726,162.54319556944571,-0.053371115602717255,70.90019129459779,-0.71581399995023,6664.360000000001,6693.75,0.024657534246575342,100.1028714885726,49.7153046369217,-13.581422912436176,5.887773458536838,1.0081613462361667,2.0-3.0%,1.00-1.02,2025-09-19→2025-09-22
2025-09-19,2025-09-22,C,6725.0,0.0273972602739726,110.91649955876832,0.9244406753377892,13.949931178460247,0.25829370750971464,6664.360000000001,6693.75,0.024657534246575342,77.0686059582642,21.385575365936802,-9.319311448177086,10.258747936289637,1.0089114662854495,2.0-3.0%,1.00-1.02,2025-09-19→2025-09-22
2025-09-19,2025-09-22,P,6725.0,0.0273972602739726,170.30571901272455,-0.07555932466377194,74.40019630418465,-0.734446285485497,6664.360000000001,6693.75,0.024657534246575342,103.53160491790976,52.67290792093627,-13.779311448131793,5.58537633041832,1.0089114662854495,2.0-3.0%,1.00-1.02,2025-09-19→2025-09-22
2025-09-19,2025-09-22,C,6730.0,0.0273972602739726,112.5776854230843,0.9388685212093728,12.499936108152724,0.2390661364409169,6664.360000000001,6693.75,0.024657534246575342,75.48637897007961,19.382449571049165,-10.493345838342918,10.073846250001594,1.0096615863347325,2.0-3.0%,1.00-1.02,2025-09-19→2025-09-22
2025-09-19,2025-09-22,P,6730.0,0.0273972602739726,176.96597492868275,-0.06113147879210094,78.10020091667502,-0.7518203401414089,6664.360000000001,6693.75,0.024657534246575342,106.94581882114335,55.857315038327215,-15.153345838300178,5.145999796755579,1.0096615863347325,2.0-3.0%,1.00-1.02,2025-09-19→2025-09-22
2025-09-19,2025-09-22,C,6735.0,0.0273972602739726,108.28685328693797,0.9456965242609219,11.199941191425978,0.22077975644254647,6664.360000000001,6693.75,0.024657534246575342,74.31163477632798,17.551731634629505,-11.594020848027945,9.711282958153687,1.0104117063840152,2.0-3.0%,1.00-1.02,2025-09-19→2025-09-22
2025-09-19,2025-09-22,P,6735.0,0.0273972602739726,177.67421284419336,-0.05430347574041644,81.80020550794234,-0.7692900666205585,6664.360000000001,6693.75,0.024657534246575342,110.76751551881065,59.04933948793405,-16.204020847989188,4.809435057977769,1.0104117063840152,2.0-3.0%,1.00-1.02,2025-09-19→2025-09-22
2025-09-19,2025-09-22,C,6610.0,0.030136986301369864,151.00411971754957,0.9618640395946155,81.86921282272124,0.676653708370902,6664.360000000001,6693.75,0.038356164383561646,164.1493910184208,108.31028510387114,9.880815876314816,18.26314751097959,0.9916841953933424,3.0-4.0%,0.98-1.00,2025-09-19→2025-09-22
2025-09-19,2025-09-22,P,6610.0,0.030136986301369864,95.58460412913102,-0.03813596040525038,26.490807604113797,-0.3236835671207009,6664.360000000001,6693.75,0.038356164383561646,72.55973251302296,23.246400040298795,5.620815876310287,14.013060037677212,0.9916841953933424,3.0-4.0%,0.98-1.00,2025-09-19→2025-09-22
2025-09-19,2025-09-22,C,6615.0,0.030136986301369864,145.6241738904062,0.9669082752495753,78.11883492805009,0.6633457115949409,6664.360000000001,6693.75,0.038356164383561646,162.01136075766243,104.25699494746368,9.682565790415552,18.60426953622508,0.9924343347241996,3.0-4.0%,0.98-1.00,2025-09-19→2025-09-22
2025-09-19,2025-09-22,P,6615.0,0.030136986301369864,95.20385685298336,-0.03309172475024792,27.79042544146978,-0.3371418799744876,6664.360000000001,6693.75,0.038356164383561646,75.41577210210748,24.24528278256298,5.272565790409768,14.208599852449995,0.9924343347241996,3.0-4.0%,0.98-1.00,2025-09-19→2025-09-22
2025-09-19,2025-09-22,C,6620.0,0.030136986301369864,143.61066580428695,0.9422038843129933,74.4184447819116,0.6496070810881884,6664.360000000001,6693.75,0.0273972602739726,133.2022912027797,92.85892765353401,2.0086278400416653,10.608047886818508,0.9931844740550569,3.0-4.0%,0.98-1.00,2025-09-19→2025-09-22
2025-09-19,2025-09-22,P,6620.0,0.030136986301369864,98.18954731785837,-0.057796115686807606,29.090036067017536,-0.3508533347957698,6664.360000000001,6693.75,0.0273972602739726,53.91942151102707,18.21664084132499,-2.751372159964761,5.861579509647468,0.9931844740550569,3.0-4.0%,0.98-1.00,2025-09-19→2025-09-22
2025-09-19,2025-09-22,C,6625.0,0.030136986301369864,145.741435652422,0.9563833898886877,70.86803486789904,0.6351606806912475,6664.360000000001,6693.75,0.0273972602739726,130.34359531220161,88.88933863396687,1.2418921711720365,10.682627594484615,0.9939346133859143,3.0-4.0%,0.98-1.00,2025-09-19→2025-09-22
2025-09-19,2025-09-22,P,6625.0,0.030136986301369864,105.31951571697542,-0.043616610111211346,30.48963081883585,-0.365135137464739,6664.360000000001,6693.75,0.0273972602739726,56.05654671584375,19.20584597152242,-3.3681078288315227,6.081321690088469,0.9939346133859143,3.0-4.0%,0.98-1.00,2025-09-19→2025-09-22
2025-09-19,2025-09-22,C,6630.0,0.030136986301369864,140.9950766289197,0.9622799258687442,67.31761686137315,0.6204514911756897,6664.360000000001,6693.75,0.0273972602739726,127.62588583792069,84.91854202742161,0.5685929787181756,10.614930674346851,0.9946847527167716,3.0-4.0%,0.98-1.00,2025-09-19→2025-09-22
2025-09-19,2025-09-22,P,6630.0,0.030136986301369864,105.57235524447641,-0.03772007413099697,31.939213240299523,-0.3798294797785248,6664.360000000001,6693.75,0.0273972602739726,58.334658336966896,20.23547816664359,-3.84140702129002,6.213188410690623,0.9946847527167716,3.0-4.0%,0.98-1.00,2025-09-19→2025-09-22
2025-09-19,2025-09-22,C,6635.0,0.030136986301369864,135.12325957022526,0.9449724869112961,63.8671841934879,0.605216228224754,6664.360000000001,6693.75,0.0273972602739726,124.63169105530096,81.03110955159354,0.727258609677552,10.712695052474825,0.9954348920476288,3.0-4.0%,0.98-1.00,2025-09-19→2025-09-22
2025-09-19,2025-09-22,P,6635.0,0.030136986301369864,104.69973673677136,-0.055027513088495184,33.488781016076246,-0.3950491395990672,6664.360000000001,6693.75,0.0273972602739726,60.33628464974559,21.348495413056526,-3.73274139032916,6.2604942128163525,0.9954348920476288,3.0-4.0%,0.98-1.00,2025-09-19→2025-09-22
2025-09-19,2025-09-22,C,6640.0,0.030136986301369864,140.14559428015613,0.9491259027833427,60.46674022513298,0.5895821160159097,6664.360000000001,6693.75,0.0273972602739726,122.09283714747176,77.18498755790824,0.20518971719810253,10.772181610292751,0.9961850313784861,3.0-4.0%,0.98-1.00,2025-09-19→2025-09-22
2025-09-19,2025-09-22,P,6640.0,0.030136986301369864,114.72126999768577,-0.05087409721658179,35.23832996688179,-0.41093276538673973,6664.360000000001,6693.75,0.0273972602739726,62.79325183731319,22.633073376606717,-4.504810282804691,6.077313974716041,0.9961850313784861,3.0-4.0%,0.98-1.00,2025-09-19→2025-09-22
2025-09-19,2025-09-22,C,6645.0,0.030136986301369864,136.86399067096173,0.95687055789774,57.216280522593024,0.5733937236217473,6664.360000000001,6693.75,0.0273972602739726,119.44754862542578,73.46784380102417,-0.47242569661403166,10.797958462757173,0.9969351707093435,3.0-4.0%,0.98-1.00,2025-09-19→2025-09-22
2025-09-19,2025-09-22,P,6645.0,0.030136986301369864,116.43886493949012,-0.0431294421020929,36.83787828571121,-0.4268385266275265,6664.360000000001,6693.75,0.0273972602739726,65.14378441066613,23.78617805081376,-4.882425696619514,6.394784297582758,0.9969351707093435,3.0-4.0%,0.98-1.00,2025-09-19→2025-09-22
2025-09-19,2025-09-22,C,6650.0,0.030136986301369864,131.37450771504857,0.9597039135700081,54.06580888025519,0.5567968316924594,6664.360000000001,6693.75,0.0273972602739726,116.74381052805076,69.83813757667758,-1.005698019821974,10.835741116558946,0.9976853100402007,3.0-4.0%,0.98-1.00,2025-09-19→2025-09-22
2025-09-19,2025-09-22,P,6650.0,0.030136986301369864,115.94858053457746,-0.040296086429651025,38.63740868456125,-0.44336348380605645,6664.360000000001,6693.75,0.0273972602739726,67.43586740869118,25.112588441393655,-5.465698019832585,6.380452789059735,0.9976853100402007,3.0-4.0%,0.98-1.00,2025-09-19→2025-09-22
2025-09-19,2025-09-22,C,6655.0,0.030136986301369864,132.21579767810383,0.9380371948211917,51.16532443238066,0.5397248046753511,6664.360000000001,6693.75,0.0273972602739726,114.26510259121805,66.43201455054623,-1.0189131557942908,10.687487990591736,0.998435449371058,3.0-4.0%,0.98-1.00,2025-09-19→2025-09-22
2025-09-19,2025-09-22,P,6655.0,0.030136986301369864,121.78906904863051,-0.061962805178465204,40.53692832204979,-0.46029141382966865,6664.360000000001,6693.75,0.0273972602739726,69.95298056725716,26.526812768284344,-5.278913155804938,6.427964652453699,0.998435449371058,3.0-4.0%,0.98-1.00,2025-09-19→2025-09-22
2025-09-19,2025-09-22,C,6660.0,0.030136986301369864,132.99296963879476,0.9511628778743123,47.964837594799974,0.5225781689787967,6664.360000000001,6693.75,0.0273972602739726,111.7408222077597,62.75575327230126,-1.7546769807254812,10.84142761371347,0.9991855887019153,3.0-4.0%,0.98-1.00,2025-09-19→2025-09-22
2025-09-19,2025-09-22,P,6660.0,0.030136986301369864,127.5654395603027,-0.04883712212545126,42.436438353081485,-0.4775472769461919,6664.360000000001,6693.75,0.0273972602739726,72.42452127919674,27.939346250678682,-6.214676980733022,6.385114469448297,0.9991855887019153,3.0-4.0%,0.98-1.00,2025-09-19→2025-09-22
2025-09-19,2025-09-22,C,6665.0,0.030136986301369864,128.14935811114745,0.9573013518126215,44.96433727412614,0.5049614340052382,6664.360000000001,6693.75,0.0273972602739726,109.45746509372188,59.25771319298519,-2.3350867297723923,10.959183454586341,0.9999357280327726,3.0-4.0%,0.98-1.00,2025-09-19→2025-09-22
2025-09-19,2025-09-22,P,6665.0,0.030136986301369864,127.72102658365527,-0.04269864818706208,44.53593707843174,-0.4951988814932784,6664.360000000001,6693.75,0.0273972602739726,75.13698526056072,29.53216405770172,-6.795086729782268,6.503895127087167,0.9999357280327726,3.0-4.0%,0.98-1.00,2025-09-19→2025-09-22
2025-09-19,2025-09-22,C,6670.0,0.030136986301369864,122.18867648110131,0.9340961088255458,42.213827972407216,0.4870504698963831,6664.360000000001,6693.75,0.0273972602739726,106.83063053714504,55.98893788312262,-2.3030846383822556,10.835586689745575,1.0006858673636299,3.0-4.0%,1.00-1.02,2025-09-19→2025-09-22
2025-09-19,2025-09-22,P,6670.0,0.030136986301369864,126.75954350459968,-0.06590389117416234,46.735427139182775,-0.5131320292225272,6664.360000000001,6693.75,0.0273972602739726,77.50597179938215,31.216842917176564,-6.713084638391406,6.430950338849778,1.0006858673636299,3.0-4.0%,1.00-1.02,2025-09-19→2025-09-22
2025-09-19,2025-09-22,C,6675.0,0.030136986301369864,128.79639121767522,0.9436463521562715,39.46331200872055,0.4688559032974265,6664.360000000001,6693.75,0.0273972602739726,104.56540868247697,52.720303860868626,-3.1337662898722733,10.820325002088902,1.0014360066944872,3.0-4.0%,1.00-1.02,2025-09-19→2025-09-22
2025-09-19,2025-09-22,P,6675.0,0.030136986301369864,138.36645679215562,-0.056353647843544345,48.9349093637029,-0.5313905503442939,6664.360000000001,6693.75,0.0273972602739726,80.23657104011097,32.90049944796101,-7.49376628987827,6.467568274618484,1.0014360066944872,3.0-4.0%,1.00-1.02,2025-09-19→2025-09-22
2025-09-19,2025-09-22,C,6680.0,0.030136986301369864,125.33046806510598,0.9513333359090441,36.86279010815406,0.45048731481827237,6664.360000000001,6693.75,0.0273972602739726,102.48385577772214,49.592819266626975,-3.9596867423662516,10.760177817491238,1.0021861460253445,3.0-4.0%,1.00-1.02,2025-09-19→2025-09-22
2025-09-19,2025-09-22,P,6680.0,0.030136986301369864,139.89973219058527,-0.04866666409074074,51.33438623859956,-0.5498020282341057,6664.360000000001,6693.75,0.0273972602739726,83.15083923075417,34.77181079417869,-8.319686742373158,6.408681609800048,1.0021861460253445,3.0-4.0%,1.00-1.02,2025-09-19→2025-09-22
2025-09-19,2025-09-22,C,6685.0,0.030136986301369864,119.91512266051134,0.9516409532359491,34.26225958424084,0.4317931857134231,6664.360000000001,6693.75,0.0273972602739726,99.98725493764458,46.46462085799658,-4.468727615603989,10.809598271882745,1.0029362853562018,3.0-4.0%,1.00-1.02,2025-09-19→2025-09-22
2025-09-19,2025-09-22,P,6685.0,0.030136986301369864,139.48358533698269,-0.04835904676381343,53.83385938854599,-0.5683671297850944,6664.360000000001,6693.75,0.0273972602739726,85.65005948607745,36.739071722713106,-8.97872761561155,6.3043099443835935,1.0029362853562018,3.0-4.0%,1.00-1.02,2025-09-19→2025-09-22
2025-09-19,2025-09-22,C,6690.0,0.030136986301369864,122.21994522226582,0.9321398560962666,31.861729326836667,0.4131191901669269,6664.360000000001,6693.75,0.0273972602739726,97.89590797570541,43.52921241433569,-4.495590370668733,10.758427000994258,1.0036864246870592,3.0-4.0%,1.00-1.02,2025-09-19→2025-09-22
2025-09-19,2025-09-22,P,6690.0,0.030136986301369864,146.7876064497244,-0.06786014390352686,56.43332913114318,-0.5870411253315891,6664.360000000001,6693.75,0.0273972602739726,88.55453361953543,38.803663279052216,-9.05559037067539,6.203138673495058,1.0036864246870592,3.0-4.0%,1.00-1.02,2025-09-19→2025-09-22
2025-09-19,2025-09-22,C,6695.0,0.030136986301369864,122.81291052296505,0.9452840457008278,29.561197286700008,0.3943820898600334,6664.360000000001,6693.75,0.0273972602739726,95.71352175132287,40.69252505291979,-5.581898103146781,10.609110379013847,1.0044365640179163,3.0-4.0%,1.00-1.02,2025-09-19→2025-09-22
2025-09-19,2025-09-22,P,6695.0,0.030136986301369864,152.37977030143853,-0.05471595429873101,63.33308584777251,-0.5956134124350585,6664.360000000001,6693.75,0.0273972602739726,91.36796849055116,45.121855265871545,-14.291898103160326,1.6050781914660242,1.0044365640179163,3.0-4.0%,1.00-1.02,2025-09-19→2025-09-22
2025-09-19,2025-09-22,C,6700.0,0.030136986301369864,118.14586113912934,0.9516929247030553,27.460673830318683,0.3759422371908699,6664.360000000001,6693.75,0.0273972602739726,93.91111955310986,38.05656278636752,-6.520255057022236,10.40105764896056,1.0051867033487736,3.0-4.0%,1.00-1.02,2025-09-19→2025-09-22
2025-09-19,2025-09-22,P,6700.0,0.030136986301369864,152.71191946858042,-0.048307075296653866,61.93226474178664,-0.6245313969121367,6664.360000000001,6693.75,0.0273972602739726,94.56138738773994,43.23041197704697,-10.980255057031377,5.954977755247327,1.0051867033487736,3.0-4.0%,1.00-1.02,2025-09-19→2025-09-22
2025-09-19,2025-09-22,C,6705.0,0.030136986301369864,112.22044762339743,0.9261093924330565,25.4101486429322,0.35745156179255033,6664.360000000001,6693.75,0.0273972602739726,91.59468676207663,35.47388426490852,-6.568355043606992,10.144498598917153,1.005936842679631,3.0-4.0%,1.00-1.02,2025-09-19→2025-09-22
2025-09-19,2025-09-22,P,6705.0,0.030136986301369864,151.78570450383603,-0.0738906075666549,64.83173301276838,-0.6432521393356321,6664.360000000001,6693.75,0.0273972602739726,97.24077569210493,45.59539016408098,-11.02835504361605,5.705180375073855,1.005936842679631,3.0-4.0%,1.00-1.02,2025-09-19→2025-09-22
2025-09-19,2025-09-22,C,6710.0,0.030136986301369864,119.87987588461259,0.9372492896862668,23.459627410615212,0.3390949586095963,6664.360000000001,6693.75,0.0273972602739726,89.59715856519946,32.99561416253846,-7.645756623878832,9.933999166464163,1.0066869820104882,3.0-4.0%,1.00-1.02,2025-09-19→2025-09-22
2025-09-19,2025-09-22,P,6710.0,0.030136986301369864,164.44433131605254,-0.06275071031339335,67.93121553033961,-0.6614767320999061,6664.360000000001,6693.75,0.0273972602739726,100.2390685906246,48.16673019710424,-12.055756623889412,5.540801156415849,1.0066869820104882,3.0-4.0%,1.00-1.02,2025-09-19→2025-09-22
2025-09-19,2025-09-22,C,6715.0,0.030136986301369864,116.57939709988915,0.9452581932798686,21.459091671787064,0.3202326269732694,6664.360000000001,6693.75,0.0273972602739726,88.11301522385075,30.466140472028655,-8.481138300494788,9.8883630932558,1.0074371213413456,3.0-4.0%,1.00-1.02,2025-09-19→2025-09-22
2025-09-19,2025-09-22,P,6715.0,0.030136986301369864,166.14305108230607,-0.05474180671994507,70.98068486501415,-0.6801602267890962,6664.360000000001,6693.75,0.0273972602739726,103.75074634467616,50.68818843312192,-12.941138300500842,5.439909065331143,1.0074371213413456,3.0-4.0%,1.00-1.02,2025-09-19→2025-09-22
2025-09-19,2025-09-22,C,6720.0,0.030136986301369864,111.53613524131754,0.9463640585332994,19.708580690551116,0.3022312810724402,6664.360000000001,6693.75,0.0273972602739726,85.86129866547073,28.199131337350536,-9.213639680293124,9.717422649281152,1.0081872606722029,3.0-4.0%,1.00-1.02,2025-09-19→2025-09-22
2025-09-19,2025-09-22,P,6720.0,0.030136986301369864,166.09898777472435,-0.0536359414665654,75.180309585342,-0.6933918373082408,6664.360000000001,6693.75,0.0273972602739726,106.49485088169278,54.42723707312007,-14.673639680297674,4.128786098488796,1.0081872606722029,3.0-4.0%,1.00-1.02,2025-09-19→2025-09-22
2025-09-19,2025-09-22,C,6725.0,0.030136986301369864,114.04719692798894,0.9246004280889504,18.158094277347573,0.28510028892296585,6664.360000000001,6693.75,0.0273972602739726,84.0799303994321,26.148838135379265,-9.424006581533714,9.370902508554199,1.0089374000030602,3.0-4.0%,1.00-1.02,2025-09-19→2025-09-22
2025-09-19,2025-09-22,P,6725.0,0.030136986301369864,173.60924801239233,-0.07539957191086966,78.57982761007315,-0.7103583480210215,6664.360000000001,6693.75,0.0273972602739726,109.70930371105563,57.33555564006747,-14.834006581539581,3.8274318483374117,1.0089374000030602,3.0-4.0%,1.00-1.02,2025-09-19→2025-09-22
2025-09-19,2025-09-22,C,6730.0,0.030136986301369864,115.4340556896013,0.9387413975133996,16.60760363960503,0.2678198384486587,6664.360000000001,6693.75,0.0273972602739726,82.24564443720982,24.103075805945537,-10.589609672918268,9.128774947994078,1.0096875393339175,3.0-4.0%,1.00-1.02,2025-09-19→2025-09-22
2025-09-19,2025-09-22,P,6730.0,0.030136986301369864,179.99530532499682,-0.06125860248640021,81.9793410629245,-0.7274941532498197,6664.360000000001,6693.75,0.0273972602739726,112.87083884423247,60.24769506724988,-15.899609672924736,3.681053164011775,1.0096875393339175,3.0-4.0%,1.00-1.02,2025-09-19→2025-09-22
2025-09-19,2025-09-22,C,6735.0,0.030136986301369864,111.29581856513711,0.9454399606247043,15.007096353240968,0.2499545836110564,6664.360000000001,6693.75,0.0273972602739726,81.03060916080337,22.003759325260944,-11.436480442759507,9.003834787671199,1.0104376786647746,3.0-4.0%,1.00-1.02,2025-09-19→2025-09-22
2025-09-19,2025-09-22,P,6735.0,0.030136986301369864,180.85626675153702,-0.054560039374914326,85.6789021579225,-0.7429634359933279,6664.360000000001,6693.75,0.0273972602739726,116.65162466322495,63.49056788344933,-17.046480442771305,3.18569538384347,1.0104376786647746,3.0-4.0%,1.00-1.02,2025-09-19→2025-09-22
2025-09-19,2025-09-22,C,6610.0,0.03287671232876712,158.9259812311801,0.9614373361157427,86.98801704540074,0.6704219436193117,6664.360000000001,6693.75,0.038356164383561646,164.1493910184208,111.7290808399548,4.743356691558883,13.29629907702882,0.9913713023988926,3.0-4.0%,0.98-1.00,2025-09-19→2025-09-22
2025-09-19,2025-09-22,P,6610.0,0.03287671232876712,101.42123408614249,-0.03856266388554133,29.555904231082422,-0.33036622996214243,6664.360000000001,6693.75,0.038356164383561646,72.55973251302296,24.36077391442268,2.5833566915960366,11.159463498587174,0.9913713023988926,3.0-4.0%,0.98-1.00,2025-09-19→2025-09-22
2025-09-19,2025-09-22,C,6615.0,0.03287671232876712,153.645176087161,0.9662623198799581,83.28824041353892,0.6579242957077877,6664.360000000001,6693.75,0.038356164383561646,162.01136075766243,107.72333658731259,4.501550418728598,13.563604949148509,0.992121205048211,3.0-4.0%,0.98-1.00,2025-09-19→2025-09-22
2025-09-19,2025-09-22,P,6615.0,0.03287671232876712,101.13805016214434,-0.03373768012128422,30.85612719025903,-0.34284101750616575,6664.360000000001,6693.75,0.038356164383561646,75.41577210210748,25.355373574662963,2.2415504187645237,11.326097504506011,0.992121205048211,3.0-4.0%,0.98-1.00,2025-09-19→2025-09-22
2025-09-19,2025-09-22,C,6620.0,0.03287671232876712,151.58319187341345,0.9426129416271604,79.53846551173956,0.6453294724500745,6664.360000000001,6693.75,0.030136986301369864,140.57924317348312,97.62285261603392,1.1466056455783153,9.883766804692694,0.9928711076975294,3.0-4.0%,0.98-1.00,2025-09-19→2025-09-22
2025-09-19,2025-09-22,P,6620.0,0.03287671232876712,104.07368716842726,-0.05738705837379414,32.15635426424706,-0.3555463630604788,6664.360000000001,6693.75,0.030136986301369864,59.27084643987606,21.08005987058982,-0.9133943543942216,7.849507610347267,0.9928711076975294,3.0-4.0%,0.98-1.00,2025-09-19→2025-09-22
2025-09-19,2025-09-22,C,6625.0,0.03287671232876712,153.43163773523213,0.9561781528215222,75.988704700977,0.6319569402807266,6664.360000000001,6693.75,0.030136986301369864,137.68269414775776,93.68740241826345,2.897924088576019,12.426785525149814,0.9936210103468478,3.0-4.0%,0.98-1.00,2025-09-19→2025-09-22
2025-09-19,2025-09-22,P,6625.0,0.03287671232876712,110.91975425023267,-0.04382184717966898,33.55659062215773,-0.36876091245188397,6664.360000000001,6693.75,0.030136986301369864,61.36858865528778,22.10275179901373,-1.5620759113895522,7.9878832169606575,0.9936210103468478,3.0-4.0%,0.98-1.00,2025-09-19→2025-09-22
2025-09-19,2025-09-22,C,6630.0,0.03287671232876712,148.66891290383776,0.9618214341509798,72.4889496517435,0.6182417805409914,6664.360000000001,6693.75,0.030136986301369864,135.01680589125144,89.79395316231785,2.382068050303271,12.479874069900628,0.9943709129961662,3.0-4.0%,0.98-1.00,2025-09-19→2025-09-22
2025-09-19,2025-09-22,P,6630.0,0.03287671232876712,111.15465063885519,-0.038178565850219934,35.056835120459255,-0.38245038326373837,6664.360000000001,6693.75,0.030136986301369864,63.69699163992132,23.210052497953484,-2.0779319496620543,8.040216764121052,0.9943709129961662,3.0-4.0%,0.98-1.00,2025-09-19→2025-09-22
2025-09-19,2025-09-22,C,6635.0,0.03287671232876712,143.04002707588847,0.9452565324187584,69.03920092674844,0.6041815084721798,6664.360000000001,6693.75,0.030136986301369864,132.04247386091535,85.94262083947797,2.5689105122132503,12.593105466002996,0.9951208156454845,3.0-4.0%,0.98-1.00,2025-09-19→2025-09-22
2025-09-19,2025-09-22,P,6635.0,0.03287671232876712,110.5233860309301,-0.05474346758234222,36.55708422913722,-0.3963894357907124,6664.360000000001,6693.75,0.030136986301369864,65.71695085071606,24.315779063753098,-1.7910894877549925,8.249885517888808,0.9951208156454845,3.0-4.0%,0.98-1.00,2025-09-19→2025-09-22
2025-09-19,2025-09-22,C,6640.0,0.03287671232876712,147.66813698396857,0.9492156033756349,65.6894599092634,0.5896909036935648,6664.360000000001,6693.75,0.030136986301369864,129.44790616179836,82.1775726345777,2.1525534167906386,12.718984340446472,0.9958707182948029,3.0-4.0%,0.98-1.00,2025-09-19→2025-09-22
2025-09-19,2025-09-22,P,6640.0,0.03287671232876712,120.14911715899936,-0.050784396625600005,38.25734441193072,-0.41094716796392966,6664.360000000001,6693.75,0.030136986301369864,68.11667439274066,25.595236475180627,-2.157446583173644,8.427737266459655,0.9958707182948029,3.0-4.0%,0.98-1.00,2025-09-19→2025-09-22
2025-09-19,2025-09-22,C,6645.0,0.03287671232876712,144.31768720801023,0.9566195406471717,62.43972591908914,0.5748072223029479,6664.360000000001,6693.75,0.030136986301369864,126.75480086633242,78.5000668931043,1.4849517003801758,12.70641573651669,0.9966206209441213,3.0-4.0%,0.98-1.00,2025-09-19→2025-09-22
2025-09-19,2025-09-22,P,6645.0,0.03287671232876712,121.79628860307142,-0.04338045935387658,39.957608717348194,-0.42573551292682144,6664.360000000001,6693.75,0.030136986301369864,70.41786033840923,26.87403934647682,-2.9250482995895952,8.31236672491903,0.9966206209441213,3.0-4.0%,0.98-1.00,2025-09-19→2025-09-22
2025-09-19,2025-09-22,C,6650.0,0.03287671232876712,139.09100445843242,0.9593137203570411,59.18999584272706,0.5596730175280479,6664.360000000001,6693.75,0.030136986301369864,124.11331742409081,74.82152117904934,1.0557697587071218,12.801210014850998,0.9973705235934397,3.0-4.0%,0.98-1.00,2025-09-19→2025-09-22
2025-09-19,2025-09-22,P,6650.0,0.03287671232876712,121.56722707351415,-0.04068627964394433,41.65787744742374,-0.44080296492117554,6664.360000000001,6693.75,0.030136986301369864,72.77066813730696,28.150980532637277,-3.1542302412645085,8.605199139033084,0.9973705235934397,3.0-4.0%,0.98-1.00,2025-09-19→2025-09-22
2025-09-19,2025-09-22,C,6655.0,0.03287671232876712,139.7810394324768,0.9385967471262879,56.040273601583976,0.5441624932265255,6664.360000000001,6693.75,0.030136986301369864,121.57503008435835,71.2313565294753,1.3146416019589502,12.907064324072737,0.998120426242758,3.0-4.0%,0.98-1.00,2025-09-19→2025-09-22
2025-09-19,2025-09-22,P,6655.0,0.03287671232876712,127.25488326757663,-0.06140325287456107,43.55815586564586,-0.4563503418095947,6664.360000000001,6693.75,0.030136986301369864,75.22667203870999,29.606177671261776,-3.0953583980166846,8.512136545783724,0.998120426242758,3.0-4.0%,0.98-1.00,2025-09-19→2025-09-22
2025-09-19,2025-09-22,C,6660.0,0.03287671232876712,140.3264901144419,0.9511235050512734,52.990556891185406,0.528313152344126,6664.360000000001,6693.75,0.030136986301369864,118.96006749185834,67.73080972050047,0.5464801865436293,12.972876452606444,0.9988703288920764,3.0-4.0%,0.98-1.00,2025-09-19→2025-09-22
2025-09-19,2025-09-22,P,6660.0,0.03287671232876712,132.79795516954283,-0.048876494949652266,45.45843849588209,-0.472162830105097,6664.360000000001,6693.75,0.030136986301369864,77.60600068735287,31.0602690740875,-3.8635198134297526,8.576865576788522,0.9988703288920764,3.0-4.0%,0.98-1.00,2025-09-19→2025-09-22
2025-09-19,2025-09-22,C,6665.0,0.03287671232876712,135.64373837141113,0.9569758511596005,49.99084542630908,0.5121683248051234,6664.360000000001,6693.75,0.030136986301369864,116.7096232847537,64.2748718409207,0.024479734419905697,13.097372933977727,0.9996202315413948,3.0-4.0%,0.98-1.00,2025-09-19→2025-09-22
2025-09-19,2025-09-22,P,6665.0,0.03287671232876712,133.1128246465065,-0.043024148841653606,47.508727116091904,-0.48831239087640854,6664.360000000001,6693.75,0.030136986301369864,80.34984772138289,32.65059793762248,-4.485520265543825,8.601501167857363,0.9996202315413948,3.0-4.0%,0.98-1.00,2025-09-19→2025-09-22
2025-09-19,2025-09-22,C,6670.0,0.03287671232876712,130.10483846963763,0.9348270426624371,47.14113902318195,0.49574128612405427,6664.360000000001,6693.75,0.030136986301369864,114.04796037077267,60.95687441306609,0.1254332161515137,13.030163600814328,1.0003701341907132,3.0-4.0%,1.00-1.02,2025-09-19→2025-09-22
2025-09-19,2025-09-22,P,6670.0,0.03287671232876712,132.57154596475976,-0.06517295733869864,49.609020627878635,-0.5047346963251687,6664.360000000001,6693.75,0.030136986301369864,82.68247604853809,34.28633376665266,-4.334566783815685,8.584152724996413,1.0003701341907132,3.0-4.0%,1.00-1.02,2025-09-19→2025-09-22
2025-09-19,2025-09-22,C,6675.0,0.03287671232876712,136.2677164197289,0.9438941840664298,44.341437109024355,0.47906419668694084,6664.360000000001,6693.75,0.030136986301369864,111.68372558420897,57.685072082090755,-0.6410500697118344,13.020303259371074,1.0011200368400315,3.0-4.0%,1.00-1.02,2025-09-19→2025-09-22
2025-09-19,2025-09-22,P,6675.0,0.03287671232876712,143.7320451348501,-0.056105815934679296,51.85931818591371,-0.5213822241182655,6664.360000000001,6693.75,0.030136986301369864,85.31253250311296,36.061760285449054,-5.051050069679811,8.623423566835518,1.0011200368400315,3.0-4.0%,1.00-1.02,2025-09-19→2025-09-22
2025-09-19,2025-09-22,C,6680.0,0.03287671232876712,132.84188449586594,0.951210004300382,41.641738990243994,0.46217237646892817,6664.360000000001,6693.75,0.030136986301369864,109.56133571822775,54.506992446554705,-1.3060620263876679,13.066753855578476,1.00186993948935,3.0-4.0%,1.00-1.02,2025-09-19→2025-09-22
2025-09-19,2025-09-22,P,6680.0,0.03287671232876712,145.30383443100567,-0.048789995700721664,54.15961974634001,-0.5382560813899383,6664.360000000001,6693.75,0.030136986301369864,88.1844338782703,37.88418136880364,-5.8160620263558185,8.569346232049973,1.00186993948935,3.0-4.0%,1.00-1.02,2025-09-19→2025-09-22
2025-09-19,2025-09-22,C,6685.0,0.03287671232876712,127.99404649230883,0.9514676510104854,39.09204196917972,0.4451729525252792,6664.360000000001,6693.75,0.030136986301369864,107.07178889178604,51.47215393709348,-1.9136342631976078,12.966366925282307,1.0026198421386683,3.0-4.0%,1.00-1.02,2025-09-19→2025-09-22
2025-09-19,2025-09-22,P,6685.0,0.03287671232876712,145.45361764747435,-0.04853234899052989,56.559923573876404,-0.5553030299239432,6664.360000000001,6693.75,0.030136986301369864,90.6891782929641,39.80161329068005,-6.323634263168355,8.570356049464369,1.0026198421386683,3.0-4.0%,1.00-1.02,2025-09-19→2025-09-22
2025-09-19,2025-09-22,C,6690.0,0.03287671232876712,130.18807200912525,0.932900216247226,36.59234986800493,0.4279951110877666,6664.360000000001,6693.75,0.030136986301369864,104.89898225253704,48.48588848081545,-1.9179373555054298,12.921223685130789,1.0033697447879866,3.0-4.0%,1.00-1.02,2025-09-19→2025-09-22
2025-09-19,2025-09-22,P,6690.0,0.03287671232876712,152.64526438429374,-0.06709978375376695,59.06023147270116,-0.5724808713614568,6664.360000000001,6693.75,0.030136986301369864,93.51066289485426,41.81534783440202,-6.377937355476822,8.475212809312886,1.0033697447879866,3.0-4.0%,1.00-1.02,2025-09-19→2025-09-22
2025-09-19,2025-09-22,C,6695.0,0.03287671232876712,130.63279960907212,0.9453612194249444,34.19265845475502,0.41072973941732543,6664.360000000001,6693.75,0.030136986301369864,102.60858534985161,45.59722792489811,-2.884166238898569,12.828652958525042,1.004119647437305,3.0-4.0%,1.00-1.02,2025-09-19→2025-09-22
2025-09-19,2025-09-22,P,6695.0,0.03287671232876712,158.08761320423974,-0.054638780576205206,61.66054005945216,-0.5897462430318969,6664.360000000001,6693.75,0.030136986301369864,96.21455723330457,43.92668727848422,-7.144166238865368,8.5826420827071,1.004119647437305,3.0-4.0%,1.00-1.02,2025-09-19→2025-09-22
2025-09-19,2025-09-22,C,6700.0,0.03287671232876712,126.35365401391633,0.9514167337202541,32.09295895743435,0.3939172161898961,6664.360000000001,6693.75,0.030136986301369864,100.8317811368407,43.00691574652228,-3.8621378040377152,12.522773016179183,1.0048695500866234,3.0-4.0%,1.00-1.02,2025-09-19→2025-09-22
2025-09-19,2025-09-22,P,6700.0,0.03287671232876712,158.80608882910266,-0.04858326628085601,64.36084942096568,-0.607054506214893,6664.360000000001,6693.75,0.030136986301369864,99.43204426143357,46.136954508333474,-8.122137804005668,8.291331937655354,1.0048695500866234,3.0-4.0%,1.00-1.02,2025-09-19→2025-09-22
2025-09-19,2025-09-22,C,6705.0,0.03287671232876712,121.05435810466679,0.9271780283305325,29.743274669443963,0.37626117867699904,6664.360000000001,6693.75,0.030136986301369864,98.51439634634788,40.16845804260811,-3.5997622526338127,12.591683958683216,1.0056194527359419,3.0-4.0%,1.00-1.02,2025-09-19→2025-09-22
2025-09-19,2025-09-22,P,6705.0,0.03287671232876712,158.50441413986567,-0.07282197167058613,67.2111562741402,-0.6242148037722217,6664.360000000001,6693.75,0.030136986301369864,102.10895071207749,48.497917396195135,-7.959762252601518,8.245673082865231,1.0056194527359419,3.0-4.0%,1.00-1.02,2025-09-19→2025-09-22
2025-09-19,2025-09-22,C,6710.0,0.03287671232876712,128.19527840662323,0.9376495300762271,27.643582539606086,0.3590277534984555,6664.360000000001,6693.75,0.030136986301369864,96.43261901692871,37.58120521623505,-4.507519688939762,12.498174324680607,1.0063693553852602,3.0-4.0%,1.00-1.02,2025-09-19→2025-09-22
2025-09-19,2025-09-22,P,6710.0,0.03287671232876712,170.64295566184532,-0.06235046992464105,70.11146414430277,-0.6414482289507664,6664.360000000001,6693.75,0.030136986301369864,105.02146462379328,50.910664569821165,-8.867519688914832,8.152163448862655,1.0063693553852602,3.0-4.0%,1.00-1.02,2025-09-19→2025-09-22
2025-09-19,2025-09-22,C,6715.0,0.03287671232876712,124.97352884762303,0.9452065173631666,25.64388876162593,0.34189483895428663,6664.360000000001,6693.75,0.030136986301369864,94.90789609512419,35.096989779898195,-5.429619545302916,12.301710683133717,1.0071192580345785,3.0-4.0%,1.00-1.02,2025-09-19→2025-09-22
2025-09-19,2025-09-22,P,6715.0,0.03287671232876712,172.4188273228512,-0.054793482637775094,73.11177036632307,-0.658581143494933,6664.360000000001,6693.75,0.030136986301369864,108.49103294312886,53.42644913348522,-9.739619545275817,8.005699807315704,1.0071192580345785,3.0-4.0%,1.00-1.02,2025-09-19→2025-09-22
2025-09-19,2025-09-22,C,6720.0,0.03287671232876712,120.69314811061494,0.9461982802352232,23.744192211435347,0.32491364850358107,6664.360000000001,6693.75,0.030136986301369864,92.72574342315822,32.71723371458256,-6.158767456112653,12.100787870479948,1.007869160683897,3.0-4.0%,1.00-1.02,2025-09-19→2025-09-22
2025-09-19,2025-09-22,P,6720.0,0.03287671232876712,173.13606780584803,-0.053801719765940226,76.21207381613203,-0.6755623339456414,6664.360000000001,6693.75,0.030136986301369864,111.30317151229838,56.046693068169134,-10.61876745607905,7.654776994662004,1.007869160683897,3.0-4.0%,1.00-1.02,2025-09-19→2025-09-22
2025-09-19,2025-09-22,C,6725.0,0.03287671232876712,123.12287985120416,0.9256490549442852,21.94449279767332,0.3081375252092397,6664.360000000001,6693.75,0.030136986301369864,90.92991567925661,30.44339607170423,-6.204825724812,11.943838134100629,1.0086190633332153,3.0-4.0%,1.00-1.02,2025-09-19→2025-09-22
2025-09-19,2025-09-22,P,6725.0,0.03287671232876712,180.5634207664492,-0.07435094505676211,80.31230029636845,-0.6882699546038362,6664.360000000001,6693.75,0.030136986301369864,114.50163500953533,59.721062068090305,-11.464825724781797,6.578253965806354,1.0086190633332153,3.0-4.0%,1.00-1.02,2025-09-19→2025-09-22
2025-09-19,2025-09-22,C,6730.0,0.03287671232876712,124.2984966358499,0.9389252178969985,20.444769273342217,0.29263179768216474,6664.360000000001,6693.75,0.030136986301369864,89.00282210575634,28.490480615031174,-7.4950121539922385,11.499551466121346,1.0093689659825336,3.0-4.0%,1.00-1.02,2025-09-19→2025-09-22
2025-09-19,2025-09-22,P,6730.0,0.03287671232876712,186.73665877112143,-0.06107478210382068,83.61258914938298,-0.704390124786543,6664.360000000001,6693.75,0.030136986301369864,117.56883267717573,62.56539075797809,-12.55501215396874,6.352025767476093,1.0093689659825336,3.0-4.0%,1.00-1.02,2025-09-19→2025-09-22
2025-09-19,2025-09-22,C,6740.0,0.03287671232876712,115.628277142319,0.9229418956853717,17.14535968352311,0.25960932082434246,6664.360000000001,6693.75,0.030136986301369864,85.9097442165752,24.272612420011683,-8.325262314192532,11.170082060972732,1.0108687712811704,3.0-4.0%,1.00-1.02,2025-09-19→2025-09-22
2025-09-19,2025-09-22,P,6740.0,0.03287671232876712,188.06168171761476,-0.0770581043155882,90.51314702934815,-0.7355997864015866,6664.360000000001,6693.75,0.030136986301369864,124.4643372702687,68.58277976738918,-13.585262314164902,5.76927772234221,1.0108687712811704,3.0-4.0%,1.00-1.02,2025-09-19→2025-09-22
