asof0,asof1,cp,K,T,price0_pde,delta0_pde,price0_bsm,delta0_bsm,S0,S1,T1,price1_pde,price1_bsm,pnl_pde,pnl_bsm,m,T_bucket,m_bucket,pair
2025-09-22,2025-09-23,C,6620.0,0.005479452054794521,84.2247264687741,0.8520468138923122,77.4500000006883,0.8743383707939036,6693.75,6656.92,0.005479452054794521,53.78160126948206,47.89928995545051,3.73088415565379,4.551882196339399,0.9890339737652016,<1.0%,0.98-1.00,2025-09-22→2025-09-23
2025-09-22,2025-09-23,P,6620.0,0.005479452054794521,10.820888359591956,-0.14795318610767214,4.050000000688328,-0.12560934162439644,6693.75,6656.92,0.005479452054794521,13.104698841804618,11.327364203816387,-0.2991158443455548,0.5238079479734878,0.9890339737652016,<1.0%,0.98-1.00,2025-09-22→2025-09-23
2025-09-22,2025-09-23,C,6625.0,0.005479452054794521,80.63191945428525,0.8453512278255535,72.89999999131669,0.8612862540900962,6693.75,6656.92,0.005479452054794521,54.627646676419346,44.034379156630166,4.084285720815071,4.671172738138175,0.9897809782771089,<1.0%,0.98-1.00,2025-09-22→2025-09-23
2025-09-22,2025-09-23,P,6625.0,0.005479452054794521,12.228342796682288,-0.15464877217441975,4.449999983266707,-0.13781145837690909,6693.75,6656.92,0.005479452054794521,18.947906709146643,12.383370158207754,0.054285720816132255,0.6744039879784482,0.9897809782771089,<1.0%,0.98-1.00,2025-09-22→2025-09-23
2025-09-22,2025-09-23,C,6630.0,0.005479452054794521,76.92612082896126,0.8401987400895787,68.25000002268644,0.8493991706767618,6693.75,6656.92,0.005479452054794521,50.41472131439104,40.04607010621203,4.6445195974991265,4.983371456025079,0.9905279827890161,<1.0%,0.98-1.00,2025-09-22→2025-09-23
2025-09-22,2025-09-23,P,6630.0,0.005479452054794521,13.522805622936072,-0.15980125991046767,4.8500000226861175,-0.1505485417415276,6693.75,6656.92,0.005479452054794521,19.73214380751915,13.474144354577675,0.5145195974974879,0.8552972076595502,0.9905279827890161,<1.0%,0.98-1.00,2025-09-22→2025-09-23
2025-09-22,2025-09-23,C,6635.0,0.005479452054794521,73.23699927846224,0.8183438749292901,62.199999975399805,0.8619717465587103,6693.75,6656.92,0.005479452054794521,46.23881011099882,33.89905866173376,6.08960491364569,7.6964194257572345,0.9912749873009233,<1.0%,0.98-1.00,2025-09-22→2025-09-23
2025-09-22,2025-09-23,P,6635.0,0.005479452054794521,14.833945524017631,-0.18165612507071197,5.250000000001364,-0.16394176531546203,6693.75,6656.92,0.005479452054794521,20.55339506453198,14.607329550075065,0.4596049136456921,1.1120247834315453,0.9912749873009233,<1.0%,0.98-1.00,2025-09-22→2025-09-23
2025-09-22,2025-09-23,C,6640.0,0.005479452054794521,70.1856794586185,0.8020039741073969,59.249999999611646,0.8187267624349108,6693.75,6656.92,0.005479452054794521,48.69038388945156,32.65410578547471,4.837806366375364,5.453706660477703,0.9920219918128306,<1.0%,0.98-1.00,2025-09-22→2025-09-23
2025-09-22,2025-09-23,P,6640.0,0.005479452054794521,16.782887155752803,-0.19799602589256465,5.799999999399461,-0.18045630438893284,6693.75,6656.92,0.005479452054794521,28.00213130338267,16.009842019317603,0.7078063663768583,1.3537943093556164,0.9920219918128306,<1.0%,0.98-1.00,2025-09-22→2025-09-23
2025-09-22,2025-09-23,C,6645.0,0.005479452054794521,66.96260484920042,0.8092712917629354,54.75000000271666,0.8021831054279954,6693.75,6656.92,0.005479452054794521,46.00998349548718,29.031589000309395,6.055461675628852,5.7944037729130144,0.9927689963247378,<1.0%,0.98-1.00,2025-09-22→2025-09-23
2025-09-22,2025-09-23,P,6645.0,0.005479452054794521,18.56007399791342,-0.1907287082370836,6.3500000027152055,-0.19776460699030393,6693.75,6656.92,0.005479452054794521,30.31889336982548,17.459663248675042,1.9254616756282257,1.6663295245471215,0.9927689963247378,<1.0%,0.98-1.00,2025-09-22→2025-09-23
2025-09-22,2025-09-23,C,6650.0,0.005479452054794521,63.55232607597216,0.7859329499894999,50.44999999999891,0.7817977660520161,6693.75,6656.92,0.005479452054794521,41.763100977188884,25.741554438343883,6.145910548113221,5.993611723695693,0.9935160008366452,<1.0%,0.98-1.00,2025-09-22→2025-09-23
2025-09-22,2025-09-23,P,6650.0,0.005479452054794521,20.150056676264036,-0.2140670500105005,7.04999999999859,-0.21814994636627255,6693.75,6656.92,0.005479452054794521,31.06917331192454,19.16962868670862,1.9659105481132801,1.8155374753301956,0.9935160008366452,<1.0%,0.98-1.00,2025-09-22→2025-09-23
2025-09-22,2025-09-23,C,6655.0,0.005479452054794521,60.85015766624761,0.7645080625402891,46.14999999907832,0.7603957007286476,6693.75,6656.92,0.005479452054794521,41.022167840205796,22.507327654973324,6.456831943358793,6.305373657836036,0.9942630053485524,<1.0%,0.98-1.00,2025-09-22→2025-09-23
2025-09-22,2025-09-23,P,6655.0,0.005479452054794521,22.448149718119346,-0.23549193745970304,7.799999999259626,-0.24018913676705925,6693.75,6656.92,0.005479452054794521,35.32540263535145,20.999195975783095,2.276831943359154,2.1038340928692243,0.9942630053485524,<1.0%,0.98-1.00,2025-09-22→2025-09-23
2025-09-22,2025-09-23,C,6660.0,0.005479452054794521,58.21589443084771,0.7639768420768784,42.00000001593162,0.7359033812244156,6693.75,6656.92,0.005479452054794521,44.942055589849105,19.52648923406241,7.587267093691377,6.553321530495172,0.9950100098604596,<1.0%,0.98-1.00,2025-09-22→2025-09-23
2025-09-22,2025-09-23,P,6660.0,0.005479452054794521,24.81414793429954,-0.23602315792312467,8.600000015931755,-0.2640443311938839,6693.75,6656.92,0.005479452054794521,44.242452845391966,22.954563482428966,3.4572670936913337,2.425247282129275,0.9950100098604596,<1.0%,0.98-1.00,2025-09-22→2025-09-23
2025-09-22,2025-09-23,C,6665.0,0.005479452054794521,55.37382930417816,0.7553752208664474,37.950000000006185,0.7089674181471274,6693.75,6656.92,0.005479452054794521,41.203601840170656,16.730116867490324,8.520469384511198,6.811270010358644,0.9957570143723669,<1.0%,0.98-1.00,2025-09-22→2025-09-23
2025-09-22,2025-09-23,P,6665.0,0.005479452054794521,26.972344259209777,-0.2446247791335496,9.600000000005139,-0.2914999353646862,6693.75,6656.92,0.005479452054794521,45.50116155610986,25.21530433677799,4.340469384511385,2.614057380518627,0.9957570143723669,<1.0%,0.98-1.00,2025-09-22→2025-09-23
2025-09-22,2025-09-23,C,6670.0,0.005479452054794521,52.70662531247113,0.7298539366230755,34.04999995462913,0.6790562975745396,6693.75,6656.92,0.005479452054794521,37.43743182840937,14.171091043412162,8.880520485827823,7.009643439670246,0.9965040188842741,<1.0%,0.98-1.00,2025-09-22→2025-09-23
2025-09-22,2025-09-23,P,6670.0,0.005479452054794521,29.30540171908023,-0.27014606337692415,10.699999958318585,-0.3213404412805173,6693.75,6656.92,0.005479452054794521,46.73215400475274,27.652696080885562,4.700520485827905,2.815031547638574,0.9965040188842741,<1.0%,0.98-1.00,2025-09-22→2025-09-23
2025-09-22,2025-09-23,C,6675.0,0.005479452054794521,50.79822577781976,0.7129560030688922,30.299999999956526,0.6462654527270767,6693.75,6656.92,0.005479452054794521,44.64618760890614,11.839273170687193,9.608169593027249,7.15195662393819,0.9972510233961813,<1.0%,0.98-1.00,2025-09-22→2025-09-23
2025-09-22,2025-09-23,P,6675.0,0.005479452054794521,32.397263636009384,-0.2870439969311064,11.94999999996071,-0.35405230098665397,6693.75,6656.92,0.005479452054794521,58.938072245659896,30.317180139012635,5.4281695930273735,2.9602537546615597,0.9972510233961813,<1.0%,0.98-1.00,2025-09-22→2025-09-23
2025-09-22,2025-09-23,C,6680.0,0.005479452054794521,48.643101760993176,0.7273136138164806,26.75000000444652,0.6103796385456604,6693.75,6656.92,0.005479452054794521,42.64272808868955,9.771803389602155,11.53696039686093,7.230282087636628,0.9979980279080887,<1.0%,0.98-1.00,2025-09-22→2025-09-23
2025-09-22,2025-09-23,P,6680.0,0.005479452054794521,35.24240107076193,-0.2726863861834903,13.350000004447793,-0.38956807387264275,6693.75,6656.92,0.005479452054794521,61.931775185834866,33.19987763796871,7.356960396862071,3.0522078392705936,0.9979980279080887,<1.0%,0.98-1.00,2025-09-22→2025-09-23
2025-09-22,2025-09-23,C,6685.0,0.005479452054794521,46.133846804327185,0.7017906967917005,23.400000000000546,0.5717133450002205,6693.75,6656.92,0.005479452054794521,38.71844261553702,7.9497795067836705,12.046951362838277,7.25620249635808,0.9987450324199959,<1.0%,0.98-1.00,2025-09-22→2025-09-23
2025-09-22,2025-09-23,P,6685.0,0.005479452054794521,37.73340756567452,-0.29820930320827843,15.049999999999727,-0.42841706063351537,6693.75,6656.92,0.005479452054794521,63.00465217308942,36.42013990842224,7.916951362839129,3.1213996568676627,0.9987450324199959,<1.0%,0.98-1.00,2025-09-22→2025-09-23
2025-09-22,2025-09-23,C,6690.0,0.005479452054794521,44.79386496015273,0.6806542195917116,20.299999999237116,0.5304990075913171,6693.75,6656.92,0.005479452054794521,40.00054335442381,6.394286043614784,12.668494907562687,7.138278449588169,0.9994920369319031,<1.0%,0.98-1.00,2025-09-22→2025-09-23
2025-09-22,2025-09-23,P,6690.0,0.005479452054794521,41.39368717307883,-0.3193457804082853,16.849999999218653,-0.4693736259897506,6693.75,6656.92,0.005479452054794521,69.283915372386,39.78383151624348,8.638494907562874,3.112969354797521,0.9994920369319031,<1.0%,0.98-1.00,2025-09-22→2025-09-23
2025-09-22,2025-09-23,C,6695.0,0.005479452054794521,43.40042520046131,0.6891145274088077,17.30000030626252,0.48725008127113717,6693.75,6656.92,0.005479452054794521,43.82588914302996,4.973823255044863,14.53008804446634,7.0954204932159435,1.0002390414438105,<1.0%,1.00-1.02,2025-09-22→2025-09-23
2025-09-22,2025-09-23,P,6695.0,0.005479452054794521,45.000508864965184,-0.31088547259125876,18.900000306262427,-0.5126976311471639,6693.75,6656.92,0.005479452054794521,78.1064236213895,43.40189750341051,10.45008804446396,3.017346244849989,1.0002390414438105,<1.0%,1.00-1.02,2025-09-22→2025-09-23
2025-09-22,2025-09-23,C,6700.0,0.005479452054794521,41.63417984192531,0.68115687637319,14.60000034233326,0.442172048267775,6693.75,6656.92,0.005479452054794521,40.23348927269331,3.820595954511191,15.687007756824539,6.885196537702122,1.0009860459557176,<1.0%,1.00-1.02,2025-09-22→2025-09-23
2025-09-22,2025-09-23,P,6700.0,0.005479452054794521,48.23452495801095,-0.3188431236268122,21.250000357870704,-0.5576047760651284,6693.75,6656.92,0.005479452054794521,79.51118621145301,47.27986372307896,11.557007756824527,2.763416097521361,1.0009860459557176,<1.0%,1.00-1.02,2025-09-22→2025-09-23
2025-09-22,2025-09-23,C,6705.0,0.005479452054794521,40.10763847066981,0.6562154235906283,12.200000001881563,0.396295027305465,6693.75,6656.92,0.005479452054794521,36.60514193462234,2.89978553753474,16.168414050842795,6.595545855660249,1.001733050467625,<1.0%,1.00-1.02,2025-09-22→2025-09-23
2025-09-22,2025-09-23,P,6705.0,0.005479452054794521,51.70824503833359,-0.3437845764094004,23.85000000177979,-0.6033442871516377,6693.75,6656.92,0.005479452054794521,80.88000133378537,51.35567852927579,11.888414050841805,2.328829904205225,1.001733050467625,<1.0%,1.00-1.02,2025-09-22→2025-09-23
2025-09-22,2025-09-23,C,6710.0,0.005479452054794521,39.37426046968376,0.6430198927645882,10.049999999849206,0.35029045280064414,6693.75,6656.92,0.005479452054794521,43.904660948217504,2.154588132348522,16.982422650519737,6.201197376647697,1.002480054979532,<1.0%,1.00-1.02,2025-09-22→2025-09-23
2025-09-22,2025-09-23,P,6710.0,0.005479452054794521,55.975128488926735,-0.3569801072354205,26.699999999863394,-0.6492017109520727,6693.75,6656.92,0.005479452054794521,93.17668280778835,55.607289877057156,12.302422650519494,1.5399009856352173,1.002480054979532,<1.0%,1.00-1.02,2025-09-22→2025-09-23
2025-09-22,2025-09-23,C,6715.0,0.005479452054794521,38.37349859929302,0.6650130549745846,8.200000000000273,0.3055411267000552,6693.75,6656.92,0.005479452054794521,41.914202163690234,1.5857771660839717,18.917430814713903,5.67807969636301,1.0032270594914394,<1.0%,1.00-1.02,2025-09-22→2025-09-23
2025-09-22,2025-09-23,P,6715.0,0.005479452054794521,59.97462807011418,-0.33498694502538423,29.649999999999636,-0.6962571457927995,6693.75,6656.92,0.005479452054794521,96.1833864836484,59.94931330680902,15.062430814715121,1.7568493204512414,1.0032270594914394,<1.0%,1.00-1.02,2025-09-22→2025-09-23
2025-09-22,2025-09-23,C,6720.0,0.005479452054794521,36.796162900210575,0.6413477241801989,6.600000036330812,0.26261458334211213,6693.75,6656.92,0.005479452054794521,38.04839366582661,1.1463607420780022,19.04583668155668,5.097095104489972,1.0039740640033465,<1.0%,1.00-1.02,2025-09-22→2025-09-23
2025-09-22,2025-09-23,P,6720.0,0.005479452054794521,63.397553822613745,-0.35865227581976616,33.05000006588125,-0.7396725956313226,6693.75,6656.92,0.005479452054794521,97.31474044619759,64.5178392927246,15.190836681558045,1.1578583028984468,1.0039740640033465,<1.0%,1.00-1.02,2025-09-22→2025-09-23
2025-09-22,2025-09-23,C,6725.0,0.005479452054794521,36.35191501084333,0.6219741696832419,5.250000255422719,0.22249827968735775,6693.75,6656.92,0.005479452054794521,38.80487169918239,0.817912200618764,19.232308669433753,4.51961164088537,1.004721068515254,<1.0%,1.00-1.02,2025-09-22→2025-09-23
2025-09-22,2025-09-23,P,6725.0,0.005479452054794521,67.9535673848246,-0.3780258303167402,36.70000000000164,-0.7802930039219981,6693.75,6656.92,0.005479452054794521,103.06838093995431,69.19648016714291,15.327308669434487,0.5118086655528664,1.004721068515254,<1.0%,1.00-1.02,2025-09-22→2025-09-23
2025-09-22,2025-09-23,C,6730.0,0.005479452054794521,35.84389734702487,0.6364327494376542,4.14999999992483,0.18631428296768915,6693.75,6656.92,0.005479452054794521,43.19857893793751,0.5829354304671597,20.464818161788756,3.886955041699977,1.0054680730271612,<1.0%,1.00-1.02,2025-09-22→2025-09-23
2025-09-22,2025-09-23,P,6730.0,0.005479452054794521,72.44581117258538,-0.3635672505623587,40.59999999949923,-0.8169790627555344,6693.75,6656.92,0.005479452054794521,112.4592506391078,73.96755863793442,16.45981816178834,-0.23933888128628666,1.0054680730271612,<1.0%,1.00-1.02,2025-09-22→2025-09-23
2025-09-22,2025-09-23,C,6620.0,0.00821917808219178,92.16840043892365,0.8395912938102773,81.16108849441298,0.8302802754710695,6693.75,6656.92,0.005479452054794521,53.78160126948206,48.078230597896436,-0.4278526489675549,-0.7707774544005765,0.9889433509874572,<1.0%,0.98-1.00,2025-09-22→2025-09-23
2025-09-22,2025-09-23,P,6620.0,0.00821917808219178,18.157956111214457,-0.1604087061897197,7.047749000003705,-0.168549739299848,6693.75,6656.92,0.005479452054794521,13.104698841804618,10.875771220517208,-3.757852648967366,-4.057686898413391,0.9889433509874572,<1.0%,0.98-1.00,2025-09-22→2025-09-23
2025-09-22,2025-09-23,C,6625.0,0.00821917808219178,88.98578876715852,0.8351494764356158,76.71091847647585,0.8175410422157229,6693.75,6656.92,0.005479452054794521,54.627646676419346,44.17243940162098,-0.09144478287631941,-0.7399634151949748,0.9896902870531576,<1.0%,0.98-1.00,2025-09-22→2025-09-23
2025-09-22,2025-09-23,P,6625.0,0.00821917808219178,19.975147729233186,-0.16485052356435223,7.597577886819863,-0.18133211494856383,6693.75,6656.92,0.005479452054794521,18.947906709146643,11.970726513083264,-3.471444782875081,-4.078461793555593,0.9896902870531576,<1.0%,0.98-1.00,2025-09-22→2025-09-23
2025-09-22,2025-09-23,C,6630.0,0.00821917808219178,85.67128712035155,0.8331220769233847,72.3107344511991,0.8037632961278984,6693.75,6656.92,0.005479452054794521,50.41472131439104,40.37685354551559,0.3338860930881893,-0.7473978036095694,0.9904372231188582,<1.0%,0.98-1.00,2025-09-22→2025-09-23
2025-09-22,2025-09-23,P,6630.0,0.00821917808219178,21.66044937220774,-0.1668779230766303,8.197393239863459,-0.19515665794192372,6693.75,6656.92,0.005479452054794521,19.73214380751915,13.176186938740102,-3.096113906912281,-4.137619712001036,0.9904372231188582,<1.0%,0.98-1.00,2025-09-22→2025-09-23
2025-09-22,2025-09-23,C,6635.0,0.00821917808219178,82.32419682514714,0.8146518928340285,67.96053619427039,0.7889207739595502,6693.75,6656.92,0.005479452054794521,46.23881011099882,36.69613389656115,0.20362921307720683,-0.7440478950698299,0.9911841591845587,<1.0%,0.98-1.00,2025-09-22→2025-09-23
2025-09-22,2025-09-23,P,6635.0,0.00821917808219178,23.313162366786695,-0.18534810716594452,8.897187152176684,-0.2105852681392376,6693.75,6656.92,0.005479452054794521,20.55339506453198,14.5492071949202,-3.3263707869217214,-4.255855425568104,0.9911841591845587,<1.0%,0.98-1.00,2025-09-22→2025-09-23
2025-09-22,2025-09-23,C,6640.0,0.00821917808219178,79.68908089376265,0.8018014095799764,66.01003636518726,0.7514984223694234,6693.75,6656.92,0.005479452054794521,48.69038388945156,35.500803278695,-1.9196540851695332,-3.7723131041341915,0.9919310952502591,<1.0%,0.98-1.00,2025-09-22→2025-09-23
2025-09-22,2025-09-23,P,6640.0,0.00821917808219178,25.677849725185325,-0.1981985904199569,9.59697376051895,-0.22655438364670233,6693.75,6656.92,0.005479452054794521,28.00213130338267,15.98914178253608,-3.099654085166997,-4.143997949708028,0.9919310952502591,<1.0%,0.98-1.00,2025-09-22→2025-09-23
2025-09-22,2025-09-23,C,6645.0,0.00821917808219178,76.85320412262645,0.811384689620313,58.11027094104429,0.7690660282364434,6693.75,6656.92,0.005479452054794521,46.00998349548718,28.369910417037318,2.783298118716065,1.2247018199481552,0.9926780313159597,<1.0%,0.98-1.00,2025-09-22→2025-09-23
2025-09-22,2025-09-23,P,6645.0,0.00821917808219178,27.84177624383169,-0.18861531037967147,10.396738839992395,-0.2441492009598516,6693.75,6656.92,0.005479452054794521,30.31889336982548,17.604879518311463,-2.046701881283286,-4.092015071351316,0.9926780313159597,<1.0%,0.98-1.00,2025-09-22→2025-09-23
2025-09-22,2025-09-23,C,6650.0,0.00821917808219178,73.76824520736264,0.7926050080510193,55.30983879711221,0.7367068509256087,6693.75,6656.92,0.005479452054794521,41.763100977188884,26.493172706431324,1.5416424465189849,-0.5170866804098821,0.9934249673816602,<1.0%,0.98-1.00,2025-09-22→2025-09-23
2025-09-22,2025-09-23,P,6650.0,0.00821917808219178,29.756620618349544,-0.2073949919489665,11.296482632729749,-0.26333249266571396,6693.75,6656.92,0.005479452054794521,31.06917331192454,19.398569091398258,-2.038357553480423,-4.098535704878229,0.9934249673816602,<1.0%,0.98-1.00,2025-09-22→2025-09-23
2025-09-22,2025-09-23,C,6655.0,0.00821917808219178,71.42410140068323,0.7757758808971531,51.35955641458986,0.7155667405058621,6693.75,6656.92,0.005479452054794521,41.022167840205796,23.514124281713066,1.6718256934420914,-0.5456769471691523,0.9941719034473606,<1.0%,0.98-1.00,2025-09-22→2025-09-23
2025-09-22,2025-09-23,P,6655.0,0.00821917808219178,32.412280101453895,-0.22422411910284837,12.196216515662627,-0.2832545901378752,6693.75,6656.92,0.005479452054794521,35.32540263535145,21.276259666843544,-1.708174306557888,-3.882266554777921,0.9941719034473606,<1.0%,0.98-1.00,2025-09-22→2025-09-23
2025-09-22,2025-09-23,C,6660.0,0.00821917808219178,69.13686929598913,0.7779456490915387,49.20910149444626,0.6815108345496106,6693.75,6656.92,0.005479452054794521,44.942055589849105,22.265402946563427,0.9017382560413125,-2.649955963537895,0.9949188395130611,<1.0%,0.98-1.00,2025-09-22→2025-09-23
2025-09-22,2025-09-23,P,6660.0,0.00821917808219178,35.124851286542196,-0.2220543509084545,13.295918343285848,-0.3055936397933593,6693.75,6656.92,0.005479452054794521,44.242452845391966,23.43347813407763,-0.7282617439583632,-3.8050137535894013,0.9949188395130611,<1.0%,0.98-1.00,2025-09-22→2025-09-23
2025-09-22,2025-09-23,C,6665.0,0.00821917808219178,66.61734476047546,0.7730654616066571,43.558951495630936,0.6702777934193174,6693.75,6656.92,0.005479452054794521,41.203601840170656,17.911434615820326,3.572000950973127,-0.2136688683665895,0.9956657755787617,<1.0%,0.98-1.00,2025-09-22→2025-09-23
2025-09-22,2025-09-23,P,6665.0,0.00821917808219178,37.605130040811645,-0.22693453839334032,14.445603980993383,-0.32911369005816765,6693.75,6656.92,0.005479452054794521,45.50116155610986,25.728225109663526,0.14200095097329246,-3.6212572048422906,0.9956657755787617,<1.0%,0.98-1.00,2025-09-22→2025-09-23
2025-09-22,2025-09-23,C,6670.0,0.00821917808219178,64.22253277604919,0.7529025202314157,39.85861366666359,0.6449839766268256,6693.75,6656.92,0.005479452054794521,37.43743182840937,15.430867936736377,3.9293998201229847,-0.04524014083406058,0.9964127116444621,<1.0%,0.98-1.00,2025-09-22→2025-09-23
2025-09-22,2025-09-23,P,6670.0,0.00821917808219178,40.21012134616534,-0.24709747976861948,15.845257502281584,-0.3550553669644946,6693.75,6656.92,0.005479452054794521,46.73215400475274,28.33626432170331,0.399399820121765,-3.576689165302307,0.9964127116444621,<1.0%,0.98-1.00,2025-09-22→2025-09-23
2025-09-22,2025-09-23,C,6675.0,0.00821917808219178,62.60237499847045,0.7407145173992756,36.25825582800371,0.6181910316942592,6693.75,6656.92,0.005479452054794521,44.64618760890614,13.132900948155111,4.680515675815265,0.1679756972995179,0.9971596477101626,<1.0%,0.98-1.00,2025-09-22→2025-09-23
2025-09-22,2025-09-23,P,6675.0,0.00821917808219178,43.589766858371014,-0.25928548260074036,17.194902689755963,-0.38162171671478223,6693.75,6656.92,0.005479452054794521,58.938072245659896,30.998185948023092,1.2005156758147475,-3.305127826605405,0.9971596477101626,<1.0%,0.98-1.00,2025-09-22→2025-09-23
2025-09-22,2025-09-23,C,6680.0,0.00821917808219178,60.73606832441457,0.755754592958858,32.90787069805401,0.5893574048347905,6693.75,6656.92,0.005479452054794521,42.64272808868955,11.131206696984464,6.434441658674682,0.30603322006528444,0.9979065837758632,<1.0%,0.98-1.00,2025-09-22→2025-09-23
2025-09-22,2025-09-23,P,6680.0,0.00821917808219178,46.723263474098516,-0.2442454070410986,18.744521404404622,-0.4101672568927393,6693.75,6656.92,0.005479452054794521,61.931775185834866,33.92324059463408,3.004441658676356,-3.1064600713595585,0.9979065837758632,<1.0%,0.98-1.00,2025-09-22→2025-09-23
2025-09-22,2025-09-23,C,6685.0,0.00821917808219178,58.44003561083606,0.7356424799529334,29.657469727886564,0.5592934194219314,6693.75,6656.92,0.005479452054794521,38.71844261553702,9.297904401662436,7.043712536666487,0.5487766373096967,0.9986535198415636,<1.0%,0.98-1.00,2025-09-22→2025-09-23
2025-09-22,2025-09-23,P,6685.0,0.00821917808219178,49.427034050301906,-0.26435752004703755,20.644113563503197,-0.44074592416938624,6693.75,6656.92,0.005479452054794521,63.00465217308942,37.20330078662846,3.56371253666763,-2.9326723871584583,0.9986535198415636,<1.0%,0.98-1.00,2025-09-22→2025-09-23
2025-09-22,2025-09-23,C,6690.0,0.00821917808219178,57.30895788860849,0.7197864630498199,26.55704988558955,0.5279016448125669,6693.75,6656.92,0.005479452054794521,40.00054335442381,7.664848116498888,7.859735434124815,0.7926175784468015,0.9994004559072641,<1.0%,0.98-1.00,2025-09-22→2025-09-23
2025-09-22,2025-09-23,P,6690.0,0.00821917808219178,53.29575961785905,-0.2802135369501511,22.44369504594988,-0.47203833116582017,6693.75,6656.92,0.005479452054794521,69.283915372386,40.50459224662609,4.479735434125953,-2.5851717368371254,0.9994004559072641,<1.0%,0.98-1.00,2025-09-22→2025-09-23
2025-09-22,2025-09-23,C,6695.0,0.00821917808219178,56.11895338073538,0.7291855753162912,23.606614488241576,0.4953027400450594,6693.75,6656.92,0.005479452054794521,43.82588914302996,6.223176816335126,9.705904738898951,1.0919999158594997,1.0001473919729647,<1.0%,1.00-1.02,2025-09-22→2025-09-23
2025-09-22,2025-09-23,P,6695.0,0.00821917808219178,57.105558399766124,-0.2708144246837312,24.59325832385821,-0.5047366035462582,6693.75,6656.92,0.005479452054794521,78.1064236213895,44.12857320130115,6.225904738898196,-2.3894491086086553,1.0001473919729647,<1.0%,1.00-1.02,2025-09-22→2025-09-23
2025-09-22,2025-09-23,C,6700.0,0.00821917808219178,54.523182650206756,0.72389191519351,20.856165632462762,0.4616961786067776,6693.75,6656.92,0.005479452054794521,40.23348927269331,4.991123934740017,11.01093923657692,1.3542702580875812,1.000894328038665,<1.0%,1.00-1.02,2025-09-22→2025-09-23
2025-09-22,2025-09-23,P,6700.0,0.00821917808219178,60.509590959022624,-0.2761080848064593,26.79280828365563,-0.5384317279543271,6693.75,6656.92,0.005479452054794521,79.51118621145301,47.86890432902328,7.58093923657812,-2.0804405405578343,1.000894328038665,<1.0%,1.00-1.02,2025-09-22→2025-09-23
2025-09-22,2025-09-23,C,6705.0,0.00821917808219178,53.12243758458082,0.7042412438916424,18.30570772657893,0.4274092710390805,6693.75,6656.92,0.005479452054794521,36.60514193462234,3.9508904743729545,11.83720501252914,1.641483452369302,1.0016412641043657,<1.0%,1.00-1.02,2025-09-22→2025-09-23
2025-09-22,2025-09-23,P,6705.0,0.00821917808219178,64.1086491831753,-0.29575875610838853,29.24234937008123,-0.5727941124500578,6693.75,6656.92,0.005479452054794521,80.88000133378537,51.83126960390837,8.25720501252807,-1.94600716153559,1.0016412641043657,<1.0%,1.00-1.02,2025-09-22→2025-09-23
2025-09-22,2025-09-23,C,6710.0,0.00821917808219178,52.505364954545925,0.695013730116228,16.005248563004443,0.3930287869982348,6693.75,6656.92,0.005479452054794521,43.904660948217504,3.1068562096500045,12.947355680180626,1.8252502251449592,1.0023882001700661,<1.0%,1.00-1.02,2025-09-22→2025-09-23
2025-09-22,2025-09-23,P,6710.0,0.00821917808219178,68.49137984292668,-0.30498626988374766,31.941889159110815,-0.6072530374266784,6693.75,6656.92,0.005479452054794521,93.17668280778835,55.98971800517029,8.9673556801816,-2.165129368424516,1.0023882001700661,<1.0%,1.00-1.02,2025-09-22→2025-09-23
2025-09-22,2025-09-23,C,6715.0,0.00821917808219178,51.64342282669749,0.714714735973707,13.80478328941308,0.3581913091953635,6693.75,6656.92,0.005479452054794521,41.914202163690234,2.3731572041330082,15.147943725911578,2.017185917665211,1.0031351362357666,<1.0%,1.00-1.02,2025-09-22→2025-09-23
2025-09-22,2025-09-23,P,6715.0,0.00821917808219178,72.62924100486076,-0.2852852640262363,34.74142275694703,-0.6421750041966323,6693.75,6656.92,0.005479452054794521,96.1833864836484,60.258533925346455,11.792943725913736,-1.3513054045619235,1.0031351362357666,<1.0%,1.00-1.02,2025-09-22→2025-09-23
2025-09-22,2025-09-23,C,6720.0,0.00821917808219178,50.13371194925953,0.6953965567150208,11.904332284539123,0.3244245370339686,6693.75,6656.92,0.005479452054794521,38.04839366582661,1.8170163965165784,15.736455183814165,2.073555698961041,1.0038820723014672,<1.0%,1.00-1.02,2025-09-22→2025-09-23
2025-09-22,2025-09-23,P,6720.0,0.00821917808219178,76.11933341720432,-0.3046034432849608,37.84097061254124,-0.67602684329234,6693.75,6656.92,0.005479452054794521,97.31474044619759,64.70465709938253,12.381455183814918,-1.2980686384568294,1.0038820723014672,<1.0%,1.00-1.02,2025-09-22→2025-09-23
2025-09-22,2025-09-23,C,6725.0,0.00821917808219178,49.768926282268396,0.680690714951175,10.103881509946405,0.2906681766618535,6693.75,6656.92,0.005479452054794521,38.80487169918239,1.344843829102274,16.544839031651726,2.1803089464560443,1.0046290083671676,<1.0%,1.00-1.02,2025-09-22→2025-09-23
2025-09-22,2025-09-23,P,6725.0,0.00821917808219178,80.75435103999878,-0.3193092850487865,40.94050502528535,-0.7108924185051039,6693.75,6656.92,0.005479452054794521,103.06838093995431,69.20399788577924,13.239839031653217,-1.1821677735429255,1.0046290083671676,<1.0%,1.00-1.02,2025-09-22→2025-09-23
2025-09-22,2025-09-23,C,6730.0,0.00821917808219178,49.34621339364512,0.694001266325375,8.553453563049288,0.25861346111792616,6693.75,6656.92,0.005479452054794521,43.19857893793751,0.9927013117101069,18.18506663876351,2.1497337729732005,1.005375944432868,<1.0%,1.00-1.02,2025-09-22→2025-09-23
2025-09-22,2025-09-23,P,6730.0,0.00821917808219178,85.33144144115676,-0.3059987336746162,44.3400653261333,-0.7438354754782041,6693.75,6656.92,0.005479452054794521,112.4592506391078,73.84468810972157,14.830066638763894,-1.295460561862214,1.005375944432868,<1.0%,1.00-1.02,2025-09-22→2025-09-23
2025-09-22,2025-09-23,C,6620.0,0.010958904109589041,99.62479780867888,0.8404021112886024,88.82772045733054,0.7786485455937178,6693.75,6656.92,0.00821917808219178,62.54967577974284,57.09444161177271,-1.1479902412408265,-3.4223740657834263,0.9886615485243729,1.0-2.0%,0.98-1.00,2025-09-22→2025-09-23
2025-09-22,2025-09-23,P,6620.0,0.010958904109589041,23.72803824369957,-0.159597888711389,10.605806747811812,-0.2029982082342283,6693.75,6656.92,0.00821917808219178,20.08376127554159,16.11683293411079,-2.177990241240444,-3.776424009266612,0.9886615485243729,1.0-2.0%,0.98-1.00,2025-09-22→2025-09-23
2025-09-22,2025-09-23,C,6625.0,0.010958904109589041,96.65289357068976,0.8372209928806287,82.27756022137419,0.7842582236977418,6693.75,6656.92,0.00821917808219178,64.6534707144934,50.949041996606866,1.4348491677934874,-0.5157696212122325,0.9894082717483339,1.0-2.0%,0.98-1.00,2025-09-22→2025-09-23
2025-09-22,2025-09-23,P,6625.0,0.010958904109589041,25.754512586101466,-0.1627790071193351,11.306168475742425,-0.2156433597628878,6693.75,6656.92,0.00821917808219178,27.18336745311032,17.35609999354847,-1.8451508322051016,-3.7921449400671428,0.9894082717483339,1.0-2.0%,0.98-1.00,2025-09-22→2025-09-23
2025-09-22,2025-09-23,C,6630.0,0.010958904109589041,93.54557092176654,0.8365819274014542,78.02794387246013,0.7708453751597201,6693.75,6656.92,0.00821917808219178,60.541334155263236,47.28063223098525,1.9613123861955017,-0.45976483286755965,0.990154994972295,1.0-2.0%,0.98-1.00,2025-09-22→2025-09-23
2025-09-22,2025-09-23,P,6630.0,0.010958904109589041,27.645568517566836,-0.1634180725985672,12.106564224710155,-0.229479013956653,6693.75,6656.92,0.00821917808219178,28.067042136709123,18.74112359619903,-1.4186876138052185,-3.8517120840235126,0.990154994972295,1.0-2.0%,0.98-1.00,2025-09-22→2025-09-23
2025-09-22,2025-09-23,C,6635.0,0.010958904109589041,90.36853135602175,0.8202253674775323,73.87836139947831,0.7562512614406472,6693.75,6656.92,0.00821917808219178,56.304227339257665,43.75937975989473,1.758900284197452,-0.5972660411410189,0.9909017181962559,1.0-2.0%,0.98-1.00,2025-09-22→2025-09-23
2025-09-22,2025-09-23,P,6635.0,0.010958904109589041,29.466907532211064,-0.17977463252243947,12.906970803699778,-0.2436905262310485,6693.75,6656.92,0.00821917808219178,28.825746563517548,20.167695654855834,-1.5210997158014328,-3.875122081089499,0.9909017181962559,1.0-2.0%,0.98-1.00,2025-09-22→2025-09-23
2025-09-22,2025-09-23,C,6640.0,0.010958904109589041,87.91772461293992,0.8093139005917601,69.7287907727823,0.7412440248627613,6693.75,6656.92,0.00821917808219178,59.59969949644701,40.282513708030365,2.1070309587944642,-0.39998256430455825,0.991648441420217,1.0-2.0%,0.98-1.00,2025-09-22→2025-09-23
2025-09-22,2025-09-23,P,6640.0,0.010958904109589041,32.01447936951735,-0.19068609940819176,13.807411125032559,-0.25908036425361347,6693.75,6656.92,0.00821917808219178,37.11702996353916,21.743005073244603,-1.3729690412036897,-3.891929815460566,0.991648441420217,1.0-2.0%,0.98-1.00,2025-09-22→2025-09-23
2025-09-22,2025-09-23,C,6645.0,0.010958904109589041,85.25704345313085,0.8193470255383013,65.67925370505418,0.7250590432161539,6693.75,6656.92,0.00821917808219178,57.06330315078135,36.9559457788655,3.076550950575591,-0.39607543834909364,0.992395164644178,1.0-2.0%,0.98-1.00,2025-09-22→2025-09-23
2025-09-22,2025-09-23,P,6645.0,0.010958904109589041,34.35217679009725,-0.1806529744616994,14.807883707866722,-0.2756025878972079,6693.75,6656.92,0.00821917808219178,39.57644486068569,23.467002745827358,-0.40344904942437587,-3.9004433122541453,0.992395164644178,1.0-2.0%,0.98-1.00,2025-09-22→2025-09-23
2025-09-22,2025-09-23,C,6650.0,0.010958904109589041,82.31533658729543,0.80294974576924,61.72974919793796,0.7077383909298016,6693.75,6656.92,0.00821917808219178,52.79941251037478,33.77959913709583,3.072639136681051,-0.4339950620554589,0.993141887868139,1.0-2.0%,0.98-1.00,2025-09-22→2025-09-23
2025-09-22,2025-09-23,P,6650.0,0.010958904109589041,36.408848504652866,-0.19705025423071817,15.858378478774966,-0.2928979961951848,6693.75,6656.92,0.00821917808219178,40.30836546311231,25.289702835011212,-0.35736086331733574,-3.887433199868635,0.993141887868139,1.0-2.0%,0.98-1.00,2025-09-22→2025-09-23
2025-09-22,2025-09-23,C,6655.0,0.010958904109589041,80.09142925397391,0.7884143055116074,57.830267374763025,0.6896113431187901,6693.75,6656.92,0.00821917808219178,52.160877984318134,30.704501869842716,3.2872988719924443,-0.3516142329350096,0.9938886110921,1.0-2.0%,0.98-1.00,2025-09-22→2025-09-23
2025-09-22,2025-09-23,P,6655.0,0.010958904109589041,39.183319751718514,-0.21158569448839906,17.00890409615431,-0.31128368917793253,6693.75,6656.92,0.00821917808219178,44.665642179870375,27.26212807655429,-0.24270112800772115,-3.914578272423231,0.9938886110921,1.0-2.0%,0.98-1.00,2025-09-22→2025-09-23
2025-09-22,2025-09-23,C,6660.0,0.010958904109589041,77.90733757954415,0.7913114038301231,54.030817968170595,0.6703780820687076,6693.75,6656.92,0.00821917808219178,56.36009657194821,27.78087018188171,4.1439990030633815,-0.30997523740954236,0.994635334316061,1.0-2.0%,0.98-1.00,2025-09-22→2025-09-23
2025-09-22,2025-09-23,P,6660.0,0.010958904109589041,41.99760665767703,-0.20868859616988503,18.109438320422214,-0.3299463070476734,6693.75,6656.92,0.00821917808219178,53.86067201032645,29.241361547096858,0.7639990030631489,-3.7019224885657884,0.994635334316061,1.0-2.0%,0.98-1.00,2025-09-22→2025-09-23
2025-09-22,2025-09-23,C,6665.0,0.010958904109589041,75.4916787368052,0.787718146969419,50.331398808035374,0.6500748349739482,6693.75,6656.92,0.00821917808219178,52.61720647647536,25.008120670617245,4.811659352883641,-0.2577438279095361,0.995382057540022,1.0-2.0%,0.98-1.00,2025-09-22→2025-09-23
2025-09-22,2025-09-23,P,6665.0,0.010958904109589041,44.58032639532812,-0.21228185303056465,19.410019160285174,-0.350249554142428,6693.75,6656.92,0.00821917808219178,55.11359315766462,31.468612035831484,1.431659352884319,-3.6496910790655974,0.995382057540022,1.0-2.0%,0.98-1.00,2025-09-22→2025-09-23
2025-09-22,2025-09-23,C,6670.0,0.010958904109589041,73.15329780835869,0.7700462996901134,46.73200942496078,0.6287351822183463,6693.75,6656.92,0.00821917808219178,48.68897829767721,22.3854883690301,5.060805217586818,-0.1436832388983511,0.996128780763983,1.0-2.0%,0.98-1.00,2025-09-22→2025-09-23
2025-09-22,2025-09-23,P,6670.0,0.010958904109589041,47.24032404726857,-0.22995370030990314,20.86063537127302,-0.37178476973816343,6693.75,6656.92,0.00821917808219178,56.18117622168573,33.89084559675166,1.530805217586284,-3.6928330694565314,0.996128780763983,1.0-2.0%,0.98-1.00,2025-09-22→2025-09-23
2025-09-22,2025-09-23,C,6675.0,0.010958904109589041,71.51559522582599,0.7596027695131734,43.332657833082976,0.6060658838406678,6693.75,6656.92,0.00821917808219178,56.134204360872396,19.998945822298538,5.4761700011701215,-0.1785934981482491,0.996875503987944,1.0-2.0%,0.98-1.00,2025-09-22→2025-09-23
2025-09-22,2025-09-23,P,6675.0,0.010958904109589041,50.60100004512582,-0.24039723048685596,22.361273571375023,-0.3940973427841254,6693.75,6656.92,0.00821917808219178,68.62221352770591,36.415998468078215,2.0961700011691082,-3.5646051347393133,0.996875503987944,1.0-2.0%,0.98-1.00,2025-09-22→2025-09-23
2025-09-22,2025-09-23,C,6680.0,0.010958904109589041,69.6602496637503,0.7738039653842897,39.933323188813574,0.5828085882264723,6693.75,6656.92,0.00821917808219178,54.08472985851257,17.67069910955388,6.999200045103333,-0.03515969561907184,0.9976222272119051,1.0-2.0%,0.98-1.00,2025-09-22→2025-09-23
2025-09-22,2025-09-23,P,6680.0,0.010958904109589041,53.744033063440014,-0.2261960346156828,24.011943541063374,-0.4175158008899038,6693.75,6656.92,0.00821917808219178,71.56855026816345,39.13119047476903,3.6192000451044226,-3.4271069467751243,0.9976222272119051,1.0-2.0%,0.98-1.00,2025-09-22→2025-09-23
2025-09-22,2025-09-23,C,6685.0,0.010958904109589041,67.3585066147079,0.7559549575919143,36.734020432040325,0.5584165510942428,6693.75,6656.92,0.00821917808219178,50.08017391683698,15.570069069032343,7.3418210881101515,0.06648157680092126,0.998368950435866,1.0-2.0%,0.98-1.00,2025-09-22→2025-09-23
2025-09-22,2025-09-23,P,6685.0,0.010958904109589041,56.44066859478682,-0.24404504240804867,25.762638283277283,-0.441820838568943,6693.75,6656.92,0.00821917808219178,72.55980556931104,41.990221281640515,3.961821088111588,-3.3222614844941347,0.998368950435866,1.0-2.0%,0.98-1.00,2025-09-22→2025-09-23
2025-09-22,2025-09-23,C,6690.0,0.010958904109589041,66.06111110132565,0.7417770112501145,33.63474145848568,0.5332347247688572,6693.75,6656.92,0.00821917808219178,51.43043244030941,13.608571835591192,7.869647324341663,0.18903491323697352,0.999115673659827,1.0-2.0%,0.98-1.00,2025-09-22→2025-09-23
2025-09-22,2025-09-23,P,6690.0,0.010958904109589041,60.1416516617947,-0.25822298874986915,27.71336181073457,-0.46708966434751914,6693.75,6656.92,0.00821917808219178,78.90587533560607,45.06906320080543,4.439647324342337,-3.2529123379190956,0.999115673659827,1.0-2.0%,0.98-1.00,2025-09-22→2025-09-23
2025-09-22,2025-09-23,C,6695.0,0.010958904109589041,64.68889500503677,0.7503276225862032,30.635484089019428,0.5072774371850536,6693.75,6656.92,0.00821917808219178,55.28979728871321,11.784574193054596,9.284566339849814,0.33302801152548867,0.9998623968837881,1.0-2.0%,0.98-1.00,2025-09-22→2025-09-23
2025-09-22,2025-09-23,P,6695.0,0.010958904109589041,63.767814145891315,-0.24967237741386542,29.714104441269228,-0.49304695193132353,6693.75,6656.92,0.00821917808219178,87.76105142683137,48.245065558268834,5.904566339847353,-3.0589192396306117,0.9998623968837881,1.0-2.0%,0.98-1.00,2025-09-22→2025-09-23
2025-09-22,2025-09-23,C,6700.0,0.010958904109589041,62.945335288891116,0.7453967622251279,27.83624646404769,0.4806304769859111,6693.75,6656.92,0.00821917808219178,51.65982408847509,10.166768681612439,10.202962752751404,0.45162046739107,1.0006091201077492,1.0-2.0%,1.00-1.02,2025-09-22→2025-09-23
2025-09-22,2025-09-23,P,6700.0,0.010958904109589041,67.02263301013647,-0.25460323777487015,31.914866816297035,-0.5196939121304663,6693.75,6656.92,0.00821917808219178,89.12688946941513,51.62726004682736,6.822962752751554,-2.940326783765034,1.0006091201077492,1.0-2.0%,1.00-1.02,2025-09-22→2025-09-23
2025-09-22,2025-09-23,C,6705.0,0.010958904109589041,61.35254141617411,0.7274005831822911,25.137025504681333,0.45339619805491455,6693.75,6656.92,0.00821917808219178,47.84704326588126,8.67574907307926,10.790163478603729,0.6985819743624706,1.00135584333171,1.0-2.0%,1.00-1.02,2025-09-22→2025-09-23
2025-09-22,2025-09-23,P,6705.0,0.010958904109589041,70.42821771780815,-0.2725994168177245,34.265643375124,-0.5468412435712195,6693.75,6656.92,0.00821917808219178,90.30991988963837,55.16961705599624,7.260163478603225,-2.84016300072798,1.00135584333171,1.0-2.0%,1.00-1.02,2025-09-22→2025-09-23
2025-09-22,2025-09-23,C,6710.0,0.010958904109589041,60.41729615668658,0.7186637561955513,22.637813881285638,0.4258462782442869,6693.75,6656.92,0.00821917808219178,55.397608508374596,7.372441023836927,11.618386140682105,0.833918427737057,1.002102566555671,1.0-2.0%,1.00-1.02,2025-09-22→2025-09-23
2025-09-22,2025-09-23,P,6710.0,0.010958904109589041,74.49135103871032,-0.2813362438044308,36.76643035656389,-0.5743424756172815,6693.75,6656.92,0.00821917808219178,102.8562963749699,58.86448398174798,8.138386140682835,-2.6530333769844354,1.002102566555671,1.0-2.0%,1.00-1.02,2025-09-22→2025-09-23
2025-09-22,2025-09-23,C,6715.0,0.010958904109589041,59.311769201240395,0.7361369826607899,20.288607989656157,0.39809144796270174,6693.75,6656.92,0.00821917808219178,53.353753044637834,6.213732281350076,13.411925071396835,0.9617080284662745,1.0028492897796322,1.0-2.0%,1.00-1.02,2025-09-22→2025-09-23
2025-09-22,2025-09-23,P,6715.0,0.010958904109589041,78.3842026636544,-0.26386301733914713,39.41722301296568,-0.6020465616217192,6693.75,6656.92,0.00821917808219178,105.80825215403902,62.70393579957545,9.931925071399222,-2.5233748645278844,1.0028492897796322,1.0-2.0%,1.00-1.02,2025-09-22→2025-09-23
2025-09-22,2025-09-23,C,6720.0,0.010958904109589041,57.58059333496888,0.7179660771674183,18.08940376263854,0.3702883715803132,6693.75,6656.92,0.00821917808219178,49.40188846675275,5.191441256866938,13.942690622075963,1.1377207253029056,1.003596013003593,1.0-2.0%,1.00-1.02,2025-09-22→2025-09-23
2025-09-22,2025-09-23,P,6720.0,0.010958904109589041,81.65140537777202,-0.2820339228325298,42.218017264372065,-0.6297967902929924,6693.75,6656.92,0.00821917808219178,106.8521988189728,66.67980061636354,10.512690622077946,-2.2954157864908673,1.003596013003593,1.0-2.0%,1.00-1.02,2025-09-22→2025-09-23
2025-09-22,2025-09-23,C,6725.0,0.010958904109589041,56.946010529503745,0.7041309166275058,16.09018727534567,0.34289507419525406,6693.75,6656.92,0.00821917808219178,50.20408123409646,4.323188084145272,14.483141659390986,1.1788255826111804,1.004342736227554,1.0-2.0%,1.00-1.02,2025-09-22→2025-09-23
2025-09-22,2025-09-23,P,6725.0,0.010958904109589041,86.0152011526961,-0.29586908337245443,45.168807627595015,-0.657429314921127,6693.75,6656.92,0.00821917808219178,112.65020282915313,70.78367944935871,11.003141659392538,-2.3131216685450475,1.004342736227554,1.0-2.0%,1.00-1.02,2025-09-22→2025-09-23
2025-09-22,2025-09-23,C,6730.0,0.010958904109589041,56.27890361345981,0.7158882871490253,14.19096932639377,0.31555312469834274,6693.75,6656.92,0.00821917808219178,54.65950641779412,3.546476890373242,16.016165615698547,1.2718215826399408,1.0050894594515152,1.0-2.0%,1.00-1.02,2025-09-22→2025-09-23
2025-09-22,2025-09-23,P,6730.0,0.010958904109589041,90.34647281704073,-0.28411171285098324,48.26958967864266,-0.6847712644180373,6693.75,6656.92,0.00821917808219178,122.10143925567661,75.00696825558771,12.536165615698307,-2.220125668516264,1.0050894594515152,1.0-2.0%,1.00-1.02,2025-09-22→2025-09-23
2025-09-22,2025-09-23,C,6620.0,0.019178082191780823,112.80007201637727,0.837387070511684,90.94866395448571,0.7693135465479664,6693.75,6656.92,0.01643835616438356,83.1101867860787,61.58287213613494,2.490965806945262,-0.016182080638458274,0.9885616159714383,1.0-2.0%,0.98-1.00,2025-09-22→2025-09-23
2025-09-22,2025-09-23,P,6620.0,0.019178082191780823,36.23438892519507,-0.16261292948828474,14.300400748658376,-0.23077141767164047,6693.75,6656.92,0.01643835616438356,40.00325118289303,22.179575434899107,-0.8390341930535161,-3.3493113128465026,0.9885616159714383,1.0-2.0%,0.98-1.00,2025-09-22→2025-09-23
2025-09-22,2025-09-23,C,6625.0,0.019178082191780823,109.92408203754093,0.8353785437438557,86.79868557470945,0.7568720721835853,6693.75,6656.92,0.01643835616438356,86.42440243384972,57.956952258794445,2.8669917660861373,-0.02440158147861382,0.9893082637176404,1.0-2.0%,0.98-1.00,2025-09-22→2025-09-23
2025-09-22,2025-09-23,P,6625.0,0.019178082191780823,38.356272297498464,-0.16462145625608982,15.150422397246075,-0.24322828815430178,6693.75,6656.92,0.01643835616438356,48.31279391856744,23.554223337572694,-0.4630082339117765,-3.358097852722917,0.9893082637176404,1.0-2.0%,0.98-1.00,2025-09-22→2025-09-23
2025-09-22,2025-09-23,C,6630.0,0.019178082191780823,106.94846744617061,0.8361654181305649,82.69870835900474,0.743821304736036,6693.75,6656.92,0.01643835616438356,82.82858798364525,54.41002991802543,3.3459723497486564,-0.05506134657183637,0.9900549114638424,1.0-2.0%,0.98-1.00,2025-09-22→2025-09-23
2025-09-22,2025-09-23,P,6630.0,0.019178082191780823,40.378531057266386,-0.16383458186944636,16.05044521959894,-0.2562951451481176,6693.75,6656.92,0.01643835616438356,49.71230655627611,25.007909712350738,0.0659723497483009,-3.339350195805153,0.9900549114638424,1.0-2.0%,0.98-1.00,2025-09-22→2025-09-23
2025-09-22,2025-09-23,C,6635.0,0.019178082191780823,103.82781601570467,0.8219448298474197,78.69873247962914,0.729864568144003,6693.75,6656.92,0.01643835616438356,78.82378723776043,50.99643440286127,3.272228083280421,-0.1190879552564077,0.9908015592100443,1.0-2.0%,0.98-1.00,2025-09-22→2025-09-23
2025-09-22,2025-09-23,P,6635.0,0.019178082191780823,42.25575297793837,-0.1780551701525645,17.050469361015757,-0.27026953537157083,6693.75,6656.92,0.01643835616438356,50.702832898308486,26.594987764236976,-0.057771916718934335,-3.454026987734931,0.9908015592100443,1.0-2.0%,0.98-1.00,2025-09-22→2025-09-23
2025-09-22,2025-09-23,C,6640.0,0.019178082191780823,101.34142456997272,0.8126586005503629,74.69875725989368,0.7155939974176916,6693.75,6656.92,0.01643835616438356,81.98913735594954,47.60913834219491,3.530216258269814,-0.04467307510646279,0.9915482069562463,1.0-2.0%,0.98-1.00,2025-09-22→2025-09-23
2025-09-22,2025-09-23,P,6640.0,0.019178082191780823,44.76723488334635,-0.18734139944958364,18.050494171315222,-0.2845575290915157,6693.75,6656.92,0.01643835616438356,58.863510104406785,28.208381136617845,0.20021625827184586,-3.3802537964405044,0.9915482069562463,1.0-2.0%,0.98-1.00,2025-09-22→2025-09-23
2025-09-22,2025-09-23,C,6645.0,0.019178082191780823,98.669999490996,0.8228554007841747,70.79878358549195,0.70043501956724,6693.75,6656.92,0.01643835616438356,79.95314488714568,44.35545513655916,4.455764410881088,-0.05297822933860985,0.9922948547024484,1.0-2.0%,0.98-1.00,2025-09-22→2025-09-23
2025-09-22,2025-09-23,P,6645.0,0.019178082191780823,47.09368315550857,-0.1771445992158249,19.150520529742153,-0.29973541310601115,6693.75,6656.92,0.01643835616438356,61.82284472352207,29.955449294731352,1.1257644108811844,-3.3892552646943663,0.9922948547024484,1.0-2.0%,0.98-1.00,2025-09-22→2025-09-23
2025-09-22,2025-09-23,C,6650.0,0.019178082191780823,95.6930088836372,0.8086914839782313,66.89881041164608,0.6849014746906492,6693.75,6656.92,0.01643835616438356,76.08914490908064,41.13138173289326,4.584107354918199,0.024921312856559297,0.9930415024486503,1.0-2.0%,0.98-1.00,2025-09-22→2025-09-23
2025-09-22,2025-09-23,P,6650.0,0.019178082191780823,49.11456589929264,-0.19130851602172055,20.350548214384162,-0.31575954507145665,6693.75,6656.92,0.01643835616438356,62.95417183336312,31.834872947903477,1.1541073549200451,-3.429424044981726,0.9930415024486503,1.0-2.0%,0.98-1.00,2025-09-22→2025-09-23
2025-09-22,2025-09-23,C,6655.0,0.019178082191780823,93.30854723645375,0.7959696001906975,63.14883943978839,0.6682695364695547,6693.75,6656.92,0.01643835616438356,74.90842469070739,38.09204975768216,4.71556037502333,0.01236702817364943,0.9937881501948523,1.0-2.0%,0.98-1.00,2025-09-22→2025-09-23
2025-09-22,2025-09-23,P,6655.0,0.019178082191780823,51.72797760324729,-0.20403039980929516,21.600577199934833,-0.33237056224839,6693.75,6656.92,0.01643835616438356,66.76877870290444,33.79469298614413,1.3355603750236718,-3.3912078076081826,0.9937881501948523,1.0-2.0%,0.98-1.00,2025-09-22→2025-09-23
2025-09-22,2025-09-23,C,6660.0,0.019178082191780823,90.92460300482519,0.7990720199847068,59.498869719064714,0.6508370489882388,6693.75,6656.92,0.01643835616438356,78.0663378470012,35.18387685097923,5.4798224960366895,0.020328514236783946,0.9945347979410543,1.0-2.0%,0.98-1.00,2025-09-22→2025-09-23
2025-09-22,2025-09-23,P,6660.0,0.019178082191780823,54.341906722757486,-0.20092798001529014,22.950607440471686,-0.34978087717025774,6693.75,6656.92,0.01643835616438356,74.92201894711671,35.88562064178632,2.0498224960368816,-3.4324297061805638,0.9945347979410543,1.0-2.0%,0.98-1.00,2025-09-22→2025-09-23
2025-09-22,2025-09-23,C,6665.0,0.019178082191780823,88.35379618793418,0.7964519191358153,55.94890154196855,0.6326473658171368,6693.75,6656.92,0.01643835616438356,74.7758330571484,32.40532060600481,6.033324181772013,0.00040248304509660215,0.9952814456872563,1.0-2.0%,0.98-1.00,2025-09-22→2025-09-23
2025-09-22,2025-09-23,P,6665.0,0.019178082191780823,56.76897325700533,-0.20354808086419762,24.35063892920698,-0.3677781449373441,6693.75,6656.92,0.01643835616438356,76.6268412451739,38.057459200649646,2.653324181771615,-3.395269078042359,0.9952814456872563,1.0-2.0%,0.98-1.00,2025-09-22→2025-09-23
2025-09-22,2025-09-23,C,6670.0,0.019178082191780823,85.7781967352584,0.7807194041210929,52.4489338941994,0.6138888373936048,6693.75,6656.92,0.01643835616438356,71.09271501599174,29.707085127218306,6.203895653779789,0.05952588120641522,0.9960280934334583,1.0-2.0%,0.98-1.00,2025-09-22→2025-09-23
2025-09-22,2025-09-23,P,6670.0,0.019178082191780823,59.19124715547097,-0.21928059587888185,25.900671533060176,-0.38668169857572815,6693.75,6656.92,0.01643835616438356,77.93905029192929,40.406895506705496,2.823895653780795,-3.3414869585440403,0.9960280934334583,1.0-2.0%,0.98-1.00,2025-09-22→2025-09-23
2025-09-22,2025-09-23,C,6675.0,0.019178082191780823,83.74821342226804,0.7712578254446681,49.04896771567337,0.594408358629787,6693.75,6656.92,0.01643835616438356,76.21209094346804,27.13722708530895,6.605425711127076,0.09205984833501546,0.9967747411796603,1.0-2.0%,0.98-1.00,2025-09-22→2025-09-23
2025-09-22,2025-09-23,P,6675.0,0.019178082191780823,62.15913719361852,-0.22874217455536172,27.500705310896592,-0.4061369130246846,6693.75,6656.92,0.01643835616438356,88.0537533073213,42.83600374612388,3.1754257111260458,-3.3580225066991023,0.9967747411796603,1.0-2.0%,0.98-1.00,2025-09-22→2025-09-23
2025-09-22,2025-09-23,C,6680.0,0.019178082191780823,81.57910901734522,0.7844086991074039,45.74900273309731,0.5742443773943802,6693.75,6656.92,0.01643835616438356,74.42255605003243,24.694142712486155,7.889772388125628,0.1494204194349784,0.9975213889258623,1.0-2.0%,0.98-1.00,2025-09-22→2025-09-23
2025-09-22,2025-09-23,P,6680.0,0.019178082191780823,64.98790613983778,-0.21559130089254114,29.200740282346942,-0.42627441907087793,6693.75,6656.92,0.01643835616438356,91.25954550180028,45.39184039084148,4.459772388127727,-3.2996868543804005,0.9975213889258623,1.0-2.0%,0.98-1.00,2025-09-22→2025-09-23
2025-09-22,2025-09-23,C,6685.0,0.019178082191780823,78.96143809818604,0.7682701021920684,42.59903878041723,0.553368454523534,6693.75,6656.92,0.01643835616438356,70.83870703777274,22.420624743903318,8.14538786373382,0.23056018010171542,0.9982680366720643,1.0-2.0%,0.98-1.00,2025-09-22→2025-09-23
2025-09-22,2025-09-23,P,6685.0,0.019178082191780823,67.36810857181658,-0.23172989780791695,31.05077628376148,-0.44712244596068007,6693.75,6656.92,0.01643835616438356,92.67102357745907,48.11720398435045,4.615387863734437,-3.3175196847318134,0.9982680366720643,1.0-2.0%,0.98-1.00,2025-09-22→2025-09-23
2025-09-22,2025-09-23,C,6690.0,0.019178082191780823,77.15653840992479,0.7550917422828952,39.54907620043559,0.5319396892788512,6693.75,6656.92,0.01643835616438356,71.29042857014836,20.26824108865503,8.460028868278979,0.24133875614005262,0.9990146844182662,1.0-2.0%,0.98-1.00,2025-09-22→2025-09-23
2025-09-22,2025-09-23,P,6690.0,0.019178082191780823,70.56108223469691,-0.2449082577170699,32.950813587673565,-0.46848582147562423,6693.75,6656.92,0.01643835616438356,98.11807219773848,50.92037968330078,5.080028868280328,-3.154332804947213,0.9990146844182662,1.0-2.0%,0.98-1.00,2025-09-22→2025-09-23
2025-09-22,2025-09-23,C,6695.0,0.019178082191780823,75.28905657324333,0.762644743553456,36.59911431073715,0.5099952732192815,6693.75,6656.92,0.01643835616438356,74.33298475379218,18.235179293721103,9.638205905073725,0.33312591266609815,0.9997613321644683,1.0-2.0%,0.98-1.00,2025-09-22→2025-09-23
2025-09-22,2025-09-23,P,6695.0,0.019178082191780823,73.6914737491519,-0.2373552564466057,35.00085169797376,-0.4904302375351928,6693.75,6656.92,0.01643835616438356,106.15595546929352,53.88731788836412,6.208205905071532,-3.112545648421115,0.9997613321644683,1.0-2.0%,0.98-1.00,2025-09-22→2025-09-23
2025-09-22,2025-09-23,C,6700.0,0.019178082191780823,73.10557506331247,0.7579300989958371,33.74915239071379,0.48757037422069094,6693.75,6656.92,0.01643835616438356,71.24378870201943,16.319612118175428,10.364565546016625,0.4072168825480098,1.0005079799106702,1.0-2.0%,1.00-1.02,2025-09-22→2025-09-23
2025-09-22,2025-09-23,P,6700.0,0.019178082191780823,76.5058655903628,-0.24206990100414497,37.20088974105465,-0.5128298456013215,6693.75,6656.92,0.01643835616438356,108.06208650543199,57.012609376620276,7.284565546017355,-2.687523213496636,1.0005079799106702,1.0-2.0%,1.00-1.02,2025-09-22→2025-09-23
2025-09-22,2025-09-23,C,6705.0,0.019178082191780823,71.0013370657626,0.7409697219036171,31.04919286335644,0.4647560803703345,6693.75,6656.92,0.01643835616438356,67.74606311325618,14.559289034515814,10.639914857710163,0.4669664400393856,1.0012546276568723,1.0-2.0%,1.00-1.02,2025-09-22→2025-09-23
2025-09-22,2025-09-23,P,6705.0,0.019178082191780823,79.39950094395111,-0.2590302780963947,39.50093015000948,-0.5356114182018309,6693.75,6656.92,0.01643835616438356,109.55968800458656,60.25103137521273,7.459914857709803,-2.726568532373392,1.0012546276568723,1.0-2.0%,1.00-1.02,2025-09-22→2025-09-23
2025-09-22,2025-09-23,C,6710.0,0.019178082191780823,69.41905182659413,0.732202657957461,28.499233449963413,0.4416853653094549,6693.75,6656.92,0.01643835616438356,73.592339750607,12.948477541620605,11.267023892573235,0.5672720043471919,1.0020012754030743,1.0-2.0%,1.00-1.02,2025-09-22→2025-09-23
2025-09-22,2025-09-23,P,6710.0,0.019178082191780823,82.81508905592342,-0.2677973420425275,41.900970837201385,-0.5587401454450187,6693.75,6656.92,0.01643835616438356,120.40129172984572,63.60061613626385,8.037023892573725,-2.6783995567400076,1.0020012754030743,1.0-2.0%,1.00-1.02,2025-09-22→2025-09-23
2025-09-22,2025-09-23,C,6715.0,0.019178082191780823,67.76791359461448,0.7478675399224103,26.099273211802938,0.4184966059092925,6693.75,6656.92,0.01643835616438356,71.99456453876365,11.48128159959333,12.743961495342315,0.6132299956392107,1.0027479231492762,1.0-2.0%,1.00-1.02,2025-09-22→2025-09-23
2025-09-22,2025-09-23,P,6715.0,0.019178082191780823,86.16182417508232,-0.25213246007754103,44.45101081959456,-0.5820559106546821,6693.75,6656.92,0.01643835616438356,123.79884360592675,67.09638644012011,9.563961495344177,-2.5871191894119043,1.0027479231492762,1.0-2.0%,1.00-1.02,2025-09-22→2025-09-23
2025-09-22,2025-09-23,C,6720.0,0.019178082191780823,65.51326522458884,0.7303825934559544,23.799313724784497,0.3951709212806746,6693.75,6656.92,0.01643835616438356,68.52723470584168,10.115911224204638,12.999990916982744,0.6541450307672161,1.0034945708954783,1.0-2.0%,1.00-1.02,2025-09-22→2025-09-23
2025-09-22,2025-09-23,P,6720.0,0.019178082191780823,88.90504915619661,-0.2696174065440543,47.151051395578634,-0.6054177980358825,6693.75,6656.92,0.01643835616438356,125.32684086090939,70.7323220852204,9.819990916982507,-2.547537501661502,1.0034945708954783,1.0-2.0%,1.00-1.02,2025-09-22→2025-09-23
2025-09-22,2025-09-23,C,6725.0,0.019178082191780823,64.20526432101433,0.7165788898480674,21.59935465238368,0.37174688888516144,6693.75,6656.92,0.01643835616438356,68.73959750300757,8.85011233002615,13.491600513104267,0.7914379176404669,1.0042412186416803,1.0-2.0%,1.00-1.02,2025-09-22→2025-09-23
2025-09-22,2025-09-23,P,6725.0,0.019178082191780823,92.59492160376139,-0.28342111015190674,50.001092039618925,-0.6286786218693168,6693.75,6656.92,0.01643835616438356,130.53453074599116,74.50225092466917,10.16160051310529,-2.5542336434468957,1.0042412186416803,1.0-2.0%,1.00-1.02,2025-09-22→2025-09-23
2025-09-22,2025-09-23,C,6730.0,0.019178082191780823,62.901646746445365,0.7267526457348099,19.549394767408558,0.34850207994171534,6693.75,6656.92,0.01643835616438356,72.52763836451189,7.7146352042705075,14.816299942412995,0.8853316042533486,1.0049878663878822,1.0-2.0%,1.00-1.02,2025-09-22→2025-09-23
2025-09-22,2025-09-23,P,6730.0,0.019178082191780823,96.28917738032979,-0.27324735426524493,52.951132154646075,-0.6519234308127559,6693.75,6656.92,0.01643835616438356,139.3178986954064,78.36677379891535,11.386299942411052,-2.560339956833751,1.0049878663878822,1.0-2.0%,1.00-1.02,2025-09-22→2025-09-23
2025-09-22,2025-09-23,C,6620.0,0.021917808219178082,117.56878477035539,0.8350891376980821,95.1099236875325,0.7433161166334057,6693.75,6656.92,0.019178082191780823,89.96926058182754,66.59105388202443,3.4063329414203096,0.026332575608282838,0.9885815314595883,2.0-3.0%,0.98-1.00,2025-09-22→2025-09-23
2025-09-22,2025-09-23,P,6620.0,0.021917808219178082,41.136410977975856,-0.16491086230188137,18.49657823375037,-0.25628869889941763,6693.75,6656.92,0.019178082191780823,47.05657646888221,27.148257593943526,0.2263329414217221,-3.139112780465531,0.9885815314595883,2.0-3.0%,0.98-1.00,2025-09-22→2025-09-23
2025-09-22,2025-09-23,C,6625.0,0.021917808219178082,114.74122740415162,0.833325122561241,91.1097621705203,0.7312258723438968,6693.75,6656.92,0.019178082191780823,92.9064624162577,63.08464908282713,3.791364263930454,0.031048878425675497,0.9893281942476997,2.0-3.0%,0.98-1.00,2025-09-22→2025-09-23
2025-09-22,2025-09-23,P,6625.0,0.021917808219178082,43.3068276496951,-0.16667487743867734,19.496416162430705,-0.268418775055996,6693.75,6656.92,0.019178082191780823,54.989252106847815,28.643300263411675,0.6113642639335257,-3.1358634853123117,0.9893281942476997,2.0-3.0%,0.98-1.00,2025-09-22→2025-09-23
2025-09-22,2025-09-23,C,6630.0,0.021917808219178082,111.83674110400923,0.8344831158014326,87.20959124623005,0.7184241108848686,6693.75,6656.92,0.019178082191780823,89.34362626928211,59.70320409901615,4.184013154966699,-0.09043999611034792,0.9900748570358112,2.0-3.0%,0.98-1.00,2025-09-22→2025-09-23
2025-09-22,2025-09-23,P,6630.0,0.021917808219178082,45.40031538747446,-0.16551688419851762,20.49625109086469,-0.280782056394968,6693.75,6656.92,0.019178082191780823,56.42188976341214,30.157541968643272,1.1540131549686077,-3.0912031370266515,0.9900748570358112,2.0-3.0%,0.98-1.00,2025-09-22→2025-09-23
2025-09-22,2025-09-23,C,6635.0,0.021917808219178082,108.76607468475567,0.8207579614381504,83.30941738190268,0.7054019018589627,6693.75,6656.92,0.019178082191780823,85.38216177311463,56.34075647281452,4.17851571976702,-0.07004795453445212,0.9908215198239226,2.0-3.0%,0.98-1.00,2025-09-22→2025-09-23
2025-09-22,2025-09-23,P,6635.0,0.021917808219178082,47.327623006140726,-0.17924203856178075,21.74606721918576,-0.2945538816618656,6693.75,6656.92,0.019178082191780823,57.45589907079339,31.954969373306085,0.8985157197696276,-3.348419461606488,0.9908215198239226,2.0-3.0%,0.98-1.00,2025-09-22→2025-09-23
2025-09-22,2025-09-23,C,6640.0,0.021917808219178082,106.30584916281673,0.8118440087653673,79.20925060029913,0.6929600369350072,6693.75,6656.92,0.019178082191780823,87.97302241790776,52.79197176811476,4.600214842828436,0.2217181603162821,0.9915681826120342,2.0-3.0%,0.98-1.00,2025-09-22→2025-09-23
2025-09-22,2025-09-23,P,6640.0,0.021917808219178082,49.86537152212105,-0.18815599123456012,22.84588883048218,-0.3078688862391346,6693.75,6656.92,0.019178082191780823,65.04223351912358,33.614593308112035,1.1702148428311627,-3.2388110801873076,0.9915681826120342,2.0-3.0%,0.98-1.00,2025-09-22→2025-09-23
2025-09-22,2025-09-23,C,6645.0,0.021917808219178082,103.67521384045484,0.8221259470694194,75.40906362030364,0.6789091625679919,6693.75,6656.92,0.019178082191780823,85.73585459163617,49.57846584002709,5.528898630566651,0.25422445737908816,0.9923148454001456,2.0-3.0%,0.98-1.00,2025-09-22→2025-09-23
2025-09-22,2025-09-23,P,6645.0,0.021917808219178082,52.23271023768051,-0.17787405293054145,24.045702211164553,-0.3218893365398758,6693.75,6656.92,0.019178082191780823,67.80053949639107,35.39990220147729,2.0488986305681687,-3.255184264763603,0.9923148454001456,2.0-3.0%,0.98-1.00,2025-09-22→2025-09-23
2025-09-22,2025-09-23,C,6650.0,0.021917808219178082,100.73828169221082,0.8085611331904825,71.70886715075721,0.664190456144776,6693.75,6656.92,0.019178082191780823,81.8140245547451,46.48945762884523,5.529306535405425,0.21213449981206622,0.9930615081882571,2.0-3.0%,0.98-1.00,2025-09-22→2025-09-23
2025-09-22,2025-09-23,P,6650.0,0.021917808219178082,54.29375212735792,-0.19143886680947786,25.295508575398344,-0.3363955161022081,6693.75,6656.92,0.019178082191780823,68.87418326303501,37.259017255754316,2.149306535406944,-3.1894468580443007,0.9930615081882571,2.0-3.0%,0.98-1.00,2025-09-22→2025-09-23
2025-09-22,2025-09-23,C,6655.0,0.021917808219178082,98.35767265288914,0.7963167879968257,68.00866666275851,0.6491739149130669,6693.75,6656.92,0.019178082191780823,80.35022544078699,43.42361304679889,5.728347301923037,0.3090752862482127,0.9938081709763685,2.0-3.0%,0.98-1.00,2025-09-22→2025-09-23
2025-09-22,2025-09-23,P,6655.0,0.021917808219178082,56.9111171259583,-0.20368321200313516,26.745301755554465,-0.3518863911774892,6693.75,6656.92,0.019178082191780823,72.40585795262318,39.34238701923505,2.1983473019245494,-3.2599757870668995,0.9938081709763685,2.0-3.0%,0.98-1.00,2025-09-22→2025-09-23
2025-09-22,2025-09-23,C,6660.0,0.021917808219178082,95.97453112464078,0.7995272319760556,64.5084537872126,0.6332102403106888,6693.75,6656.92,0.019178082191780823,82.74298989671894,40.58070320253546,6.396587953678072,0.2711331506426262,0.9945548337644801,2.0-3.0%,0.98-1.00,2025-09-22→2025-09-23
2025-09-22,2025-09-23,P,6660.0,0.021917808219178082,59.52594963563229,-0.2004727680238904,28.045097622829417,-0.36719511635252317,6693.75,6656.92,0.019178082191780823,79.79409621208889,41.29963949334842,3.0165879536801326,-3.123796135263399,0.9945548337644801,2.0-3.0%,0.98-1.00,2025-09-22→2025-09-23
2025-09-22,2025-09-23,C,6665.0,0.021917808219178082,93.43222230614482,0.7972912060653233,61.00823662010362,0.6169626454270747,6693.75,6656.92,0.019178082191780823,79.2279542456723,37.760764200595986,6.8642351193858,0.22273423107911583,0.9953014965525915,2.0-3.0%,0.98-1.00,2025-09-22→2025-09-23
2025-09-22,2025-09-23,P,6665.0,0.021917808219178082,61.981614855056996,-0.2027087939346285,29.644877034134424,-0.38369899206746233,6693.75,6656.92,0.019178082191780823,81.27453436459302,43.57678546155057,3.434235119387645,-3.2316338778446116,0.9953014965525915,2.0-3.0%,0.98-1.00,2025-09-22→2025-09-23
2025-09-22,2025-09-23,C,6670.0,0.021917808219178082,90.84943551059659,0.7821638418950777,57.608012045076066,0.6001431651965853,6693.75,6656.92,0.019178082191780823,75.37665759648367,35.06224123523816,7.00709429699565,0.3032727741901873,0.9960481593407029,2.0-3.0%,0.98-1.00,2025-09-22→2025-09-23
2025-09-22,2025-09-23,P,6670.0,0.021917808219178082,64.39680209742713,-0.2178361581049044,31.144655880692426,-0.40026219146662695,6693.75,6656.92,0.019178082191780823,82.41871151893864,45.781177526051124,3.627094296996386,-3.0916565117158434,0.9960481593407029,2.0-3.0%,0.98-1.00,2025-09-22→2025-09-23
2025-09-22,2025-09-23,C,6675.0,0.021917808219178082,88.78278196958527,0.7730806712218151,54.3577792038468,0.5827033382543925,6693.75,6656.92,0.019178082191780823,79.63625117408077,32.53055988137703,7.272561121099393,0.2609639479092287,0.9967948221288144,2.0-3.0%,0.98-1.00,2025-09-22→2025-09-23
2025-09-22,2025-09-23,P,6675.0,0.021917808219178082,67.32812259433726,-0.22691932877819135,32.84442423562223,-0.4176123956607785,6693.75,6656.92,0.019178082191780823,91.67377890007404,48.2024960929125,3.942561121099226,-3.0806645321864448,0.9967948221288144,2.0-3.0%,0.98-1.00,2025-09-22→2025-09-23
2025-09-22,2025-09-23,C,6680.0,0.021917808219178082,86.61725193373886,0.7861205943449981,51.057543451474885,0.5650230393679682,6693.75,6656.92,0.019178082191780823,77.43888162603156,29.976891915348006,8.552821489726227,0.40979853992222814,0.9975414849169258,2.0-3.0%,0.98-1.00,2025-09-22→2025-09-23
2025-09-22,2025-09-23,P,6680.0,0.021917808219178082,70.16056659641339,-0.21387940565493188,34.64418638035613,-0.4354515922102355,6693.75,6656.92,0.019178082191780823,94.47188315557617,50.74201032430392,5.072821489728877,-3.0876821411029383,0.9975414849169258,2.0-3.0%,0.98-1.00,2025-09-22→2025-09-23
2025-09-22,2025-09-23,C,6685.0,0.021917808219178082,83.99716140380816,0.7706848011144023,47.95729868135595,0.5467156316797789,6693.75,6656.92,0.019178082191780823,73.59933236398878,27.63373780261054,8.634321225043376,0.3855367147662143,0.9982881477050374,2.0-3.0%,0.98-1.00,2025-09-22→2025-09-23
2025-09-22,2025-09-23,P,6685.0,0.021917808219178082,72.53845010440347,-0.22931519888554475,36.593941240145796,-0.45378549930600365,6693.75,6656.92,0.019178082191780823,95.62780769706319,53.44334926638203,5.204321225045403,-3.062919939440082,0.9982881477050374,2.0-3.0%,0.98-1.00,2025-09-22→2025-09-23
2025-09-22,2025-09-23,C,6690.0,0.021917808219178082,82.13037270255099,0.7579979877649672,45.0070485514816,0.5279770600784426,6693.75,6656.92,0.019178082191780823,73.61783831599851,25.449794537985326,8.767065889383687,0.2953951226890048,0.9990348104931488,2.0-3.0%,0.98-1.00,2025-09-22→2025-09-23
2025-09-22,2025-09-23,P,6690.0,0.021917808219178082,75.66963544106933,-0.24200201223497772,38.59369204290624,-0.47245410783218916,6693.75,6656.92,0.019178082191780823,100.64178745261835,56.21320020816165,5.387065889385793,-3.1004847914594897,0.9990348104931488,2.0-3.0%,0.98-1.00,2025-09-22→2025-09-23
2025-09-22,2025-09-23,C,6695.0,0.021917808219178082,80.21613459393011,0.7654384483059609,42.05679421964351,0.5089274844211824,6693.75,6656.92,0.019178082191780823,76.05264627165585,23.28984965940481,9.891098051108486,0.4437992512321145,0.9997814732812603,2.0-3.0%,0.98-1.00,2025-09-22→2025-09-23
2025-09-22,2025-09-23,P,6695.0,0.021917808219178082,78.75337137036817,-0.23456155169403506,40.593438055260776,-0.49147787224203077,6693.75,6656.92,0.019178082191780823,108.07206921180784,59.008785950219135,6.461098051108708,-3.001130034673956,0.9997814732812603,2.0-3.0%,0.98-1.00,2025-09-22→2025-09-23
2025-09-22,2025-09-23,C,6700.0,0.021917808219178082,78.0467097504946,0.7611753676183384,39.25653490364948,0.48953189581865814,6693.75,6656.92,0.019178082191780823,72.68294553673003,21.285426887373887,10.434088789383345,0.4294597230011412,1.0005281360693719,2.0-3.0%,1.00-1.02,2025-09-22→2025-09-23
2025-09-22,2025-09-23,P,6700.0,0.021917808219178082,81.58192056485353,-0.23882463238162455,42.74317846199165,-0.5108939689040934,6693.75,6656.92,0.019178082191780823,109.69784228041733,61.96172432690037,7.154088789384788,-2.8662248747377213,1.0005281360693719,2.0-3.0%,1.00-1.02,2025-09-22→2025-09-23
2025-09-22,2025-09-23,C,6705.0,0.021917808219178082,75.88529755524817,0.7448622414855285,36.50627201964335,0.4698140862619797,6693.75,6656.92,0.019178082191780823,68.96266661356483,19.348451127340923,10.63327635391196,0.5032527970286758,1.0012747988574833,2.0-3.0%,1.00-1.02,2025-09-22→2025-09-23
2025-09-22,2025-09-23,P,6705.0,0.021917808219178082,84.41848240752616,-0.255137758514478,45.04291585526062,-0.5305912704012333,6693.75,6656.92,0.019178082191780823,110.97303716079728,65.06738741815388,7.253276353911799,-2.89167648887738,1.0012747988574833,2.0-3.0%,1.00-1.02,2025-09-22→2025-09-23
2025-09-22,2025-09-23,C,6710.0,0.021917808219178082,74.21055441329523,0.7363946736557246,33.90600553563627,0.44988163564427747,6693.75,6656.92,0.019178082191780823,74.34038727660027,17.5613088936841,11.121415830740286,0.5691406407787056,1.0020214616455947,2.0-3.0%,1.00-1.02,2025-09-22→2025-09-23
2025-09-22,2025-09-23,P,6710.0,0.021917808219178082,87.7417133034956,-0.2636053263442521,47.44264937125445,-0.5505237210189342,6693.75,6656.92,0.019178082191780823,121.34623162736816,68.28024518450002,8.041415830741215,-2.5257886451273066,1.0020214616455947,2.0-3.0%,1.00-1.02,2025-09-22→2025-09-23
2025-09-22,2025-09-23,C,6715.0,0.021917808219178082,72.56350704623323,0.7518330096471028,31.40573723337775,0.42975729188891176,6693.75,6656.92,0.019178082191780823,72.49350396982481,15.879342953304104,12.49000974530274,0.6279610602685892,1.002768124433706,2.0-3.0%,1.00-1.02,2025-09-22→2025-09-23
2025-09-22,2025-09-23,P,6715.0,0.021917808219178082,91.09263997435468,-0.24816699035283898,49.942381068993654,-0.5706480647743025,6693.75,6656.92,0.019178082191780823,124.49482212413993,71.5982792441173,9.310009745304962,-2.566968225637517,1.002768124433706,2.0-3.0%,1.00-1.02,2025-09-22→2025-09-23
2025-09-22,2025-09-23,C,6720.0,0.021917808219178082,70.28264292093623,0.7351145210731523,29.155471490698346,0.40985242659789106,6693.75,6656.92,0.019178082191780823,68.85661683559978,14.416709724509019,12.52426781112415,0.5448648716002982,1.0035147872218178,2.0-3.0%,1.00-1.02,2025-09-22→2025-09-23
2025-09-22,2025-09-23,P,6720.0,0.021917808219178082,93.80974988697963,-0.26488547892682446,52.64211369368195,-0.5906751864101005,6693.75,6656.92,0.019178082191780823,125.8534087934639,75.09688348669715,9.394267811125074,-2.6045671154839596,1.0035147872218178,2.0-3.0%,1.00-1.02,2025-09-22→2025-09-23
2025-09-22,2025-09-23,C,6725.0,0.021917808219178082,68.85169408186037,0.7217536437839036,26.90520257147,0.3897085877608656,6693.75,6656.92,0.019178082191780823,68.89105254703067,12.973473005278947,12.882186700561117,0.6529672872326522,1.0042614500099292,2.0-3.0%,1.00-1.02,2025-09-22→2025-09-23
2025-09-22,2025-09-23,P,6725.0,0.021917808219178082,97.37677508582338,-0.27824635621606464,55.39184441103225,-0.610846273896241,6693.75,6656.92,0.019178082191780823,130.88331830843052,78.65465441351716,9.652186700562359,-2.597468267598515,1.0042614500099292,2.0-3.0%,1.00-1.02,2025-09-22→2025-09-23
2025-09-22,2025-09-23,C,6730.0,0.021917808219178082,67.43597412623679,0.7315620259720469,24.754934050397424,0.36956551527085246,6693.75,6656.92,0.019178082191780823,72.48091671865022,11.626866303963197,13.993429416550434,0.6610979274254696,1.0050081127980406,2.0-3.0%,1.00-1.02,2025-09-22→2025-09-23
2025-09-22,2025-09-23,P,6730.0,0.021917808219178082,100.9590291681211,-0.26843797402797337,58.24157552573888,-0.6310174141214535,6693.75,6656.92,0.019178082191780823,139.4686562835858,82.30907210448277,10.763429416549766,-2.59037136209308,1.0050081127980406,2.0-3.0%,1.00-1.02,2025-09-22→2025-09-23
2025-09-22,2025-09-23,C,6620.0,0.024657534246575342,125.31018811925016,0.8351598910456283,100.1767205353317,0.7314055454303936,6693.75,6656.92,0.021917808219178082,97.0367310591511,71.92728144559533,4.058938787210426,0.2376662382013386,0.9882782805213564,2.0-3.0%,0.98-1.00,2025-09-22→2025-09-23
2025-09-22,2025-09-23,P,6620.0,0.024657534246575342,46.84792835908129,-0.16484010895434062,21.70857712321026,-0.2695352736301368,6693.75,6656.92,0.021917808219178082,52.234415894173154,30.84576031682718,0.8289387872116452,-3.0269841277979204,0.9882782805213564,2.0-3.0%,0.98-1.00,2025-09-22→2025-09-23
2025-09-22,2025-09-23,C,6625.0,0.024657534246575342,122.47827940471696,0.8336686915850358,96.17707672962388,0.7202125386558694,6693.75,6656.92,0.021917808219178082,99.67770640809995,68.3890174548701,4.354017911076799,0.17542779869560832,0.9890247142679738,2.0-3.0%,0.98-1.00,2025-09-22→2025-09-23
2025-09-22,2025-09-23,P,6625.0,0.024657534246575342,49.012460535968266,-0.16633130841489216,22.608919097733178,-0.2802815470024353,6693.75,6656.92,0.021917808219178082,59.86943783288502,32.20118350904204,1.2740179110795324,-2.922769376099673,0.9890247142679738,2.0-3.0%,0.98-1.00,2025-09-22→2025-09-23
2025-09-22,2025-09-23,C,6630.0,0.024657534246575342,119.65118876412654,0.8353006766675953,92.37746635080748,0.7079694459568087,6693.75,6656.92,0.021917808219178082,96.13298611089738,65.07775931260903,4.714123921667465,0.024514694589200303,0.9897711480145911,2.0-3.0%,0.98-1.00,2025-09-22→2025-09-23
2025-09-22,2025-09-23,P,6630.0,0.024657534246575342,51.181810786798735,-0.16469932333237508,23.809309122041213,-0.2925373085494874,6693.75,6656.92,0.021917808219178082,61.31876412544824,33.890387734991236,1.684123921668638,-3.0241490738775987,0.9897711480145911,2.0-3.0%,0.98-1.00,2025-09-22→2025-09-23
2025-09-22,2025-09-23,C,6635.0,0.024657534246575342,116.61523809110413,0.8223788751801296,88.22781841681808,0.696922601817803,6693.75,6656.92,0.021917808219178082,92.20098051527252,61.41689674561212,5.038213972884115,0.41765942494963326,0.9905175817612084,2.0-3.0%,0.98-1.00,2025-09-22→2025-09-23
2025-09-22,2025-09-23,P,6635.0,0.024657534246575342,53.14230100519493,-0.17762112481981585,24.95969896104043,-0.3047641121175605,6693.75,6656.92,0.021917808219178082,62.3808051195625,35.542447164007626,1.6582139728861982,-3.024462249289728,0.9905175817612084,2.0-3.0%,0.98-1.00,2025-09-22→2025-09-23
2025-09-22,2025-09-23,C,6640.0,0.024657534246575342,114.12784624760297,0.8139774752248995,84.42822178053393,0.6842271881636338,6693.75,6656.92,0.021917808219178082,94.43454026337673,58.140311644472604,5.228790412532987,0.4500873400665846,0.9912640155078257,2.0-3.0%,0.98-1.00,2025-09-22→2025-09-23
2025-09-22,2025-09-23,P,6640.0,0.024657534246575342,55.65135005311371,-0.18602252477499928,26.16010014121275,-0.317396932174683,6693.75,6656.92,0.021917808219178082,69.60841145743252,37.2634659165069,1.748790412536791,-3.089729011993551,0.9912640155078257,2.0-3.0%,0.98-1.00,2025-09-22→2025-09-23
2025-09-22,2025-09-23,C,6645.0,0.024657534246575342,111.50593112546986,0.8241655111322075,80.72864432144524,0.6709533724349025,6693.75,6656.92,0.021917808219178082,92.10534771352002,54.984142076838,6.054015774999144,0.4112127067774125,0.9920104492544431,2.0-3.0%,0.98-1.00,2025-09-22→2025-09-23
2025-09-22,2025-09-23,P,6645.0,0.024657534246575342,58.025875822398476,-0.17583448886777409,27.410515189673333,-0.3304359579737474,6693.75,6656.92,0.021917808219178082,72.27326549732912,39.05366978530947,2.6240157749998945,-3.069956332173092,0.9920104492544431,2.0-3.0%,0.98-1.00,2025-09-22→2025-09-23
2025-09-22,2025-09-23,C,6650.0,0.024657534246575342,108.66844166642981,0.8116588514855096,77.02907395177408,0.6574533917079872,6693.75,6656.92,0.021917808219178082,88.18151417149801,51.84587910382743,6.093395500211265,0.41400841660512455,0.9927568830010605,2.0-3.0%,0.98-1.00,2025-09-22→2025-09-23
2025-09-22,2025-09-23,P,6650.0,0.024657534246575342,60.18482725477786,-0.18834114851446607,28.560928248027267,-0.34341540217389255,6693.75,6656.92,0.021917808219178082,73.34347854504811,40.76159899987624,2.8133955002122253,-2.8979892620644403,0.9927568830010605,2.0-3.0%,0.98-1.00,2025-09-22→2025-09-23
2025-09-22,2025-09-23,C,6655.0,0.024657534246575342,106.25109429211349,0.8001000370015772,73.42952124317071,0.6433983059355082,6693.75,6656.92,0.021917808219178082,86.55998740569974,48.82749773787191,6.167684362768025,0.39635960760471534,0.9935033167476778,2.0-3.0%,0.98-1.00,2025-09-22→2025-09-23
2025-09-22,2025-09-23,P,6655.0,0.024657534246575342,62.76392077188311,-0.19989996299839372,30.111388624844494,-0.35788149392070073,6693.75,6656.92,0.021917808219178082,76.71599836900799,42.89272773413359,2.8376843627691697,-2.980775421099386,0.9935033167476778,2.0-3.0%,0.98-1.00,2025-09-22→2025-09-23
2025-09-22,2025-09-23,C,6660.0,0.024657534246575342,103.82181194525393,0.8033000362141466,69.9799891482171,0.6286994533829021,6693.75,6656.92,0.021917808219178082,88.55986731544868,45.977078078904015,6.735540333766959,0.3050008680922396,0.9942497504942951,2.0-3.0%,0.98-1.00,2025-09-22→2025-09-23
2025-09-22,2025-09-23,P,6660.0,0.024657534246575342,65.33107931644312,-0.19669996378582702,31.611850583351952,-0.3723937774946747,6693.75,6656.92,0.021917808219178082,83.70992486851988,44.99053745081619,3.4055403337680037,-3.065262825128844,0.9942497504942951,2.0-3.0%,0.98-1.00,2025-09-22→2025-09-23
2025-09-22,2025-09-23,C,6665.0,0.024657534246575342,101.41318487995795,0.8017858117896629,66.43045668277591,0.614004763680732,6693.75,6656.92,0.021917808219178082,84.99634315608702,43.0470841389606,7.329771448213222,0.4137954463613127,0.9949961842409124,2.0-3.0%,0.98-1.00,2025-09-22→2025-09-23
2025-09-22,2025-09-23,P,6665.0,0.024657534246575342,67.91889314256548,-0.1982141882103234,33.11232029097255,-0.38715647844799483,6693.75,6656.92,0.021917808219178082,85.14044729890827,47.1076157638081,3.9997714482138003,-2.958973101239625,0.9949961842409124,2.0-3.0%,0.98-1.00,2025-09-22→2025-09-23
2025-09-22,2025-09-23,C,6670.0,0.024657534246575342,98.82184387860073,0.78759122749223,63.08094731205665,0.5985878683864352,6693.75,6656.92,0.021917808219178082,81.11774012197475,40.332780555102545,7.356984908538774,0.3959911926723656,0.9957426179875298,2.0-3.0%,0.98-1.00,2025-09-22→2025-09-23
2025-09-22,2025-09-23,P,6670.0,0.024657534246575342,70.32399303263178,-0.21240877250771173,34.71280584893702,-0.4024140544656725,6693.75,6656.92,0.021917808219178082,86.25589085454448,49.3425897369566,4.026984908540987,-2.9709096259706946,0.9957426179875298,2.0-3.0%,0.98-1.00,2025-09-22→2025-09-23
2025-09-22,2025-09-23,C,6675.0,0.024657534246575342,96.67730360239011,0.7790041538713748,59.73144637780342,0.5829061329566113,6693.75,6656.92,0.021917808219178082,84.85495267012124,37.63853989329664,7.690722987082676,0.468432876791951,0.9964890517341471,2.0-3.0%,0.98-1.00,2025-09-22→2025-09-23
2025-09-22,2025-09-23,P,6675.0,0.024657534246575342,73.17589364783848,-0.2209958461286232,36.41330593436669,-0.41812776733505475,6693.75,6656.92,0.021917808219178082,94.98714999246086,51.69398936657444,4.310722987082826,-2.9496456709500336,0.9964890517341471,2.0-3.0%,0.98-1.00,2025-09-22→2025-09-23
2025-09-22,2025-09-23,C,6680.0,0.024657534246575342,94.59565524040272,0.7918733283837317,56.53196186164632,0.5667086914727847,6693.75,6656.92,0.021917808219178082,82.50405409709718,35.107501083168245,8.764694684372788,0.47188110694262875,0.9972354854807645,2.0-3.0%,0.98-1.00,2025-09-22→2025-09-23
2025-09-22,2025-09-23,P,6680.0,0.024657534246575342,76.09068617727216,-0.20812667161619514,38.21381928288429,-0.4342577528961545,6693.75,6656.92,0.021917808219178082,97.63029800918373,54.160267451929485,5.334694684375548,-2.9937130391653373,0.9972354854807645,2.0-3.0%,0.98-1.00,2025-09-22→2025-09-23
2025-09-22,2025-09-23,C,6685.0,0.024657534246575342,92.0670946410016,0.7776797037092787,53.4324892738332,0.5501334680603492,6693.75,6656.92,0.021917808219178082,78.61366902558375,32.689808673995685,8.841943487612681,0.46141562866262475,0.9979819192273818,2.0-3.0%,0.98-1.00,2025-09-22→2025-09-23
2025-09-22,2025-09-23,P,6685.0,0.024657534246575342,78.55856646928986,-0.2223202962906779,40.06434300272849,-0.4507172795125229,6693.75,6656.92,0.021917808219178082,98.73395952742291,56.693588167565395,5.511943487614351,-2.8999174044461817,0.9979819192273818,2.0-3.0%,0.98-1.00,2025-09-22→2025-09-23
2025-09-22,2025-09-23,C,6690.0,0.024657534246575342,90.11109128863836,0.7657079477035343,50.43302757969059,0.5332222111864038,6693.75,6656.92,0.021917808219178082,78.35810176615504,30.383777578603258,8.95102371392111,0.38857403799520895,0.9987283529739991,2.0-3.0%,0.98-1.00,2025-09-22→2025-09-23
2025-09-22,2025-09-23,P,6690.0,0.024657534246575342,81.5990040083457,-0.23429205229643926,42.0148786913378,-0.46754644733149686,6693.75,6656.92,0.021917808219178082,103.47243885774915,59.339914024893915,5.721023713922161,-2.8697356552189923,0.9987283529739991,2.0-3.0%,0.98-1.00,2025-09-22→2025-09-23
2025-09-22,2025-09-23,C,6695.0,0.024657534246575342,88.10814331696021,0.7727533052137496,47.433574404134106,0.5160367257808497,6693.75,6656.92,0.021917808219178082,80.35093305480859,28.09813911960373,9.960504231022338,0.5056326105086519,0.9994747867206165,2.0-3.0%,0.98-1.00,2025-09-22→2025-09-23
2025-09-22,2025-09-23,P,6695.0,0.024657534246575342,84.5924969280863,-0.22724669478628975,44.06542465050234,-0.4847045821958805,6693.75,6656.92,0.021917808219178082,110.45931673615712,62.09756655840192,6.630504231020964,-2.8516697622742413,0.9994747867206165,2.0-3.0%,0.98-1.00,2025-09-22→2025-09-23
2025-09-22,2025-09-23,C,6700.0,0.024657534246575342,86.22074376334167,0.7696512658063597,44.58413156058032,0.4985337035232939,6693.75,6656.92,0.021917808219178082,76.86701045219945,25.96764597247011,10.49625611964817,0.5109963007628764,1.0002212204672338,2.0-3.0%,1.00-1.02,2025-09-22→2025-09-23
2025-09-22,2025-09-23,P,6700.0,0.024657534246575342,87.70153826588816,-0.2303487341936213,46.065980875649984,-0.5021786252438294,6693.75,6656.92,0.021917808219178082,111.9694407233041,64.83277663005993,7.316256119648948,-2.6952387677301957,1.0002212204672338,2.0-3.0%,1.00-1.02,2025-09-22→2025-09-23
2025-09-22,2025-09-23,C,6705.0,0.024657534246575342,84.02373977437884,0.7544003931343415,41.83469647754055,0.4807836456040792,6693.75,6656.92,0.021917808219178082,73.05791296194785,23.94500154581283,10.634566479137742,0.5572616675982047,1.0009676542138513,2.0-3.0%,1.00-1.02,2025-09-22→2025-09-23
2025-09-22,2025-09-23,P,6705.0,0.024657534246575342,90.5009751683441,-0.24559960686565868,48.46654301533226,-0.5198412336509329,6693.75,6656.92,0.021917808219178082,113.1543898228048,67.93984529126556,7.2545664791378055,-2.8457526353638265,1.0009676542138513,2.0-3.0%,1.00-1.02,2025-09-22→2025-09-23
2025-09-22,2025-09-23,C,6710.0,0.024657534246575342,82.22582975738901,0.7463517997350831,39.18526786437042,0.4628295334252492,6693.75,6656.92,0.021917808219178082,77.86533596891073,22.02835267403725,10.988136784243057,0.5460117160518934,1.0017140879604685,2.0-3.0%,1.00-1.02,2025-09-22→2025-09-23
2025-09-22,2025-09-23,P,6710.0,0.024657534246575342,93.6995060427738,-0.2536482002649255,50.767114036503244,-0.5377839018155701,6693.75,6656.92,0.021917808219178082,122.95585941952423,70.97836953982096,7.708136784242809,-2.7565811038674113,1.0017140879604685,2.0-3.0%,1.00-1.02,2025-09-22→2025-09-23
2025-09-22,2025-09-23,C,6715.0,0.024657534246575342,80.8094545068405,0.7616782994311468,36.585845616582446,0.444644655014347,6693.75,6656.92,0.021917808219178082,75.78893136905108,20.174171051522762,12.252611768049082,0.5762626441783674,1.0024605217070859,2.0-3.0%,1.00-1.02,2025-09-22→2025-09-23
2025-09-22,2025-09-23,P,6715.0,0.024657534246575342,97.27957168364566,-0.23832170056880023,53.16769047434491,-0.5559268348551665,6693.75,6656.92,0.021917808219178082,125.87350140942209,74.12255232685038,9.272611768051108,-2.4247853277157354,1.0024605217070859,2.0-3.0%,1.00-1.02,2025-09-22→2025-09-23
2025-09-22,2025-09-23,C,6720.0,0.024657534246575342,78.63631342034756,0.7464105549669573,34.186424606071796,0.42648517743136133,6693.75,6656.92,0.021917808219178082,72.04115168270206,18.505354292078664,12.39030073943298,0.6074490847970058,1.003206955453703,2.0-3.0%,1.00-1.02,2025-09-22→2025-09-23
2025-09-22,2025-09-23,P,6720.0,0.024657534246575342,100.1028714885726,-0.2535894450330354,55.768268092060225,-0.5740438747729274,6693.75,6656.92,0.021917808219178082,127.11976831281571,77.45211666087289,9.31030073943333,-2.4920359078868692,1.003206955453703,2.0-3.0%,1.00-1.02,2025-09-22→2025-09-23
2025-09-22,2025-09-23,C,6725.0,0.024657534246575342,77.0686059582642,0.7338186853438968,31.787010659897533,0.4080713555274564,6693.75,6656.92,0.021917808219178082,71.79511801062563,16.85506213007011,12.676542181215666,0.6792680240761868,1.0039533892003205,2.0-3.0%,1.00-1.02,2025-09-22→2025-09-23
2025-09-22,2025-09-23,P,6725.0,0.024657534246575342,103.53160491790976,-0.26618131465605654,58.41884912609976,-0.5922999131623959,6693.75,6656.92,0.021917808219178082,131.86778123050024,80.84011371437919,9.49654218121746,-2.5144058017709945,1.0039533892003205,2.0-3.0%,1.00-1.02,2025-09-22→2025-09-23
2025-09-22,2025-09-23,C,6730.0,0.024657534246575342,75.48637897007961,0.7428376945071185,29.58759021682181,0.3898623790093476,6693.75,6656.92,0.021917808219178082,74.93773437588167,15.382709911988513,13.608712288697118,0.6086314189142428,1.004699822946938,2.0-3.0%,1.00-1.02,2025-09-22→2025-09-23
2025-09-22,2025-09-23,P,6730.0,0.024657534246575342,106.94581882114335,-0.2571623054929157,61.16943087660138,-0.6105778970850537,6693.75,6656.92,0.021917808219178082,140.00444418551444,84.32610866583855,10.478712288695922,-2.537583949642496,1.004699822946938,2.0-3.0%,1.00-1.02,2025-09-22→2025-09-23
2025-09-22,2025-09-23,C,6620.0,0.0273972602739726,133.2022912027797,0.8340849998277147,104.09941651429654,0.7193818138376127,6693.75,6656.92,0.024657534246575342,103.54760925968652,76.25450417486081,4.5193505436546815,0.2948322036392348,0.9881556870675228,2.0-3.0%,0.98-1.00,2025-09-22→2025-09-23
2025-09-22,2025-09-23,P,6620.0,0.0273972602739726,53.91942151102707,-0.16591500017208802,24.65022796137896,-0.281055696693844,6693.75,6656.92,0.024657534246575342,57.871751560500435,34.21740763322532,1.4893505436620122,-2.751281309234253,0.9881556870675228,2.0-3.0%,0.98-1.00,2025-09-22→2025-09-23
2025-09-22,2025-09-23,C,6625.0,0.0273972602739726,130.34359531220161,0.8328051823031911,100.19942535014798,0.7084879282793082,6693.75,6656.92,0.024657534246575342,106.02386535856034,72.79548542607517,4.872214864226471,0.293610398526873,0.988902028220897,2.0-3.0%,0.98-1.00,2025-09-22→2025-09-23
2025-09-22,2025-09-23,P,6625.0,0.0273972602739726,56.05654671584375,-0.16719481769663339,25.850237120823067,-0.29234855175495517,6693.75,6656.92,0.024657534246575342,65.34139447379285,35.86415236188623,1.742214864233003,-2.8671971611349782,0.988902028220897,2.0-3.0%,0.98-1.00,2025-09-22→2025-09-23
2025-09-22,2025-09-23,C,6630.0,0.0273972602739726,127.62588583792069,0.8349885520086325,96.14943434136876,0.6979521278702824,6693.75,6656.92,0.024657534246575342,102.58225607113575,69.19390095411381,5.552628370477873,0.5055768694624447,0.9896483693742713,2.0-3.0%,0.98-1.00,2025-09-22→2025-09-23
2025-09-22,2025-09-23,P,6630.0,0.0273972602739726,58.334658336966896,-0.16501144799117604,27.00024687643304,-0.3036032224681729,6693.75,6656.92,0.024657534246575342,66.89317200079313,37.47115462604188,2.1726283704849987,-2.931706683502785,0.9896483693742713,2.0-3.0%,0.98-1.00,2025-09-22→2025-09-23
2025-09-22,2025-09-23,C,6635.0,0.0273972602739726,124.63169105530096,0.8228394751664153,92.34944317536247,0.6862975060733266,6693.75,6656.92,0.024657534246575342,98.84005916061791,65.86858303187773,5.505177870379018,0.476337148680571,0.9903947105276455,2.0-3.0%,0.98-1.00,2025-09-22→2025-09-23
2025-09-22,2025-09-23,P,6635.0,0.0273972602739726,60.33628464974559,-0.17716052483335656,28.150255374022436,-0.31504687376781265,6693.75,6656.92,0.024657534246575342,68.14436190471314,39.092505821949544,2.1751778703874933,-2.903176360868514,0.9903947105276455,2.0-3.0%,0.98-1.00,2025-09-22→2025-09-23
2025-09-22,2025-09-23,C,6640.0,0.0273972602739726,122.09283714747176,0.8148710040574279,88.54945294495337,0.6744455343112257,6693.75,6656.92,0.024657534246575342,100.88589987762307,62.558143845834365,5.711699079435011,0.5398290286823944,0.9911410516810198,2.0-3.0%,0.98-1.00,2025-09-22→2025-09-23
2025-09-22,2025-09-23,P,6640.0,0.0273972602739726,62.79325183731319,-0.1851289959423355,29.25026484514774,-0.3265499721563182,6693.75,6656.92,0.024657534246575342,75.18358943614379,40.67816281775913,2.4816990794437936,-2.726835474517179,0.9911410516810198,2.0-3.0%,0.98-1.00,2025-09-22→2025-09-23
2025-09-22,2025-09-23,C,6645.0,0.0273972602739726,119.44754862542578,0.8249842773431374,84.84946299924013,0.6620685625952921,6693.75,6656.92,0.024657534246575342,98.61717295837903,59.36582076570903,6.534170934547696,0.5339851603845673,0.9918873928343941,2.0-3.0%,0.98-1.00,2025-09-22→2025-09-23
2025-09-22,2025-09-23,P,6645.0,0.0273972602739726,65.14378441066613,-0.1750157226566743,30.70027524777379,-0.339356885621773,6693.75,6656.92,0.024657534246575342,77.90824933131641,42.638104052050494,3.154170934554692,-2.8985140974498815,0.9918873928343941,2.0-3.0%,0.98-1.00,2025-09-22→2025-09-23
2025-09-22,2025-09-23,C,6650.0,0.0273972602739726,116.74381052805076,0.8135678674925695,81.24947343682652,0.6492013913555348,6693.75,6656.92,0.024657534246575342,94.92841390238688,56.29042498075114,6.563704559751276,0.5100872436243016,0.9926337339877683,2.0-3.0%,0.98-1.00,2025-09-22→2025-09-23
2025-09-22,2025-09-23,P,6650.0,0.0273972602739726,67.43586740869118,-0.18643213250722368,32.000285427492145,-0.3519063096764909,6693.75,6656.92,0.024657534246575342,79.21287708976557,44.45999442982429,3.283704559758971,-2.8107093853851275,0.9926337339877683,2.0-3.0%,0.98-1.00,2025-09-22→2025-09-23
2025-09-22,2025-09-23,C,6655.0,0.0273972602739726,114.26510259121805,0.8026208584610847,77.69948452086737,0.6360041830947634,6693.75,6656.92,0.024657534246575342,93.3688618289516,53.28069293840235,6.610526217121702,0.474034063380099,0.9933800751411426,2.0-3.0%,0.98-1.00,2025-09-22→2025-09-23
2025-09-22,2025-09-23,P,6655.0,0.0273972602739726,69.95298056725716,-0.19737914153874458,33.450296477220036,-0.3650790246288884,6693.75,6656.92,0.024657534246575342,82.64671183074857,46.449308987524546,3.280526217128048,-2.8958604770819374,0.9933800751411426,2.0-3.0%,0.98-1.00,2025-09-22→2025-09-23
2025-09-22,2025-09-23,C,6660.0,0.0273972602739726,111.7408222077597,0.8057825324141737,74.14949506332823,0.6225878276036317,6693.75,6656.92,0.024657534246575342,95.16777056137633,50.28726132509291,7.276970668813956,0.5299096906417056,0.9941264162945168,2.0-3.0%,0.98-1.00,2025-09-22→2025-09-23
2025-09-22,2025-09-23,P,6660.0,0.0273972602739726,72.42452127919674,-0.1942174675856565,34.800306834004004,-0.37824865243062855,6693.75,6656.92,0.024657534246575342,89.4390073776039,48.3559282609026,4.096970668820285,-2.680897869020022,0.9941264162945168,2.0-3.0%,0.98-1.00,2025-09-22→2025-09-23
2025-09-22,2025-09-23,C,6665.0,0.0273972602739726,109.45746509372188,0.8049990393531455,70.74950635709774,0.6086175128745004,6693.75,6656.92,0.024657534246575342,91.82890693987346,47.45875184952047,7.748114619376292,0.5153829991678052,0.994872757447891,2.0-3.0%,0.98-1.00,2025-09-22→2025-09-23
2025-09-22,2025-09-23,P,6665.0,0.0273972602739726,75.13698526056072,-0.19500096064664335,36.50031828641295,-0.3924146935596087,6693.75,6656.92,0.024657534246575342,91.09353057052752,50.62535756478928,4.418114619384141,-2.8526331638003573,0.994872757447891,2.0-3.0%,0.98-1.00,2025-09-22→2025-09-23
2025-09-22,2025-09-23,C,6670.0,0.0273972602739726,106.83063053714504,0.7916467700802646,67.34951786652118,0.5944239506354364,6693.75,6656.92,0.024657534246575342,88.29610635755783,44.64689605935837,7.8563505420560915,0.5926341019030836,0.9956190986012654,2.0-3.0%,0.98-1.00,2025-09-22→2025-09-23
2025-09-22,2025-09-23,P,6670.0,0.0273972602739726,77.50597179938215,-0.2083532299195285,38.10032977435458,-0.40658163842888384,6693.75,6656.92,0.024657534246575342,92.55411680264253,52.8124409113866,4.526350542063776,-2.7744017433357673,0.9956190986012654,2.0-3.0%,0.98-1.00,2025-09-22→2025-09-23
2025-09-22,2025-09-23,C,6675.0,0.0273972602739726,104.56540868247697,0.7834785317078683,64.04952971071862,0.5798209766609931,6693.75,6656.92,0.024657534246575342,91.68760161639413,41.94930687294436,8.105514322800733,0.6048065704243335,0.9963654397546396,2.0-3.0%,0.98-1.00,2025-09-22→2025-09-23
2025-09-22,2025-09-23,P,6675.0,0.0273972602739726,80.23657104011097,-0.21652146829197474,39.80034159604793,-0.42115685984430146,6693.75,6656.92,0.024657534246575342,100.93899887589444,55.11374809373228,4.775514322806586,-2.7612071480655924,0.9963654397546396,2.0-3.0%,0.98-1.00,2025-09-22→2025-09-23
2025-09-22,2025-09-23,C,6680.0,0.0273972602739726,102.48385577772214,0.7961690892942458,60.84954254125614,0.5648458202022932,6693.75,6656.92,0.024657534246575342,89.44611087127672,39.3645500524849,9.12290755870702,0.6032715580504231,0.9971117809080139,2.0-3.0%,0.98-1.00,2025-09-22→2025-09-23
2025-09-22,2025-09-23,P,6680.0,0.0273972602739726,83.15083923075417,-0.2038309107055675,41.60035443047991,-0.4361032112650732,6693.75,6656.92,0.024657534246575342,103.69089494520497,57.52784874459712,5.792907558713961,-2.761681270892616,0.9971117809080139,2.0-3.0%,0.98-1.00,2025-09-22→2025-09-23
2025-09-22,2025-09-23,C,6685.0,0.0273972602739726,99.98725493764458,0.783035076530095,57.74955419608932,0.5495368934428347,6693.75,6656.92,0.024657534246575342,86.02861772305593,36.89111960840728,9.239181868603346,0.6394437854995694,0.9978581220613881,2.0-3.0%,0.98-1.00,2025-09-22→2025-09-23
2025-09-22,2025-09-23,P,6685.0,0.0273972602739726,85.65005948607745,-0.21696492346970028,43.45036600109097,-0.4513410174704096,6693.75,6656.92,0.024657534246575342,105.26678861142086,60.00651294305817,5.95918186861095,-2.672889673435158,0.9978581220613881,2.0-3.0%,0.98-1.00,2025-09-22→2025-09-23
2025-09-22,2025-09-23,C,6690.0,0.0273972602739726,97.89590797570541,0.7716689750111113,54.749566928573586,0.5339336454806146,6693.75,6656.92,0.024657534246575342,85.7953497908239,34.52745132773316,9.270568349659175,0.5147761630509997,0.9986044632147624,2.0-3.0%,0.98-1.00,2025-09-22→2025-09-23
2025-09-22,2025-09-23,P,6690.0,0.0273972602739726,88.55453361953543,-0.2283310249887201,45.40037869924936,-0.4669028345536457,6693.75,6656.92,0.024657534246575342,110.02690749361682,62.59611826354467,6.090568349665455,-2.696031396610735,0.9986044632147624,2.0-3.0%,0.98-1.00,2025-09-22→2025-09-23
2025-09-22,2025-09-23,C,6695.0,0.0273972602739726,95.71352175132287,0.7783346640206162,51.74957952561135,0.5180971548776422,6693.75,6656.92,0.024657534246575342,87.51115503384908,32.18092844583725,10.216065675879236,0.6315182141435223,0.9993508043681367,2.0-3.0%,0.98-1.00,2025-09-22→2025-09-23
2025-09-22,2025-09-23,P,6695.0,0.0273972602739726,91.36796849055116,-0.22166533597927243,47.45039130681789,-0.4827496824696575,6693.75,6656.92,0.024657534246575342,116.73609955107352,65.29508977492696,6.986065675883411,-2.6296708053574527,0.9993508043681367,2.0-3.0%,0.98-1.00,2025-09-22→2025-09-23
2025-09-22,2025-09-23,C,6700.0,0.0273972602739726,93.91111955310986,0.775993695522077,48.89959284371389,0.5019890223084588,6693.75,6656.92,0.024657534246575342,84.4135557283357,29.988273362423115,10.829847806078032,0.7382556916204912,1.0000971455215109,2.0-3.0%,1.00-1.02,2025-09-22→2025-09-23
2025-09-22,2025-09-23,P,6700.0,0.0273972602739726,94.56138738773994,-0.2240063044777268,49.55040461438875,-0.49884745772580097,6693.75,6656.92,0.024657534246575342,118.63188705998898,68.0569402982328,7.499847806085338,-2.6225518680412137,1.0000971455215109,2.0-3.0%,1.00-1.02,2025-09-22→2025-09-23
2025-09-22,2025-09-23,C,6705.0,0.0273972602739726,91.59468676207663,0.7615635673223526,46.0496061072663,0.4856311649580531,6693.75,6656.92,0.024657534246575342,81.09911798766755,27.813291145851963,10.848386184482198,0.6857958054050641,1.0008434866748852,2.0-3.0%,1.00-1.02,2025-09-22→2025-09-23
2025-09-22,2025-09-23,P,6705.0,0.0273972602739726,97.24077569210493,-0.23843643267746167,51.6504178963055,-0.5152279573090086,6693.75,6656.92,0.024657534246575342,120.31083613373234,70.83777453274524,7.6683861844890995,-2.525845667690753,1.0008434866748852,2.0-3.0%,1.00-1.02,2025-09-22→2025-09-23
2025-09-22,2025-09-23,C,6710.0,0.0273972602739726,89.59715856519946,0.7538160954194756,43.349619525299204,0.46908177982278915,6693.75,6656.92,0.024657534246575342,85.33890185392868,25.78883020799003,11.263046794299232,0.7762819508732903,1.0015898278282596,2.0-3.0%,1.00-1.02,2025-09-22→2025-09-23
2025-09-22,2025-09-23,P,6710.0,0.0273972602739726,100.2390685906246,-0.2461839045803685,54.05043126373903,-0.5317148964372612,6693.75,6656.92,0.024657534246575342,129.54400681441618,73.90101158974812,7.933046794305046,-2.5830596357842914,1.0015898278282596,2.0-3.0%,1.00-1.02,2025-09-22→2025-09-23
2025-09-22,2025-09-23,C,6715.0,0.0273972602739726,88.11301522385075,0.7686931818117885,40.74963280269685,0.4523765841338586,6693.75,6656.92,0.024657534246575342,83.30099977380888,23.86828132774326,12.410969886128115,0.7610295936499831,1.0023361689816337,2.0-3.0%,1.00-1.02,2025-09-22→2025-09-23
2025-09-22,2025-09-23,P,6715.0,0.0273972602739726,103.75074634467616,-0.23130681818800253,56.45044452942511,-0.5484024381149044,6693.75,6656.92,0.024657534246575342,132.4994915487229,76.97977390229426,9.130969886135874,-2.547661795771898,1.0023361689816337,2.0-3.0%,1.00-1.02,2025-09-22→2025-09-23
2025-09-22,2025-09-23,C,6720.0,0.0273972602739726,85.86129866547073,0.7543400905976745,38.29964665975558,0.43563377578626516,6693.75,6656.92,0.024657534246575342,80.2468805431825,22.091955478351565,12.482345536712298,0.7443919622081161,1.003082510135008,2.0-3.0%,1.00-1.02,2025-09-22→2025-09-23
2025-09-22,2025-09-23,P,6720.0,0.0273972602739726,106.49485088169278,-0.24565990940217283,58.9504584304309,-0.5652027042479927,6693.75,6656.92,0.024657534246575342,134.43875913253152,80.1606224141633,9.202345536717992,-2.5664155974535277,1.003082510135008,2.0-3.0%,1.00-1.02,2025-09-22→2025-09-23
2025-09-22,2025-09-23,C,6725.0,0.0273972602739726,84.0799303994321,0.742266213815609,35.8996603423152,0.4187645280775292,6693.75,6656.92,0.024657534246575342,80.00854757579683,20.373021386455775,12.637664654828829,0.7230975690953727,1.0038288512883822,2.0-3.0%,1.00-1.02,2025-09-22→2025-09-23
2025-09-22,2025-09-23,P,6725.0,0.0273972602739726,109.70930371105563,-0.2577337861841927,61.550472112989155,-0.5820719519567302,6693.75,6656.92,0.024657534246575342,139.19381297956508,83.4416883222666,9.657664654836209,-2.287709990566327,1.0038288512883822,2.0-3.0%,1.00-1.02,2025-09-22→2025-09-23
2025-09-22,2025-09-23,C,6730.0,0.0273972602739726,82.24564443720982,0.750657639932782,33.599674045990014,0.40187123385949064,6693.75,6656.92,0.024657534246575342,82.60173693278114,18.752381576833614,13.596720878724305,0.750917543045011,1.0045751924417565,2.0-3.0%,1.00-1.02,2025-09-22→2025-09-23
2025-09-22,2025-09-23,P,6730.0,0.0273972602739726,112.87083884423247,-0.24934236006706637,64.30048572520445,-0.5988525260255935,6693.75,6656.92,0.024657534246575342,146.78038915098014,86.86175298066792,10.516720878729966,-2.355738533522562,1.0045751924417565,2.0-3.0%,1.00-1.02,2025-09-22→2025-09-23
2025-09-22,2025-09-23,C,6620.0,0.030136986301369864,140.57924317348312,0.8347624342214452,108.40095295895298,0.7136531660718506,6693.75,6656.92,0.0273972602739726,111.15708876013777,80.70015403961042,7.744300452375768,3.2838461064262034,0.9878530873227065,3.0-4.0%,0.98-1.00,2025-09-22→2025-09-23
2025-09-22,2025-09-23,P,6620.0,0.030136986301369864,59.27084643987606,-0.16523756577828416,29.54960434229133,-0.29629855618509904,6693.75,6656.92,0.0273972602739726,63.68470775822619,39.53728556683245,2.1643004523858025,-2.66267582429718,0.9878530873227065,3.0-4.0%,0.98-1.00,2025-09-22→2025-09-23
2025-09-22,2025-09-23,C,6625.0,0.030136986301369864,137.68269414775776,0.8335792780661416,107.00092734796635,0.6950916464352658,6693.75,6656.92,0.0273972602739726,113.36245969153525,79.8269070122542,5.650724811175937,0.5502253382107902,0.9885991999264246,3.0-4.0%,0.98-1.00,2025-09-22→2025-09-23
2025-09-22,2025-09-23,P,6625.0,0.030136986301369864,61.36858865528778,-0.1664207219335602,30.699590121563233,-0.3063645580176232,6693.75,6656.92,0.0273972602739726,70.8821086133495,41.09358869336302,2.5207248111869927,-2.6334066717890376,0.9885991999264246,3.0-4.0%,0.98-1.00,2025-09-22→2025-09-23
2025-09-22,2025-09-23,C,6630.0,0.030136986301369864,135.01680589125144,0.8360418087541915,103.15091438090349,0.6848529172773058,6693.75,6656.92,0.0273972602739726,110.69730810725761,76.39543998943236,6.191419816416804,0.6231329433231139,0.9893453125301427,3.0-4.0%,0.98-1.00,2025-09-22→2025-09-23
2025-09-22,2025-09-23,P,6630.0,0.030136986301369864,63.69699163992132,-0.16395819124553632,31.84957713681706,-0.3165871306726616,6693.75,6656.92,0.0273972602739726,73.20898695278193,42.66151769973476,3.111419816426908,-2.509904022674105,0.9893453125301427,3.0-4.0%,0.98-1.00,2025-09-22→2025-09-23
2025-09-22,2025-09-23,C,6635.0,0.030136986301369864,132.04247386091535,0.8244684199346234,99.40090020296157,0.6741559476956207,6693.75,6656.92,0.0273972602739726,107.43595934192292,73.07912696872518,6.115171906192121,0.5791635536296624,0.9900914251338607,3.0-4.0%,0.98-1.00,2025-09-22→2025-09-23
2025-09-22,2025-09-23,P,6635.0,0.030136986301369864,65.71695085071606,-0.175531580065157,33.14956279015951,-0.32740627357803914,6693.75,6656.92,0.0273972602739726,74.93966811115598,44.39582652212721,2.985171906200283,-2.608373055879156,0.9900914251338607,3.0-4.0%,0.98-1.00,2025-09-22→2025-09-23
2025-09-22,2025-09-23,C,6640.0,0.030136986301369864,129.44790616179836,0.8168093593559163,95.75088535978011,0.6630305978853596,6693.75,6656.92,0.0273972602739726,109.23572171097072,69.87697939338568,6.18308870507833,0.5194169201177381,0.9908375377375788,3.0-4.0%,0.98-1.00,2025-09-22→2025-09-23
2025-09-22,2025-09-23,P,6640.0,0.030136986301369864,68.11667439274066,-0.18319064064377183,34.59954763550513,-0.33876413093076957,6693.75,6656.92,0.0273972602739726,81.73146040394234,46.29448450327163,2.9530887050898924,-2.776682942180223,0.9908375377375788,3.0-4.0%,0.98-1.00,2025-09-22→2025-09-23
2025-09-22,2025-09-23,C,6645.0,0.030136986301369864,126.75480086633242,0.8267314507466262,92.0508704626609,0.6518735657842352,6693.75,6656.92,0.0273972602739726,107.92806763222535,66.63614894003285,7.048519330998193,0.608503427833341,0.9915836503412968,3.0-4.0%,0.98-1.00,2025-09-22→2025-09-23
2025-09-22,2025-09-23,P,6645.0,0.030136986301369864,70.41786033840923,-0.17326854925315094,35.74953328322454,-0.3495130116172611,6693.75,6656.92,0.0273972602739726,85.41583624889556,47.90020356240029,3.9685193310064646,-2.5225642178636996,0.9915836503412968,3.0-4.0%,0.98-1.00,2025-09-22→2025-09-23
2025-09-22,2025-09-23,C,6650.0,0.030136986301369864,124.11331742409081,0.8160521384537176,88.45085571130676,0.6402947286378655,6693.75,6656.92,0.0273972602739726,105.16160293507183,63.50947250490799,7.055200259250345,0.582054855732526,0.9923297629450148,3.0-4.0%,0.98-1.00,2025-09-22→2025-09-23
2025-09-22,2025-09-23,P,6650.0,0.030136986301369864,72.77066813730696,-0.18394786154603093,37.299518050471306,-0.361408323177821,6693.75,6656.92,0.0273972602739726,87.64140147544367,49.923446295940266,3.825200259259695,-2.7106685426391195,0.9923297629450148,3.0-4.0%,0.98-1.00,2025-09-22→2025-09-23
2025-09-22,2025-09-23,C,6655.0,0.030136986301369864,121.57503008435835,0.805560876165549,84.95083911976235,0.628325033463542,6693.75,6656.92,0.0273972602739726,103.83574357159134,60.495863140735764,7.1688070691771095,0.641210982462205,0.9930758755487329,3.0-4.0%,0.98-1.00,2025-09-22→2025-09-23
2025-09-22,2025-09-23,P,6655.0,0.030136986301369864,75.22667203870999,-0.1944391238342506,38.649501988571956,-0.3730228089838662,6693.75,6656.92,0.0273972602739726,91.30757203569877,51.758425350028574,4.038807069184568,-2.5384300548757626,0.9930758755487329,3.0-4.0%,0.98-1.00,2025-09-22→2025-09-23
2025-09-22,2025-09-23,C,6660.0,0.030136986301369864,118.96006749185834,0.8086427928198323,81.5008226905843,0.6160893594639895,6693.75,6656.92,0.0273972602739726,105.64094867508992,57.54470373825825,7.632314059554368,0.5405711090586891,0.993821988152451,3.0-4.0%,0.98-1.00,2025-09-22→2025-09-23
2025-09-22,2025-09-23,P,6660.0,0.030136986301369864,77.60600068735287,-0.19135720717989932,40.14948571285231,-0.3851460105935831,6693.75,6656.92,0.0273972602739726,98.10480706290309,53.75702694958045,4.652314059564325,-2.4849275701616342,0.993821988152451,3.0-4.0%,0.98-1.00,2025-09-22→2025-09-23
2025-09-22,2025-09-23,C,6665.0,0.030136986301369864,116.7096232847537,0.8082411378762941,78.15080587971443,0.6035080234945667,6693.75,6656.92,0.0273972602739726,104.61655992697249,54.70503434032889,8.117521107983848,0.577200505304841,0.9945681007561691,3.0-4.0%,0.98-1.00,2025-09-22→2025-09-23
2025-09-22,2025-09-23,P,6665.0,0.030136986301369864,80.34984772138289,-0.1917588621234724,41.74946902544707,-0.39763503336507905,6693.75,6656.92,0.0273972602739726,102.07244823850058,55.86790444924736,5.087521107992531,-2.4948982788358265,0.9945681007561691,3.0-4.0%,0.98-1.00,2025-09-22→2025-09-23
2025-09-22,2025-09-23,C,6670.0,0.030136986301369864,114.04796037077267,0.7955136157916922,74.75078894707076,0.5908282176280624,6693.75,6656.92,0.0273972602739726,101.85774688822241,51.829730680714874,8.148766469607967,0.610203255241494,0.9953142133598871,3.0-4.0%,0.98-1.00,2025-09-22→2025-09-23
2025-09-22,2025-09-23,P,6670.0,0.030136986301369864,82.68247604853809,-0.20448638420808185,43.3494520928034,-0.41031483923158374,6693.75,6656.92,0.0273972602739726,104.30566512345885,57.99260078963425,5.168766469616356,-2.411895528899203,0.9953142133598871,3.0-4.0%,0.98-1.00,2025-09-22→2025-09-23
2025-09-22,2025-09-23,C,6675.0,0.030136986301369864,111.68372558420897,0.7876655827214316,71.45077155691388,0.5778051497150136,6693.75,6656.92,0.0273972602739726,104.51220116746609,49.06595663590042,8.409723411630281,0.6805636640039232,0.9960603259636052,3.0-4.0%,0.98-1.00,2025-09-22→2025-09-23
2025-09-22,2025-09-23,P,6675.0,0.030136986301369864,85.31253250311296,-0.21233441727835936,45.14943454209197,-0.4234581468713666,6693.75,6656.92,0.0273972602739726,111.95214932643226,60.3252014707964,5.279723411638042,-2.4959635492723997,0.9960603259636052,3.0-4.0%,0.98-1.00,2025-09-22→2025-09-23
2025-09-22,2025-09-23,C,6680.0,0.030136986301369864,109.56133571822775,0.8000887297639305,68.30075465875325,0.5644231270606133,6693.75,6656.92,0.0273972602739726,104.70971463412738,46.46019156424427,9.317267917205491,0.6377037696423322,0.9968064385673232,3.0-4.0%,0.98-1.00,2025-09-22→2025-09-23
2025-09-22,2025-09-23,P,6680.0,0.030136986301369864,88.1844338782703,-0.19991127023579466,46.89941780448635,-0.4367199297990337,6693.75,6656.92,0.0273972602739726,117.14169271680497,62.62306167316319,6.287267917215688,-2.4343950144983886,0.9968064385673232,3.0-4.0%,0.98-1.00,2025-09-22→2025-09-23
2025-09-22,2025-09-23,C,6685.0,0.030136986301369864,107.07178889178604,0.787691247525197,65.1507354864666,0.550862843210561,6693.75,6656.92,0.0273972602739726,102.58223304496693,43.86789581461517,9.410668646352942,0.6882785154449138,0.9975525511710412,3.0-4.0%,0.98-1.00,2025-09-22→2025-09-23
2025-09-22,2025-09-23,P,6685.0,0.030136986301369864,90.6891782929641,-0.21230875247456008,48.79939858356738,-0.4503172193028117,6693.75,6656.92,0.0273972602739726,120.00624105135209,65.07803879546873,6.380668646361971,-2.385183186922518,0.9975525511710412,3.0-4.0%,0.98-1.00,2025-09-22→2025-09-23
2025-09-22,2025-09-23,C,6690.0,0.030136986301369864,104.89898225253704,0.7768304305219838,62.10071711768842,0.5370384321636008,6693.75,6656.92,0.0273972602739726,102.22552117591451,41.38410340292694,9.510664756124605,0.6791254565853784,0.9982986637747593,3.0-4.0%,0.98-1.00,2025-09-22→2025-09-23
2025-09-22,2025-09-23,P,6690.0,0.030136986301369864,93.51066289485426,-0.22316956947777963,50.69938026342152,-0.46410462469604624,6693.75,6656.92,0.0273972602739726,124.64155910601774,67.54697351184632,6.430664756133384,-2.4429733275553573,0.9982986637747593,3.0-4.0%,0.98-1.00,2025-09-22→2025-09-23
2025-09-22,2025-09-23,C,6695.0,0.030136986301369864,102.60858534985161,0.783243998651016,59.10069872307713,0.5229980270464623,6693.75,6656.92,0.0273972602739726,103.87705589060863,38.96110574749355,10.346876470316865,0.7620173361211684,0.9990447763784773,3.0-4.0%,0.98-1.00,2025-09-22→2025-09-23
2025-09-22,2025-09-23,P,6695.0,0.030136986301369864,96.21455723330457,-0.21675600134881212,52.8993618502077,-0.47819524176738853,6693.75,6656.92,0.0273972602739726,131.2851237444218,70.30920299654235,7.016876470323273,-2.611930754292878,0.9990447763784773,3.0-4.0%,0.98-1.00,2025-09-22→2025-09-23
2025-09-22,2025-09-23,C,6700.0,0.030136986301369864,100.8317811368407,0.7813143695792805,56.20067933354494,0.5087401929844694,6693.75,6656.92,0.0273972602739726,103.24289468616976,36.64475117931897,10.775808231604842,0.7369013076179698,0.9997908889821955,3.0-4.0%,0.98-1.00,2025-09-22→2025-09-23
2025-09-22,2025-09-23,P,6700.0,0.030136986301369864,99.43204426143357,-0.21868563042046593,54.799342479277584,-0.49240286387517823,6693.75,6656.92,0.0273972602739726,135.64299246369,72.8076212882379,7.695808231614256,-2.38519747652278,0.9997908889821955,3.0-4.0%,0.98-1.00,2025-09-22→2025-09-23
2025-09-22,2025-09-23,C,6705.0,0.030136986301369864,98.51439634634788,0.7676504591859443,53.40066005212066,0.4943015979422039,6693.75,6656.92,0.0273972602739726,100.58400768686533,34.4335604488374,10.82256641181828,0.7551278522113378,1.0005370015859134,3.0-4.0%,1.00-1.02,2025-09-22→2025-09-23
2025-09-22,2025-09-23,P,6705.0,0.030136986301369864,102.10895071207749,-0.23234954081384993,57.099323232949246,-0.5068151879525327,6693.75,6656.92,0.0273972602739726,137.97613538810504,75.6870033975174,7.592566411825922,-2.516003372291742,1.0005370015859134,3.0-4.0%,1.00-1.02,2025-09-22→2025-09-23
2025-09-22,2025-09-23,C,6710.0,0.030136986301369864,96.43261901692871,0.7602574081905668,50.70064058070966,0.4797199382575798,6693.75,6656.92,0.0273972602739726,103.38299972351854,32.32600052801081,11.050280343658514,0.7180853260266247,1.0012831141896315,3.0-4.0%,1.00-1.02,2025-09-22→2025-09-23
2025-09-22,2025-09-23,P,6710.0,0.030136986301369864,105.02146462379328,-0.2397425918092285,59.399303797066295,-0.5213702351649631,6693.75,6656.92,0.0273972602739726,145.76715734847699,78.5783957552012,7.820280343666131,-2.5520657611255544,1.0012831141896315,3.0-4.0%,1.00-1.02,2025-09-22→2025-09-23
2025-09-22,2025-09-23,C,6715.0,0.030136986301369864,94.90789609512419,0.7747113865168233,48.000620843807155,0.46495360912735517,6693.75,6656.92,0.0273972602739726,103.54776657154262,30.232051693236826,12.182620365414543,0.7742414241604543,1.0020292267933497,3.0-4.0%,1.00-1.02,2025-09-22→2025-09-23
2025-09-22,2025-09-23,P,6715.0,0.030136986301369864,108.49103294312886,-0.22528861348290302,61.74928415070144,-0.536069135749156,6693.75,6656.92,0.0273972602739726,150.9239541202121,81.52758783679747,8.902620365424701,-2.543426269641376,1.0020292267933497,3.0-4.0%,1.00-1.02,2025-09-22→2025-09-23
2025-09-22,2025-09-23,C,6720.0,0.030136986301369864,92.72574342315822,0.7612539557089272,45.400600478670185,0.45006676372237164,6693.75,6656.92,0.0273972602739726,101.46182697987518,28.24071217355913,12.23698318875973,0.7759589078949105,1.0027753393970678,3.0-4.0%,1.00-1.02,2025-09-22→2025-09-23
2025-09-22,2025-09-23,P,6720.0,0.030136986301369864,111.30317151229838,-0.2387460442908723,63.99926362440374,-0.5510762931372761,6693.75,6656.92,0.0273972602739726,153.83004445225475,84.40358228247987,9.206983188767191,-2.2961398762458387,1.0027753393970678,3.0-4.0%,1.00-1.02,2025-09-22→2025-09-23
2025-09-22,2025-09-23,C,6725.0,0.030136986301369864,90.92991567925661,0.7498706396664108,42.95058108801277,0.4351669826339163,6693.75,6656.92,0.0273972602739726,100.8611728593757,26.39345310261615,12.31773565891385,0.7271999704070993,1.0035214520007858,3.0-4.0%,1.00-1.02,2025-09-22→2025-09-23
2025-09-22,2025-09-23,P,6725.0,0.030136986301369864,114.50163500953533,-0.25012936033336536,66.64924441633275,-0.5658393423799483,6693.75,6656.92,0.0273972602739726,158.22142025548257,87.64254414838524,9.137735658922166,-2.4898629798534593,1.0035214520007858,3.0-4.0%,1.00-1.02,2025-09-22→2025-09-23
2025-09-22,2025-09-23,C,6730.0,0.030136986301369864,89.00282210575634,0.7579259100962733,40.550561064763315,0.4201719486247674,6693.75,6656.92,0.0273972602739726,102.71484108645431,24.601824464831225,13.164411268845694,0.724932867850157,1.0042675646045038,3.0-4.0%,1.00-1.02,2025-09-22→2025-09-23
2025-09-22,2025-09-23,P,6730.0,0.030136986301369864,117.56883267717573,-0.24207408990349755,69.24922443198784,-0.5808052401801744,6693.75,6656.92,0.0273972602739726,165.06711840627972,90.84977727297337,9.934411268854197,-2.5410569958357883,1.0042675646045038,3.0-4.0%,1.00-1.02,2025-09-22→2025-09-23
