asof0,asof1,cp,K,T,price0_pde,delta0_pde,price0_bsm,delta0_bsm,S0,S1,T1,price1_pde,price1_bsm,pnl_pde,pnl_bsm,m,T_bucket,m_bucket,pair
2025-09-23,2025-09-24,C,6585.0,0.005479452054794521,80.03449786351207,0.931895394207779,80.30000000000018,0.8679041367869998,6656.92,6637.97,0.005479452054794521,114.66814869623562,64.47348244710702,1.6094177202372322,0.3967833921134769,0.9886348281712133,<1.0%,0.98-1.00,2025-09-23→2025-09-24
2025-09-23,2025-09-24,P,6585.0,0.005479452054794521,4.3774582130275075,-0.06810460579216547,4.6500002424591,-0.13346550673347632,6656.92,6637.97,0.005479452054794521,56.21684366123927,7.799492470942141,0.20941772023847682,-1.0291713525993518,0.9886348281712133,<1.0%,0.98-1.00,2025-09-23→2025-09-24
2025-09-23,2025-09-24,C,6590.0,0.005479452054794521,77.29539324960872,0.9763565213715412,75.90000012209748,0.8531914331040287,6656.92,6637.97,0.005479452054794521,149.37100166999306,60.399282588189635,2.601956079990522,0.2679776573211825,0.9893855000225202,<1.0%,0.98-1.00,2025-09-23→2025-09-24
2025-09-23,2025-09-24,P,6590.0,0.005479452054794521,6.6355160595222324,-0.02364347862844913,5.150000194431868,-0.14661201889771078,6656.92,6637.97,0.005479452054794521,95.91553467218351,8.595766496724082,1.2519560799908926,-1.0782977581115931,0.9893855000225202,<1.0%,0.98-1.00,2025-09-23→2025-09-24
2025-09-23,2025-09-24,C,6595.0,0.005479452054794521,72.75185682001667,0.9550526377814009,71.30000000005111,0.8411309773118522,6656.92,6637.97,0.005479452054794521,133.5615053989706,56.078298301601535,2.5982474859573585,0.4394320200594315,0.9901361718738271,<1.0%,0.98-1.00,2025-09-23→2025-09-24
2025-09-23,2025-09-24,P,6595.0,0.005479452054794521,7.089142090334558,-0.04494736221857469,5.650000000027603,-0.16017665703384598,6656.92,6637.97,0.005479452054794521,85.10187643834111,9.402634275156288,1.1482474859580178,-1.0353476507913522,0.9901361718738271,<1.0%,0.98-1.00,2025-09-23→2025-09-24
2025-09-23,2025-09-24,C,6600.0,0.005479452054794521,68.13520680003634,0.9171590383299395,66.84999998449803,0.8262948203874563,6656.92,6637.97,0.005479452054794521,108.21899341188956,51.96218193117511,2.230163776352196,0.5082868463421555,0.990886843725134,<1.0%,0.98-1.00,2025-09-23→2025-09-24
2025-09-23,2025-09-24,P,6600.0,0.005479452054794521,7.469654530753948,-0.08284096167003664,6.199999989305979,-0.1749811459346398,6656.92,6637.97,0.005479452054794521,64.75520248843438,10.285664954313233,0.7801637763528213,-0.9658927154613917,0.990886843725134,<1.0%,0.98-1.00,2025-09-23→2025-09-24
2025-09-23,2025-09-24,C,6605.0,0.005479452054794521,66.07860901436078,0.945498749286852,62.50000005116999,0.80950534177691,6656.92,6637.97,0.005479452054794521,136.09880843605734,47.98480003547593,3.1172012989856768,0.5401262266723013,0.991637515576441,<1.0%,0.98-1.00,2025-09-23→2025-09-24
2025-09-23,2025-09-24,P,6605.0,0.005479452054794521,10.410219205486607,-0.054501250712953205,6.85000003817413,-0.19173310222121503,6656.92,6637.97,0.005479452054794521,97.63085554978898,11.307311074531299,1.6672012989895477,-0.933342287091989,0.991637515576441,<1.0%,0.98-1.00,2025-09-23→2025-09-24
2025-09-23,2025-09-24,C,6610.0,0.005479452054794521,62.59487562774449,0.957443553057767,58.250000000008185,0.7908281940395572,6656.92,6637.97,0.005479452054794521,131.7043853882047,44.144164130440004,3.7435553304445115,0.5861942770494668,0.9923881874277478,<1.0%,0.98-1.00,2025-09-23→2025-09-24
2025-09-23,2025-09-24,P,6610.0,0.005479452054794521,11.923648279269432,-0.04255644694214098,7.55000000000814,-0.20973963612814686,6656.92,6637.97,0.005479452054794521,98.23227053910996,12.404924512117532,2.2435553304464353,-0.924566104628346,0.9923881874277478,<1.0%,0.98-1.00,2025-09-23→2025-09-24
2025-09-23,2025-09-24,C,6615.0,0.005479452054794521,57.952611706173045,0.9096553665796343,53.94999994839236,0.7720934781746212,6656.92,6637.97,0.005479452054794521,107.62362422557088,40.25934043153484,3.6379691966839047,1.0311714114089288,0.9931388592790548,<1.0%,0.98-1.00,2025-09-23→2025-09-24
2025-09-23,2025-09-24,P,6615.0,0.005479452054794521,12.278546818096379,-0.09034463342041574,8.299999956696638,-0.22906585950595057,6656.92,6637.97,0.005479452054794521,79.14734741365422,13.579825805768905,1.837969196683137,-0.7907980376377228,0.9931388592790548,<1.0%,0.98-1.00,2025-09-23→2025-09-24
2025-09-23,2025-09-24,C,6620.0,0.005479452054794521,53.78160126948206,0.8573424985755619,49.79999988200598,0.7507685888082117,6656.92,6637.97,0.005479452054794521,106.07768415924636,36.5730467335934,3.1466403480067484,1.1270647579154822,0.9938895311303617,<1.0%,0.98-1.00,2025-09-23→2025-09-24
2025-09-23,2025-09-24,P,6620.0,0.005479452054794521,13.104698841804618,-0.14265750142450975,9.199999725588668,-0.2508895396261572,6656.92,6637.97,0.005479452054794521,82.59724538451209,14.950977275917012,1.2966403480055662,-0.7543567759156327,0.9938895311303617,<1.0%,0.98-1.00,2025-09-23→2025-09-24
2025-09-23,2025-09-24,C,6625.0,0.005479452054794521,54.627646676419346,0.9638617304897951,45.85000000102809,0.72651775777543,6656.92,6637.97,0.005479452054794521,128.74459289068477,33.13823517312494,5.565179792781439,1.0675115098442642,0.9946402029816687,<1.0%,0.98-1.00,2025-09-23→2025-09-24
2025-09-23,2025-09-24,P,6625.0,0.005479452054794521,18.947906709146643,-0.03613826951022162,10.200000000890213,-0.2745424780609685,6656.92,6637.97,0.005479452054794521,110.25999215312939,16.456333695924968,3.815179792781307,-0.7025799592553028,0.9946402029816687,<1.0%,0.98-1.00,2025-09-23→2025-09-24
2025-09-23,2025-09-24,C,6630.0,0.005479452054794521,50.41472131439104,0.9130348512776741,41.94999999999891,0.7010011689635385,6656.92,6637.97,0.005479452054794521,108.95193839297619,29.77813191924224,5.202010431711759,1.1839721518589261,0.9953908748329755,<1.0%,0.98-1.00,2025-09-23→2025-09-24
2025-09-23,2025-09-24,P,6630.0,0.005479452054794521,19.73214380751915,-0.08696514872239772,11.250000000000227,-0.29956666120416664,6656.92,6637.97,0.005479452054794521,95.46317569259482,18.038892300919997,3.40201043171058,-0.6267882298189029,0.9953908748329755,<1.0%,0.98-1.00,2025-09-23→2025-09-24
2025-09-23,2025-09-24,C,6635.0,0.005479452054794521,46.23881011099882,0.8501172584028107,38.149999984505484,0.6736710642309868,6656.92,6637.97,0.005479452054794521,80.66222451356376,26.550845163295435,4.609722046733108,1.2660666671770766,0.9961415466842825,<1.0%,0.98-1.00,2025-09-23→2025-09-24
2025-09-23,2025-09-24,P,6635.0,0.005479452054794521,20.55339506453198,-0.14988274159719686,12.399999983304042,-0.3265154400219204,6656.92,6637.97,0.005479452054794521,72.16929985036353,19.756850758807104,2.909722046733145,-0.43746758841533406,0.9961415466842825,<1.0%,0.98-1.00,2025-09-23→2025-09-24
2025-09-23,2025-09-24,C,6640.0,0.005479452054794521,48.69038388945156,0.931901728696001,34.549999999974716,0.6438652129665907,6656.92,6637.97,0.005479452054794521,121.88187664967906,23.56306939317301,6.709537758789054,1.2512457857167814,0.9968922185355894,<1.0%,0.98-1.00,2025-09-23→2025-09-24
2025-09-23,2025-09-24,P,6640.0,0.005479452054794521,28.00213130338267,-0.06809827130408537,13.799999999973807,-0.3563866908005027,6656.92,6637.97,0.005479452054794521,118.38479002365956,21.77050674752627,5.009537758787595,-0.4535277906694608,0.9968922185355894,<1.0%,0.98-1.00,2025-09-23→2025-09-24
2025-09-23,2025-09-24,C,6645.0,0.005479452054794521,46.00998349548718,0.9274340464326052,31.000000006838036,0.6126705004974428,6656.92,6637.97,0.005479452054794521,114.0869643140536,20.65109259211522,7.3748751798977,1.4101059844264299,0.9976428903868964,<1.0%,0.98-1.00,2025-09-23→2025-09-24
2025-09-23,2025-09-24,P,6645.0,0.005479452054794521,30.31889336982548,-0.07256595356734373,15.300000006837763,-0.38789732967026114,6656.92,6637.97,0.005479452054794521,115.58571572521284,23.91185297379252,5.624875179898849,-0.35065439725137804,0.9976428903868964,<1.0%,0.98-1.00,2025-09-23→2025-09-24
2025-09-23,2025-09-24,C,6650.0,0.005479452054794521,41.763100977188884,0.8591700197731527,27.650000000005548,0.5792643558024275,6656.92,6637.97,0.005479452054794521,88.36836971837496,17.971474044694332,6.831271874701088,1.5270595424558966,0.9983935622382032,<1.0%,0.98-1.00,2025-09-23→2025-09-24
2025-09-23,2025-09-24,P,6650.0,0.005479452054794521,31.06917331192454,-0.14082998022692347,16.900000000005548,-0.4211290790081723,6656.92,6637.97,0.005479452054794521,94.86295916670984,26.181921227907424,5.081271874699826,-0.23039604720478835,0.9983935622382032,<1.0%,0.98-1.00,2025-09-23→2025-09-24
2025-09-23,2025-09-24,C,6655.0,0.005479452054794521,41.022167840205796,0.8345236325361003,24.449999970394856,0.544068003173152,6656.92,6637.97,0.005479452054794521,99.95251887712053,15.467889559179184,7.064222836558949,1.5600886601311306,0.9991442340895101,<1.0%,0.98-1.00,2025-09-23→2025-09-24
2025-09-23,2025-09-24,P,6655.0,0.005479452054794521,35.32540263535145,-0.1654763674636914,18.749999970395493,-0.45649982699455316,6656.92,6637.97,0.005479452054794521,111.4429463626391,28.728649940857395,5.3142228365630775,-0.20067172154669954,0.9991442340895101,<1.0%,0.98-1.00,2025-09-23→2025-09-24
2025-09-23,2025-09-24,C,6660.0,0.005479452054794521,44.942055589849105,0.9472144827484162,21.44999999753236,0.5071518106910596,6656.92,6637.97,0.005479452054794521,118.44286586115797,13.184838191128165,9.949714448082315,1.610526812595488,0.9998949059408171,<1.0%,0.98-1.00,2025-09-23→2025-09-24
2025-09-23,2025-09-24,P,6660.0,0.005479452054794521,44.242452845391966,-0.05278551725156124,20.74999999753345,-0.49341601947664554,6656.92,6637.97,0.005479452054794521,134.9291313838505,31.445598572805466,8.199714448082924,-0.15023356908234398,0.9998949059408171,<1.0%,0.98-1.00,2025-09-23→2025-09-24
2025-09-23,2025-09-24,C,6665.0,0.005479452054794521,41.203601840170656,0.8829662384123059,18.64999999724796,0.46883947566941514,6656.92,6637.97,0.005479452054794521,98.6777509567838,11.115080237266284,9.482210217913037,1.6345080639353338,1.000645577792124,<1.0%,1.00-1.02,2025-09-23→2025-09-24
2025-09-23,2025-09-24,P,6665.0,0.005479452054794521,45.50116155610986,-0.11703376158786422,22.949999997247687,-0.5317283544982914,6656.92,6637.97,0.005479452054794521,120.15985451666123,34.375840618943585,7.732210217910001,-0.12625231774251766,1.000645577792124,<1.0%,1.00-1.02,2025-09-23→2025-09-24
2025-09-23,2025-09-24,C,6670.0,0.005479452054794521,37.43743182840937,0.80807356433181,16.050000000001546,0.42945897274847633,6656.92,6637.97,0.005479452054794521,70.78320766244119,9.25150297579944,8.812994044087652,1.6382475335835487,1.001396249643431,<1.0%,1.00-1.02,2025-09-23→2025-09-24
2025-09-23,2025-09-24,P,6670.0,0.005479452054794521,46.73215400475274,-0.1919264356682518,25.350000000001273,-0.5711088574192293,6656.92,6637.97,0.005479452054794521,97.26114925949483,37.51226335747742,7.412994044086661,0.2274871519057058,1.001396249643431,<1.0%,1.00-1.02,2025-09-23→2025-09-24
2025-09-23,2025-09-24,C,6675.0,0.005479452054794521,44.64618760890614,0.9258750608966608,13.650000008353345,0.389343486797547,6656.92,6637.97,0.005479452054794521,116.21354475693511,7.587086583758946,11.845332403991554,1.6780590748134436,1.0021469214947378,<1.0%,1.00-1.02,2025-09-23→2025-09-24
2025-09-23,2025-09-24,P,6675.0,0.005479452054794521,58.938072245659896,-0.07412493910319544,27.95000000835398,-0.6112243433701582,6656.92,6637.97,0.005479452054794521,147.68732439117235,40.847846965437384,10.445332403994458,0.2672986931356114,1.0021469214947378,<1.0%,1.00-1.02,2025-09-23→2025-09-24
2025-09-23,2025-09-24,C,6680.0,0.005479452054794521,42.64272808868955,0.9114537783889408,11.499999999766715,0.34923768455096055,6656.92,6637.97,0.005479452054794521,107.68513215919022,6.154655329163916,12.322049100470263,1.6680541222406395,1.0028975933460447,<1.0%,1.00-1.02,2025-09-23→2025-09-24
2025-09-23,2025-09-24,P,6680.0,0.005479452054794521,61.931775185834866,-0.0885462216112245,30.74999999974534,-0.6517330985052231,6656.92,6637.97,0.005479452054794521,144.1547498305985,44.37559258188958,10.972049100467311,0.2996577833261398,1.0028975933460447,<1.0%,1.00-1.02,2025-09-23→2025-09-24
2025-09-23,2025-09-24,C,6685.0,0.005479452054794521,38.71844261553702,0.8396047485251072,9.600000307721984,0.3098628816399465,6656.92,6637.97,0.005479452054794521,83.06579140933465,4.9414180019771266,11.660509984550629,1.6219016070769303,1.0036482651973517,<1.0%,1.00-1.02,2025-09-23→2025-09-24
2025-09-23,2025-09-24,P,6685.0,0.005479452054794521,63.00465217308942,-0.16039525147489844,33.95000035591238,-0.6901862876438791,6656.92,6637.97,0.005479452054794521,124.53124711792525,48.240219962447554,10.010509984550701,-0.02903015085138705,1.0036482651973517,<1.0%,1.00-1.02,2025-09-23→2025-09-24
2025-09-23,2025-09-24,C,6690.0,0.005479452054794521,40.00054335442381,0.8371699572248057,7.900000004121694,0.2713666905773636,6656.92,6637.97,0.005479452054794521,97.47467594718542,3.8980663039121737,12.314370689409914,1.5923987864409908,1.0043989370486586,<1.0%,1.00-1.02,2025-09-23→2025-09-24
2025-09-23,2025-09-24,P,6690.0,0.005479452054794521,69.283915372386,-0.16283004277505964,37.25000000345608,-0.7285569539730995,6656.92,6637.97,0.005479452054794521,143.93596969295575,52.195009900574405,10.614370689412652,-0.10615427779010034,1.0043989370486586,<1.0%,1.00-1.02,2025-09-23→2025-09-24
2025-09-23,2025-09-24,C,6695.0,0.005479452054794521,43.82588914302996,0.9369287661281215,6.44999999127981,0.2350135138933368,6656.92,6637.97,0.005479452054794521,113.08881200288485,3.050837699345834,14.754800118127733,1.45350608827869,1.0051496088999654,<1.0%,1.00-1.02,2025-09-23→2025-09-24
2025-09-23,2025-09-24,P,6695.0,0.005479452054794521,78.1064236213895,-0.06307123387190988,40.799999993171696,-0.7647816105983611,6656.92,6637.97,0.005479452054794521,164.54594378583607,56.345987945783236,11.504800118127323,-1.7926115208388023,1.0051496088999654,<1.0%,1.00-1.02,2025-09-23→2025-09-24
2025-09-23,2025-09-24,C,6700.0,0.005479452054794521,40.23348927269331,0.8716996077446206,5.200000001964099,0.20085840891162784,6656.92,6637.97,0.005479452054794521,94.02503611681102,2.353075603996899,14.043707566760402,1.3312668488753112,1.0059002807512725,<1.0%,1.00-1.02,2025-09-23→2025-09-24
2025-09-23,2025-09-24,P,6700.0,0.005479452054794521,79.51118621145301,-0.12830039225536904,44.550000001290755,-0.798802976884398,6656.92,6637.97,0.005479452054794521,150.47800593694225,60.64645782169282,12.218707566760786,-0.48731641195919195,1.0059002807512725,<1.0%,1.00-1.02,2025-09-23→2025-09-24
2025-09-23,2025-09-24,C,6705.0,0.005479452054794521,36.60514193462234,0.7966018676769882,4.200000176156664,0.17060941842918467,6656.92,6637.97,0.005479452054794521,67.45000212910838,1.8263596314443475,13.04560539247878,1.183048479233018,1.0066509526025793,<1.0%,1.00-1.02,2025-09-23→2025-09-24
2025-09-23,2025-09-24,P,6705.0,0.005479452054794521,80.88000133378537,-0.20339813232291648,48.39999999999873,-0.8320531906324194,6656.92,6637.97,0.005479452054794521,128.89880998641988,65.02540798729115,11.39560539248077,-0.5174079624841976,1.0066509526025793,<1.0%,1.00-1.02,2025-09-23→2025-09-24
2025-09-23,2025-09-24,C,6710.0,0.005479452054794521,43.904660948217504,0.917402434496328,3.3499999972904106,0.14308134087469684,6656.92,6637.97,0.005479452054794521,111.06153615035585,1.39731113786911,15.734776133705248,1.0613914095754793,1.0074016244538861,<1.0%,1.00-1.02,2025-09-23→2025-09-24
2025-09-23,2025-09-24,P,6710.0,0.005479452054794521,93.17668280778835,-0.08259756550355027,52.15000000006057,-0.8697975533857969,6656.92,6637.97,0.005479452054794521,177.50618204484925,69.37165444568927,14.534776133707732,-0.38266363666069836,1.0074016244538861,<1.0%,1.00-1.02,2025-09-23→2025-09-24
2025-09-23,2025-09-24,C,6585.0,0.00821917808219178,86.00399838672863,0.9226757630347395,85.85124776415796,0.8214730951868522,6656.92,6637.97,0.005479452054794521,114.66814869623562,64.74530587393565,-4.11529429049185,-6.033084846209295,0.9883675043107015,<1.0%,0.98-1.00,2025-09-23→2025-09-24
2025-09-23,2025-09-24,P,6585.0,0.00821917808219178,8.567405182777662,-0.07732423696414195,8.399726747189561,-0.17989425939057177,6656.92,6637.97,0.005479452054794521,56.21684366123927,8.109602153607057,-3.7152942904704744,-5.6589962154513005,0.9883675043107015,<1.0%,0.98-1.00,2025-09-23→2025-09-24
2025-09-23,2025-09-24,C,6590.0,0.00821917808219178,84.42857783027299,0.9743268709732865,81.50122824153459,0.808601104879786,6656.92,6637.97,0.005479452054794521,149.37100166999306,60.569724190781926,-3.0365057950563994,-6.177009062528203,0.9891179731826155,<1.0%,0.98-1.00,2025-09-23→2025-09-24
2025-09-23,2025-09-24,P,6590.0,0.00821917808219178,11.987795869144641,-0.025673129025500858,9.0997064789035,-0.19325012805045416,6656.92,6637.97,0.005479452054794521,95.91553467218351,8.978796536983737,-2.7365057950332368,-5.912089926556071,0.9891179731826155,<1.0%,0.98-1.00,2025-09-23→2025-09-24
2025-09-23,2025-09-24,C,6595.0,0.00821917808219178,80.0616287868052,0.9533387385873356,77.25120662150039,0.7943863513163185,6656.92,6637.97,0.005479452054794521,133.5615053989706,56.51760099691273,-3.3842309037701668,-6.396378642555911,0.9898684420545295,<1.0%,0.98-1.00,2025-09-23→2025-09-24
2025-09-23,2025-09-24,P,6595.0,0.00821917808219178,12.6166580685001,-0.04666126141143433,9.799685674168359,-0.20693500323960792,6656.92,6637.97,0.005479452054794521,85.10187643834111,9.882409564586396,-3.034230903746672,-6.0714183113905325,0.9898684420545295,<1.0%,0.98-1.00,2025-09-23→2025-09-24
2025-09-23,2025-09-24,C,6600.0,0.00821917808219178,75.48556098033892,0.915582620290639,73.05118338453758,0.7793504185775441,6656.92,6637.97,0.005479452054794521,108.21899341188956,52.54773879575441,-3.9997093454925654,-6.5813095679556906,0.9906189109264434,<1.0%,0.98-1.00,2025-09-23→2025-09-24
2025-09-23,2025-09-24,P,6600.0,0.00821917808219178,13.036401504845877,-0.0844173797083345,10.549663170705799,-0.22148803527405925,6656.92,6637.97,0.005479452054794521,64.75520248843438,10.867836096531619,-3.5997093454729234,-6.197198268443382,0.9906189109264434,<1.0%,0.98-1.00,2025-09-23→2025-09-24
2025-09-23,2025-09-24,C,6605.0,0.00821917808219178,74.42745868047814,0.9467530258013326,68.85116032780843,0.763910625844734,6656.92,6637.97,0.005479452054794521,136.09880843605734,48.6183141270003,-3.209030161064913,-6.6738936402424205,0.9913693797983574,<1.0%,0.98-1.00,2025-09-23→2025-09-24
2025-09-23,2025-09-24,P,6605.0,0.00821917808219178,16.974110447820937,-0.0532469741973149,11.399639456431032,-0.23736094574641906,6656.92,6637.97,0.005479452054794521,97.63085554978898,11.983357313971283,-2.859030161039107,-6.347989921894597,0.9913693797983574,<1.0%,0.98-1.00,2025-09-23→2025-09-24
2025-09-23,2025-09-24,C,6610.0,0.00821917808219178,71.34522112468639,0.9588386375846206,64.75113514957957,0.7471507743866203,6656.92,6637.97,0.005479452054794521,131.7043853882047,44.822486451977966,-2.730007817771611,-6.741492825373681,0.9921198486702714,<1.0%,0.98-1.00,2025-09-23→2025-09-24
2025-09-23,2025-09-24,P,6610.0,0.00821917808219178,18.887684134838327,-0.04116136241433265,12.299614292151773,-0.2540936461717074,6656.92,6637.97,0.005479452054794521,98.23227053910996,13.187521652344458,-2.480007817751597,-6.51507459495381,0.9921198486702714,<1.0%,0.98-1.00,2025-09-23→2025-09-24
2025-09-23,2025-09-24,C,6615.0,0.00821917808219178,66.76449999736435,0.9153414077005626,60.75110748897623,0.7291212938762941,6656.92,6637.97,0.005479452054794521,107.62362422557088,41.16367431739127,-3.0542803240745044,-6.583151481044357,0.9928703175421854,<1.0%,0.98-1.00,2025-09-23→2025-09-24
2025-09-23,2025-09-24,P,6615.0,0.00821917808219178,19.302774250333293,-0.08465859229850461,13.24958727514445,-0.2717171599753139,6656.92,6637.97,0.005479452054794521,79.14734741365422,14.483771618169612,-3.0042803240566474,-6.54904018153215,0.9928703175421854,<1.0%,0.98-1.00,2025-09-23→2025-09-24
2025-09-23,2025-09-24,C,6620.0,0.00821917808219178,62.54967577974284,0.8676892391267882,56.7510793026031,0.7105662393309206,6656.92,6637.97,0.005479452054794521,106.07768415924636,37.55568839895113,-3.6072889185475177,-6.584769764679182,0.9936207864140993,<1.0%,0.98-1.00,2025-09-23→2025-09-24
2025-09-23,2025-09-24,P,6620.0,0.00821917808219178,20.08376127554159,-0.13231076087204693,14.299558561197273,-0.29061954974043064,6656.92,6637.97,0.005479452054794521,82.59724538451209,15.920430251794187,-3.6072889185252666,-6.607240467581109,0.9936207864140993,<1.0%,0.98-1.00,2025-09-23→2025-09-24
2025-09-23,2025-09-24,C,6625.0,0.00821917808219178,64.6534707144934,0.966310652714012,52.90104826251991,0.6903946080861503,6656.92,6637.97,0.005479452054794521,128.74459289068477,34.13615156312153,-1.4384131310696553,-6.667022176767585,0.9943712552860133,<1.0%,0.98-1.00,2025-09-23→2025-09-24
2025-09-23,2025-09-24,P,6625.0,0.00821917808219178,27.18336745311032,-0.03368934728495205,15.449527592881623,-0.3107584189738605,6656.92,6637.97,0.005479452054794521,110.25999215312939,17.50058195455722,-1.3884131310498353,-6.6388720395546,0.9943712552860133,<1.0%,0.98-1.00,2025-09-23→2025-09-24
2025-09-23,2025-09-24,C,6630.0,0.00821917808219178,60.541334155263236,0.9229846976546032,49.20101577069363,0.6687440450433975,6656.92,6637.97,0.005479452054794521,108.95193839297619,30.906922613659845,-1.8594399794454368,-6.6773003464277405,0.9951217241579272,<1.0%,0.98-1.00,2025-09-23→2025-09-24
2025-09-23,2025-09-24,P,6630.0,0.00821917808219178,28.067042136709123,-0.07701530234416731,16.69949555686162,-0.332094408808211,6656.92,6637.97,0.005479452054794521,95.46317569259482,19.227019914439097,-1.8594399794219552,-6.693189046915537,0.9951217241579272,<1.0%,0.98-1.00,2025-09-23→2025-09-24
2025-09-23,2025-09-24,C,6635.0,0.00821917808219178,56.304227339257665,0.8693768631850705,45.45098234126726,0.6467318659345027,6656.92,6637.97,0.005479452054794521,80.66222451356376,27.695435400274164,-2.3253084426430775,-6.544431140541295,0.9958721930298412,<1.0%,0.98-1.00,2025-09-23→2025-09-24
2025-09-23,2025-09-24,P,6635.0,0.00821917808219178,28.825746563517548,-0.1306231368138965,17.99946175734749,-0.35435024469488824,6656.92,6637.97,0.005479452054794521,72.16929985036353,21.05890417015189,-2.3253084426233164,-6.564937136968069,0.9958721930298412,<1.0%,0.98-1.00,2025-09-23→2025-09-24
2025-09-23,2025-09-24,C,6640.0,0.00821917808219178,59.59969949644701,0.9408460053253441,42.05094543799623,0.6224091397151615,6656.92,6637.97,0.005479452054794521,121.88187664967906,24.851193027117915,-0.6209681990848956,-6.655346802397798,0.9966226619017552,<1.0%,0.98-1.00,2025-09-23→2025-09-24
2025-09-23,2025-09-24,P,6640.0,0.00821917808219178,37.11702996353916,-0.059153994673389845,19.44942584486398,-0.37802257527427197,6656.92,6637.97,0.005479452054794521,118.38479002365956,23.08590907170992,-0.4709681990607246,-6.513527801447383,0.9966226619017552,<1.0%,0.98-1.00,2025-09-23→2025-09-24
2025-09-23,2025-09-24,C,6645.0,0.00821917808219178,57.06330315078135,0.9373378450675531,38.60090786765568,0.597701848962864,6656.92,6637.97,0.005479452054794521,114.0869643140536,22.029906277696227,-0.03744783597003831,-6.473549962153836,0.9973731307736692,<1.0%,0.98-1.00,2025-09-23→2025-09-24
2025-09-23,2025-09-24,P,6645.0,0.00821917808219178,39.57644486068569,-0.06266215493136122,21.049387899743124,-0.40297470478429337,6656.92,6637.97,0.005479452054794521,115.58571572521284,25.308108809419537,0.06255216405071629,-6.386370655662286,0.9973731307736692,<1.0%,0.98-1.00,2025-09-23→2025-09-24
2025-09-23,2025-09-24,C,6650.0,0.00821917808219178,52.79941251037478,0.8814679926613452,35.25086866234369,0.5718912643439443,6656.92,6637.97,0.005479452054794521,88.36836971837496,19.363566889483536,-0.34618153906766835,-6.212660540682359,0.9981235996455832,<1.0%,0.98-1.00,2025-09-23→2025-09-24
2025-09-23,2025-09-24,P,6650.0,0.00821917808219178,40.30836546311231,-0.1185320073373039,22.749348448512592,-0.42894718950766175,6656.92,6637.97,0.005479452054794521,94.86295916670984,27.683664190261425,-0.346181539041889,-6.228549241170114,0.9981235996455832,<1.0%,0.98-1.00,2025-09-23→2025-09-24
2025-09-23,2025-09-24,C,6655.0,0.00821917808219178,52.160877984318134,0.8624463059649721,32.10082752277185,0.5448311890042455,6656.92,6637.97,0.005479452054794521,99.95251887712053,16.933776249440598,-0.05664250196393894,-6.075448968369649,0.9988740685174972,<1.0%,0.98-1.00,2025-09-23→2025-09-24
2025-09-23,2025-09-24,P,6655.0,0.00821917808219178,44.665642179870375,-0.1375536940338393,24.549307416972624,-0.4559357547036923,6656.92,6637.97,0.005479452054794521,111.4429463626391,30.21396488549226,0.04335749805876876,-5.989982551634888,0.9988740685174972,<1.0%,0.98-1.00,2025-09-23→2025-09-24
2025-09-23,2025-09-24,C,6660.0,0.00821917808219178,56.36009657194821,0.9539880837759046,29.050785279775482,0.5168440753358742,6656.92,6637.97,0.005479452054794521,118.44286586115797,14.657631395107728,2.4780741875532186,-5.8058047723852795,0.9996245373894111,<1.0%,0.98-1.00,2025-09-23→2025-09-24
2025-09-23,2025-09-24,P,6660.0,0.00821917808219178,53.86067201032645,-0.0460119162227568,26.549265065943473,-0.4839943785157315,6656.92,6637.97,0.005479452054794521,134.9291313838505,32.97772869588516,2.5280741875787656,-5.771693472873025,0.9996245373894111,<1.0%,0.98-1.00,2025-09-23→2025-09-24
2025-09-23,2025-09-24,C,6665.0,0.00821917808219178,52.61720647647536,0.9020315084460662,26.150741312451373,0.4879431839772726,6656.92,6637.97,0.005479452054794521,98.6777509567838,12.573338894243534,2.3434970850527908,-5.503476663630771,1.000375006261325,<1.0%,1.00-1.02,2025-09-23→2025-09-24
2025-09-23,2025-09-24,P,6665.0,0.00821917808219178,55.11359315766462,-0.0979684915528717,28.64922109862073,-0.5128952698743329,6656.92,6637.97,0.005479452054794521,120.15985451666123,35.89343619502142,2.3934970850731063,-5.469365364118508,1.000375006261325,<1.0%,1.00-1.02,2025-09-23→2025-09-24
2025-09-23,2025-09-24,C,6670.0,0.00821917808219178,48.68897829767721,0.8415614298462628,23.45069614021895,0.45834582111182637,6656.92,6637.97,0.005479452054794521,70.78320766244119,10.713248316754743,2.0475890955865292,-5.214346689930972,1.001125475133239,<1.0%,1.00-1.02,2025-09-23→2025-09-24
2025-09-23,2025-09-24,P,6670.0,0.00821917808219178,56.18117622168573,-0.1584385701526883,30.849175663912774,-0.5426642701856993,6656.92,6637.97,0.005479452054794521,97.26114925949483,38.96145567649728,2.5475890956065825,-4.733487920018906,1.001125475133239,<1.0%,1.00-1.02,2025-09-23→2025-09-24
2025-09-23,2025-09-24,C,6675.0,0.00821917808219178,56.134204360872396,0.9369262403680728,20.85065020786942,0.4280712524954646,6656.92,6637.97,0.005479452054794521,116.21354475693511,8.999462018677605,4.854752254974809,-4.788049765211026,1.001875944005153,<1.0%,1.00-1.02,2025-09-23→2025-09-24
2025-09-23,2025-09-24,P,6675.0,0.00821917808219178,68.62221352770591,-0.06307375963081485,33.29912977457434,-0.5729116773195835,6656.92,6637.97,0.005479452054794521,147.68732439117235,42.2851772051381,5.30475225499607,-4.356676285206003,1.001875944005153,<1.0%,1.00-1.02,2025-09-23→2025-09-24
2025-09-23,2025-09-24,C,6680.0,0.00821917808219178,54.08472985851257,0.9250170496118091,18.450603756779856,0.3974883353920941,6656.92,6637.97,0.005479452054794521,107.68513215919022,7.49689041643569,5.629073090143617,-4.367596044319888,1.002626412877067,<1.0%,1.00-1.02,2025-09-23→2025-09-24
2025-09-23,2025-09-24,P,6680.0,0.00821917808219178,71.56855026816345,-0.074982950387212,35.9490835429483,-0.6033501184595104,6656.92,6637.97,0.005479452054794521,144.1547498305985,45.816987717213124,6.029073090162342,-3.9834847448076154,1.002626412877067,<1.0%,1.00-1.02,2025-09-23→2025-09-24
2025-09-23,2025-09-24,C,6685.0,0.00821917808219178,50.08017391683698,0.8669995712546474,16.250557781932912,0.36692643982940615,6656.92,6637.97,0.005479452054794521,83.06579140933465,6.194250034014885,5.529641875275411,-3.9467439652328205,1.003376881748981,<1.0%,1.00-1.02,2025-09-23→2025-09-24
2025-09-23,2025-09-24,P,6685.0,0.00821917808219178,72.55980556931104,-0.13300042874433304,38.699037174810655,-0.6341825765308948,6656.92,6637.97,0.005479452054794521,124.53124711792525,49.483359559344535,5.77964187529491,-3.7177598252603445,1.003376881748981,<1.0%,1.00-1.02,2025-09-23→2025-09-24
2025-09-23,2025-09-24,C,6690.0,0.00821917808219178,51.43043244030941,0.8659184241537096,14.200510960251904,0.3364001278896379,6656.92,6637.97,0.005479452054794521,97.47467594718542,5.049818591982557,6.559154137712641,-3.4752175764914224,1.004127350620895,<1.0%,1.00-1.02,2025-09-23→2025-09-24
2025-09-23,2025-09-24,P,6690.0,0.00821917808219178,78.90587533560607,-0.13408157584520694,41.64899023212911,-0.6647766806260595,6656.92,6637.97,0.005479452054794521,143.93596969295575,53.340743044284864,6.759154137733358,-3.297518097863703,1.004127350620895,<1.0%,1.00-1.02,2025-09-23→2025-09-24
2025-09-23,2025-09-24,C,6695.0,0.00821917808219178,55.28979728871321,0.9455526143567272,12.300464904767978,0.30607600798053586,6656.92,6637.97,0.005479452054794521,113.08881200288485,4.055552973492581,9.068222042059809,-3.0498596487689023,1.004877819492809,<1.0%,1.00-1.02,2025-09-23→2025-09-24
2025-09-23,2025-09-24,P,6695.0,0.00821917808219178,87.76105142683137,-0.05444738564220045,44.79894469093597,-0.6947624458710675,6656.92,6637.97,0.005479452054794521,164.54594378583607,57.37565027427081,7.668222042080314,-4.4657483492566,1.004877819492809,<1.0%,1.00-1.02,2025-09-23→2025-09-24
2025-09-23,2025-09-24,C,6700.0,0.00821917808219178,51.65982408847509,0.8928334629212793,10.600420157071767,0.2766152163227341,6656.92,6637.97,0.005479452054794521,94.02503611681102,3.228102778984976,9.044194122358082,-2.633141650684239,1.005628288364723,<1.0%,1.00-1.02,2025-09-23→2025-09-24
2025-09-23,2025-09-24,P,6700.0,0.00821917808219178,89.12688946941513,-0.10716653707766169,48.09889994324021,-0.7242232375288695,6656.92,6637.97,0.005479452054794521,150.47800593694225,61.548200079762864,9.069194122378331,-2.6240303511719443,1.005628288364723,<1.0%,1.00-1.02,2025-09-23→2025-09-24
2025-09-23,2025-09-24,C,6705.0,0.00821917808219178,47.84704326588126,0.8322337855350349,9.150378208658367,0.24899903754766023,6656.92,6637.97,0.005479452054794521,67.45000212910838,2.575841462301355,8.77083023588876,-2.2814682384718843,1.006378757236637,<1.0%,1.00-1.02,2025-09-23→2025-09-24
2025-09-23,2025-09-24,P,6705.0,0.00821917808219178,90.30991988963837,-0.16776621446408704,51.54885630097942,-0.7529545233998381,6656.92,6637.97,0.005479452054794521,128.89880998641988,65.84883699901093,8.920830235905584,-2.168488218426795,1.006378757236637,<1.0%,1.00-1.02,2025-09-23→2025-09-24
2025-09-23,2025-09-24,C,6710.0,0.00821917808219178,55.397608508374596,0.9299587855883368,7.800337305988478,0.22201856158960181,6656.92,6637.97,0.005479452054794521,111.06153615035585,2.012272662033979,11.522718986898814,-1.892748257877086,1.0071292261085507,<1.0%,1.00-1.02,2025-09-23→2025-09-24
2025-09-23,2025-09-24,P,6710.0,0.00821917808219178,102.8562963749699,-0.07004121441042284,55.24881605141945,-0.7794532802487807,6656.92,6637.97,0.005479452054794521,177.50618204484925,70.31064218406664,11.6727189869225,-1.7706396607142523,1.0071292261085507,<1.0%,1.00-1.02,2025-09-23→2025-09-24
2025-09-23,2025-09-24,C,6585.0,0.01643835616438356,100.94815926519983,0.9190427860122876,90.49784801755504,0.7862043825873793,6656.92,6637.97,0.0136986301369863,188.44368079854448,72.52471365128622,-3.1841392050673107,-5.701426949969299,0.9882717194710838,1.0-2.0%,0.98-1.00,2025-09-23→2025-09-24
2025-09-23,2025-09-24,P,6585.0,0.01643835616438356,22.87393404661955,-0.08095721398813839,12.450589854047621,-0.21550210945764034,6656.92,6637.97,0.0136986301369863,129.3983070731328,14.481447719688049,-2.8841392050752077,-5.433764974222245,0.9882717194710838,1.0-2.0%,0.98-1.00,2025-09-23→2025-09-24
2025-09-23,2025-09-24,C,6590.0,0.01643835616438356,101.44712519849189,0.972563695767058,86.39788440361644,0.7728886752879057,6656.92,6637.97,0.0136986301369863,250.0159169444285,68.65416626653769,-1.7699179652144288,-5.5537596032943295,0.9890221156134309,1.0-2.0%,0.98-1.00,2025-09-23→2025-09-24
2025-09-23,2025-09-24,P,6590.0,0.01643835616438356,28.36822706782448,-0.0274363042333157,13.250624129644848,-0.228046781390857,6656.92,6637.97,0.0136986301369863,195.96593017898405,15.509958363651322,-1.719917965221327,-5.521486507356697,0.9890221156134309,1.0-2.0%,0.98-1.00,2025-09-23→2025-09-24
2025-09-23,2025-09-24,C,6595.0,0.01643835616438356,97.6184321976616,0.954143593937421,83.39794133908799,0.7519353199999773,6656.92,6637.97,0.0136986301369863,228.80668333394632,65.90166872573718,-3.4189788948860453,-7.250825686000567,0.989772511755778,1.0-2.0%,0.98-1.00,2025-09-23→2025-09-24
2025-09-23,2025-09-24,P,6595.0,0.01643835616438356,29.534861154906867,-0.045856406062994584,14.15066127591831,-0.24159599302168439,6656.92,6637.97,0.0136986301369863,179.75208352846056,16.65708340055562,-1.9689788948937386,-5.6782440677608745,0.989772511755778,1.0-2.0%,0.98-1.00,2025-09-23→2025-09-24
2025-09-23,2025-09-24,C,6600.0,0.01643835616438356,93.28977445491962,0.9206704178765429,78.1479587218073,0.745827738767992,6656.92,6637.97,0.0136986301369863,188.44262799350346,60.91748545010523,-2.6532955812396892,-5.966564350346696,0.990522907898125,1.0-2.0%,0.98-1.00,2025-09-23→2025-09-24
2025-09-23,2025-09-24,P,6600.0,0.01643835616438356,30.201530500081688,-0.07932958212381004,15.050699338362847,-0.25543868605796527,6656.92,6637.97,0.0136986301369863,144.38341514798935,17.823293614792874,-2.3532955812461873,-5.690563100798397,0.990522907898125,1.0-2.0%,0.98-1.00,2025-09-23→2025-09-24
2025-09-23,2025-09-24,C,6605.0,0.01643835616438356,93.60358885222921,0.9505222315179266,74.14799916385255,0.7309848635696754,6656.92,6637.97,0.0136986301369863,236.40774969030116,57.20420979465871,-1.6876037127354664,-5.847836835354787,0.9912733040404721,1.0-2.0%,0.98-1.00,2025-09-23→2025-09-24
2025-09-23,2025-09-24,P,6605.0,0.01643835616438356,35.51067198528905,-0.04947776848265176,16.050739740787094,-0.2702615630394166,6656.92,6637.97,0.0136986301369863,197.34392380472912,19.109796191589794,-1.5876037127462421,-5.771456619596896,0.9912733040404721,1.0-2.0%,0.98-1.00,2025-09-23→2025-09-24
2025-09-23,2025-09-24,C,6610.0,0.01643835616438356,91.3852228289193,0.961438617487799,70.19804154567919,0.7154996462583003,6656.92,6637.97,0.0136986301369863,232.19644321437644,53.562118824331264,-1.230738198606371,-5.891281703405328,0.9920237001828192,1.0-2.0%,0.98-1.00,2025-09-23→2025-09-24
2025-09-23,2025-09-24,P,6610.0,0.01643835616438356,38.28763304989803,-0.0385613825127623,17.15078285871914,-0.28601560370354484,6656.92,6637.97,0.0136986301369863,198.12800428877833,20.516977483362098,-1.180738198616838,-5.869995690182122,0.9920237001828192,1.0-2.0%,0.98-1.00,2025-09-23→2025-09-24
2025-09-23,2025-09-24,C,6615.0,0.01643835616438356,87.18043161686106,0.9263691440009236,66.3980872009306,0.6988197040545918,6656.92,6637.97,0.0136986301369863,196.9660752281244,50.09083272357475,-1.74530472118267,-6.057366608165616,0.9927740963251662,1.0-2.0%,0.98-1.00,2025-09-23→2025-09-24
2025-09-23,2025-09-24,P,6615.0,0.01643835616438356,39.078168925762675,-0.07363085599944072,18.250826926957643,-0.3021157526241641,6656.92,6637.97,0.0136986301369863,167.89302326250063,21.946624820688612,-1.5453047211893869,-5.875093512227854,0.9927740963251662,1.0-2.0%,0.98-1.00,2025-09-23→2025-09-24
2025-09-23,2025-09-24,C,6620.0,0.01643835616438356,83.1101867860787,0.8880597525598273,62.598133712589515,0.6817980622470311,6656.92,6637.97,0.0136986301369863,196.22236636431825,46.642855415267604,-2.1212676889914377,-6.029926720418887,0.9935244924675133,1.0-2.0%,0.98-1.00,2025-09-23→2025-09-24
2025-09-23,2025-09-24,P,6620.0,0.01643835616438356,40.00325118289303,-0.11194024744051413,19.450873438615417,-0.3191373944317264,6656.92,6637.97,0.0136986301369863,172.1447013586675,23.498647512381012,-1.9712676889977203,-5.897653624481155,0.9935244924675133,1.0-2.0%,0.98-1.00,2025-09-23→2025-09-24
2025-09-23,2025-09-24,C,6625.0,0.01643835616438356,86.42440243384972,0.9684054790524913,58.89818277982886,0.6638996551327553,6656.92,6637.97,0.0136986301369863,232.4434373982814,43.31748057438108,-0.29871617195547273,-6.069101535234413,0.9942748886098604,1.0-2.0%,0.98-1.00,2025-09-23→2025-09-24
2025-09-23,2025-09-24,P,6625.0,0.01643835616438356,48.31279391856744,-0.03159452094808068,20.75092250585658,-0.3370358015460096,6656.92,6637.97,0.0136986301369863,213.36115935259303,25.17327267149585,-0.14871617196612386,-5.936828439296821,0.9942748886098604,1.0-2.0%,0.98-1.00,2025-09-23→2025-09-24
2025-09-23,2025-09-24,C,6630.0,0.01643835616438356,82.82858798364525,0.9356702907338917,55.24823351296891,0.6453653081465353,6656.92,6637.97,0.0136986301369863,205.72411927477057,40.06672221294775,-0.469047990592923,-5.970327410623277,0.9950252847522074,1.0-2.0%,0.98-1.00,2025-09-23→2025-09-24
2025-09-23,2025-09-24,P,6630.0,0.01643835616438356,49.71230655627611,-0.06432970926663381,22.150973775260354,-0.35576605995504035,6656.92,6637.97,0.0136986301369863,191.6372281890579,26.97060625464428,-0.41904799060269826,-5.941766836147949,0.9950252847522074,1.0-2.0%,0.98-1.00,2025-09-23→2025-09-24
2025-09-23,2025-09-24,C,6635.0,0.01643835616438356,78.82378723776043,0.8954095552471466,51.69828661966767,0.6259906214795274,6656.92,6637.97,0.0136986301369863,160.858311322616,36.93961307793643,-0.7819889280667347,-5.8874777229630695,0.9957756808945545,1.0-2.0%,0.98-1.00,2025-09-23→2025-09-24
2025-09-23,2025-09-24,P,6635.0,0.01643835616438356,50.702832898308486,-0.1045904447533426,23.55102634569448,-0.3749448351992304,6656.92,6637.97,0.0136986301369863,151.76680719687036,28.795405175049837,-0.7319889280758232,-5.855204627025348,0.9957756808945545,1.0-2.0%,0.98-1.00,2025-09-23→2025-09-24
2025-09-23,2025-09-24,C,6640.0,0.01643835616438356,81.98913735594954,0.9497013900726505,48.29834215935489,0.6056726535876282,6656.92,6637.97,0.0136986301369863,225.3840871769641,33.98330607452999,0.6468413418765557,-5.872503214514554,0.9965260770369015,1.0-2.0%,0.98-1.00,2025-09-23→2025-09-24
2025-09-23,2025-09-24,P,6640.0,0.01643835616438356,58.863510104406785,-0.050298609927865924,25.15108188538261,-0.3952628030911334,6656.92,6637.97,0.0136986301369863,221.2879700111562,30.83909817164431,0.696841341866952,-5.840230118576903,0.9965260770369015,1.0-2.0%,0.98-1.00,2025-09-23→2025-09-24
2025-09-23,2025-09-24,C,6645.0,0.01643835616438356,79.95314488714568,0.9473987674641577,44.94839939202984,0.5847623657688497,6656.92,6637.97,0.0136986301369863,215.19271607879114,31.10298366456209,1.0532066434456162,-5.8187531686804075,0.9972764731792486,1.0-2.0%,0.98-1.00,2025-09-23→2025-09-24
2025-09-23,2025-09-24,P,6645.0,0.01643835616438356,61.82284472352207,-0.05260123253624556,26.801139118057108,-0.4161730909099094,6656.92,6637.97,0.0136986301369863,216.09198587293892,32.9587757616755,1.1532066434381547,-5.736480072742709,0.9972764731792486,1.0-2.0%,0.98-1.00,2025-09-23→2025-09-24
2025-09-23,2025-09-24,C,6650.0,0.01643835616438356,76.08914490908064,0.9067871905660186,41.69845913095742,0.5631253620274513,6656.92,6637.97,0.0136986301369863,177.2733130714011,28.346163702416106,0.7836172612258849,-5.728774389579902,0.9980268693215957,1.0-2.0%,0.98-1.00,2025-09-23→2025-09-24
2025-09-23,2025-09-24,P,6650.0,0.01643835616438356,62.95417183336312,-0.09321280943449681,28.551198856983774,-0.4378100946513074,6656.92,6637.97,0.0136986301369863,183.16796982553288,35.20195579952997,0.9336172612163018,-5.596501293642197,0.9980268693215957,1.0-2.0%,0.98-1.00,2025-09-23→2025-09-24
2025-09-23,2025-09-24,C,6655.0,0.01643835616438356,74.90842469070739,0.8926432238517726,38.54851972766255,0.5407942073623301,6656.92,6637.97,0.0136986301369863,195.48756980044635,25.71268055473547,1.165589091990931,-5.5019497704839395,0.9987772654639427,1.0-2.0%,0.98-1.00,2025-09-23→2025-09-24
2025-09-23,2025-09-24,P,6655.0,0.01643835616438356,66.76877870290444,-0.10735677614869688,30.451259594069143,-0.46019247066628877,6656.92,6637.97,0.0136986301369863,206.37761351453912,37.61373296435613,1.115589091982209,-5.570647319126094,0.9987772654639427,1.0-2.0%,0.98-1.00,2025-09-23→2025-09-24
2025-09-23,2025-09-24,C,6660.0,0.01643835616438356,78.0663378470012,0.959159613956852,35.54858191442918,0.5177800848609752,6656.92,6637.97,0.0136986301369863,221.33426808555038,23.246866373378452,2.9760746844821746,-5.388067391884611,0.9995276616062898,1.0-2.0%,0.98-1.00,2025-09-23→2025-09-24
2025-09-23,2025-09-24,P,6660.0,0.01643835616438356,74.92201894711671,-0.04084038604349471,32.40132164045781,-0.48315537181778523,6656.92,6637.97,0.0136986301369863,237.2196987596142,40.10265847049277,3.076074684475777,-5.3057942959469475,0.9995276616062898,1.0-2.0%,0.98-1.00,2025-09-23→2025-09-24
2025-09-23,2025-09-24,C,6665.0,0.01643835616438356,74.7758330571484,0.9210368569419187,32.64864726908445,0.49419606321340986,6656.92,6637.97,0.0136986301369863,193.57347721486306,20.902392503448937,2.9036484390491957,-5.1849846021059705,1.0002780577486368,1.0-2.0%,1.00-1.02,2025-09-23→2025-09-24
2025-09-23,2025-09-24,P,6665.0,0.01643835616438356,76.6268412451739,-0.07896314305855825,34.501386995111716,-0.5067393934653505,6656.92,6637.97,0.0136986301369863,214.4542948489021,42.758184600562345,2.9536484390403386,-5.152711506168297,1.0002780577486368,1.0-2.0%,1.00-1.02,2025-09-23→2025-09-24
2025-09-23,2025-09-24,C,6670.0,0.01643835616438356,71.09271501599174,0.8771219786106391,29.898713178905382,0.4701214882353148,6656.92,6637.97,0.0136986301369863,148.45886452550374,18.72177119722437,2.721461494671452,-4.991197797940869,1.001028453890984,1.0-2.0%,1.00-1.02,2025-09-23→2025-09-24
2025-09-23,2025-09-24,P,6670.0,0.01643835616438356,77.93905029192929,-0.12287802138986237,36.801452759412314,-0.5307607802230521,6656.92,6637.97,0.0136986301369863,174.33506911951253,45.6205208444444,2.721461494662135,-5.007916785226735,1.001028453890984,1.0-2.0%,1.00-1.02,2025-09-23→2025-09-24
2025-09-23,2025-09-24,C,6675.0,0.01643835616438356,76.21209094346804,0.9456184553685779,27.24877960539061,0.44560110593601926,6656.92,6637.97,0.0136986301369863,218.34693721747917,16.65983660919619,4.71946972923438,-4.755859042512515,1.001778850033331,1.0-2.0%,1.00-1.02,2025-09-23→2025-09-24
2025-09-23,2025-09-24,P,6675.0,0.01643835616438356,88.0537533073213,-0.05438154463179342,39.101519331418785,-0.5553343507427415,6656.92,6637.97,0.0136986301369863,249.2185287714299,48.515628706309144,5.019469729227522,-4.473585946574854,1.001778850033331,1.0-2.0%,1.00-1.02,2025-09-23→2025-09-24
2025-09-23,2025-09-24,C,6680.0,0.01643835616438356,74.42255605003243,0.9366592307540272,24.74884821359865,0.42078871880094043,6656.92,6637.97,0.0136986301369863,206.49351590483744,14.75709254414187,5.299692422788645,-4.476053778722255,1.002529246175678,1.0-2.0%,1.00-1.02,2025-09-23→2025-09-24
2025-09-23,2025-09-24,P,6680.0,0.01643835616438356,91.25954550180028,-0.06334076924641559,41.60158793962728,-0.5801467378778186,6656.92,6637.97,0.0136986301369863,242.36049441877776,51.61288464125664,5.699692422780434,-4.093780682784558,1.002529246175678,1.0-2.0%,1.00-1.02,2025-09-23→2025-09-24
2025-09-23,2025-09-24,C,6685.0,0.01643835616438356,70.83870703777274,0.8935327359656314,22.44891606943702,0.3959996016528167,6656.92,6637.97,0.0136986301369863,169.28541289790144,13.05013189182091,5.132445346548556,-4.2958075486791945,1.003279642318025,1.0-2.0%,1.00-1.02,2025-09-23→2025-09-24
2025-09-23,2025-09-24,P,6685.0,0.01643835616438356,92.67102357745907,-0.1064672640346652,44.201656739550344,-0.6052806998712683,6656.92,6637.97,0.0136986301369863,210.1477783718032,54.82553073280906,5.682445346543117,-3.770069262560421,1.003279642318025,1.0-2.0%,1.00-1.02,2025-09-23→2025-09-24
2025-09-23,2025-09-24,C,6690.0,0.01643835616438356,71.29042857014836,0.8918787650511281,20.198985143913433,0.37086717373227435,6656.92,6637.97,0.0136986301369863,191.890832403037,11.414393830453491,5.901102597718715,-3.9720670577734687,1.0040300384603722,1.0-2.0%,1.00-1.02,2025-09-23→2025-09-24
2025-09-23,2025-09-24,P,6690.0,0.01643835616438356,98.11807219773848,-0.10812123494931047,47.05172486993979,-0.6300682829464889,6656.92,6637.97,0.0136986301369863,237.7485848368961,58.27018592756758,6.301102597710594,-3.5897939618358414,1.0040300384603722,1.0-2.0%,1.00-1.02,2025-09-23→2025-09-24
2025-09-23,2025-09-24,C,6695.0,0.01643835616438356,74.33298475379218,0.9513328439470179,18.149052743710854,0.3460653050636802,6656.92,6637.97,0.0136986301369863,213.8332476972225,9.966205707604786,7.777757392795818,-3.6920624690433215,1.0047804346027192,1.0-2.0%,1.00-1.02,2025-09-23→2025-09-24
2025-09-23,2025-09-24,P,6695.0,0.01643835616438356,106.15595546929352,-0.048667156053544436,49.951793180448476,-0.655129827353599,6656.92,6637.97,0.0136986301369863,264.6863870910477,61.783851999825856,8.22775739278534,-3.2647102283505838,1.0047804346027192,1.0-2.0%,1.00-1.02,2025-09-23→2025-09-24
2025-09-23,2025-09-24,C,6700.0,0.01643835616438356,71.24378870201943,0.911454081561537,16.1991204689225,0.32128276805452083,6656.92,6637.97,0.0136986301369863,186.7084938446132,8.623657174494156,7.772054845590958,-3.411691545366889,1.0055308307450663,1.0-2.0%,1.00-1.02,2025-09-23→2025-09-24
2025-09-23,2025-09-24,P,6700.0,0.01643835616438356,108.06208650543199,-0.08854591843903711,53.401854446296056,-0.6775395633197587,6656.92,6637.97,0.0136986301369863,242.55702019841084,65.73956620731587,7.8720548455802675,-3.289374724909301,1.0055308307450663,1.0-2.0%,1.00-1.02,2025-09-23→2025-09-24
2025-09-23,2025-09-24,C,6705.0,0.01643835616438356,67.74606311325618,0.8661532028669284,14.399187301854454,0.29690617514764206,6656.92,6637.97,0.0136986301369863,143.12309866110937,7.421066448254805,7.663603194328136,-3.1236279809522367,1.0062812268874133,1.0-2.0%,1.00-1.02,2025-09-23→2025-09-24
2025-09-23,2025-09-24,P,6705.0,0.01643835616438356,109.55968800458656,-0.13384679713357786,56.5019222353194,-0.7022783198781449,6656.92,6637.97,0.0136986301369863,203.96701197487943,69.45696259083797,7.8636031943187295,-2.908174161690713,1.0062812268874133,1.0-2.0%,1.00-1.02,2025-09-23→2025-09-24
2025-09-23,2025-09-24,C,6710.0,0.01643835616438356,73.592339750607,0.9387611000442704,12.799251315650736,0.27352075943744125,6656.92,6637.97,0.0136986301369863,210.9455991160968,6.387991592953313,9.739522845838753,-2.8667816086605384,1.0070316230297605,1.0-2.0%,1.00-1.02,2025-09-23→2025-09-24
2025-09-23,2025-09-24,P,6710.0,0.01643835616438356,120.40129172984572,-0.06123889995627922,59.8019877674642,-0.7262188335924614,6656.92,6637.97,0.0136986301369863,276.78489938982005,73.34844665371202,10.039522845828524,-2.561846896577009,1.0070316230297605,1.0-2.0%,1.00-1.02,2025-09-23→2025-09-24
2025-09-23,2025-09-24,C,6585.0,0.019178082191780823,106.93294504664924,0.9202256701041461,94.65118338693992,0.7565755269347949,6656.92,6637.97,0.01643835616438356,209.50271234128337,77.30214663083825,-2.361723551526609,-5.462893764585786,0.9883007455793797,1.0-2.0%,0.98-1.00,2025-09-23→2025-09-24
2025-09-23,2025-09-24,P,6585.0,0.019178082191780823,29.051944308919595,-0.0797743298962399,16.799616907972222,-0.2449195273213906,6656.92,6637.97,0.01643835616438356,150.62476215616994,19.27759110206216,-2.411723551533732,-5.541225042740308,0.9883007455793797,1.0-2.0%,0.98-1.00,2025-09-23→2025-09-24
2025-09-23,2025-09-24,C,6590.0,0.019178082191780823,107.658841182434,0.972136600921195,90.65116395039604,0.744075935518047,6656.92,6637.97,0.01643835616438356,271.64440753610364,73.52623389658493,-1.3280114125435318,-5.649761021933145,0.9890511637612928,1.0-2.0%,0.98-1.00,2025-09-23→2025-09-24
2025-09-23,2025-09-24,P,6590.0,0.019178082191780823,34.773314248249285,-0.027863399079110698,17.74959794656752,-0.25711010948031376,6656.92,6637.97,0.01643835616438356,217.76197143583514,20.45138803528289,-1.2280114125491455,-5.572236574651902,0.9890511637612928,1.0-2.0%,0.98-1.00,2025-09-23→2025-09-24
2025-09-23,2025-09-24,C,6595.0,0.019178082191780823,104.01526529967785,0.9546531073607288,86.65114395407818,0.7313628161204795,6656.92,6637.97,0.01643835616438356,251.40541332986456,69.76465130602446,-1.4093236155143636,-5.6406746345170475,0.9898015819432057,1.0-2.0%,0.98-1.00,2025-09-23→2025-09-24
2025-09-23,2025-09-24,P,6595.0,0.019178082191780823,36.12521216902897,-0.0453468926396574,18.799577566769358,-0.270073305168617,6656.92,6637.97,0.01643835616438356,202.5184913145117,21.73950853643464,-1.4593236155215008,-5.717889132945245,0.9898015819432057,1.0-2.0%,0.98-1.00,2025-09-23→2025-09-24
2025-09-23,2025-09-24,C,6600.0,0.019178082191780823,99.8368625468723,0.9228946896593274,82.7511228774838,0.717890187385231,6656.92,6637.97,0.01643835616438356,210.92213015217587,66.117845327336,-1.8111456309559095,-5.69598094905,0.9905520001251187,1.0-2.0%,0.98-1.00,2025-09-23→2025-09-24
2025-09-23,2025-09-24,P,6600.0,0.019178082191780823,36.94228321976908,-0.07710531034092968,19.849556929295204,-0.28326550307238507,6656.92,6637.97,0.01643835616438356,167.03072222174154,23.042664795290875,-1.8111456309606049,-5.717881283221647,0.9905520001251187,1.0-2.0%,0.98-1.00,2025-09-23→2025-09-24
2025-09-23,2025-09-24,C,6605.0,0.019178082191780823,100.14812181840237,0.951377111725576,78.85110141944097,0.7041715586863628,6656.92,6637.97,0.01643835616438356,258.0042264438078,62.486857566319486,-1.0214037328005041,-5.705948962893549,0.9913024183070317,1.0-2.0%,0.98-1.00,2025-09-23→2025-09-24
2025-09-23,2025-09-24,P,6605.0,0.019178082191780823,42.24901629483618,-0.04862288827473176,20.999535130400773,-0.2972020527696896,6656.92,6637.97,0.01643835616438356,219.10833259824355,24.460960940577024,-1.0214037328061596,-5.731978899985565,0.9913024183070317,1.0-2.0%,0.98-1.00,2025-09-23→2025-09-24
2025-09-23,2025-09-24,C,6610.0,0.019178082191780823,98.02026663255151,0.9617767305770851,75.15107780722792,0.6892843543203497,6656.92,6637.97,0.01643835616438356,254.7424240715228,59.069990434296415,-0.6743309555644181,-5.838061485629504,0.9920528364889446,1.0-2.0%,0.98-1.00,2025-09-23→2025-09-24
2025-09-23,2025-09-24,P,6610.0,0.019178082191780823,45.11663491252127,-0.038223269423375276,22.199512249498184,-0.311621705172286,6656.92,6637.97,0.01643835616438356,220.84204431086522,25.945127615651472,-0.5743309555729524,-5.755231313014761,0.9920528364889446,1.0-2.0%,0.98-1.00,2025-09-23→2025-09-24
2025-09-23,2025-09-24,C,6615.0,0.019178082191780823,93.94464114964576,0.928816090671426,71.45105448536742,0.6741765361319538,6656.92,6637.97,0.01643835616438356,220.36934196070237,55.66964970143226,-1.0489350817766514,-5.874354640299604,0.9928032546708576,1.0-2.0%,0.98-1.00,2025-09-23→2025-09-24
2025-09-23,2025-09-24,P,6615.0,0.019178082191780823,46.03648323315663,-0.07118390932899439,23.449489238646947,-0.32653022555362754,6656.92,6637.97,0.01643835616438356,191.46447628496585,27.49578855001846,-0.8989350817844315,-5.737747774241183,0.9928032546708576,1.0-2.0%,0.98-1.00,2025-09-23→2025-09-24
2025-09-23,2025-09-24,C,6620.0,0.019178082191780823,89.96926058182754,0.8928710400748903,67.75103043261515,0.658788283400326,6656.92,6637.97,0.01643835616438356,218.56184763323378,52.28720095311337,-1.3800937905809896,-5.81596202956394,0.9935536728527705,1.0-2.0%,0.98-1.00,2025-09-23→2025-09-24
2025-09-23,2025-09-24,P,6620.0,0.019178082191780823,47.05657646888221,-0.10712895992541918,24.799464874884052,-0.3421177760923096,6656.92,6637.97,0.01643835616438356,194.65249604239912,29.16233813446661,-1.2800937905866738,-5.733131856949204,0.9935536728527705,1.0-2.0%,0.98-1.00,2025-09-23→2025-09-24
2025-09-23,2025-09-24,C,6625.0,0.019178082191780823,92.9064624162577,0.9683269488836115,64.2010050590161,0.6425658643520064,6656.92,6637.97,0.01643835616438356,254.36513880988824,49.06945595809066,0.3497956813442613,-5.8233768705295965,0.9943040910346835,1.0-2.0%,0.98-1.00,2025-09-23→2025-09-24
2025-09-23,2025-09-24,P,6625.0,0.019178082191780823,54.989252106847815,-0.031673051116858066,26.24943950128636,-0.35834019514063153,6656.92,6637.97,0.01643835616438356,235.451301303915,30.94459313944617,0.39979568133554544,-5.790546697914903,0.9943040910346835,1.0-2.0%,0.98-1.00,2025-09-23→2025-09-24
2025-09-23,2025-09-24,C,6630.0,0.019178082191780823,89.34362626928211,0.9376080902925936,60.650979288279814,0.6260403150104005,6656.92,6637.97,0.01643835616438356,229.11036853651993,45.87096053095729,0.11767331104448076,-5.786536030553023,0.9950545092165964,1.0-2.0%,0.98-1.00,2025-09-23→2025-09-24
2025-09-23,2025-09-24,P,6630.0,0.019178082191780823,56.42188976341214,-0.06239190970783534,27.749413504302993,-0.3750092257385832,6656.92,6637.97,0.01643835616438356,215.19204511548654,32.79418558131965,0.16767331103653316,-5.756424827746082,0.9950545092165964,1.0-2.0%,0.98-1.00,2025-09-23→2025-09-24
2025-09-23,2025-09-24,C,6635.0,0.019178082191780823,85.38216177311463,0.8998478049545218,57.25095219513196,0.6087664077146121,6656.92,6637.97,0.01643835616438356,184.81397968039096,42.83667925983991,-0.29788409611197153,-5.813876573808205,0.9958049273985095,1.0-2.0%,0.98-1.00,2025-09-23→2025-09-24
2025-09-23,2025-09-24,P,6635.0,0.019178082191780823,57.45589907079339,-0.10015219504573591,29.24938683076516,-0.39201607829911833,6656.92,6637.97,0.01643835616438356,175.89117034427238,34.664086051154754,-0.0978840961166767,-5.628704683768221,0.9958049273985095,1.0-2.0%,0.98-1.00,2025-09-23→2025-09-24
2025-09-23,2025-09-24,C,6640.0,0.019178082191780823,87.97302241790776,0.9506340458123612,53.90092448596124,0.5910533262773225,6656.92,6637.97,0.01643835616438356,245.92954987835313,39.87046810747279,1.1145151681440666,-5.6995394670448505,0.9965553455804225,1.0-2.0%,0.98-1.00,2025-09-23→2025-09-24
2025-09-23,2025-09-24,P,6640.0,0.019178082191780823,65.04223351912358,-0.049365954187933235,30.94935892823196,-0.40985273321531596,6656.92,6637.97,0.01643835616438356,242.00225462711,36.7456052888283,1.2145151681386692,-5.6167092944301675,0.9965553455804225,1.0-2.0%,0.98-1.00,2025-09-23→2025-09-24
2025-09-23,2025-09-24,C,6645.0,0.019178082191780823,85.73585459163617,0.9484265125788892,50.65089593373568,0.5727991745819792,6656.92,6637.97,0.01643835616438356,236.49253943713003,37.020031685710364,1.4726824133697782,-5.6454556416715995,0.9973057637623354,1.0-2.0%,0.98-1.00,2025-09-23→2025-09-24
2025-09-23,2025-09-24,P,6645.0,0.019178082191780823,67.80053949639107,-0.0515734874214554,32.6493305028157,-0.4280258085461133,6656.92,6637.97,0.01643835616438356,237.5607582707753,38.84824622845417,1.622682413363431,-5.511089071948767,0.9973057637623354,1.0-2.0%,0.98-1.00,2025-09-23→2025-09-24
2025-09-23,2025-09-24,C,6650.0,0.019178082191780823,81.8140245547451,0.9100498098791214,47.45086645813171,0.5541042394115979,6656.92,6637.97,0.01643835616438356,199.6473281845607,34.23842980291056,1.1954438972091808,-5.549724663150325,0.9980561819442484,1.0-2.0%,0.98-1.00,2025-09-23→2025-09-24
2025-09-23,2025-09-24,P,6650.0,0.019178082191780823,68.87418326303501,-0.08995019012130223,34.49930090040152,-0.44680182008103886,6656.92,6637.97,0.01643835616438356,205.7110611031371,41.11356698426471,1.3454438972013363,-5.416894490535608,0.9980561819442484,1.0-2.0%,0.98-1.00,2025-09-23→2025-09-24
2025-09-23,2025-09-24,C,6655.0,0.019178082191780823,80.35022544078699,0.8964613945453263,44.40083660474011,0.534869782208221,6656.92,6637.97,0.01643835616438356,215.58956983629102,31.618541954243028,1.3879434266337647,-5.464217627154314,0.9988066001261613,1.0-2.0%,0.98-1.00,2025-09-23→2025-09-24
2025-09-23,2025-09-24,P,6655.0,0.019178082191780823,72.40585795262318,-0.1035386054549277,36.449271047009915,-0.46603627728441643,6656.92,6637.97,0.01643835616438356,226.64881683974744,43.49367913559763,1.537943426629139,-5.331387454539607,0.9988066001261613,1.0-2.0%,0.98-1.00,2025-09-23→2025-09-24
2025-09-23,2025-09-24,C,6660.0,0.019178082191780823,82.74298989671894,0.9593397022449754,41.45080572421284,0.5152184569229016,6656.92,6637.97,0.01643835616438356,240.17304972349774,29.11282059145742,3.07948735754211,-5.33661024131111,0.9995570183080743,1.0-2.0%,0.98-1.00,2025-09-23→2025-09-24
2025-09-23,2025-09-24,P,6660.0,0.019178082191780823,79.79409621208889,-0.0406602977554482,38.449240182383164,-0.48567661882277535,6656.92,6637.97,0.01643835616438356,256.22781081184814,45.942478018495876,3.229487357534264,-5.203571926691504,0.9995570183080743,1.0-2.0%,0.98-1.00,2025-09-23→2025-09-24
2025-09-23,2025-09-24,C,6665.0,0.019178082191780823,79.2279542456723,0.9228520119407765,38.50077449575656,0.4951632594769648,6656.92,6637.97,0.01643835616438356,213.34423099730878,26.63069769335516,2.9880456262775468,-5.116656232911607,1.0003074364899873,1.0-2.0%,1.00-1.02,2025-09-23→2025-09-24
2025-09-23,2025-09-24,P,6665.0,0.019178082191780823,81.27453436459302,-0.07714798805944856,40.54920893802637,-0.5057428000156731,6656.92,6637.97,0.01643835616438356,234.39450617058156,48.50583487471022,3.0380456262734636,-5.0838260602969125,1.0003074364899873,1.0-2.0%,1.00-1.02,2025-09-23→2025-09-24
2025-09-23,2025-09-24,C,6670.0,0.019178082191780823,75.37665759648367,0.8806698140158282,35.80074263281813,0.474790153000091,6656.92,6637.97,0.01643835616438356,168.3301320156401,24.396647762983775,2.6386929755997883,-5.052726600648359,1.0010578546719002,1.0-2.0%,1.00-1.02,2025-09-23→2025-09-24
2025-09-23,2025-09-24,P,6670.0,0.019178082191780823,82.41871151893864,-0.1193301859844844,42.79917701202157,-0.5261562168661138,6656.92,6637.97,0.01643835616438356,194.37592127383644,51.22742813825971,2.7886929755940466,-4.920660309612757,1.0010578546719002,1.0-2.0%,1.00-1.02,2025-09-23→2025-09-24
2025-09-23,2025-09-24,C,6675.0,0.019178082191780823,79.63625117408077,0.9460790360033002,33.150710113106015,0.45410836848866815,6656.92,6637.97,0.01643835616438356,235.77188622960105,22.22954632814981,4.47819773226237,-4.8446464171398205,1.0018082728538131,1.0-2.0%,1.00-1.02,2025-09-23→2025-09-24
2025-09-23,2025-09-24,P,6675.0,0.019178082191780823,91.67377890007404,-0.053920963997066786,45.149144447967046,-0.5468650749139415,6656.92,6637.97,0.01643835616438356,266.8131895726409,54.06093562557544,4.578197732255596,-4.763093169619092,1.0018082728538131,1.0-2.0%,1.00-1.02,2025-09-23→2025-09-24
2025-09-23,2025-09-24,C,6680.0,0.019178082191780823,77.43888162603156,0.9372990095974388,30.650677686975087,0.4332679539681711,6656.92,6637.97,0.01643835616438356,224.5678916943892,20.216522014821294,4.811816231871298,-4.739572272303237,1.0025586910357263,1.0-2.0%,1.00-1.02,2025-09-23→2025-09-24
2025-09-23,2025-09-24,P,6680.0,0.019178082191780823,94.47188315557617,-0.06270099040275424,47.59911183092754,-0.5678288215447276,6656.92,6637.97,0.01643835616438356,260.6047091223552,57.00544041833018,4.961816231867817,-4.610356168272485,1.0025586910357263,1.0-2.0%,1.00-1.02,2025-09-23→2025-09-24
2025-09-23,2025-09-24,C,6685.0,0.019178082191780823,73.59933236398878,0.8952005412841889,28.200644652625215,0.41214803449030324,6656.92,6637.97,0.01643835616438356,187.88691186950746,18.26967932792013,4.664050257335218,-4.489794746408828,1.0033091092176392,1.0-2.0%,1.00-1.02,2025-09-23→2025-09-24
2025-09-23,2025-09-24,P,6685.0,0.019178082191780823,95.62780769706319,-0.10479945871617276,50.24907909489457,-0.5887580250023372,6656.92,6637.97,0.01643835616438356,228.91924338239792,60.14481650927428,4.964050257328548,-4.206964573794179,1.0033091092176392,1.0-2.0%,1.00-1.02,2025-09-23→2025-09-24
2025-09-23,2025-09-24,C,6690.0,0.019178082191780823,73.61783831599851,0.8932202129024509,25.85061136117247,0.39085637576061905,6656.92,6637.97,0.01643835616438356,209.10247369373909,16.43170164181788,5.276523034501281,-4.243271679336343,1.004059527399552,1.0-2.0%,1.00-1.02,2025-09-23→2025-09-24
2025-09-23,2025-09-24,P,6690.0,0.019178082191780823,100.64178745261835,-0.106779787097756,52.89904580344273,-0.6100496837320197,6656.92,6637.97,0.01643835616438356,255.13031929151197,63.30683882317226,5.426523034497539,-4.110441506721667,1.004059527399552,1.0-2.0%,1.00-1.02,2025-09-23→2025-09-24
2025-09-23,2025-09-24,C,6695.0,0.019178082191780823,76.05264627165585,0.9513384955360061,23.75057910132773,0.36998949444206075,6656.92,6637.97,0.01643835616438356,230.75931729066613,14.824451920764204,6.927864490407144,-4.088699080323016,1.0048099455814652,1.0-2.0%,1.00-1.02,2025-09-23→2025-09-24
2025-09-23,2025-09-24,P,6695.0,0.019178082191780823,108.07206921180784,-0.04866150446448894,55.6990129863334,-0.6312866324556575,6656.92,6637.97,0.01643835616438356,281.78267697333786,66.61756657034948,5.177864490397938,-5.862881685034601,1.0048099455814652,1.0-2.0%,1.00-1.02,2025-09-23→2025-09-24
2025-09-23,2025-09-24,C,6700.0,0.019178082191780823,72.68294553673003,0.9118947703473419,21.650545554638484,0.34879217281428054,6656.92,6637.97,0.01643835616438356,204.3894374457259,13.238565965838688,6.830405898081963,-3.840388325169447,1.005560363763378,1.0-2.0%,1.00-1.02,2025-09-23→2025-09-24
2025-09-23,2025-09-24,P,6700.0,0.019178082191780823,109.69784228041733,-0.08810522965321833,58.69897999690784,-0.6521138866783613,6656.92,6637.97,0.01643835616438356,260.40831121331075,70.11370314719261,6.930405898071523,-3.757558152554834,1.005560363763378,1.0-2.0%,1.00-1.02,2025-09-23→2025-09-24
2025-09-23,2025-09-24,C,6705.0,0.019178082191780823,68.96266661356483,0.8668696872009488,19.700512790701396,0.3278683789825462,6656.92,6637.97,0.01643835616438356,160.5812509089532,11.79555526323088,6.6271805724578225,-3.5868942182808077,1.006310781945291,1.0-2.0%,1.00-1.02,2025-09-23→2025-09-24
2025-09-23,2025-09-24,P,6705.0,0.019178082191780823,110.97303716079728,-0.13313031279949242,61.69894684056544,-0.6732874227423544,6656.92,6637.97,0.01643835616438356,221.59563876146134,73.63122541699067,4.877180572449634,-5.358796660967503,1.006310781945291,1.0-2.0%,1.00-1.02,2025-09-23→2025-09-24
2025-09-23,2025-09-24,C,6710.0,0.019178082191780823,74.34038727660027,0.9386859277063355,17.90048077494339,0.30736778308021945,6656.92,6637.97,0.01643835616438356,227.17553552470753,10.491418878320928,8.588098330034889,-3.3753805106298964,1.007061200127204,1.0-2.0%,1.00-1.02,2025-09-23→2025-09-24
2025-09-23,2025-09-24,P,6710.0,0.019178082191780823,121.34623162736816,-0.061314072294148925,65.19891775004089,-0.6921365263352672,6656.92,6637.97,0.01643835616438356,293.185437462058,77.5602291121113,6.638098330025886,-5.315987174053191,1.007061200127204,1.0-2.0%,1.00-1.02,2025-09-23→2025-09-24
2025-09-23,2025-09-24,C,6585.0,0.021917808219178082,113.69606854059572,0.9228053561944306,101.10420441758197,0.7353965329583366,6656.92,6637.97,0.019178082191780823,221.624817825687,83.98910753399741,-3.0628385001157064,-6.614235700439652,0.9880183866873445,2.0-3.0%,0.98-1.00,2025-09-23→2025-09-24
2025-09-23,2025-09-24,P,6585.0,0.021917808219178082,33.935427247347185,-0.07719464380473293,20.298506298273196,-0.26126057275406167,6656.92,6637.97,0.019178082191780823,160.56750953970158,23.14486125948156,-2.312838500099673,-5.800887853689419,0.9880183866873445,2.0-3.0%,0.98-1.00,2025-09-23→2025-09-24
2025-09-23,2025-09-24,C,6590.0,0.021917808219178082,114.44932124121047,0.972246628135947,96.1041665770299,0.7287796020935662,6656.92,6637.97,0.019178082191780823,281.23721565352264,79.20409510260924,-1.0259263968239694,-5.639626540327042,0.9887685904737434,2.0-3.0%,0.98-1.00,2025-09-23→2025-09-24
2025-09-23,2025-09-24,P,6590.0,0.021917808219178082,39.682726537719844,-0.027753371863142907,21.248442506580204,-0.2724124993693432,6656.92,6637.97,0.019178082191780823,225.1737666626518,24.31061872418877,-1.1759263968065516,-5.812216863049002,0.9887685904737434,2.0-3.0%,0.98-1.00,2025-09-23→2025-09-24
2025-09-23,2025-09-24,C,6595.0,0.021917808219178082,110.90707847488306,0.9557499659549693,93.20407300367151,0.7124131091469967,6656.92,6637.97,0.019178082191780823,261.632155517176,76.52746096428746,-2.138538145153504,-6.749771581664541,0.9895187942601423,2.0-3.0%,0.98-1.00,2025-09-23→2025-09-24
2025-09-23,2025-09-24,P,6595.0,0.021917808219178082,41.134530361144094,-0.04425003404417135,22.298374851071458,-0.28424559898948903,6656.92,6637.97,0.019178082191780823,210.56256582145497,25.58850551320029,-1.2885381451370383,-5.836454100850765,0.9895187942601423,2.0-3.0%,0.98-1.00,2025-09-23→2025-09-24
2025-09-23,2025-09-24,C,6600.0,0.021917808219178082,106.83122644824486,0.925826822217302,88.30402758641958,0.7044695696543587,6656.92,6637.97,0.019178082191780823,222.44806389158808,71.87197476201982,-1.5055817189822953,-5.700301655050028,0.9902689980465412,2.0-3.0%,0.98-1.00,2025-09-23→2025-09-24
2025-09-23,2025-09-24,P,6600.0,0.021917808219178082,42.0527249242514,-0.07417317778205905,23.448303515970565,-0.2967225318085537,6656.92,6637.97,0.019178082191780823,176.3723334910486,26.97849838359889,-1.6555817189700055,-5.8728919777720385,0.9902689980465412,2.0-3.0%,0.98-1.00,2025-09-23→2025-09-24
2025-09-23,2025-09-24,C,6605.0,0.021917808219178082,107.06840162887072,0.9527442732657602,84.45395454142181,0.6917792389329609,6656.92,6637.97,0.019178082191780823,267.26276022651115,68.27490373123783,-0.7454960216140165,-5.690783422220514,0.9910192018329401,2.0-3.0%,0.98-1.00,2025-09-23→2025-09-24
2025-09-23,2025-09-24,P,6605.0,0.021917808219178082,47.28394669464196,-0.04725572673336388,24.698228273492987,-0.30980315588185925,6656.92,6637.97,0.019178082191780823,226.18088912111048,28.480466498360784,-0.9954960215972384,-5.970769803961177,0.9910192018329401,2.0-3.0%,0.98-1.00,2025-09-23→2025-09-24
2025-09-23,2025-09-24,C,6610.0,0.021917808219178082,104.95461382698225,0.9625121539550937,80.75387786917963,0.678289582213038,6656.92,6637.97,0.019178082191780823,263.9571012366395,64.83971495049991,-0.36039468255114926,-5.746412417063054,0.991769405619339,2.0-3.0%,0.98-1.00,2025-09-23→2025-09-24
2025-09-23,2025-09-24,P,6610.0,0.021917808219178082,50.16420548250354,-0.03748784604413712,25.89815379873062,-0.32290251924987173,6656.92,6637.97,0.019178082191780823,227.86908942636327,29.946238572080347,-0.5103946825363889,-5.919002739785007,0.991769405619339,2.0-3.0%,0.98-1.00,2025-09-23→2025-09-24
2025-09-23,2025-09-24,C,6615.0,0.021917808219178082,100.95452171979029,0.9315919493611983,77.10379859677596,0.6644182053264917,6656.92,6637.97,0.019178082191780823,230.77852305206952,61.467340596962,-0.6963325596054553,-5.7592750090630975,0.9925196094057379,2.0-3.0%,0.98-1.00,2025-09-23→2025-09-24
2025-09-23,2025-09-24,P,6615.0,0.021917808219178082,51.15815996507325,-0.06840805063790185,27.19807548273957,-0.3366065889912877,6656.92,6637.97,0.019178082191780823,199.68437053697158,31.524756783414432,-0.8463325595882321,-5.928694861384845,0.9925196094057379,2.0-3.0%,0.98-1.00,2025-09-23→2025-09-24
2025-09-23,2025-09-24,C,6620.0,0.021917808219178082,97.0367310591511,0.8978918107475143,73.50371709927094,0.6501634028072137,6656.92,6637.97,0.019178082191780823,228.66579613243348,58.15814865559105,-1.1349501863347662,-5.829403516803417,0.9932698131921368,2.0-3.0%,0.98-1.00,2025-09-23→2025-09-24
2025-09-23,2025-09-24,P,6620.0,0.021917808219178082,52.234415894173154,-0.102108189251867,28.59799390090666,-0.3508761540062806,6656.92,6637.97,0.019178082191780823,202.56550291248834,33.21580037233389,-1.2349501863228618,-5.949103118418954,0.9932698131921368,2.0-3.0%,0.98-1.00,2025-09-23→2025-09-24
2025-09-23,2025-09-24,C,6625.0,0.021917808219178082,99.67770640809995,0.9686193164322713,69.85363533004966,0.6357969507178752,6656.92,6637.97,0.019178082191780823,262.66597133771444,54.81529000982073,0.6553360463913691,-5.651647783896376,0.9940200169785357,2.0-3.0%,0.98-1.00,2025-09-23→2025-09-24
2025-09-23,2025-09-24,P,6625.0,0.021917808219178082,59.86943783288502,-0.03138068356701029,29.997911259598368,-0.36539515074502826,6656.92,6637.97,0.019178082191780823,241.55953741290946,34.92181363139889,0.45533604640516134,-5.874238106618218,0.9940200169785357,2.0-3.0%,0.98-1.00,2025-09-23→2025-09-24
2025-09-23,2025-09-24,C,6630.0,0.021917808219178082,96.13298611089738,0.9398193134779786,66.35354886130244,0.6207322607542278,6656.92,6637.97,0.019178082191780823,238.1950469702721,51.63421492590396,0.40957599040753223,-5.6371236587074876,0.9947702207649346,2.0-3.0%,0.98-1.00,2025-09-23→2025-09-24
2025-09-23,2025-09-24,P,6630.0,0.021917808219178082,61.31876412544824,-0.06018068652097359,31.54782409199015,-0.3805819773911754,6656.92,6637.97,0.019178082191780823,222.0824723406219,36.78908996487007,0.20957599042756647,-5.8620284715627,0.9947702207649346,2.0-3.0%,0.98-1.00,2025-09-23→2025-09-24
2025-09-23,2025-09-24,C,6635.0,0.021917808219178082,92.20098051527252,0.9044354083169581,63.00345920414247,0.6050555075134765,6656.92,6637.97,0.019178082191780823,195.49918926643969,48.6137543343948,0.03905098760619907,-5.634198132619725,0.9955204245513335,2.0-3.0%,0.98-1.00,2025-09-23→2025-09-24
2025-09-23,2025-09-24,P,6635.0,0.021917808219178082,62.3808051195625,-0.09556459168237409,33.147735133692095,-0.39613659394943107,6656.92,6637.97,0.019178082191780823,184.38047393196643,38.72027795597387,-0.16094901238098025,-5.856788455341655,0.9955204245513335,2.0-3.0%,0.98-1.00,2025-09-23→2025-09-24
2025-09-23,2025-09-24,C,6640.0,0.021917808219178082,94.43454026337673,0.9519664643303779,59.703367614082254,0.5890360007300959,6656.92,6637.97,0.019178082191780823,253.52759678398334,45.65703876576754,1.2397644990604917,-5.637767786164787,0.9962706283377324,2.0-3.0%,0.98-1.00,2025-09-23→2025-09-24
2025-09-23,2025-09-24,P,6640.0,0.021917808219178082,69.60841145743252,-0.048033535668700854,34.74764456106777,-0.4119781220617743,6656.92,6637.97,0.019178082191780823,247.402740744619,40.66807993225575,1.1397644990781246,-5.756985413070551,0.9962706283377324,2.0-3.0%,0.98-1.00,2025-09-23→2025-09-24
2025-09-23,2025-09-24,C,6645.0,0.021917808219178082,92.10534771352002,0.9498444901087293,56.45327401313034,0.5726645129175696,6656.92,6637.97,0.019178082191780823,243.98438003295738,42.76449907069809,1.599553087560242,-5.548007480212165,0.9970208321241313,2.0-3.0%,0.98-1.00,2025-09-23→2025-09-24
2025-09-23,2025-09-24,P,6645.0,0.021917808219178082,72.27326549732912,-0.05015550989038354,36.49755076095016,-0.4283844447281386,6656.92,6637.97,0.019178082191780823,242.85338328874835,42.77621391004641,1.4495530875772467,-5.717885227598142,0.9970208321241313,2.0-3.0%,0.98-1.00,2025-09-23→2025-09-24
2025-09-23,2025-09-24,C,6650.0,0.021917808219178082,88.18151417149801,0.9138002299508604,53.25317801902929,0.5559293845513888,6656.92,6637.97,0.019178082191780823,208.08171866497096,39.93661341840652,1.2665143575686422,-5.515138162751279,0.9977710359105302,2.0-3.0%,0.98-1.00,2025-09-23→2025-09-24
2025-09-23,2025-09-24,P,6650.0,0.021917808219178082,73.34347854504811,-0.08619977004849579,38.29745455530292,-0.4451554563160167,6656.92,6637.97,0.019178082191780823,211.94458121593235,44.94904503733687,1.216514357581022,-5.585695897188435,0.9977710359105302,2.0-3.0%,0.98-1.00,2025-09-23→2025-09-24
2025-09-23,2025-09-24,C,6655.0,0.021917808219178082,86.55998740569974,0.9009752451331634,50.15308028643676,0.5387812083700996,6656.92,6637.97,0.019178082191780823,222.86701713453394,37.2205819034466,1.4234808952732827,-5.440096101386709,0.9985212396969291,2.0-3.0%,0.98-1.00,2025-09-23→2025-09-24
2025-09-23,2025-09-24,P,6655.0,0.021917808219178082,76.71599836900799,-0.0990247548661427,40.297356215985474,-0.4624108930928067,6656.92,6637.97,0.019178082191780823,231.72373898064544,47.32710552502522,1.2734808952866195,-5.612686424108597,0.9985212396969291,2.0-3.0%,0.98-1.00,2025-09-23→2025-09-24
2025-09-23,2025-09-24,C,6660.0,0.021917808219178082,88.55986731544868,0.9599813287241802,47.15298011825371,0.5212600383353271,6656.92,6637.97,0.019178082191780823,245.9403563589185,34.61578925384447,2.9916461793230447,-5.3221222735456415,0.999271443483328,2.0-3.0%,0.98-1.00,2025-09-23→2025-09-24
2025-09-23,2025-09-24,P,6660.0,0.021917808219178082,83.70992486851988,-0.04001867127489427,42.247256137129625,-0.4799164279886616,6656.92,6637.97,0.019178082191780823,259.79093750017466,49.6760535426024,2.9416461793407636,-5.394416310385047,0.999271443483328,2.0-3.0%,0.98-1.00,2025-09-23→2025-09-24
2025-09-23,2025-09-24,C,6665.0,0.021917808219178082,84.99634315608702,0.9255624980113931,44.25287804572645,0.5034066166435617,6656.92,6637.97,0.019178082191780823,219.29885495301167,32.12154714404642,2.789409337315732,-5.210444614604597,1.000021647269727,2.0-3.0%,1.00-1.02,2025-09-23→2025-09-24
2025-09-23,2025-09-24,P,6665.0,0.021917808219178082,85.14044729890827,-0.07443750198784999,44.397153975275614,-0.4977854848193447,6656.92,6637.97,0.019178082191780823,238.1432953894091,52.22807076562549,2.6394093373302603,-5.383034937326487,1.000021647269727,2.0-3.0%,1.00-1.02,2025-09-23→2025-09-24
2025-09-23,2025-09-24,C,6670.0,0.021917808219178082,81.11774012197475,0.8857648721859243,41.452774309176675,0.4852623328963016,6656.92,6637.97,0.019178082191780823,174.88387027742877,29.737093734787322,2.4852443279230982,-5.104278791615178,1.0007718510561259,2.0-3.0%,1.00-1.02,2025-09-23→2025-09-24
2025-09-23,2025-09-24,P,6670.0,0.021917808219178082,86.25589085454448,-0.11423512781342453,46.54705009584313,-0.5159547483706022,6656.92,6637.97,0.019178082191780823,198.72217000901182,54.79823648001093,2.335244327935626,-5.277342481622817,1.0007718510561259,2.0-3.0%,1.00-1.02,2025-09-23→2025-09-24
2025-09-23,2025-09-24,C,6675.0,0.021917808219178082,84.85495267012124,0.9473393807888283,38.75266914074473,0.4668692239953907,6656.92,6637.97,0.019178082191780823,239.94433431548683,27.461594196334318,4.102081265948122,-5.002828205287432,1.0015220548425248,2.0-3.0%,1.00-1.02,2025-09-23→2025-09-24
2025-09-23,2025-09-24,P,6675.0,0.021917808219178082,94.98714999246086,-0.05266061921019171,48.84694480552707,-0.5343691571814596,6656.92,6637.97,0.019178082191780823,268.7764933421778,57.52321038853188,4.0020812659668765,-5.126295528588562,1.0015220548425248,2.0-3.0%,1.00-1.02,2025-09-23→2025-09-24
2025-09-23,2025-09-24,C,6680.0,0.021917808219178082,82.50405409709718,0.9389535526436946,36.15256222157268,0.44827001387340254,6656.92,6637.97,0.019178082191780823,228.3937938835411,25.294139764028387,4.443169822597838,-4.855283237099108,1.0022722586289237,2.0-3.0%,1.00-1.02,2025-09-23→2025-09-24
2025-09-23,2025-09-24,P,6680.0,0.021917808219178082,97.63029800918373,-0.06104644735550578,51.196837357136246,-0.5530587301939628,6656.92,6637.97,0.019178082191780823,262.2198122053954,60.31184613163805,4.343169822613176,-4.980462937175494,1.0022722586289237,2.0-3.0%,1.00-1.02,2025-09-23→2025-09-24
2025-09-23,2025-09-24,C,6685.0,0.021917808219178082,78.61366902558375,0.8990030516524307,33.65245554804778,0.42950819641457655,6656.92,6637.97,0.019178082191780823,191.77930213948477,23.233749096872543,4.186107828813391,-4.710819677943858,1.0030224624153226,2.0-3.0%,1.00-1.02,2025-09-23→2025-09-24
2025-09-23,2025-09-24,P,6685.0,0.021917808219178082,98.73395952742291,-0.10099694834681566,53.746730957894215,-0.5717747940558384,6656.92,6637.97,0.019178082191780823,230.5991797564956,63.29638046214495,4.0361078288278645,-4.885132347358031,1.0030224624153226,2.0-3.0%,1.00-1.02,2025-09-23→2025-09-24
2025-09-23,2025-09-24,C,6690.0,0.021917808219178082,78.35810176615504,0.8969883377556137,31.202346953234155,0.4105139190809091,6656.92,6637.97,0.019178082191780823,212.13116587056786,21.236010753346818,4.697929000468715,-4.520761233416848,1.0037726662017215,2.0-3.0%,1.00-1.02,2025-09-23→2025-09-24
2025-09-23,2025-09-24,P,6690.0,0.021917808219178082,103.47243885774915,-0.10301166224357283,56.34662288278514,-0.5906781823819949,6656.92,6637.97,0.019178082191780823,255.9449027827215,66.34253437492589,4.597929000484311,-4.643351556138699,1.0037726662017215,2.0-3.0%,1.00-1.02,2025-09-23→2025-09-24
2025-09-23,2025-09-24,C,6695.0,0.021917808219178082,80.35093305480859,0.9521211168294809,28.952239259547696,0.39167526850674395,6656.92,6637.97,0.019178082191780823,233.08426788351284,19.42983794859265,6.242695163918487,-4.377753661797274,1.0045228699881203,2.0-3.0%,1.00-1.02,2025-09-23→2025-09-24
2025-09-23,2025-09-24,P,6695.0,0.021917808219178082,110.45931673615712,-0.04787888316979216,59.04651439876079,-0.6096551067837214,6656.92,6637.97,0.019178082191780823,281.89186409081515,69.49357590536601,6.54269516393245,-4.102964273551406,1.0045228699881203,2.0-3.0%,1.00-1.02,2025-09-23→2025-09-24
2025-09-23,2025-09-24,C,6700.0,0.021917808219178082,76.86701045219945,0.9144133687735395,26.75213102986845,0.37269621085420085,6656.92,6637.97,0.019178082191780823,206.5641380681526,17.68395837528942,6.078133338258407,-4.187406804312961,1.0052730737745192,2.0-3.0%,1.00-1.02,2025-09-23→2025-09-24
2025-09-23,2025-09-24,P,6700.0,0.021917808219178082,111.9694407233041,-0.08558663122564915,61.84640603416028,-0.628658951444925,6656.92,6637.97,0.019178082191780823,260.3655935706382,72.74828417987374,5.978133338273966,-4.313087129881213,1.0052730737745192,2.0-3.0%,1.00-1.02,2025-09-23→2025-09-24
2025-09-23,2025-09-24,C,6705.0,0.021917808219178082,73.05791296194785,0.8713278538851613,24.702023433491377,0.35392720407344463,6656.92,6637.97,0.019178082191780823,162.66906961702648,16.08201304510999,5.761662831123644,-4.0430794828082925,1.0060232775609181,2.0-3.0%,1.00-1.02,2025-09-23→2025-09-24
2025-09-23,2025-09-24,P,6705.0,0.021917808219178082,113.1543898228048,-0.1286721461140828,64.74629720891608,-0.6476416484876243,6656.92,6637.97,0.019178082191780823,221.46438441467745,76.10535063622319,6.21166283113816,-3.6228092388403574,1.0060232775609181,2.0-3.0%,1.00-1.02,2025-09-23→2025-09-24
2025-09-23,2025-09-24,C,6710.0,0.021917808219178082,77.86533596891073,0.9398565303095513,22.701915602056943,0.33506807297815644,6656.92,6637.97,0.019178082191780823,228.60547279835717,14.53877211299482,7.610281249365823,-3.850460017063999,1.006773481347317,2.0-3.0%,1.00-1.02,2025-09-23→2025-09-24
2025-09-23,2025-09-24,P,6710.0,0.021917808219178082,122.95585941952423,-0.06014346968966196,67.79619030532558,-0.6663384313497716,6656.92,6637.97,0.019178082191780823,292.39464689111185,79.60432895709073,5.560281249380919,-5.927113274078048,1.006773481347317,2.0-3.0%,1.00-1.02,2025-09-23→2025-09-24
2025-09-23,2025-09-24,C,6585.0,0.024657534246575342,119.6824559844888,0.9240014052543021,104.84012863812404,0.7241336707433098,6656.92,6637.97,0.021917808219178082,230.2448796551661,88.04730192350144,-2.540173370431127,-6.327666939414394,0.9878878572372598,2.0-3.0%,0.98-1.00,2025-09-23→2025-09-24
2025-09-23,2025-09-24,P,6585.0,0.024657534246575342,39.052890584317325,-0.07599859474596193,23.603750102780168,-0.27511903316032377,6656.92,6637.97,0.021917808219178082,168.41640038914113,26.76275969935932,-2.040173370435966,-5.813505678388087,0.9878878572372598,2.0-3.0%,0.98-1.00,2025-09-23→2025-09-24
2025-09-23,2025-09-24,C,6590.0,0.024657534246575342,120.47027774709818,0.9718957423886425,101.39030119044673,0.7114751187108633,6656.92,6637.97,0.021917808219178082,288.1943003659037,84.8036376070313,-1.9825756817354083,-6.917546500429275,0.9886379619124589,2.0-3.0%,0.98-1.00,2025-09-23→2025-09-24
2025-09-23,2025-09-24,P,6590.0,0.024657534246575342,44.8340991613599,-0.02810425761145929,24.703900375250896,-0.2861433037032133,6656.92,6637.97,0.021917808219178082,231.359094843836,28.07136062210475,-1.032575681737152,-5.922415605175843,0.9886379619124589,2.0-3.0%,0.98-1.00,2025-09-23→2025-09-24
2025-09-23,2025-09-24,C,6595.0,0.024657534246575342,117.01605971911819,0.9560666801706869,97.490451225387,0.7004683183799673,6656.92,6637.97,0.021917808219178082,268.8216326372813,81.11993827171045,-1.982536410765654,-6.826125366699742,0.9893880665876581,2.0-3.0%,0.98-1.00,2025-09-23→2025-09-24
2025-09-23,2025-09-24,P,6595.0,0.024657534246575342,46.37326794779967,-0.043933319829585746,25.854055579000715,-0.2975292841808748,6656.92,6637.97,0.021917808219178082,216.97970085910805,29.439928290153603,-1.1825364107706433,-5.988179935227525,0.9893880665876581,2.0-3.0%,0.98-1.00,2025-09-23→2025-09-24
2025-09-23,2025-09-24,C,6600.0,0.024657534246575342,113.05281123243111,0.9273900074701379,92.59055567195173,0.6927639138131501,6656.92,6637.97,0.021917808219178082,230.35104681590582,76.45376668466179,-1.2259593584410382,-5.672123833240915,0.9901381712628572,2.0-3.0%,0.98-1.00,2025-09-23→2025-09-24
2025-09-23,2025-09-24,P,6600.0,0.024657534246575342,47.40340627553703,-0.07260999253017102,27.054215165073856,-0.30927324263624145,6656.92,6637.97,0.021917808219178082,183.50238878165956,30.86869715776129,-1.5259593584467297,-6.010727947956721,0.9901381712628572,2.0-3.0%,0.98-1.00,2025-09-23→2025-09-24
2025-09-23,2025-09-24,C,6605.0,0.024657534246575342,113.27473356452423,0.9532689312247336,88.89072400851,0.6804521683823237,6656.92,6637.97,0.021917808219178082,273.821029792365,72.99317432887165,-0.6355537532914894,-5.805431409155107,0.9908882759380563,2.0-3.0%,0.98-1.00,2025-09-23→2025-09-24
2025-09-23,2025-09-24,P,6605.0,0.024657534246575342,52.61871542205362,-0.04673106877560309,28.254378267280117,-0.3212058871182093,6656.92,6637.97,0.021917808219178082,231.96564550206193,32.30837792802231,-0.8355537532976693,-6.036851560890007,0.9908882759380563,2.0-3.0%,0.98-1.00,2025-09-23→2025-09-24
2025-09-23,2025-09-24,C,6610.0,0.024657534246575342,111.21042146268682,0.9626302273720342,85.09089001881875,0.668277069738734,6656.92,6637.97,0.021917808219178082,270.3649023112741,69.44485369729682,-0.15815719130013406,-5.736149528451117,0.9916383806132555,2.0-3.0%,0.98-1.00,2025-09-23→2025-09-24
2025-09-23,2025-09-24,P,6610.0,0.024657534246575342,55.547790134647165,-0.03736977262826886,29.554548204956518,-0.33366927216203685,6656.92,6637.97,0.021917808219178082,233.50279176486637,33.85845076519399,-0.4581571913056881,-6.073032707470538,0.9916383806132555,2.0-3.0%,0.98-1.00,2025-09-23→2025-09-24
2025-09-23,2025-09-24,C,6615.0,0.024657534246575342,107.32976156449982,0.9331763754031123,81.49106732832843,0.6552697821474989,6656.92,6637.97,0.021917808219178082,237.7337513036655,66.10582466122332,-0.5663076861111911,-5.832637628305015,0.9923884852884546,2.0-3.0%,0.98-1.00,2025-09-23→2025-09-24
2025-09-23,2025-09-24,P,6615.0,0.024657534246575342,56.66051705089111,-0.0668236245971059,30.85472094640909,-0.34634152336193363,6656.92,6637.97,0.021917808219178082,205.8649145011559,35.42030838218761,-0.7163076861151476,-6.013171867708582,0.9923884852884546,2.0-3.0%,0.98-1.00,2025-09-23→2025-09-24
2025-09-23,2025-09-24,C,6620.0,0.024657534246575342,103.54760925968652,0.9011416145828138,77.89124731468746,0.6420658199505235,6656.92,6637.97,0.021917808219178082,235.4440724526743,62.77868682099006,-0.8733664036558437,-5.7828527119377,0.9931385899636538,2.0-3.0%,0.98-1.00,2025-09-23→2025-09-24
2025-09-23,2025-09-24,P,6620.0,0.024657534246575342,57.871751560500435,-0.09885838541747631,32.25490151736631,-0.3595207462788651,6656.92,6637.97,0.021917808219178082,208.5685093940861,37.092765360408976,-1.1233664036611581,-6.0629181419844285,0.9931385899636538,2.0-3.0%,0.98-1.00,2025-09-23→2025-09-24
2025-09-23,2025-09-24,C,6625.0,0.024657534246575342,106.02386535856034,0.9684432302799753,74.39143384468753,0.6283897654254968,6656.92,6637.97,0.021917808219178082,268.3555903561593,59.56185986587707,0.7019992138053475,-5.7420139451869545,0.9938886946388529,2.0-3.0%,0.98-1.00,2025-09-23→2025-09-24
2025-09-23,2025-09-24,P,6625.0,0.024657534246575342,65.34139447379285,-0.031556769720480424,33.75508676744812,-0.3731708362662799,6656.92,6637.97,0.021917808219178082,246.4733010415208,38.875495676551964,0.40199921379690173,-6.071587347245936,0.9938886946388529,2.0-3.0%,0.98-1.00,2025-09-23→2025-09-24
2025-09-23,2025-09-24,C,6630.0,0.024657534246575342,102.58225607113575,0.9411139873621134,70.94162465716408,0.6143843585621159,6656.92,6637.97,0.021917808219178082,244.2143997250543,56.406420172643266,0.4341100605118733,-5.757416405248021,0.994638799314052,2.0-3.0%,0.98-1.00,2025-09-23→2025-09-24
2025-09-23,2025-09-24,P,6630.0,0.024657534246575342,66.89317200079313,-0.05888601263836358,35.255275793723285,-0.38704493442750326,6656.92,6637.97,0.021917808219178082,227.3253841542996,40.67106832270838,0.18411006050301815,-6.034501507401119,0.994638799314052,2.0-3.0%,0.98-1.00,2025-09-23→2025-09-24
2025-09-23,2025-09-24,C,6635.0,0.024657534246575342,98.84005916061791,0.9076659174587778,67.54182008381895,0.6000471180267977,6656.92,6637.97,0.021917808219178082,202.3258129029498,53.31264958957672,0.00026913584367704857,-5.82910711339229,0.9953889039892512,2.0-3.0%,0.98-1.00,2025-09-23→2025-09-24
2025-09-23,2025-09-24,P,6635.0,0.024657534246575342,68.14436190471314,-0.0923340825415071,36.85547103394856,-0.4013684859357652,6656.92,6637.97,0.021917808219178082,190.4300710760679,42.5770476519142,-0.14973086416154135,-6.005932808482676,0.9953889039892512,2.0-3.0%,0.98-1.00,2025-09-23→2025-09-24
2025-09-23,2025-09-24,C,6640.0,0.024657534246575342,100.88589987762307,0.9526446122923519,64.24202114729633,0.5852969867050796,6656.92,6637.97,0.021917808219178082,258.6723715211541,50.32885831267413,1.2026154029398946,-5.758622101938849,0.9961390086644503,2.0-3.0%,0.98-1.00,2025-09-23→2025-09-24
2025-09-23,2025-09-24,P,6640.0,0.024657534246575342,75.18358943614379,-0.04735538770790208,38.55567190315924,-0.4161043645645282,6656.92,6637.97,0.021917808219178082,251.76990343820634,44.59298860930903,1.0026154029352699,-5.985177708497728,0.9961390086644503,2.0-3.0%,0.98-1.00,2025-09-23→2025-09-24
2025-09-23,2025-09-24,C,6645.0,0.024657534246575342,98.61717295837903,0.9506366182046866,60.99222646612998,0.5702347359101597,6656.92,6637.97,0.021917808219178082,249.08441944814234,47.40680890985959,1.4645639149786405,-5.744051754502575,0.9968891133396494,2.0-3.0%,0.98-1.00,2025-09-23→2025-09-24
2025-09-23,2025-09-24,P,6645.0,0.024657534246575342,77.90824933131641,-0.04936338179578506,40.30587702246248,-0.43115197735149774,6656.92,6637.97,0.021917808219178082,247.17522510913534,46.67065576744881,1.3145639149698822,-5.920329970810803,0.9968891133396494,2.0-3.0%,0.98-1.00,2025-09-23→2025-09-24
2025-09-23,2025-09-24,C,6650.0,0.024657534246575342,94.92841390238688,0.9166928525815861,57.84243652489931,0.5548071226458384,6656.92,6637.97,0.021917808219178082,213.73992523859178,44.59423572572041,1.2213295564208906,-5.636405025861462,0.9976392180148486,2.0-3.0%,0.98-1.00,2025-09-23→2025-09-24
2025-09-23,2025-09-24,P,6650.0,0.024657534246575342,79.21287708976557,-0.08330714741858783,42.15608687657959,-0.4465644133995171,6656.92,6637.97,0.021917808219178082,216.82400464348075,48.85778159977235,0.9713295564177729,-5.91239563392077,0.9976392180148486,2.0-3.0%,0.98-1.00,2025-09-23→2025-09-24
2025-09-23,2025-09-24,C,6655.0,0.024657534246575342,93.3688618289516,0.9046667991430482,54.742651078546714,0.5390847599705769,6656.92,6637.97,0.021917808219178082,227.9191807886227,41.84343330957881,1.293435843760605,-5.63434379855766,0.9983893226900477,2.0-3.0%,0.98-1.00,2025-09-23→2025-09-24
2025-09-23,2025-09-24,P,6655.0,0.024657534246575342,82.64671183074857,-0.09533320085726556,44.00630078500444,-0.4622396288298814,6656.92,6637.97,0.021917808219178082,235.99653393743264,51.0595607696373,1.1934358437548351,-5.759440966326169,0.9983893226900477,2.0-3.0%,0.98-1.00,2025-09-23→2025-09-24
2025-09-23,2025-09-24,C,6660.0,0.024657534246575342,95.16777056137633,0.9601666414843318,51.742869744814016,0.5230438437614676,6656.92,6637.97,0.021917808219178082,250.18359957777056,39.2014989568238,2.795157856127915,-5.488319160720282,0.9991394273652469,2.0-3.0%,0.98-1.00,2025-09-23→2025-09-24
2025-09-23,2025-09-24,P,6660.0,0.024657534246575342,89.4390073776039,-0.03983335851588039,46.056519661418406,-0.478295938424773,6656.92,6637.97,0.021917808219178082,263.2542264705008,53.46439133567719,2.545157856124078,-5.763708033149358,0.9991394273652469,2.0-3.0%,0.98-1.00,2025-09-23→2025-09-24
2025-09-23,2025-09-24,C,6665.0,0.024657534246575342,91.82890693987346,0.9278241938938293,48.84309221232843,0.5067239181735014,6656.92,6637.97,0.021917808219178082,223.8072734535034,36.66774326910854,2.582268474287897,-5.397581750612241,0.999889532040446,2.0-3.0%,0.98-1.00,2025-09-23→2025-09-24
2025-09-23,2025-09-24,P,6665.0,0.024657534246575342,91.09353057052752,-0.07217580610648544,48.106741918787066,-0.4946004706269563,6656.92,6637.97,0.021917808219178082,241.87117409016096,55.88387072916612,2.382268474282114,-5.622678918380732,0.999889532040446,2.0-3.0%,0.98-1.00,2025-09-23→2025-09-24
2025-09-23,2025-09-24,C,6670.0,0.024657534246575342,88.29610635755783,0.8907006977872642,46.043317561952335,0.49016549462455783,6656.92,6637.97,0.021917808219178082,180.0202728939231,34.24140917350633,2.2787782230684996,-5.3113638768647125,1.0006396367156452,2.0-3.0%,1.00-1.02,2025-09-23→2025-09-24
2025-09-23,2025-09-24,P,6670.0,0.024657534246575342,92.55411680264253,-0.10929930221293208,50.30696726841052,-0.5111588941758998,6656.92,6637.97,0.021917808219178082,203.07744727445498,58.45753663356436,2.0787782230649627,-5.536461044633201,1.0006396367156452,2.0-3.0%,1.00-1.02,2025-09-23→2025-09-24
2025-09-23,2025-09-24,C,6675.0,0.024657534246575342,91.68760161639413,0.948249180893743,43.29354681931272,0.47337395511820146,6656.92,6637.97,0.021917808219178082,243.45271619168795,31.876020861055622,3.7693219779362614,-5.229563550510164,1.0013897413908441,2.0-3.0%,1.00-1.02,2025-09-23→2025-09-24
2025-09-23,2025-09-24,P,6675.0,0.024657534246575342,100.93899887589444,-0.05175081910664863,52.557196525770905,-0.5279504336822562,6656.92,6637.97,0.021917808219178082,271.503164316202,61.092148321112745,3.569321977929022,-5.454660718278655,1.0013897413908441,2.0-3.0%,1.00-1.02,2025-09-23→2025-09-24
2025-09-23,2025-09-24,C,6680.0,0.024657534246575342,89.44611087127672,0.9403797647681074,40.643778186392865,0.45639149645888594,6656.92,6637.97,0.021917808219178082,231.79102262382278,29.617150022712394,4.070196542355458,-5.101381142104202,1.0021398460660433,2.0-3.0%,1.00-1.02,2025-09-23→2025-09-24
2025-09-23,2025-09-24,P,6680.0,0.024657534246575342,103.69089494520497,-0.05962023523231521,54.9074278928515,-0.5449328923415709,6656.92,6637.97,0.021917808219178082,264.8347444922043,63.83327748277043,3.870196542347638,-5.32647830987267,1.0021398460660433,2.0-3.0%,1.00-1.02,2025-09-23→2025-09-24
2025-09-23,2025-09-24,C,6685.0,0.024657534246575342,86.02861772305593,0.9032673523039005,38.14401085284817,0.43933307563775303,6656.92,6637.97,0.021917808219178082,195.4629008197887,27.508713164486835,3.7669163261587464,-5.024638216664664,1.0028899507412425,2.0-3.0%,1.00-1.02,2025-09-23→2025-09-24
2025-09-23,2025-09-24,P,6685.0,0.024657534246575342,105.26678861142086,-0.0967326476963256,57.407660559305896,-0.5619913131627046,6656.92,6637.97,0.021917808219178082,233.49989643204452,66.7248406245435,3.5669163261546464,-5.249735384433151,1.0028899507412425,2.0-3.0%,1.00-1.02,2025-09-23→2025-09-24
2025-09-23,2025-09-24,C,6690.0,0.024657534246575342,85.7953497908239,0.9014226613142267,35.59424807807136,0.42193051223506384,6656.92,6637.97,0.021917808219178082,215.14675588499924,25.37088457132495,4.33195943190443,-4.754416793145617,1.0036400554164415,2.0-3.0%,1.00-1.02,2025-09-23→2025-09-24
2025-09-23,2025-09-24,P,6690.0,0.024657534246575342,110.02690749361682,-0.09857733868593542,59.90789652577723,-0.5793015122631429,6656.92,6637.97,0.021917808219178082,258.17702524116726,69.63138951088968,4.081959431901538,-5.027763657386457,1.0036400554164415,2.0-3.0%,1.00-1.02,2025-09-23→2025-09-24
2025-09-23,2025-09-24,C,6695.0,0.024657534246575342,87.51115503384908,0.9526386211306991,33.2944826321318,0.404724095518765,6656.92,6637.97,0.021917808219178082,235.4593113389128,23.47021952940895,5.70250187042658,-4.680478389919472,1.0043901600916407,2.0-3.0%,1.00-1.02,2025-09-23→2025-09-24
2025-09-23,2025-09-24,P,6695.0,0.024657534246575342,116.73609955107352,-0.04736137886941178,62.608130814062406,-0.5964884339319492,6656.92,6637.97,0.021917808219178082,283.4828544390181,72.73027337755047,5.802501870424651,-4.603455823010332,1.0043901600916407,2.0-3.0%,1.00-1.02,2025-09-23→2025-09-24
2025-09-23,2025-09-24,C,6700.0,0.024657534246575342,84.4135557283357,0.9176356873110715,31.144715092253136,0.3876731120797049,6656.92,6637.97,0.021917808219178082,208.93140190221385,21.71455654873853,5.389196274544638,-4.6535945260896625,1.00514026476684,2.0-3.0%,1.00-1.02,2025-09-23→2025-09-24
2025-09-23,2025-09-24,P,6700.0,0.024657534246575342,118.63188705998898,-0.08236431268899458,65.30836839468202,-0.6139150347120095,6656.92,6637.97,0.021917808219178082,261.9482187462575,75.84376889652049,5.38919627454357,-4.6836899077924645,1.00514026476684,2.0-3.0%,1.00-1.02,2025-09-23→2025-09-24
2025-09-23,2025-09-24,C,6705.0,0.024657534246575342,81.09911798766755,0.878051129128489,28.844956832184835,0.3699726904518854,6656.92,6637.97,0.021917808219178082,165.1554642272983,19.843376234882953,5.339068896984703,-4.289017515936843,1.005890369442039,2.0-3.0%,1.00-1.02,2025-09-23→2025-09-24
2025-09-23,2025-09-24,P,6705.0,0.024657534246575342,120.31083613373234,-0.12194887087187589,68.10860653864256,-0.6313516983485713,6656.92,6637.97,0.021917808219178082,223.16555481522434,79.05950369494076,5.589068896977979,-4.064114683705306,1.005890369442039,2.0-3.0%,1.00-1.02,2025-09-23→2025-09-24
2025-09-23,2025-09-24,C,6710.0,0.024657534246575342,85.33890185392868,0.9411831302396562,26.845188789713575,0.35292172301390917,6656.92,6637.97,0.021917808219178082,230.11588057826373,18.245018937878058,6.8854203180413105,-4.262133348886486,1.0066404741172381,2.0-3.0%,1.00-1.02,2025-09-23→2025-09-24
2025-09-23,2025-09-24,P,6710.0,0.024657534246575342,129.54400681441618,-0.05881686976076852,71.05884086952938,-0.6485767953401818,6656.92,6637.97,0.021917808219178082,293.11924491010546,82.41869428268456,4.83542031803345,-6.340530271696323,1.0066404741172381,2.0-3.0%,1.00-1.02,2025-09-23→2025-09-24
2025-09-23,2025-09-24,C,6585.0,0.0273972602739726,126.38492789846337,0.9258436828342492,112.1987120619915,0.7062698645870376,6656.92,6637.97,0.024657534246575342,244.33963639369685,95.57669843320673,-3.505262210291143,-7.666186066075763,0.9876194110087019,2.0-3.0%,0.98-1.00,2025-09-23→2025-09-24
2025-09-23,2025-09-24,P,6585.0,0.0273972602739726,43.968337430558215,-0.07415631716509524,28.85053368844183,-0.292662951682767,6656.92,6637.97,0.024657534246575342,180.72074169443442,32.27189569181246,-2.7552622102785427,-6.8959629343883835,0.9876194110087019,2.0-3.0%,0.98-1.00,2025-09-23→2025-09-24
2025-09-23,2025-09-24,C,6590.0,0.0273972602739726,127.07565868478781,0.9717582998511611,107.4487253023035,0.6991474780959043,6656.92,6637.97,0.024657534246575342,299.37081310183896,91.02530891399329,-1.4851802178206661,-6.651155290082732,0.9883693118522924,2.0-3.0%,0.98-1.00,2025-09-23→2025-09-24
2025-09-23,2025-09-24,P,6590.0,0.0273972602739726,49.651098140599274,-0.028241700148156145,29.950552128347,-0.30261034908622336,6656.92,6637.97,0.024657534246575342,240.74383268151973,33.567722536827205,-1.6851802178075523,-6.884466115183876,0.9883693118522924,2.0-3.0%,0.98-1.00,2025-09-23→2025-09-24
2025-09-23,2025-09-24,C,6595.0,0.0273972602739726,123.77552264509593,0.9567186038442024,104.59874913069689,0.6858642218262551,6656.92,6637.97,0.024657534246575342,280.7931396448581,88.37213370824793,-2.670182457152521,-7.8028729963925745,0.9891192126958829,2.0-3.0%,0.98-1.00,2025-09-23→2025-09-24
2025-09-23,2025-09-24,P,6595.0,0.0273972602739726,51.34299202461842,-0.043281396155175254,31.150570592936674,-0.31303157009434196,6656.92,6637.97,0.024657534246575342,227.15807350336877,34.97154001436911,-1.8201824571405631,-6.9319482532877235,0.9891192126958829,2.0-3.0%,0.98-1.00,2025-09-23→2025-09-24
2025-09-23,2025-09-24,C,6600.0,0.0273972602739726,119.98763326457149,0.9296025103290715,99.89876360615563,0.6779876266763425,6656.92,6637.97,0.024657534246575342,243.61642829439697,83.89143812521161,-1.984032429264257,-6.752134474483427,0.9898691135394734,2.0-3.0%,0.98-1.00,2025-09-23→2025-09-24
2025-09-23,2025-09-24,P,6600.0,0.0273972602739726,52.54713256780346,-0.07039748967036806,32.3005898262677,-0.32346470835838237,6656.92,6637.97,0.024657534246575342,194.97327643181953,36.33452828463169,-2.134032429253459,-6.929656223391285,0.9898691135394734,2.0-3.0%,0.98-1.00,2025-09-23→2025-09-24
2025-09-23,2025-09-24,C,6605.0,0.0273972602739726,120.12488498910976,0.9541861907321166,96.19878374047494,0.6669613581530874,6656.92,6637.97,0.024657534246575342,284.7284852156632,80.41203940934065,-1.3681716856265673,-6.811082262999117,0.9906190143830639,2.0-3.0%,0.98-1.00,2025-09-23→2025-09-24
2025-09-23,2025-09-24,P,6605.0,0.0273972602739726,57.67641421606468,-0.04581380926713878,33.70061047059244,-0.3347701068924074,6656.92,6637.97,0.024657534246575342,241.07724763198854,37.95407938297012,-1.5681716856122745,-7.043893525611062,0.9906190143830639,2.0-3.0%,0.98-1.00,2025-09-23→2025-09-24
2025-09-23,2025-09-24,C,6610.0,0.0273972602739726,118.21458655084984,0.9630600984447816,92.54880438356031,0.6556427190175753,6656.92,6637.97,0.024657534246575342,281.1229472131262,76.99118699065048,-1.0000111344715634,-6.8255704746170665,0.9913689152266544,2.0-3.0%,0.98-1.00,2025-09-23→2025-09-24
2025-09-23,2025-09-24,P,6610.0,0.0273972602739726,60.75814570151459,-0.03693990155458904,35.0506310966216,-0.34607943699841265,6656.92,6637.97,0.024657534246575342,242.46362390838064,39.53308321335089,-1.2500111344594527,-7.108205331119854,0.9913689152266544,2.0-3.0%,0.98-1.00,2025-09-23→2025-09-24
2025-09-23,2025-09-24,C,6615.0,0.0273972602739726,114.68788188251209,0.9354863091941342,88.94882555113963,0.6440350487533107,6656.92,6637.97,0.024657534246575342,249.564508021157,73.62902368293817,-1.3225344407713244,-6.845535826124875,0.9921188160702449,2.0-3.0%,0.98-1.00,2025-09-23→2025-09-24
2025-09-23,2025-09-24,P,6615.0,0.0273972602739726,62.22347095689582,-0.06451369080521509,36.45065224674045,-0.35767753560264415,6656.92,6637.97,0.024657534246575342,215.89709899525081,41.170766244735205,-1.6225344407588198,-7.177989299670047,0.9921188160702449,2.0-3.0%,0.98-1.00,2025-09-23→2025-09-24
2025-09-23,2025-09-24,C,6620.0,0.0273972602739726,111.15708876013777,0.9056941503878073,85.39884743101629,0.6321411785561153,6656.92,6637.97,0.024657534246575342,246.76343503450644,70.3256952010779,-1.6870958501512234,-6.87092466636174,0.9928687169138355,2.0-3.0%,0.98-1.00,2025-09-23→2025-09-24
2025-09-23,2025-09-24,P,6620.0,0.0273972602739726,63.68470775822619,-0.09430584961162362,37.80067372438225,-0.3693489989606636,6656.92,6637.97,0.024657534246575342,218.08794028750563,42.76938183715538,-1.8370958501402477,-7.049163530304505,0.9928687169138355,2.0-3.0%,0.98-1.00,2025-09-23→2025-09-24
2025-09-23,2025-09-24,C,6625.0,0.0273972602739726,113.36245969153525,0.9685289875189405,81.9488696456142,0.6198673068599777,6656.92,6637.97,0.024657534246575342,277.8193365769977,67.13012110613545,-0.2963756865162601,-6.903514535003541,0.993618617757426,2.0-3.0%,0.98-1.00,2025-09-23→2025-09-24
2025-09-23,2025-09-24,P,6625.0,0.0273972602739726,70.8821086133495,-0.03147101248037413,39.350695954842195,-0.3816331838606652,6656.92,6637.97,0.024657534246575342,254.1357561088786,44.573984916788504,-0.3963756865030883,-7.03194883415954,0.993618617757426,2.0-3.0%,0.98-1.00,2025-09-23→2025-09-24
2025-09-23,2025-09-24,C,6630.0,0.0273972602739726,110.69730810725761,0.9432193865458011,78.5488924835131,0.6073321071450077,6656.92,6637.97,0.024657534246575342,254.33125689461667,63.99331480077126,-0.5759926249572374,-6.94105656960221,0.9943685186010165,2.0-3.0%,0.98-1.00,2025-09-23→2025-09-24
2025-09-23,2025-09-24,P,6630.0,0.0273972602739726,73.20898695278193,-0.05678061345352102,41.00071896753161,-0.3942644530534004,6656.92,6637.97,0.024657534246575342,235.63959070541605,46.48594893489508,-0.7259926249442117,-7.121311385361865,0.9943685186010165,2.0-3.0%,0.98-1.00,2025-09-23→2025-09-24
2025-09-23,2025-09-24,C,6635.0,0.0273972602739726,107.43595934192292,0.9126032947864899,75.14891567741324,0.5946120566252547,6656.92,6637.97,0.024657534246575342,213.42899172866004,60.867021667726476,-0.8061675637961905,-6.83210152695154,0.995118419444607,2.0-3.0%,0.98-1.00,2025-09-23→2025-09-24
2025-09-23,2025-09-24,P,6635.0,0.0273972602739726,74.93966811115598,-0.08739670521296027,42.600742161430844,-0.40698450357315247,6656.92,6637.97,0.024657534246575342,199.7292398183177,48.359655801850295,-1.0561675637855796,-7.112356342711164,0.995118419444607,2.0-3.0%,0.98-1.00,2025-09-23→2025-09-24
2025-09-23,2025-09-24,C,6640.0,0.0273972602739726,109.23572171097072,0.9539146620548689,71.84893950086871,0.5815477819550072,6656.92,6637.97,0.024657534246575342,266.99695469652505,57.84835925009884,0.17668284593959882,-6.879669531952711,0.9958683202881975,2.0-3.0%,0.98-1.00,2025-09-23→2025-09-24
2025-09-23,2025-09-24,P,6640.0,0.0273972602739726,81.73146040394234,-0.04608533794420562,44.300765984886766,-0.4200487782434005,6656.92,6637.97,0.024657534246575342,258.28911706510263,50.3409933842222,0.026682845957317514,-7.059924347712357,0.9958683202881975,2.0-3.0%,0.98-1.00,2025-09-23→2025-09-24
2025-09-23,2025-09-24,C,6645.0,0.0273972602739726,107.92806763222535,0.9521714105798238,68.64896389082105,0.5681729279738085,6656.92,6637.97,0.024657534246575342,257.38989505020214,54.93684906641283,0.44364823048747937,-6.833123014896442,0.996618221131788,2.0-3.0%,0.98-1.00,2025-09-23→2025-09-24
2025-09-23,2025-09-24,P,6645.0,0.0273972602739726,85.41583624889556,-0.04782858941946731,46.10079037483865,-0.43342363222459945,6656.92,6637.97,0.024657534246575342,253.6739716976617,52.42948320053665,0.24364823050110174,-7.063377830656082,0.996618221131788,2.0-3.0%,0.98-1.00,2025-09-23→2025-09-24
2025-09-23,2025-09-24,C,6650.0,0.0273972602739726,105.16160293507183,0.9217180828921818,65.44898842532712,0.5546030384511389,6656.92,6637.97,0.024657534246575342,222.84325777472506,52.0365067411858,0.16655767080668937,-6.790272421351009,0.9973681219753785,2.0-3.0%,0.98-1.00,2025-09-23→2025-09-24
2025-09-23,2025-09-24,P,6650.0,0.0273972602739726,87.64140147544367,-0.0782819171072886,47.90081490934608,-0.44699352174726914,6656.92,6637.97,0.024657534246575342,224.11924870107532,54.52914087530917,0.016557670816902403,-6.970527237110662,0.9973681219753785,2.0-3.0%,0.98-1.00,2025-09-23→2025-09-24
2025-09-23,2025-09-24,C,6655.0,0.0273972602739726,103.83574357159134,0.911049119357753,62.44901400373237,0.540688350047491,6656.92,6637.97,0.024657534246575342,236.02641428084266,49.33811633507685,0.21438081182925828,-6.80395576660014,0.998118022818969,2.0-3.0%,0.98-1.00,2025-09-23→2025-09-24
2025-09-23,2025-09-24,P,6655.0,0.0273972602739726,91.30757203569877,-0.08895088064140791,49.85084043627921,-0.46088002004887685,6656.92,6637.97,0.024657534246575342,242.294319486085,56.783272851927904,0.0643808118453364,-6.983676379926132,0.998118022818969,2.0-3.0%,0.98-1.00,2025-09-23→2025-09-24
2025-09-23,2025-09-24,C,6660.0,0.0273972602739726,105.64094867508992,0.9607459702134707,59.34903964144041,0.526633143637104,6656.92,6637.97,0.024657534246575342,257.08279683785827,46.5562266609827,1.6061361355450927,-6.620301928076977,0.9988679236625595,2.0-3.0%,0.98-1.00,2025-09-23→2025-09-24
2025-09-23,2025-09-24,P,6660.0,0.0273972602739726,98.10480706290309,-0.03925402978580225,51.85086615418777,-0.47497916809216817,6656.92,6637.97,0.024657534246575342,268.3426163220287,59.096081112992124,1.3561361355590558,-6.9008552353465,0.9988679236625595,2.0-3.0%,0.98-1.00,2025-09-23→2025-09-24
2025-09-23,2025-09-24,C,6665.0,0.0273972602739726,104.61655992697249,0.932450865334785,56.4990657708031,0.5123013089533577,6656.92,6637.97,0.024657534246575342,231.2493885531828,44.02201150856763,1.4699438980940052,-6.491890195333967,0.99961782450615,2.0-3.0%,0.98-1.00,2025-09-23→2025-09-24
2025-09-23,2025-09-24,P,6665.0,0.0273972602739726,102.07244823850058,-0.0675491346645168,53.90089224952544,-0.48929234046433234,6656.92,6637.97,0.024657534246575342,247.50112231623126,61.467694669054254,1.2199438981074118,-6.7720898517990165,0.99961782450615,2.0-3.0%,0.98-1.00,2025-09-23→2025-09-24
2025-09-23,2025-09-24,C,6670.0,0.0273972602739726,101.85774688822241,0.900488721747419,53.599092241924154,0.49778493186837336,6656.92,6637.97,0.024657534246575342,188.43917960050413,41.45229182109915,1.1642612771134289,-6.466975541094413,1.0003677253497405,2.0-3.0%,1.00-1.02,2025-09-23→2025-09-24
2025-09-23,2025-09-24,P,6670.0,0.0273972602739726,104.30566512345885,-0.09951127825195856,56.050918725941756,-0.5038116283300341,6656.92,6637.97,0.024657534246575342,209.68282764239535,63.944925955222516,0.9642612771254049,-6.697230356854053,1.0003677253497405,2.0-3.0%,1.00-1.02,2025-09-23→2025-09-24
2025-09-23,2025-09-24,C,6675.0,0.0273972602739726,104.51220116746609,0.9501720427140341,50.84911903313832,0.4830967372128112,6656.92,6637.97,0.024657534246575342,249.7360222048763,39.03441666937533,2.4557602094307676,-6.39531682981732,1.001117626193331,2.0-3.0%,1.00-1.02,2025-09-23→2025-09-24
2025-09-23,2025-09-24,P,6675.0,0.0273972602739726,111.95214932643226,-0.049827957285127886,58.25094556052454,-0.5185236082084286,6656.92,6637.97,0.024657534246575342,275.97158452572734,66.4806768323383,2.3057602094468357,-6.576022375549627,1.001117626193331,2.0-3.0%,1.00-1.02,2025-09-23→2025-09-24
2025-09-23,2025-09-24,C,6680.0,0.0273972602739726,104.70971463412738,0.9436222445869704,48.149146116005795,0.46824029502076286,6656.92,6637.97,0.024657534246575342,238.20432095597718,36.67458390289585,2.731641534922918,-6.276846409356628,1.0018675270369215,2.0-3.0%,1.00-1.02,2025-09-23→2025-09-24
2025-09-23,2025-09-24,P,6680.0,0.0273972602739726,117.14169271680497,-0.05637775541229405,60.55097266862958,-0.5333939327192784,6656.92,6637.97,0.024657534246575342,269.4317975556722,69.12115136715465,2.5316415349370462,-6.5078150250302205,1.0018675270369215,2.0-3.0%,1.00-1.02,2025-09-23→2025-09-24
2025-09-23,2025-09-24,C,6685.0,0.0273972602739726,102.58223304496693,0.9126445806818447,45.5491731357788,0.45326422220085427,6656.92,6637.97,0.024657534246575342,202.748729972492,34.4186565593709,2.544614803920794,-6.1606429892938905,1.002617427880512,2.0-3.0%,1.00-1.02,2025-09-23→2025-09-24
2025-09-23,2025-09-24,P,6685.0,0.0273972602739726,120.00624105135209,-0.08735541931748374,63.00099961979686,-0.5483323379975533,6656.92,6637.97,0.024657534246575342,238.96812085110588,71.91129069349472,2.244614803933705,-6.49089780505353,1.002617427880512,2.0-3.0%,1.00-1.02,2025-09-23→2025-09-24
2025-09-23,2025-09-24,C,6690.0,0.0273972602739726,102.22552117591451,0.9110053595177364,42.99920101204998,0.4381416180680878,6656.92,6637.97,0.024657534246575342,221.78423475157567,32.22035227634842,2.963551562860939,-5.9972163376098155,1.0033673287241025,2.0-3.0%,1.00-1.02,2025-09-23→2025-09-24
2025-09-23,2025-09-24,P,6690.0,0.0273972602739726,124.64155910601774,-0.08899464048153977,65.35102773878862,-0.5635880484645993,6656.92,6637.97,0.024657534246575342,262.99553990907157,74.62216084786905,2.763551562874855,-6.229993518404038,1.0033673287241025,2.0-3.0%,1.00-1.02,2025-09-23→2025-09-24
2025-09-23,2025-09-24,C,6695.0,0.0273972602739726,103.87705589060863,0.9537751139187451,40.59922856731373,0.42303103865138686,6656.92,6637.97,0.024657534246575342,241.38003878348783,30.16992282693036,4.174038408760044,-5.8835618175562985,1.004117229567693,2.0-3.0%,1.00-1.02,2025-09-23→2025-09-24
2025-09-23,2025-09-24,P,6695.0,0.0273972602739726,131.2851237444218,-0.04622488608060576,67.90105549685086,-0.5788098388236106,6656.92,6637.97,0.024657534246575342,287.5832582198783,77.52734747801696,4.024038408772535,-6.068446445707309,1.004117229567693,2.0-3.0%,1.00-1.02,2025-09-23→2025-09-24
2025-09-23,2025-09-24,C,6700.0,0.0273972602739726,103.24289468616976,0.9251113411886879,38.19925647141508,0.407729496574056,6656.92,6637.97,0.024657534246575342,215.42710253595504,28.131194288646384,4.030859915525465,-5.773526039921717,1.0048671304112835,2.0-3.0%,1.00-1.02,2025-09-23→2025-09-24
2025-09-23,2025-09-24,P,6700.0,0.0273972602739726,135.64299246369,-0.07488865881075375,70.55108330839266,-0.5940606092200635,6656.92,6637.97,0.024657534246575342,266.6222362512495,80.53440493794369,3.8308599155362444,-6.0074485447200825,1.0048671304112835,2.0-3.0%,1.00-1.02,2025-09-23→2025-09-24
2025-09-23,2025-09-24,C,6705.0,0.0273972602739726,100.58400768686533,0.8931138185161673,35.94928421368422,0.3925229814208578,6656.92,6637.97,0.024657534246575342,172.79985539798616,26.238375894182354,3.924506860881209,-5.561689502074817,1.005617031254874,2.0-3.0%,1.00-1.02,2025-09-23→2025-09-24
2025-09-23,2025-09-24,P,6705.0,0.0273972602739726,137.97613538810504,-0.106886181483254,73.25111131339463,-0.6094108028285685,6656.92,6637.97,0.024657534246575342,228.98690339212305,83.59798152626263,4.124506860892362,-5.3983347136012565,1.005617031254874,2.0-3.0%,1.00-1.02,2025-09-23→2025-09-24
2025-09-23,2025-09-24,C,6710.0,0.0273972602739726,103.38299972351854,0.9440288224482127,33.74931223775411,0.3772456512024554,6656.92,6637.97,0.024657534246575342,236.1426772564391,24.40134521625623,5.289346185393459,-5.45119490971354,1.0063669320984647,2.0-3.0%,1.00-1.02,2025-09-23→2025-09-24
2025-09-23,2025-09-24,P,6710.0,0.0273972602739726,145.76715734847699,-0.05597117755108904,76.0511394351015,-0.6247362272535714,6656.92,6637.97,0.024657534246575342,297.3216395294923,86.76209755695345,5.589346185406878,-5.188751506455057,1.0063669320984647,2.0-3.0%,1.00-1.02,2025-09-23→2025-09-24
2025-09-23,2025-09-24,C,6585.0,0.03561643835616438,137.4242229420701,0.9274968228657785,116.40325979976842,0.6953849362545689,6656.92,6637.97,0.03287671232876712,304.09303532162465,100.62013787297019,-3.2739352066936753,-7.672455457976055,0.9875517939100129,3.0-4.0%,0.98-1.00,2025-09-23→2025-09-24
2025-09-23,2025-09-24,P,6585.0,0.03561643835616438,54.5575108576498,-0.0725031771328765,32.548576491650465,-0.30380765234354534,6656.92,6637.97,0.03287671232876712,240.05202141418974,36.59397847155378,-2.423935206667994,-6.807155011910126,0.9875517939100129,3.0-4.0%,0.98-1.00,2025-09-23→2025-09-24
2025-09-23,2025-09-24,C,6590.0,0.03561643835616438,137.66806162830977,0.9707172106568942,112.60321570721499,0.6858488831525704,6656.92,6637.97,0.03287671232876712,340.15236306709687,97.00680138996086,-2.30490885805202,-7.703163664258904,0.9883016434118428,3.0-4.0%,0.98-1.00,2025-09-23→2025-09-24
2025-09-23,2025-09-24,P,6590.0,0.03561643835616438,59.79303768961377,-0.029282789341652467,33.74852998518236,-0.313465501469958,6656.92,6637.97,0.03287671232876712,281.102942922805,37.98241761786221,-1.4549088580243075,-6.8401712528556455,0.9883016434118428,3.0-4.0%,0.98-1.00,2025-09-23→2025-09-24
2025-09-23,2025-09-24,C,6595.0,0.03561643835616438,135.3539707150732,0.9568337265985827,107.80318277753668,0.6788064543383571,6656.92,6637.97,0.03287671232876712,340.9328181836082,92.39956119386352,-1.418000880957031,-6.686617690288255,0.9890514929136728,3.0-4.0%,0.98-1.00,2025-09-23→2025-09-24
2025-09-23,2025-09-24,P,6595.0,0.03561643835616438,62.470634922103365,-0.043166273400016254,34.94848423016265,-0.3232589143861539,6656.92,6637.97,0.03287671232876712,286.8749918024538,39.37747333727293,-1.5680008809303003,-6.875756427617557,0.9890514929136728,3.0-4.0%,0.98-1.00,2025-09-23→2025-09-24
2025-09-23,2025-09-24,C,6600.0,0.03561643835616438,131.60308581376603,0.9318087415344743,104.10313487913209,0.6685854754109826,6656.92,6637.97,0.03287671232876712,308.4703943790522,88.90186349191254,-1.742224347921887,-6.730305240962007,0.9898013424155027,3.0-4.0%,0.98-1.00,2025-09-23→2025-09-24
2025-09-23,2025-09-24,P,6600.0,0.03561643835616438,63.711438166511954,-0.06819125846416355,36.24843643900658,-0.33345657237360743,6656.92,6637.97,0.03287671232876712,259.40416176108033,40.87941199352781,-1.8922243478958882,-6.919002046479801,0.9898013424155027,3.0-4.0%,0.98-1.00,2025-09-23→2025-09-24
2025-09-23,2025-09-24,C,6605.0,0.03561643835616438,131.2015356208882,0.9544866637271109,100.4030862930058,0.6582228600819034,6656.92,6637.97,0.03287671232876712,331.7382347632418,85.41115406796825,-1.0624777223714297,-6.676676801448055,0.9905511919173327,3.0-4.0%,0.98-1.00,2025-09-23→2025-09-24
2025-09-23,2025-09-24,P,6605.0,0.03561643835616438,68.30157611935472,-0.04551333627146087,37.548387962199286,-0.34379581818555527,6656.92,6637.97,0.03287671232876712,287.6635959084731,42.388326824132946,-1.2624777223441739,-6.914930754616209,0.9905511919173327,3.0-4.0%,0.98-1.00,2025-09-23→2025-09-24
2025-09-23,2025-09-24,C,6610.0,0.03561643835616438,130.0796016368517,0.9628118941555676,96.80303591538814,0.6474787894799519,6656.92,6637.97,0.03287671232876712,339.1427359719857,82.02724112882152,-0.7547146057521701,-6.730276939355029,0.9913010414191625,3.0-4.0%,0.98-1.00,2025-09-23→2025-09-24
2025-09-23,2025-09-24,P,6610.0,0.03561643835616438,72.17133028103238,-0.03718810584317712,38.998337188111236,-0.35462444316274455,6656.92,6637.97,0.03287671232876712,300.05969088040183,44.05367122626876,-1.054714605728201,-7.070133197933946,0.9913010414191625,3.0-4.0%,0.98-1.00,2025-09-23→2025-09-24
2025-09-23,2025-09-24,C,6615.0,0.03561643835616438,126.90469944833531,0.9377551133628578,93.25298470242433,0.6364835897313984,6656.92,6637.97,0.03287671232876712,317.49928059440253,78.70023821416771,-1.07954060177401,-6.788635974590111,0.9920508909209924,3.0-4.0%,0.98-1.00,2025-09-23→2025-09-24
2025-09-23,2025-09-24,P,6615.0,0.03561643835616438,73.98811623824267,-0.062244886635829215,40.34828706874123,-0.3653840658860221,6656.92,6637.97,0.03287671232876712,283.40782926591214,45.62704850233058,-1.2295406017489565,-6.974028048540057,0.9920508909209924,3.0-4.0%,0.98-1.00,2025-09-23→2025-09-24
2025-09-23,2025-09-24,C,6620.0,0.03561643835616438,123.15389435261338,0.910584737645773,89.70293213341756,0.6253340253418844,6656.92,6637.97,0.03287671232876712,306.7325867645433,75.38081536093205,-1.3444192216127782,-6.749920219771413,0.9928007404228224,3.0-4.0%,0.98-1.00,2025-09-23→2025-09-24
2025-09-23,2025-09-24,P,6620.0,0.03561643835616438,75.22899928826307,-0.08941526235271768,41.848234154332204,-0.37660910094994676,6656.92,6637.97,0.03287671232876712,277.6327291992449,47.35670550200439,-1.5944192215839825,-7.0367424630014215,0.9928007404228224,3.0-4.0%,0.98-1.00,2025-09-23→2025-09-24
2025-09-23,2025-09-24,C,6625.0,0.03561643835616438,124.41881459156336,0.9677944944098421,86.35287740231706,0.6136714635210386,6656.92,6637.97,0.03287671232876712,329.3980274900698,72.26639292301115,-0.11029433093365526,-6.820925766276419,0.9935505899246523,3.0-4.0%,0.98-1.00,2025-09-23→2025-09-24
2025-09-23,2025-09-24,P,6625.0,0.03561643835616438,81.48560767290854,-0.03220550558884593,43.34818072912867,-0.38799367541306246,6656.92,6637.97,0.03287671232876712,305.2897636879388,49.09414538959754,-0.21029433090862604,-6.952480149077465,0.9935505899246523,3.0-4.0%,0.98-1.00,2025-09-23→2025-09-24
2025-09-23,2025-09-24,C,6630.0,0.03561643835616438,123.53410891549544,0.9450238363637383,82.9028228055895,0.6020288406002626,6656.92,6637.97,0.03287671232876712,324.40628189865646,69.06122073021561,-0.2917983009073346,-6.791553470625136,0.9943004394264823,3.0-4.0%,0.98-1.00,2025-09-23→2025-09-24
2025-09-23,2025-09-24,P,6630.0,0.03561643835616438,85.59259014257307,-0.05497616363489209,44.89812613240065,-0.3996362983338381,6656.92,6637.97,0.03287671232876712,305.2896118597031,50.888973196802,-0.3917983008812036,-6.923107853426168,0.9943004394264823,3.0-4.0%,0.98-1.00,2025-09-23→2025-09-24
2025-09-23,2025-09-24,C,6635.0,0.03561643835616438,120.04176177860526,0.9174623098844052,79.50276701352732,0.5901302047519116,6656.92,6637.97,0.03287671232876712,287.16732338146596,65.91352099773303,-0.5140892276906861,-6.717032619951382,0.9950502889283122,3.0-4.0%,0.98-1.00,2025-09-23→2025-09-24
2025-09-23,2025-09-24,P,6635.0,0.03561643835616438,87.09193115140584,-0.08253769011426575,46.5980697281193,-0.4116655119633135,6656.92,6637.97,0.03287671232876712,273.04224710569093,52.83903370987082,-0.7140892276653195,-6.951061451704715,0.9950502889283122,3.0-4.0%,0.98-1.00,2025-09-23→2025-09-24
2025-09-23,2025-09-24,C,6640.0,0.03561643835616438,120.81399942412051,0.954444362285954,76.3527089851068,0.5777544885641875,6656.92,6637.97,0.03287671232876712,318.0265545838979,63.018171553162574,0.33672066531866207,-6.801552441708743,0.9958001384301421,3.0-4.0%,0.98-1.00,2025-09-23→2025-09-24
2025-09-23,2025-09-24,P,6640.0,0.03561643835616438,92.85585694265751,-0.045555637712456555,48.298012572136486,-0.4238551484515698,6656.92,6637.97,0.03287671232876712,308.89307207127337,54.79722892616019,0.23672066534896508,-6.932055063157161,0.9958001384301421,3.0-4.0%,0.98-1.00,2025-09-23→2025-09-24
2025-09-23,2025-09-24,C,6645.0,0.03561643835616438,121.17687069149028,0.9530165816029533,73.00265234194376,0.5654328469773243,6656.92,6637.97,0.03287671232876712,328.42187295617236,59.93642649668527,0.7096642213757995,-6.6350475497798005,0.996549987931972,3.0-4.0%,0.98-1.00,2025-09-23→2025-09-24
2025-09-23,2025-09-24,P,6645.0,0.03561643835616438,98.21041635573317,-0.046983418395658935,50.097955261479456,-0.436323620348712,6656.92,6637.97,0.03287671232876712,324.27998420667996,56.86118712963753,0.5096642214022703,-6.868332605608016,0.996549987931972,3.0-4.0%,0.98-1.00,2025-09-23→2025-09-24
2025-09-23,2025-09-24,C,6650.0,0.03561643835616438,118.3905084036816,0.9259142673082681,69.95259121514619,0.5526614854632174,6656.92,6637.97,0.03287671232876712,303.67219528038856,57.15432331791726,0.3460753654915081,-6.727064850472134,0.9972998374338019,3.0-4.0%,0.98-1.00,2025-09-23→2025-09-24
2025-09-23,2025-09-24,P,6650.0,0.03561643835616438,100.4157422136186,-0.07408573269058974,51.897894707023625,-0.4489682537012204,6656.92,6637.97,0.03287671232876712,304.52190029411787,58.93377331549436,0.2960753655133337,-6.807948407638049,0.9972998374338019,3.0-4.0%,0.98-1.00,2025-09-23→2025-09-24
2025-09-23,2025-09-24,C,6655.0,0.03561643835616438,116.3680152391817,0.9161040091983933,66.80253099950278,0.5397962948102967,6656.92,6637.97,0.03287671232876712,304.06577325191546,54.284110433494334,0.5601709743093899,-6.570860213344973,0.9980496869356319,3.0-4.0%,0.98-1.00,2025-09-23→2025-09-24
2025-09-23,2025-09-24,P,6655.0,0.03561643835616438,103.38493719487433,-0.08389599080014751,53.84783420955682,-0.46189375684841316,6656.92,6637.97,0.03287671232876712,309.90707202883164,61.159955324629664,0.3601709743372157,-6.802886692277349,0.9980496869356319,3.0-4.0%,0.98-1.00,2025-09-23→2025-09-24
2025-09-23,2025-09-24,C,6660.0,0.03561643835616438,117.40716236883253,0.9604792756939013,63.80246946539182,0.5266721086297862,6656.92,6637.97,0.03287671232876712,323.7611571682044,51.567136341691366,1.7010822743992549,-6.519563541465647,0.9987995364374618,3.0-4.0%,0.98-1.00,2025-09-23→2025-09-24
2025-09-23,2025-09-24,P,6660.0,0.03561643835616438,109.41577247024883,-0.03952072430453479,55.79777279220207,-0.47499303030431383,6656.92,6637.97,0.03287671232876712,334.5940497082401,63.394888808277756,1.5010822744290728,-6.75111792426666,0.9987995364374618,3.0-4.0%,0.98-1.00,2025-09-23→2025-09-24
2025-09-23,2025-09-24,C,6665.0,0.03561643835616438,118.35421687548688,0.9353893769366777,60.80240703284653,0.5133639094093908,6656.92,6637.97,0.03287671232876712,317.20641871921254,48.859197483955995,1.5756286929498806,-6.421753916692129,0.9995493859392918,3.0-4.0%,0.98-1.00,2025-09-23→2025-09-24
2025-09-23,2025-09-24,P,6665.0,0.03561643835616438,115.35451512260997,-0.06461062306201248,57.89771033114812,-0.48830731928550997,6656.92,6637.97,0.03287671232876712,333.0309050224673,65.78223894619668,1.3256286929748795,-6.703423700460322,0.9995493859392918,3.0-4.0%,0.98-1.00,2025-09-23→2025-09-24
2025-09-23,2025-09-24,C,6670.0,0.03561643835616438,115.09997992171202,0.9069109556697401,57.952343749104784,0.49986298725677925,6656.92,6637.97,0.03287671232876712,278.4080931056105,46.30328127205348,1.3859626099414122,-6.327596391484121,1.0002992354411218,3.0-4.0%,1.00-1.02,2025-09-23→2025-09-24
2025-09-23,2025-09-24,P,6670.0,0.03561643835616438,117.091966314552,-0.09308904432898851,59.94764707591639,-0.5018021516773207,6656.92,6637.97,0.03287671232876712,299.2241731720011,68.13103373863987,1.1359626099656832,-6.609150774285137,1.0002992354411218,3.0-4.0%,1.00-1.02,2025-09-23→2025-09-24
2025-09-23,2025-09-24,C,6675.0,0.03561643835616438,116.42780990828824,0.9507589613687913,55.20228052053062,0.48621826792880446,6656.92,6637.97,0.03287671232876712,312.75119017682914,43.85083803228417,2.4668823179384276,-6.33616382274924,1.0010490849429516,3.0-4.0%,1.00-1.02,2025-09-23→2025-09-24
2025-09-23,2025-09-24,P,6675.0,0.03561643835616438,123.41148444684565,-0.04924103862991695,62.197583847340866,-0.5154468710052956,6656.92,6637.97,0.03287671232876712,338.5588640063338,70.67859049887011,2.36688231796308,-6.467718205550261,1.0010490849429516,3.0-4.0%,1.00-1.02,2025-09-23→2025-09-24
2025-09-23,2025-09-24,C,6680.0,0.03561643835616438,118.65327366038115,0.9449982237610768,52.45221499594663,0.47240171311197976,6656.92,6637.97,0.03287671232876712,324.744965018619,41.40733445546584,2.7577163402722285,-6.197987536528075,1.0017989344447815,3.0-4.0%,1.00-1.02,2025-09-23→2025-09-24
2025-09-23,2025-09-24,P,6680.0,0.03561643835616438,130.62863634468607,-0.05500177623745861,64.44751832275688,-0.5292634258221203,6656.92,6637.97,0.03287671232876712,355.54423261130853,73.23508692205223,2.5577163403001637,-6.429541919329088,1.0017989344447815,3.0-4.0%,1.00-1.02,2025-09-23→2025-09-24
2025-09-23,2025-09-24,C,6685.0,0.03561643835616438,116.2058944165477,0.9175675674033598,49.8021495576163,0.45846519049418233,6656.92,6637.97,0.03287671232876712,299.1746254685749,39.066870471278435,2.5879054022935044,-6.1120846401353255,1.0025487839466114,3.0-4.0%,1.00-1.02,2025-09-23→2025-09-24
2025-09-23,2025-09-24,P,6685.0,0.03561643835616438,133.17294524656404,-0.08243243259526851,66.74745267615162,-0.543244194190838,6656.92,6637.97,0.03287671232876712,334.96548682447786,75.84798680287577,2.437905402319677,-6.2944774799162815,1.0025487839466114,3.0-4.0%,1.00-1.02,2025-09-23→2025-09-24
2025-09-23,2025-09-24,C,6690.0,0.03561643835616438,114.94445931969685,0.9157185425896182,47.25208497520407,0.4444450318723282,6656.92,6637.97,0.03287671232876712,302.96166406429364,36.828683567764074,2.9528663820730934,-5.977766646019466,1.0032986334484413,3.0-4.0%,1.00-1.02,2025-09-23→2025-09-24
2025-09-23,2025-09-24,P,6690.0,0.03561643835616438,136.9031982954193,-0.08428145740911262,69.19738802402935,-0.5572768710201889,6656.92,6637.97,0.03287671232876712,343.7441191833933,78.61007400803237,2.7528663820973254,-6.210396705832483,1.0032986334484413,3.0-4.0%,1.00-1.02,2025-09-23→2025-09-24
2025-09-23,2025-09-24,C,6695.0,0.03561643835616438,116.28810609123546,0.9536768654870339,44.752017631440594,0.430309134128734,6656.92,6637.97,0.03287671232876712,321.5954123378892,34.64588112880483,4.07217660097912,-5.8456419082605695,1.0040484829502714,3.0-4.0%,1.00-1.02,2025-09-23→2025-09-24
2025-09-23,2025-09-24,P,6695.0,0.03561643835616438,143.23853321267836,-0.0463231345117097,71.69732063177935,-0.5714256260172599,6656.92,6637.97,0.03287671232876712,367.3694612201107,81.42755639283769,3.8721766010031096,-6.078515613026971,1.0040484829502714,3.0-4.0%,1.00-1.02,2025-09-23→2025-09-24
2025-09-23,2025-09-24,C,6700.0,0.03561643835616438,117.23812805450322,0.9283770028639152,42.4019515790219,0.4162220230903004,6656.92,6637.97,0.03287671232876712,314.2948147819854,32.61006149910099,3.942744204271019,-5.762592662438889,1.0047983324521013,3.0-4.0%,1.00-1.02,2025-09-23→2025-09-24
2025-09-23,2025-09-24,P,6700.0,0.03561643835616438,149.1802433216619,-0.07162299713492655,74.29725413074766,-0.5856084089769269,6656.92,6637.97,0.03287671232876712,365.0604574273512,84.34624084850202,3.7927442042931463,-5.947279350112666,1.0047983324521013,3.0-4.0%,1.00-1.02,2025-09-23→2025-09-24
2025-09-23,2025-09-24,C,6705.0,0.03561643835616438,114.04634615876778,0.8999716388285753,40.00188432783898,0.40187885790850136,6656.92,6637.97,0.03287671232876712,275.6856604271123,30.53749457057711,3.854462555801341,-5.584395642633972,1.0055481819539311,3.0-4.0%,1.00-1.02,2025-09-23→2025-09-24
2025-09-23,2025-09-24,P,6705.0,0.03561643835616438,150.98014957168184,-0.10002836116999747,76.99718765464877,-0.5997862810255993,6656.92,6637.97,0.03287671232876712,331.4428968356882,87.36524703716441,3.604462555828566,-5.865950025434998,1.0055481819539311,3.0-4.0%,1.00-1.02,2025-09-23→2025-09-24
2025-09-23,2025-09-24,C,6710.0,0.03561643835616438,115.47432269080501,0.9447058508659536,37.75181757419159,0.3876362627716654,6656.92,6637.97,0.03287671232876712,310.0984180335448,28.61072245262676,5.102175873909651,-5.454292820477008,1.006298031455761,3.0-4.0%,1.00-1.02,2025-09-23→2025-09-24
2025-09-23,2025-09-24,P,6710.0,0.03561643835616438,157.39981424941539,-0.055294149132753635,79.64711987060718,-0.6142488539921274,6656.92,6637.97,0.03287671232876712,370.84724820531295,90.3481415558881,5.4021758739343175,-5.190015783150713,1.006298031455761,3.0-4.0%,1.00-1.02,2025-09-23→2025-09-24
