asof0,asof1,cp,K,T,price0_pde,delta0_pde,price0_bsm,delta0_bsm,S0,S1,T1,price1_pde,price1_bsm,pnl_pde,pnl_bsm,m,T_bucket,m_bucket,pair
2025-09-24,2025-09-25,C,6565.0,0.005479452054794521,139.36235687203663,0.6233270844987487,82.04999998492167,0.8888289393751133,6637.97,6604.72,0.010958904109589041,93.04374350792051,67.3182012576408,-4.124374440416599,4.703562234222524,0.9881839391886806,<1.0%,0.98-1.00,2025-09-24→2025-09-25
2025-09-24,2025-09-25,P,6565.0,0.005479452054794521,60.92769968833214,-0.3766729155010253,3.950000101257956,-0.11918609255261804,6637.97,6604.72,0.010958904109589041,48.27817480696119,17.57944636945308,-4.074374440409091,4.487062422625449,0.9881839391886806,<1.0%,0.98-1.00,2025-09-24→2025-09-25
2025-09-24,2025-09-25,C,6570.0,0.005479452054794521,152.3608906623722,0.6720708162672782,77.55000000073233,0.8752185822022046,6637.97,6604.72,0.010958904109589041,90.58286758428885,63.569569197925375,-1.8536453591129955,4.901017858223309,0.9889365545269813,<1.0%,0.98-1.00,2025-09-24→2025-09-25
2025-09-24,2025-09-25,P,6570.0,0.005479452054794521,78.92207151584572,-0.32792918373257235,4.4500000000000455,-0.13245750824534736,6637.97,6604.72,0.010958904109589041,50.81345610441905,18.781547248132483,-1.80364535910803,4.695787850842202,0.9889365545269813,<1.0%,0.98-1.00,2025-09-24→2025-09-25
2025-09-24,2025-09-25,C,6575.0,0.005479452054794521,156.5447699746444,0.7689210226834331,73.04999999528354,0.8613255657276344,6637.97,6604.72,0.010958904109589041,88.1610521702337,59.76009951766446,2.066624004224149,5.139075060443844,0.9896891698652819,<1.0%,0.98-1.00,2025-09-24→2025-09-25
2025-09-24,2025-09-25,P,6575.0,0.005479452054794521,88.10178886529866,-0.23107897731631571,4.949999740125236,-0.14605334497160172,6637.97,6604.72,0.010958904109589041,53.38779791145994,19.929743742593928,2.166624004232504,4.993726279694244,0.9896891698652819,<1.0%,0.98-1.00,2025-09-24→2025-09-25
2025-09-24,2025-09-25,C,6580.0,0.005479452054794521,135.95887990766093,0.6741470330349733,68.65000000098098,0.8454190368396717,6637.97,6604.72,0.010958904109589041,86.0158816259752,56.116728174108175,-0.33461115158713994,5.360182974919084,0.9904417852035825,<1.0%,0.98-1.00,2025-09-24→2025-09-25
2025-09-24,2025-09-25,P,6580.0,0.005479452054794521,72.51173683549102,-0.32585296696480454,5.550000000008595,-0.16161134292424376,6637.97,6604.72,0.010958904109589041,56.23878458829468,21.244452363433993,-0.2846111515797496,5.176422847768896,0.9904417852035825,<1.0%,0.98-1.00,2025-09-24→2025-09-25
2025-09-24,2025-09-25,C,6585.0,0.005479452054794521,114.66814869623562,0.4923116368678408,64.24999993951496,0.8291121811552972,6637.97,6604.72,0.010958904109589041,83.73629776443303,52.41173765555959,-5.530638074144292,5.667980023413634,0.991194400541883,<1.0%,0.98-1.00,2025-09-24→2025-09-25
2025-09-24,2025-09-25,P,6585.0,0.005479452054794521,56.21684366123927,-0.5076883631320702,6.149999997198847,-0.17760458103955123,6637.97,6604.72,0.010958904109589041,58.95535794785616,22.502976966796723,-5.430638074141333,5.544647680434922,0.991194400541883,<1.0%,0.98-1.00,2025-09-24→2025-09-25
2025-09-24,2025-09-25,C,6590.0,0.005479452054794521,149.37100166999306,0.7636761131283094,60.000000062720574,0.8101122090550246,6637.97,6604.72,0.010958904109589041,81.76213277943883,48.951525707291694,4.342230761516291,5.886230951079568,0.9919470158801836,<1.0%,0.98-1.00,2025-09-24→2025-09-25
2025-09-24,2025-09-25,P,6590.0,0.005479452054794521,95.91553467218351,-0.23632388687146086,6.850000007338167,-0.19554308899137118,6637.97,6604.72,0.010958904109589041,61.977350183952446,23.90842413090604,4.442230761523925,5.798192291036907,0.9919470158801836,<1.0%,0.98-1.00,2025-09-24→2025-09-25
2025-09-24,2025-09-25,C,6595.0,0.005479452054794521,133.5615053989706,0.714183377389455,55.80000000000382,0.7899631022459503,6637.97,6604.72,0.010958904109589041,79.98150792728354,45.517253407405406,3.5465972981993765,6.066273149677848,0.9926996312184843,<1.0%,0.98-1.00,2025-09-24→2025-09-25
2025-09-24,2025-09-25,P,6595.0,0.005479452054794521,85.10187643834111,-0.28581662261029483,7.649999999999864,-0.21535318944716622,6637.97,6604.72,0.010958904109589041,65.19288255288407,25.444621176191504,3.6965972982076973,6.039506450881724,0.9926996312184843,<1.0%,0.98-1.00,2025-09-24→2025-09-25
2025-09-24,2025-09-25,C,6600.0,0.005479452054794521,108.21899341188956,0.5503116644050458,51.69999999078209,0.7679872337751247,6637.97,6604.72,0.010958904109589041,78.00969189664191,42.19791039715665,-0.9521371585322278,6.285575523022896,0.9934522465567849,<1.0%,0.98-1.00,2025-09-24→2025-09-25
2025-09-24,2025-09-25,P,6600.0,0.005479452054794521,64.75520248843438,-0.4496883355947839,8.549999997624582,-0.23696674328204534,6637.97,6604.72,0.010958904109589041,68.21722374334371,27.09751788888252,-0.8021371585265662,6.270855785871991,0.9934522465567849,<1.0%,0.98-1.00,2025-09-24→2025-09-25
2025-09-24,2025-09-25,C,6605.0,0.005479452054794521,136.09880843605734,0.7031895880241588,47.70000012335095,0.7442452471389983,6637.97,6604.72,0.010958904109589041,76.30144550638221,38.98134271015715,5.081053801803275,6.446154467371688,0.9942048618950854,<1.0%,0.98-1.00,2025-09-24→2025-09-25
2025-09-24,2025-09-25,P,6605.0,0.005479452054794521,97.63085554978898,-0.296810411975635,9.550000046902596,-0.2603268097186513,6637.97,6604.72,0.010958904109589041,71.50513457418512,28.855109341314346,5.231053801810134,6.444133576854842,0.9942048618950854,<1.0%,0.98-1.00,2025-09-24→2025-09-25
2025-09-24,2025-09-25,C,6610.0,0.005479452054794521,131.7043853882047,0.7401788381446812,43.85000000008313,0.718295924713264,6637.97,6604.72,0.010958904109589041,74.81143274015282,35.94030010906636,7.310946368310649,6.583339496716025,0.994957477233386,<1.0%,0.98-1.00,2025-09-24→2025-09-25
2025-09-24,2025-09-25,P,6610.0,0.005479452054794521,98.23227053910996,-0.2598211618551255,10.600000000039472,-0.28492219134348756,6637.97,6604.72,0.010958904109589041,75.01127902905496,30.624713956602136,7.510946368317075,6.676337137829037,0.994957477233386,<1.0%,0.98-1.00,2025-09-24→2025-09-25
2025-09-24,2025-09-25,C,6615.0,0.005479452054794521,107.62362422557088,0.6198256547321185,40.34999973718277,0.6886924000670307,6637.97,6604.72,0.010958904109589041,73.35113341777588,33.374539309168085,4.05920301984294,6.3490223022287715,0.9957100925716866,<1.0%,0.98-1.00,2025-09-24→2025-09-25
2025-09-24,2025-09-25,P,6615.0,0.005479452054794521,79.14734741365422,-0.38017434526765714,11.849999737182316,-0.31214068595173355,6637.97,6604.72,0.010958904109589041,78.54713692777028,32.64535564030575,4.559203019850402,6.821322192104862,0.9957100925716866,<1.0%,0.98-1.00,2025-09-24→2025-09-25
2025-09-24,2025-09-25,C,6620.0,0.005479452054794521,106.07768415924636,0.5490662380822363,36.69999999913671,0.6599105502084385,6637.97,6604.72,0.010958904109589041,71.79745246303803,30.468008680380535,2.806452416234354,6.492025794430578,0.9964627079099873,<1.0%,0.98-1.00,2025-09-24→2025-09-25
2025-09-24,2025-09-25,P,6620.0,0.005479452054794521,82.59724538451209,-0.4509337619175426,13.199999999136708,-0.34092253581032506,6637.97,6604.72,0.010958904109589041,81.98961319412498,34.73882501151775,3.256452416241709,6.914325684306691,0.9964627079099873,<1.0%,0.98-1.00,2025-09-24→2025-09-25
2025-09-24,2025-09-25,C,6625.0,0.005479452054794521,128.74459289068477,0.746327040072465,33.15000011994562,0.6295436048582773,6637.97,6604.72,0.010958904109589041,70.48036441501947,27.628986034470927,10.465374082409461,6.582324861537725,0.9972153232482878,<1.0%,0.98-1.00,2025-09-24→2025-09-25
2025-09-24,2025-09-25,P,6625.0,0.005479452054794521,110.25999215312939,-0.25367295992732886,14.70000011481261,-0.3715703097791038,6637.97,6604.72,0.010958904109589041,85.66868236720637,36.973688857971865,10.915374082416314,6.995287199844796,0.9972153232482878,<1.0%,0.98-1.00,2025-09-24→2025-09-25
2025-09-24,2025-09-25,C,6630.0,0.005479452054794521,108.95193839297619,0.6741656604344977,29.85000000030368,0.5969050728349015,6637.97,6604.72,0.010958904109589041,69.65149071166137,25.067418667932998,9.166008209447046,6.597093671760472,0.9979679385865884,<1.0%,0.98-1.00,2025-09-24→2025-09-25
2025-09-24,2025-09-25,P,6630.0,0.005479452054794521,95.46317569259482,-0.32583433956532937,16.300000000316686,-0.4037183159090029,6637.97,6604.72,0.010958904109589041,89.83596588494174,39.266774537595666,9.716008209452799,7.126365996025653,0.9979679385865884,<1.0%,0.98-1.00,2025-09-24→2025-09-25
2025-09-24,2025-09-25,C,6635.0,0.005479452054794521,80.66222451356376,0.48499094223405653,26.650000000000546,0.5629784187302095,6637.97,6604.72,0.010958904109589041,68.33330030876954,22.55189984428125,4.025948829282381,6.619032422779469,0.998720553924889,<1.0%,0.98-1.00,2025-09-24→2025-09-25
2025-09-24,2025-09-25,P,6635.0,0.005479452054794521,72.16929985036353,-0.5150090577657876,18.149999999999636,-0.43785466728855704,6637.97,6604.72,0.010958904109589041,93.5139327031451,41.82271617541892,4.475948829287564,7.041332312655479,0.998720553924889,<1.0%,0.98-1.00,2025-09-24→2025-09-25
2025-09-24,2025-09-25,C,6640.0,0.005479452054794521,121.88187664967906,0.7075157950382432,23.59999999974889,0.5276057883516625,6637.97,6604.72,0.010958904109589041,67.26257930562396,20.148245531198427,12.574900185021585,6.592892462692776,0.9994731692631896,<1.0%,0.98-1.00,2025-09-24→2025-09-25
2025-09-24,2025-09-25,P,6640.0,0.005479452054794521,118.38479002365956,-0.29248420496152383,20.09999999974889,-0.4732272976671052,6637.97,6604.72,0.010958904109589041,97.4393689211003,44.41906186233609,13.124900185029334,7.115192352568753,0.9994731692631896,<1.0%,0.98-1.00,2025-09-24→2025-09-25
2025-09-24,2025-09-25,C,6645.0,0.005479452054794521,114.0869643140536,0.7098918142578406,20.799999784438114,0.4909483164864796,6637.97,6604.72,0.010958904109589041,66.62857602976793,17.980890009072027,13.703902824073202,6.4240315231754455,1.0002257846014901,<1.0%,1.00-1.02,2025-09-24→2025-09-25
2025-09-24,2025-09-25,P,6645.0,0.005479452054794521,115.58571572521284,-0.2901081857419693,22.29999978443766,-0.5098847695322882,6637.97,6604.72,0.010958904109589041,101.80152286633653,47.25170634021106,14.153902824079521,6.846331413051416,1.0002257846014901,<1.0%,1.00-1.02,2025-09-24→2025-09-25
2025-09-24,2025-09-25,C,6650.0,0.005479452054794521,88.36836971837496,0.5744533752381742,18.199999888367984,0.4535017249759255,6637.97,6604.72,0.010958904109589041,65.72732685951212,15.971187798546907,10.300574726669295,6.278932355449523,1.0009783999397908,<1.0%,1.00-1.02,2025-09-24→2025-09-25
2025-09-24,2025-09-25,P,6650.0,0.005479452054794521,94.86295916670984,-0.4255466247616592,24.64999988606678,-0.5474496413937978,6637.97,6604.72,0.010958904109589041,105.89643091717627,50.17792153628761,10.750574726674829,6.697299423656222,1.0009783999397908,<1.0%,1.00-1.02,2025-09-24→2025-09-25
2025-09-24,2025-09-25,C,6655.0,0.005479452054794521,99.95251887712053,0.571346609678564,15.700000000048476,0.41521207246671005,6637.97,6604.72,0.010958904109589041,64.69392666830984,13.986325938957862,11.297274771812255,6.10580140951811,1.0017310152780914,<1.0%,1.00-1.02,2025-09-24→2025-09-25
2025-09-24,2025-09-25,P,6655.0,0.005479452054794521,111.4429463626391,-0.42865339032125654,27.200000000048476,-0.5856210135520582,6637.97,6604.72,0.010958904109589041,109.85918794706686,53.257142270096665,11.697274771818218,6.478101299394066,1.0017310152780914,<1.0%,1.00-1.02,2025-09-24→2025-09-25
2025-09-24,2025-09-25,C,6660.0,0.005479452054794521,118.44286586115797,0.7219809899913063,13.450000075159096,0.3768017926057504,6637.97,6604.72,0.010958904109589041,63.85365991500183,12.212714981587396,17.355867917210936,5.878659604141203,1.002483630616392,<1.0%,1.00-1.02,2025-09-24→2025-09-25
2025-09-24,2025-09-25,P,6660.0,0.005479452054794521,134.9291313838505,-0.2780190100084982,29.95000007515864,-0.6240312934130189,6637.97,6604.72,0.010958904109589041,114.01507841486281,56.48353131272597,17.85586791721743,6.350959494017118,1.002483630616392,<1.0%,1.00-1.02,2025-09-24→2025-09-25
2025-09-24,2025-09-25,C,6665.0,0.005479452054794521,98.6777509567838,0.6403962962275928,11.399999997534906,0.3385381561389261,6637.97,6604.72,0.010958904109589041,63.69274300708172,10.582302237858812,15.69317684956746,5.656393691619295,1.0032362459546926,<1.0%,1.00-1.02,2025-09-24→2025-09-25
2025-09-24,2025-09-25,P,6665.0,0.005479452054794521,120.15985451666123,-0.35960370377224177,32.899999997534906,-0.6622949298798453,6637.97,6604.72,0.010958904109589041,118.85031872804352,59.85311856899716,16.043176849572955,5.978693581495136,1.0032362459546926,<1.0%,1.00-1.02,2025-09-24→2025-09-25
2025-09-24,2025-09-25,C,6670.0,0.005479452054794521,70.78320766244119,0.44500561205988226,9.55000000000041,0.3008331060810784,6637.97,6604.72,0.010958904109589041,62.77454059854267,9.092893140231126,9.996436600991084,5.202700777195856,1.0039888612929933,<1.0%,1.00-1.02,2025-09-24→2025-09-25
2025-09-24,2025-09-25,P,6670.0,0.005479452054794521,97.26114925949483,-0.554994387939918,36.400000000000546,-0.6963739624800511,6637.97,6604.72,0.010958904109589041,122.92827354059804,63.78872841788052,10.096436600997734,5.395565747538303,1.0039888612929933,<1.0%,1.00-1.02,2025-09-24→2025-09-25
2025-09-24,2025-09-25,C,6675.0,0.005479452054794521,116.21354475693511,0.6930622839134206,7.950000026170073,0.26478010753428854,6637.97,6604.72,0.010958904109589041,62.03630302546292,7.804412887631543,19.044320940121235,4.803938575515095,1.0047414766312937,<1.0%,1.00-1.02,2025-09-24→2025-09-25
2025-09-24,2025-09-25,P,6675.0,0.005479452054794521,147.68732439117235,-0.30693771608633463,39.80000000817472,-0.7316529928387068,6637.97,6604.72,0.010958904109589041,127.18619318860205,67.49927555410159,19.144320940129383,5.022537988113008,1.0047414766312937,<1.0%,1.00-1.02,2025-09-24→2025-09-25
2025-09-24,2025-09-25,C,6565.0,0.0136986301369863,219.85378757716788,0.6393505661153351,86.89991687948441,0.829328758747146,6637.97,6604.72,0.010958904109589041,93.04374350792051,57.32544732394945,-8.44159367666511,-2.1248187716573987,0.9880947154679439,1.0-2.0%,0.98-1.00,2025-09-24→2025-09-25
2025-09-24,2025-09-25,P,6565.0,0.0136986301369863,140.8268660118988,-0.360649433884585,7.950017318775963,-0.1732465941436665,6637.97,6604.72,0.010958904109589041,48.27817480696119,12.900907885225479,-7.541593676662449,-1.31044925527691,0.9880947154679439,1.0-2.0%,0.98-1.00,2025-09-24→2025-09-25
2025-09-24,2025-09-25,C,6570.0,0.0136986301369863,244.97917431677504,0.6781039105639163,82.39991808316154,0.8180100090826277,6637.97,6604.72,0.010958904109589041,90.58286758428885,53.295899083121185,-6.5030449737497875,-1.851167198002635,0.9888472628521541,1.0-2.0%,0.98-1.00,2025-09-24→2025-09-25
2025-09-24,2025-09-25,P,6570.0,0.0136986301369863,170.94763971147603,-0.3218960894361045,8.650019066516734,-0.18662496966891523,6637.97,6604.72,0.010958904109589041,50.81345610441905,14.099878152406973,-5.803044973750474,-1.305280241491431,0.9888472628521541,1.0-2.0%,0.98-1.00,2025-09-24→2025-09-25
2025-09-24,2025-09-25,C,6575.0,0.0136986301369863,254.30765952849072,0.7432448759113659,78.19991957507955,0.8031417854319504,6637.97,6604.72,0.010958904109589041,88.1610521702337,49.64565931796369,-3.9371078759470883,-1.9455356343876566,0.9895998102363642,1.0-2.0%,0.98-1.00,2025-09-24→2025-09-25
2025-09-24,2025-09-25,P,6575.0,0.0136986301369863,185.27151188314042,-0.25675512408869555,9.400020108934996,-0.200798950766241,6637.97,6604.72,0.010958904109589041,53.38779791145994,15.38726632492353,-3.137107875949127,-1.2765651129775124,0.9895998102363642,1.0-2.0%,0.98-1.00,2025-09-24→2025-09-25
2025-09-24,2025-09-25,C,6580.0,0.0136986301369863,224.44870937211363,0.6780513226284378,73.99992108808783,0.788004686174714,6637.97,6604.72,0.010958904109589041,86.0158816259752,46.02798674629503,-5.554793522604438,-1.8988441846907556,0.9903523576205744,1.0-2.0%,0.98-1.00,2025-09-24→2025-09-25
2025-09-24,2025-09-25,P,6580.0,0.0136986301369863,160.40794868673848,-0.3219486773715787,10.200021608065754,-0.21577572805044382,6637.97,6604.72,0.010958904109589041,56.23878458829468,16.76461027354344,-4.804793522604989,-1.2745429576772551,0.9903523576205744,1.0-2.0%,0.98-1.00,2025-09-24→2025-09-25
2025-09-24,2025-09-25,C,6585.0,0.0136986301369863,188.44368079854448,0.5328003262859344,69.89992268874994,0.7715945750382611,6637.97,6604.72,0.010958904109589041,83.73629776443303,42.55750048393111,-9.834389150992685,-1.8944803799778214,0.9911049050047845,1.0-2.0%,0.98-1.00,2025-09-24→2025-09-25
2025-09-24,2025-09-25,P,6585.0,0.0136986301369863,129.3983070731328,-0.46719967371410337,11.10002322175501,-0.23201083897652605,6637.97,6604.72,0.010958904109589041,58.95535794785616,18.28848507388102,-9.034389150993935,-1.2143603959694893,0.9911049050047845,1.0-2.0%,0.98-1.00,2025-09-24→2025-09-25
2025-09-24,2025-09-25,C,6590.0,0.0136986301369863,250.0159169444285,0.737471795531897,66.1999242943748,0.7514866421082607,6637.97,6604.72,0.010958904109589041,81.76213277943883,39.55677856849661,-2.7290627985644242,-2.263069149900332,0.9918574523889947,1.0-2.0%,0.98-1.00,2025-09-24→2025-09-25
2025-09-24,2025-09-25,P,6590.0,0.0136986301369863,195.96593017898405,-0.26252820446811087,12.05002457053456,-0.24902509895015454,6637.97,6604.72,0.010958904109589041,61.977350183952446,19.904025768181782,-1.6290627985646893,-1.1800845400926399,0.9918574523889947,1.0-2.0%,0.98-1.00,2025-09-24→2025-09-25
2025-09-24,2025-09-25,C,6595.0,0.0136986301369863,228.80668333394632,0.7054684408737387,61.89992630860161,0.736012887919526,6637.97,6604.72,0.010958904109589041,79.98150792728354,35.947520024709775,-2.843174340948199,-1.8275714766757716,0.992609999773205,1.0-2.0%,0.98-1.00,2025-09-24→2025-09-25
2025-09-24,2025-09-25,P,6595.0,0.0136986301369863,179.75208352846056,-0.2945315591263163,13.050026730314812,-0.26684410513262935,6637.97,6604.72,0.010958904109589041,65.19288255288407,21.61320698097734,-1.9931743409500164,-1.0725664956599257,0.992609999773205,1.0-2.0%,0.98-1.00,2025-09-24→2025-09-25
2025-09-24,2025-09-25,C,6600.0,0.0136986301369863,188.44262799350346,0.5816678568051099,58.04992825012869,0.716485816692876,6637.97,6604.72,0.010958904109589041,78.00969189664191,32.86185688087289,-6.259543761230091,-1.7768465949618673,0.9933625471574151,1.0-2.0%,0.98-1.00,2025-09-24→2025-09-25
2025-09-24,2025-09-25,P,6600.0,0.0136986301369863,144.38341514798935,-0.4183321431949237,14.20002866094319,-0.28620469705906226,6637.97,6604.72,0.010958904109589041,68.21722374334371,23.521681479241124,-5.4095437612312125,-1.0163061772138207,0.9933625471574151,1.0-2.0%,0.98-1.00,2025-09-24→2025-09-25
2025-09-24,2025-09-25,C,6605.0,0.0136986301369863,236.40774969030116,0.6964444329731058,54.44993090840762,0.6949217019548471,6637.97,6604.72,0.010958904109589041,76.30144550638221,30.072279811101453,-1.8932226036442366,-1.943853410001335,0.9941150945416253,1.0-2.0%,0.98-1.00,2025-09-24→2025-09-25
2025-09-24,2025-09-25,P,6605.0,0.0136986301369863,197.34392380472912,-0.3035555670270691,15.400031221457539,-0.30631919401874186,6637.97,6604.72,0.010958904109589041,71.50513457418512,25.523851058576383,-0.8432226036500499,-0.9351132011231691,0.9941150945416253,1.0-2.0%,0.98-1.00,2025-09-24→2025-09-25
2025-09-24,2025-09-25,C,6610.0,0.0136986301369863,232.19644321437644,0.7209438384461078,50.749932520594484,0.6736855276535348,6637.97,6604.72,0.010958904109589041,74.81143274015282,27.221150434149422,-0.22861737166691753,-1.7999562055199654,0.9948676419258354,1.0-2.0%,0.98-1.00,2025-09-24→2025-09-25
2025-09-24,2025-09-25,P,6610.0,0.0136986301369863,198.12800428877833,-0.27905616155396856,16.700032783610368,-0.3275203856893989,6637.97,6604.72,0.010958904109589041,75.01127902905496,27.671430470785708,0.7713826283305458,-0.8400528241725134,0.9948676419258354,1.0-2.0%,0.98-1.00,2025-09-24→2025-09-25
2025-09-24,2025-09-25,C,6615.0,0.0136986301369863,196.9660752281244,0.6368354096054846,47.09993474242128,0.6516527166717736,6637.97,6604.72,0.010958904109589041,73.35113341777588,24.46652558000733,-2.125222630617639,-1.6325471706635284,0.9956201893100456,1.0-2.0%,0.98-1.00,2025-09-24→2025-09-25
2025-09-24,2025-09-25,P,6615.0,0.0136986301369863,167.89302326250063,-0.36316459039455323,18.10003502564814,-0.34976336749203063,6637.97,6604.72,0.010958904109589041,78.54713692777028,29.963271599758627,-1.1252226306188948,-0.6796319691100194,0.9956201893100456,1.0-2.0%,0.98-1.00,2025-09-24→2025-09-25
2025-09-24,2025-09-25,C,6620.0,0.0136986301369863,196.22236636431825,0.5853950054539967,43.64993720127859,0.6281222782335738,6637.97,6604.72,0.010958904109589041,71.79745246303803,21.950733526016847,-2.935616068654607,-1.5149342487336703,0.9963727366942557,1.0-2.0%,0.98-1.00,2025-09-24→2025-09-25
2025-09-24,2025-09-25,P,6620.0,0.0136986301369863,172.1447013586675,-0.4146049945459705,19.600037452615652,-0.37300886544666967,6637.97,6604.72,0.010958904109589041,81.98961319412498,32.39821052321258,-1.9356160686535215,-0.5525447761017688,0.9963727366942557,1.0-2.0%,0.98-1.00,2025-09-24→2025-09-25
2025-09-24,2025-09-25,C,6625.0,0.0136986301369863,232.4434373982814,0.7228992667963824,40.2499395291552,0.6038669868428143,6637.97,6604.72,0.010958904109589041,70.48036441501947,19.52913237023995,2.586400620979717,-1.371422687476425,0.9971252840784659,1.0-2.0%,0.98-1.00,2025-09-24→2025-09-25
2025-09-24,2025-09-25,P,6625.0,0.0136986301369863,213.36115935259303,-0.2771007332036405,21.200039779800136,-0.39722429377188556,6637.97,6604.72,0.010958904109589041,85.66868236720637,34.97510075481159,3.636400620978952,-0.35770776791519765,0.9971252840784659,1.0-2.0%,0.98-1.00,2025-09-24→2025-09-25
2025-09-24,2025-09-25,C,6630.0,0.0136986301369863,205.72411927477057,0.6755273967068807,37.04994207689515,0.5784129304972384,6637.97,6604.72,0.010958904109589041,69.65149071166137,17.33504296126648,2.011285940503786,-1.2177700609668172,0.9978778314626761,1.0-2.0%,0.98-1.00,2025-09-24→2025-09-25
2025-09-24,2025-09-25,P,6630.0,0.0136986301369863,191.6372281890579,-0.32447260329310157,22.95004231077428,-0.422510529501243,6637.97,6604.72,0.010958904109589041,89.83596588494174,37.736137606961165,3.1112859405043753,-0.14847510591632762,0.9978778314626761,1.0-2.0%,0.98-1.00,2025-09-24→2025-09-25
2025-09-24,2025-09-25,C,6635.0,0.0136986301369863,160.858311322616,0.5304900625109337,33.949944544337086,0.5522033383702634,6637.97,6604.72,0.010958904109589041,68.33330030876954,15.274269878439554,-1.761205421511459,-1.039238999188747,0.9986303788468862,1.0-2.0%,0.98-1.00,2025-09-24→2025-09-25
2025-09-24,2025-09-25,P,6635.0,0.0136986301369863,151.76680719687036,-0.4695099374890057,24.800044767644522,-0.44863864219616345,6637.97,6604.72,0.010958904109589041,93.5139327031451,40.6336988441999,-0.6612054215094414,0.03276514697756383,0.9986303788468862,1.0-2.0%,0.98-1.00,2025-09-24→2025-09-25
2025-09-24,2025-09-25,C,6640.0,0.0136986301369863,225.3840871769641,0.6967823126402299,30.949947400092697,0.5252554020990338,6637.97,6604.72,0.010958904109589041,67.26257930562396,13.345464885593174,4.868011895287648,-0.8352578802071235,0.9993829262310964,1.0-2.0%,0.98-1.00,2025-09-24→2025-09-25
2025-09-24,2025-09-25,P,6640.0,0.0136986301369863,221.2879700111562,-0.3032176873598421,26.800047630414156,-0.47563254344311684,6637.97,6604.72,0.010958904109589041,97.4393689211003,43.70658410032593,6.068011895285252,0.33521793051636806,0.9993829262310964,1.0-2.0%,0.98-1.00,2025-09-24→2025-09-25
2025-09-24,2025-09-25,C,6645.0,0.0136986301369863,215.19271607879114,0.6990090514928667,28.049950171944147,0.497576668092507,6637.97,6604.72,0.010958904109589041,66.62857602976793,11.547354362196984,6.092050962137822,-0.6055757859241417,1.0001354736153065,1.0-2.0%,1.00-1.02,2025-09-24→2025-09-25
2025-09-24,2025-09-25,P,6645.0,0.0136986301369863,216.09198587293892,-0.300990948507276,28.950050405823276,-0.5033467919059745,6637.97,6604.72,0.010958904109589041,101.80152286633653,46.94844900789121,7.1420509621330766,0.4137191691263489,1.0001354736153065,1.0-2.0%,1.00-1.02,2025-09-24→2025-09-25
2025-09-24,2025-09-25,C,6650.0,0.0136986301369863,177.2733130714011,0.6025355107539887,25.299953007860495,0.46922645609389185,6637.97,6604.72,0.010958904109589041,65.72732685951212,9.915175732225862,4.134305732570125,-0.2982203348780956,1.0008880209995168,1.0-2.0%,1.00-1.02,2025-09-24→2025-09-25
2025-09-24,2025-09-25,P,6650.0,0.0136986301369863,183.16796982553288,-0.3974644892460513,31.250053235480664,-0.5316340191534106,6637.97,6604.72,0.010958904109589041,105.89643091717627,50.35271411151098,5.08430573256879,0.6231688631490968,1.0008880209995168,1.0-2.0%,1.00-1.02,2025-09-24→2025-09-25
2025-09-24,2025-09-25,C,6655.0,0.0136986301369863,195.48756980044635,0.6029931998933452,22.799956064905018,0.4405788423306944,6637.97,6604.72,0.010958904109589041,64.69392666830984,8.511489399107177,5.249523896453727,-0.15075349250441228,1.0016405683837268,1.0-2.0%,1.00-1.02,2025-09-24→2025-09-25
2025-09-24,2025-09-25,P,6655.0,0.0136986301369863,206.37761351453912,-0.3970068001066969,33.600056277936346,-0.5605760227018756,6637.97,6604.72,0.010958904109589041,109.85918794706686,53.84333804261951,6.349523896452332,0.9108472451626426,1.0016405683837268,1.0-2.0%,1.00-1.02,2025-09-24→2025-09-25
2025-09-24,2025-09-25,C,6660.0,0.0136986301369863,221.33426808555038,0.7061984020647146,20.34995879921007,0.41142725289425436,6637.97,6604.72,0.010958904109589041,63.85365991500183,7.187148296310852,9.93109686865176,0.1299561587339575,1.002393115767937,1.0-2.0%,1.00-1.02,2025-09-24→2025-09-25
2025-09-24,2025-09-25,P,6660.0,0.0136986301369863,237.2196987596142,-0.2938015979353125,36.25005903308829,-0.5894962071042267,6637.97,6604.72,0.010958904109589041,114.01507841486281,57.58824294200622,11.031096868650856,1.1992511137844595,1.002393115767937,1.0-2.0%,1.00-1.02,2025-09-24→2025-09-25
2025-09-24,2025-09-25,C,6665.0,0.0136986301369863,193.57347721486306,0.6516873113558852,18.09996175688775,0.38227486911768804,6637.97,6604.72,0.010958904109589041,63.69274300708172,6.038852393007801,9.368603102583183,0.4106393981631271,1.0031456631521471,1.0-2.0%,1.00-1.02,2025-09-24→2025-09-25
2025-09-24,2025-09-25,P,6665.0,0.0136986301369863,214.4542948489021,-0.348312688644157,38.95006201504202,-0.6188767328112597,6637.97,6604.72,0.010958904109589041,118.85031872804352,61.40902008399098,10.368603102581776,1.372348634025613,1.0031456631521471,1.0-2.0%,1.00-1.02,2025-09-24→2025-09-25
2025-09-24,2025-09-25,C,6670.0,0.0136986301369863,148.45886452550374,0.49864033899374266,15.99996463304069,0.3531686376179074,6637.97,6604.72,0.010958904109589041,62.77454059854267,5.024532411136079,5.329791271541943,0.49285720079542017,1.0038982105363574,1.0-2.0%,1.00-1.02,2025-09-24→2025-09-25
2025-09-24,2025-09-25,P,6670.0,0.0136986301369863,174.33506911951253,-0.5013596610062245,41.85006489574607,-0.6480427643186274,6637.97,6604.72,0.010958904109589041,122.92827354059804,65.39655696390582,6.429791271543035,1.5525780864056422,1.0038982105363574,1.0-2.0%,1.00-1.02,2025-09-24→2025-09-25
2025-09-24,2025-09-25,C,6675.0,0.0136986301369863,218.34693721747917,0.6870427525468428,14.049967472665685,0.32427883637101035,6637.97,6604.72,0.010958904109589041,62.03630302546292,4.136536779696826,12.74417152218252,0.6822713093360928,1.0046507579205675,1.0-2.0%,1.00-1.02,2025-09-24→2025-09-25
2025-09-24,2025-09-25,P,6675.0,0.0136986301369863,249.2185287714299,-0.31295724745319936,45.150067579778806,-0.6752572386679153,6637.97,6604.72,0.010958904109589041,127.18619318860205,69.64703281202128,13.594171522181128,1.5476968142918217,1.0046507579205675,1.0-2.0%,1.00-1.02,2025-09-24→2025-09-25
2025-09-24,2025-09-25,C,6565.0,0.01643835616438356,241.07453698896674,0.6475194099231477,90.97431233233328,0.7895530995014265,6637.97,6604.72,0.0136986301369863,102.92640283393862,62.712821758738755,-6.2699796200553415,-1.5473594415775729,0.9881198609628172,1.0-2.0%,0.98-1.00,2025-09-24→2025-09-25
2025-09-24,2025-09-25,P,6565.0,0.01643835616438356,162.21453046420763,-0.3524805900772348,12.093478291921656,-0.21173858199367457,6637.97,6604.72,0.0136986301369863,58.40883233502672,18.10595813117061,-5.219979620068056,-0.5403078512896773,0.9881198609628172,1.0-2.0%,0.98-1.00,2025-09-24→2025-09-25
2025-09-24,2025-09-25,C,6570.0,0.01643835616438356,265.9319346474211,0.6836020107080245,86.87390113073707,0.7762070230082044,6637.97,6604.72,0.0136986301369863,100.62861600375008,59.092297611556205,-4.5702331439581805,-1.4911164849772014,0.988872427498204,1.0-2.0%,0.98-1.00,2025-09-24→2025-09-25
2025-09-24,2025-09-25,P,6570.0,0.01643835616438356,192.0674422075543,-0.3163979892924094,12.94307921292966,-0.22469096567173905,6637.97,6604.72,0.0136986301369863,61.107391604984976,19.430197510788275,-3.5702331439726134,-0.5209746085853242,0.988872427498204,1.0-2.0%,0.98-1.00,2025-09-24→2025-09-25
2025-09-24,2025-09-25,C,6575.0,0.01643835616438356,275.9846757888222,0.7430416703222225,82.82347248762653,0.7622842733612801,6637.97,6604.72,0.0136986301369863,98.36905026096784,55.549221749090975,-2.093864461786115,-1.4540479107374473,0.9896249940335907,1.0-2.0%,0.98-1.00,2025-09-24→2025-09-25
2025-09-24,2025-09-25,P,6575.0,0.01643835616438356,207.11569743384507,-0.2569583296782757,13.892650569819125,-0.2386137153186689,6637.97,6604.72,0.0136986301369863,63.844171962357294,20.8871216483235,-1.0438644618026682,-0.4339060343457426,0.9896249940335907,1.0-2.0%,0.98-1.00,2025-09-24→2025-09-25
2025-09-24,2025-09-25,C,6580.0,0.01643835616438356,246.6033449649873,0.683258391790693,78.77303649390342,0.7481172677781657,6637.97,6604.72,0.0136986301369863,96.47840377099713,52.030874207179295,-3.5316584729594567,-1.375100846375993,0.9903775605689775,1.0-2.0%,0.98-1.00,2025-09-24→2025-09-25
2025-09-24,2025-09-25,P,6580.0,0.01643835616438356,182.7298806949491,-0.3167416082096617,14.892204262920586,-0.25311480298838107,6637.97,6604.72,0.0136986301369863,66.94987157254991,22.42221852117973,-2.5316584729712535,-0.4160671993636722,0.9903775605689775,1.0-2.0%,0.98-1.00,2025-09-24→2025-09-25
2025-09-24,2025-09-25,C,6585.0,0.01643835616438356,209.50271234128337,0.5474317128328332,74.87256131188951,0.7326988868911056,6637.97,6604.72,0.0136986301369863,94.32807100389402,48.69839738283781,-7.54789554830829,-1.3877620108707305,0.9911301271043643,1.0-2.0%,0.98-1.00,2025-09-24→2025-09-25
2025-09-24,2025-09-25,P,6585.0,0.01643835616438356,150.62476215616994,-0.45256828716741015,15.891749032596863,-0.26788606889829264,6637.97,6604.72,0.0136986301369863,69.79588490558915,23.983529886994347,-6.447895548316389,-0.30721179086823014,0.9911301271043643,1.0-2.0%,0.98-1.00,2025-09-24→2025-09-25
2025-09-24,2025-09-25,C,6590.0,0.01643835616438356,271.64440753610364,0.7373631838059704,70.92208749279598,0.7173145086554787,6637.97,6604.72,0.0136986301369863,92.49939599739557,45.34031400558797,-0.5326741384514868,-1.1992925872053348,0.991882693639751,1.0-2.0%,0.98-1.00,2025-09-24→2025-09-25
2025-09-24,2025-09-25,P,6590.0,0.01643835616438356,217.76197143583514,-0.2626368161945084,17.041256598436576,-0.28387503787359086,6637.97,6604.72,0.0136986301369863,72.96355599924094,25.730268093078394,0.4673258615325988,-0.23884500929689345,0.991882693639751,1.0-2.0%,0.98-1.00,2025-09-24→2025-09-25
2025-09-24,2025-09-25,C,6595.0,0.01643835616438356,251.40541332986456,0.7081566849247264,67.17156885104305,0.7004742446806824,6637.97,6604.72,0.0136986301369863,90.9353208426794,42.218539228021655,-0.8537902262528547,-1.1092313643673144,0.9926352601751378,1.0-2.0%,0.98-1.00,2025-09-24→2025-09-25
2025-09-24,2025-09-25,P,6595.0,0.01643835616438356,202.5184913145117,-0.29184331507574396,18.19075520768297,-0.30015498046328126,6637.97,6604.72,0.0136986301369863,76.39582694468608,27.505155272617685,0.1462097737315151,-0.130153100404101,0.9926352601751378,1.0-2.0%,0.98-1.00,2025-09-24→2025-09-25
2025-09-24,2025-09-25,C,6600.0,0.01643835616438356,210.92213015217587,0.5934555631067447,63.471033838151925,0.6831055685766843,6637.97,6604.72,0.0136986301369863,89.09372815841999,39.17565102547178,-4.11760252670074,-1.1367398448252501,0.9933878267105246,1.0-2.0%,0.98-1.00,2025-09-24→2025-09-25
2025-09-24,2025-09-25,P,6600.0,0.01643835616438356,167.03072222174154,-0.4065444368936228,19.490219452228757,-0.3175476114479672,6637.97,6604.72,0.0136986301369863,79.5505803605827,29.463088773912204,-3.017602526712958,-0.05845808064491109,0.9933878267105246,1.0-2.0%,0.98-1.00,2025-09-24→2025-09-25
2025-09-24,2025-09-25,C,6605.0,0.01643835616438356,258.0042264438078,0.6996135917284527,59.82048216880685,0.6651896084344654,6637.97,6604.72,0.0136986301369863,87.49185750901812,36.21273167549907,0.1121519249710552,-1.0324455195540239,0.9941403932459113,1.0-2.0%,0.98-1.00,2025-09-24→2025-09-25
2025-09-24,2025-09-25,P,6605.0,0.01643835616438356,219.10833259824355,-0.3003864082720711,20.88966025099944,-0.3357083802454761,6637.97,6604.72,0.0136986301369863,82.94505581132869,31.550631574730687,1.1621519249536352,-0.012303643162082878,0.9941403932459113,1.0-2.0%,0.98-1.00,2025-09-24→2025-09-25
2025-09-24,2025-09-25,C,6610.0,0.01643835616438356,254.7424240715228,0.7218947690952641,56.26990681706593,0.646507564061731,6637.97,6604.72,0.0136986301369863,86.15055886197064,33.379714397391126,1.5530010724175263,-0.9536234949474469,0.9948929597812981,1.0-2.0%,0.98-1.00,2025-09-24→2025-09-25
2025-09-24,2025-09-25,P,6610.0,0.01643835616438356,220.84204431086522,-0.2781052309052062,22.339084899258523,-0.3543904246182134,6637.97,6604.72,0.0136986301369863,86.60010326444326,33.717614296623196,2.653001072401892,0.11651838144440241,0.9948929597812981,1.0-2.0%,0.98-1.00,2025-09-24→2025-09-25
2025-09-24,2025-09-25,C,6615.0,0.01643835616438356,220.36934196070237,0.644751794301175,52.81930945531167,0.6271078431868017,6637.97,6604.72,0.0136986301369863,84.84444201232793,30.675178835324914,-0.26200283948592684,-0.8486642140388412,0.9956455263166849,1.0-2.0%,0.98-1.00,2025-09-24→2025-09-25
2025-09-24,2025-09-25,P,6615.0,0.01643835616438356,191.46447628496585,-0.3552482056991925,23.88848753750426,-0.3737901454931396,6637.97,6604.72,0.0136986301369863,90.29033251495477,36.01307873455744,0.7879971605018508,0.17147766235311046,0.9956455263166849,1.0-2.0%,0.98-1.00,2025-09-24→2025-09-25
2025-09-24,2025-09-25,C,6620.0,0.01643835616438356,218.56184763323378,0.5969166816991502,49.4686912742809,0.6070376705524967,6637.97,6604.72,0.0136986301369863,83.3547689405595,28.097633477647378,-1.1025203335032572,-0.7659974541294865,0.9963980928520716,1.0-2.0%,0.98-1.00,2025-09-24→2025-09-25
2025-09-24,2025-09-25,P,6620.0,0.01643835616438356,194.65249604239912,-0.4030833183011595,25.537869356472584,-0.39386031812744676,6637.97,6604.72,0.0136986301369863,93.79700554334272,38.43553337688036,-0.10252033351355294,0.20414442226239515,0.9963980928520716,1.0-2.0%,0.98-1.00,2025-09-24→2025-09-25
2025-09-24,2025-09-25,C,6625.0,0.01643835616438356,254.36513880988824,0.7233278832059274,46.21805394360808,0.5863427508634351,6637.97,6604.72,0.0136986301369863,82.11576279190835,25.645530051699097,3.850652116597086,-0.7041035337907857,0.9971506593874584,1.0-2.0%,0.98-1.00,2025-09-24→2025-09-25
2025-09-24,2025-09-25,P,6625.0,0.01643835616438356,235.451301303915,-0.27667211679462417,27.23723549692295,-0.41444242747304677,6637.97,6604.72,0.0136986301369863,97.55434549484723,40.937697491373,5.000652116578749,0.4197892865211976,0.9971506593874584,1.0-2.0%,0.98-1.00,2025-09-24→2025-09-25
2025-09-24,2025-09-25,C,6630.0,0.01643835616438356,229.11036853651993,0.6800486911404415,43.017401372408585,0.5651504965842119,6637.97,6604.72,0.0136986301369863,81.45543890243559,23.272610006468767,3.211618980419683,-0.6087459885749524,0.9979032259228452,1.0-2.0%,0.98-1.00,2025-09-24→2025-09-25
2025-09-24,2025-09-25,P,6630.0,0.01643835616438356,215.19204511548654,-0.3199513088599581,29.086579454601633,-0.43574749209573216,6637.97,6604.72,0.0136986301369863,101.89036770550554,43.61050990570129,4.311618980406388,0.4613958878169022,0.9979032259228452,1.0-2.0%,0.98-1.00,2025-09-24→2025-09-25
2025-09-24,2025-09-25,C,6635.0,0.01643835616438356,184.81397968039096,0.5457221646676891,39.916730187156645,0.5433589240081739,6637.97,6604.72,0.0136986301369863,80.1854874624405,21.02412129621689,-0.3547380247993459,-0.4333157767282252,0.9986557924582319,1.0-2.0%,0.98-1.00,2025-09-24→2025-09-25
2025-09-24,2025-09-25,P,6635.0,0.01643835616438356,175.89117034427238,-0.45427783533263566,31.035906631640955,-0.45759235334725606,6637.97,6604.72,0.0136986301369863,105.61676236567396,46.405569838011616,0.6952619751898652,0.5850542512037364,0.9986557924582319,1.0-2.0%,0.98-1.00,2025-09-24→2025-09-25
2025-09-24,2025-09-25,C,6640.0,0.01643835616438356,245.92954987835313,0.6991486851808277,37.01604045052136,0.5209608370321521,6637.97,6604.72,0.0136986301369863,79.16624370070785,18.983305009096057,5.6466937822625205,-0.2780521686809436,0.9994083589936187,1.0-2.0%,0.98-1.00,2025-09-24→2025-09-25
2025-09-24,2025-09-25,P,6640.0,0.01643835616438356,242.00225462711,-0.30085131481957833,33.08521853271304,-0.4799371516477915,6637.97,6604.72,0.0136986301369863,109.5938647040912,49.32120490832767,6.6466937822490255,0.692089707710938,0.9994083589936187,1.0-2.0%,0.98-1.00,2025-09-24→2025-09-25
2025-09-24,2025-09-25,C,6645.0,0.01643835616438356,236.49253943713003,0.7011777770930504,34.16533809865223,0.4981537236940557,6637.97,6604.72,0.0136986301369863,78.64662700135068,17.01780984928655,6.564161088343926,-0.18638868717264856,1.0001609255290054,1.0-2.0%,1.00-1.02,2025-09-24→2025-09-25
2025-09-24,2025-09-25,P,6645.0,0.01643835616438356,237.5607582707753,-0.29882222290746485,35.23451618084391,-0.5027442649858883,6637.97,6604.72,0.0136986301369863,114.07059410489204,52.355709748518166,7.6141610883267905,0.8337531892192125,1.0001609255290054,1.0-2.0%,1.00-1.02,2025-09-24→2025-09-25
2025-09-24,2025-09-25,C,6650.0,0.01643835616438356,199.6473281845607,0.6119464145542169,31.414622601089377,0.47491954023938926,6637.97,6604.72,0.0136986301369863,77.8185484209958,15.169448249329207,4.547218283927714,-0.008925287040305818,1.0009134920643923,1.0-2.0%,1.00-1.02,2025-09-24→2025-09-25
2025-09-24,2025-09-25,P,6650.0,0.01643835616438356,205.7110611031371,-0.3880535854461421,37.533802061798724,-0.5259337866847869,6637.97,6604.72,0.0136986301369863,118.23886162469104,55.5473417057774,5.547218283915777,0.9627015927308413,1.0009134920643923,1.0-2.0%,1.00-1.02,2025-09-24→2025-09-25
2025-09-24,2025-09-25,C,6655.0,0.01643835616438356,215.58956983629102,0.6119475280147401,28.813897167827236,0.4513709122591769,6637.97,6604.72,0.0136986301369863,76.79703472659764,13.475177101207692,5.447255306490108,0.1080828326176313,1.001666058599779,1.0-2.0%,1.00-1.02,2025-09-24→2025-09-25
2025-09-24,2025-09-25,P,6655.0,0.01643835616438356,226.64881683974744,-0.38805247198565745,39.93307771117543,-0.5494473695565016,6637.97,6604.72,0.0136986301369863,122.21369403046293,58.8518189107499,6.347255306476889,0.9808749622463218,1.001666058599779,1.0-2.0%,1.00-1.02,2025-09-24→2025-09-25
2025-09-24,2025-09-25,C,6660.0,0.01643835616438356,240.17304972349774,0.7076521999147434,26.363166886897943,0.4276474672197737,6637.97,6604.72,0.0136986301369863,76.00047155160127,11.9293196857966,9.579435647165218,0.2692782850574744,1.0024186251351657,1.0-2.0%,1.00-1.02,2025-09-24→2025-09-25
2025-09-24,2025-09-25,P,6660.0,0.01643835616438356,256.22781081184814,-0.29234780008572486,42.43234496908963,-0.5732505214601726,6637.97,6604.72,0.0136986301369863,126.41347695560185,62.267219585027306,10.479435647149652,1.1394201614492623,1.0024186251351657,1.0-2.0%,1.00-1.02,2025-09-24→2025-09-25
2025-09-24,2025-09-25,C,6665.0,0.01643835616438356,213.34423099730878,0.6570163223302563,24.012430710486115,0.40374086813438165,6637.97,6604.72,0.0136986301369863,75.95161635649957,10.489824253544384,8.745792717481022,0.32438386546819054,1.0031711916705526,1.0-2.0%,1.00-1.02,2025-09-24→2025-09-25
2025-09-24,2025-09-25,P,6665.0,0.01643835616438356,234.39450617058156,-0.3429836776701583,45.03160405342578,-0.5973109189020499,6637.97,6604.72,0.0136986301369863,131.36096786065542,65.79157873787335,9.79579271746724,1.3394119465068428,1.0031711916705526,1.0-2.0%,1.00-1.02,2025-09-24→2025-09-25
2025-09-24,2025-09-25,C,6670.0,0.01643835616438356,168.3301320156401,0.5129050825824774,21.761690052124322,0.3796861298297288,6637.97,6604.72,0.0136986301369863,75.02917213646155,9.154561464043354,4.904093995867372,0.4745638168384829,1.0039237582059393,1.0-2.0%,1.00-1.02,2025-09-24→2025-09-25
2025-09-24,2025-09-25,P,6670.0,0.01643835616438356,194.37592127383644,-0.4870949174177489,47.830868134316916,-0.6212118588502139,6637.97,6604.72,0.0136986301369863,135.43486974077382,69.49246136327656,5.904093995859849,1.4447056932303894,1.0039237582059393,1.0-2.0%,1.00-1.02,2025-09-24→2025-09-25
2025-09-24,2025-09-25,C,6675.0,0.01643835616438356,235.77188622960105,0.6898595034583317,19.710960088605134,0.35598306023599596,6637.97,6604.72,0.0136986301369863,74.3091136725725,7.988274154541159,11.637828489989527,0.5364367528468659,1.004676324741326,1.0-2.0%,1.00-1.02,2025-09-24→2025-09-25
2025-09-24,2025-09-25,P,6675.0,0.01643835616438356,266.8131895726409,-0.3101404965421579,50.73013100013213,-0.645147687773899,6637.97,6604.72,0.0136986301369863,139.71115737703926,73.29268970726571,12.68782848997325,1.5488393815178583,1.004676324741326,1.0-2.0%,1.00-1.02,2025-09-24→2025-09-25
2025-09-24,2025-09-25,C,6565.0,0.019178082191780823,253.30280338158903,0.6524910337520932,96.48647025111586,0.7691092167573648,6637.97,6604.72,0.01643835616438356,113.16121588525945,68.73540803643937,-5.404673127742896,-1.5271185428176146,0.9877925411735057,1.0-2.0%,0.98-1.00,2025-09-24→2025-09-25
2025-09-24,2025-09-25,P,6565.0,0.019178082191780823,172.27005791498502,-0.34750896624814165,15.354082775576671,-0.2321204343973532,6637.97,6604.72,0.01643835616438356,66.69735091413145,22.05473211156368,-4.004673127750712,-0.16800444371199497,0.9877925411735057,1.0-2.0%,0.98-1.00,2025-09-24→2025-09-25
2025-09-24,2025-09-25,C,6570.0,0.019178082191780823,276.78322552454335,0.6868953764684759,92.23666539500937,0.7580153956443999,6637.97,6604.72,0.01643835616438356,111.1378816180364,64.91797964677153,-3.61072873242318,-1.245988094823705,0.9885448584173545,1.0-2.0%,0.98-1.00,2025-09-24→2025-09-25
2025-09-24,2025-09-25,P,6570.0,0.019178082191780823,200.7443393530941,-0.313104623531791,16.304299345976688,-0.24443222110456794,6637.97,6604.72,0.01643835616438356,69.66888042071668,23.452514959587916,-2.4107287324320517,-0.12737135172688419,0.9885448584173545,1.0-2.0%,0.98-1.00,2025-09-24→2025-09-25
2025-09-24,2025-09-25,C,6575.0,0.019178082191780823,286.36107029772137,0.7437693000445943,88.33690212572401,0.7445640481811853,6637.97,6604.72,0.01643835616438356,109.89509101428034,61.49683514159824,-1.3196707735172382,-1.2932453979755856,0.9892971756612033,1.0-2.0%,0.98-1.00,2025-09-24→2025-09-25
2025-09-24,2025-09-25,P,6575.0,0.019178082191780823,215.31604342140062,-0.25623069995573045,17.304524760612594,-0.25724130729898737,6637.97,6604.72,0.01643835616438356,73.4209535907822,24.922742583630225,-0.0196707735280377,-0.05327346769133001,0.9892971756612033,1.0-2.0%,0.98-1.00,2025-09-24→2025-09-25
2025-09-24,2025-09-25,C,6580.0,0.019178082191780823,257.8520251918787,0.6864980152907784,84.38713660572012,0.731226658971081,6637.97,6604.72,0.01643835616438356,108.31600571273921,58.04095663640874,-2.7239409915816246,-1.2367135892115613,0.9900494929050522,1.0-2.0%,0.98-1.00,2025-09-24→2025-09-25
2025-09-24,2025-09-25,P,6580.0,0.019178082191780823,191.80085761071302,-0.31350198470955715,18.354758689352366,-0.27054638804849923,6637.97,6604.72,0.01643835616438356,76.83673206308505,26.46583542246799,-1.4739409915927766,-0.04566740261260094,0.9900494929050522,1.0-2.0%,0.98-1.00,2025-09-24→2025-09-25
2025-09-24,2025-09-25,C,6585.0,0.019178082191780823,221.624817825687,0.5560787517560231,80.53738444874307,0.7171363373189011,6637.97,6604.72,0.01643835616438356,106.22700899204511,54.710710699429,-6.610381504112226,-1.2552167841465298,0.990801810148901,1.0-2.0%,0.98-1.00,2025-09-24→2025-09-25
2025-09-24,2025-09-25,P,6585.0,0.019178082191780823,160.56750953970158,-0.443921248244231,19.455001455587762,-0.28434810131350374,6637.97,6604.72,0.01643835616438356,79.74259911619582,28.08226183426723,-5.260381504120685,0.04542563132599753,0.990801810148901,1.0-2.0%,0.98-1.00,2025-09-24→2025-09-25
2025-09-24,2025-09-25,C,6590.0,0.019178082191780823,281.23721565352264,0.7382437719369801,76.63763210556135,0.7030567239798493,6637.97,6604.72,0.01643835616438356,105.96380550594517,51.34988915238773,0.09660541690458402,-1.0733639276700124,0.9915541273927498,1.0-2.0%,0.98-1.00,2025-09-24→2025-09-25
2025-09-24,2025-09-25,P,6590.0,0.019178082191780823,225.1737666626518,-0.2617562280633703,20.60525300965537,-0.29864923411800887,6637.97,6604.72,0.01643835616438356,84.47425940391417,29.772545572198396,1.3966054168929354,0.16991296557620394,0.9915541273927498,1.0-2.0%,0.98-1.00,2025-09-24→2025-09-25
2025-09-24,2025-09-25,C,6595.0,0.019178082191780823,261.632155517176,0.7101895304032197,72.93790067814007,0.687774683556301,6637.97,6604.72,0.01643835616438356,105.04805166666262,48.21795148260708,-0.3361981140929444,-1.0814917717529937,0.9923064446365987,1.0-2.0%,0.98-1.00,2025-09-24→2025-09-25
2025-09-24,2025-09-25,P,6595.0,0.019178082191780823,210.56256582145497,-0.2898104695971414,21.855517079592573,-0.31367479421494054,6637.97,6604.72,0.01643835616438356,88.55336933845186,31.588322540370427,1.013801885895047,0.2203130923532246,0.9923064446365987,1.0-2.0%,0.98-1.00,2025-09-24→2025-09-25
2025-09-24,2025-09-25,C,6600.0,0.019178082191780823,222.44806389158808,0.6000361930014159,69.23817390289696,0.6722545174055777,6637.97,6604.72,0.01643835616438356,103.27539410802797,45.10821372430337,-3.398796582702918,-0.9975372962645359,0.9930587618804474,1.0-2.0%,0.98-1.00,2025-09-24→2025-09-25
2025-09-24,2025-09-25,P,6600.0,0.019178082191780823,176.3723334910486,-0.3999638069988468,23.205793506654572,-0.3293774605064534,6637.97,6604.72,0.01643835616438356,91.77557555364777,33.52834337376407,-2.0487965827116525,0.29819943816042915,0.9930587618804474,1.0-2.0%,0.98-1.00,2025-09-24→2025-09-25
2025-09-24,2025-09-25,C,6605.0,0.019178082191780823,267.26276022651115,0.70184023248503,65.63845867472173,0.6560657357568305,6637.97,6604.72,0.01643835616438356,102.99775492723973,42.122752832243805,0.58618773012725,-0.9358142860853853,0.9938110791242962,1.0-2.0%,0.98-1.00,2025-09-24→2025-09-25
2025-09-24,2025-09-25,P,6605.0,0.019178082191780823,226.18088912111048,-0.2981597675153183,24.606077598632965,-0.3455276400408776,6637.97,6604.72,0.01643835616438356,96.4928001467016,35.54153040277879,1.9361877301156678,0.3612059686408209,0.9938110791242962,1.0-2.0%,0.98-1.00,2025-09-24→2025-09-25
2025-09-24,2025-09-25,C,6610.0,0.019178082191780823,263.9571012366395,0.7232471744699012,62.13875500571885,0.6392551235442123,6637.97,6604.72,0.01643835616438356,103.44887913915346,39.26020581578268,1.9479685511242124,-0.844767142154943,0.9945633963681451,1.0-2.0%,0.98-1.00,2025-09-24→2025-09-25
2025-09-24,2025-09-25,P,6610.0,0.019178082191780823,227.86908942636327,-0.2767528255304899,26.10637319108946,-0.3622979678012018,6637.97,6604.72,0.01643835616438356,101.9387881324213,37.67756107998548,3.2479685511112066,0.4035925706100354,0.9945633963681451,1.0-2.0%,0.98-1.00,2025-09-24→2025-09-25
2025-09-24,2025-09-25,C,6615.0,0.019178082191780823,230.77852305206952,0.6490276789378882,58.73906021950688,0.6218699951900568,6637.97,6604.72,0.01643835616438356,102.26540592860135,36.51911530486041,0.08017032468477936,-0.8228226599306119,0.9953157136119939,1.0-2.0%,0.98-1.00,2025-09-24→2025-09-25
2025-09-24,2025-09-25,P,6615.0,0.019178082191780823,199.68437053697158,-0.35097232106239373,27.656675223986895,-0.37950065195717125,6637.97,6604.72,0.01643835616438356,105.75017869567341,39.88671456768452,1.4301703246754105,0.481603322424057,0.9953157136119939,1.0-2.0%,0.98-1.00,2025-09-24→2025-09-25
2025-09-24,2025-09-25,C,6620.0,0.019178082191780823,228.66579613243348,0.6028086891348844,55.339371046346514,0.6041974838782878,6637.97,6604.72,0.01643835616438356,100.55154350337128,33.8029358083304,-0.7566110862650994,-0.7104336610469346,0.9960680308558427,1.0-2.0%,0.98-1.00,2025-09-24→2025-09-25
2025-09-24,2025-09-25,P,6620.0,0.019178082191780823,202.56550291248834,-0.39719131086535686,29.306987787736944,-0.39727181538523515,6637.97,6604.72,0.01643835616438356,109.0311800442832,42.21727357342843,0.543388913726881,0.5407121384409272,0.9960680308558427,1.0-2.0%,0.98-1.00,2025-09-24→2025-09-25
2025-09-24,2025-09-25,C,6625.0,0.019178082191780823,262.66597133771444,0.7245106032057544,52.13969534922899,0.5857609760792917,6637.97,6604.72,0.01643835616438356,102.51374020513475,31.30170012810686,3.88997755659134,-0.7234475453635483,0.9968203480996916,1.0-2.0%,0.98-1.00,2025-09-24→2025-09-25
2025-09-24,2025-09-25,P,6625.0,0.019178082191780823,241.55953741290946,-0.2754893967945981,31.057309590798468,-0.41556624819168747,6637.97,6604.72,0.01643835616438356,115.98824051986647,44.667728205957246,5.239977556579616,0.5824222476263934,0.9968203480996916,1.0-2.0%,0.98-1.00,2025-09-24→2025-09-25
2025-09-24,2025-09-25,C,6630.0,0.019178082191780823,238.1950469702721,0.6827076867888304,48.940024647456994,0.567040554317888,6637.97,6604.72,0.01643835616438356,102.20187717460425,28.82542980145854,3.2000305857286087,-0.6459015689302277,0.9975726653435404,1.0-2.0%,0.98-1.00,2025-09-24→2025-09-25
2025-09-24,2025-09-25,P,6630.0,0.019178082191780823,222.0824723406219,-0.31729231321149,32.907639806463976,-0.43433878083494193,6637.97,6604.72,0.01643835616438356,120.67124126315554,47.23650051811455,4.500030585717955,0.608235537238178,0.9975726653435404,1.0-2.0%,0.98-1.00,2025-09-24→2025-09-25
2025-09-24,2025-09-25,C,6635.0,0.019178082191780823,195.49918926643969,0.5532016632741746,45.89036325213374,0.5477877664193466,6637.97,6604.72,0.01643835616438356,100.59841031464666,26.512598027089552,-0.40604469613369787,-0.5860567665567302,0.9983249825873892,1.0-2.0%,0.98-1.00,2025-09-24→2025-09-25
2025-09-24,2025-09-25,P,6635.0,0.019178082191780823,184.38047393196643,-0.446798336726043,34.8079766811079,-0.4534932224671571,6637.97,6604.72,0.01643835616438356,124.06263817702418,49.876935008157034,0.9439553038590738,0.7213503529670309,0.9983249825873892,1.0-2.0%,0.98-1.00,2025-09-24→2025-09-25
2025-09-24,2025-09-25,C,6640.0,0.019178082191780823,253.52759678398334,0.700976953672405,42.89070835779194,0.5281722980975513,6637.97,6604.72,0.01643835616438356,101.271236221859,24.270678765567027,5.207483709607459,-0.5382710882564261,0.999077299831238,1.0-2.0%,0.98-1.00,2025-09-24→2025-09-25
2025-09-24,2025-09-25,P,6640.0,0.019178082191780823,247.402740744619,-0.2990230463279369,36.80832135982155,-0.47308445733983373,6637.97,6604.72,0.01643835616438356,129.73032785806993,52.63412424439821,6.607483709596101,0.819941793450532,0.999077299831238,1.0-2.0%,0.98-1.00,2025-09-24→2025-09-25
2025-09-24,2025-09-25,C,6645.0,0.019178082191780823,243.98438003295738,0.7028672784513449,40.04106039740827,0.5081593131233902,6637.97,6604.72,0.01643835616438356,101.97254118039872,22.18707513120762,6.020337008507219,-0.45370283864727057,0.9998296170750869,1.0-2.0%,0.98-1.00,2025-09-24→2025-09-25
2025-09-24,2025-09-25,P,6645.0,0.019178082191780823,242.85338328874835,-0.2971327215490205,38.90867292186931,-0.4930703380313361,6637.97,6604.72,0.01643835616438356,135.42649659042007,55.5063992063333,7.420337008495066,0.9054112604580702,0.9998296170750869,1.0-2.0%,0.98-1.00,2025-09-24→2025-09-25
2025-09-24,2025-09-25,C,6650.0,0.019178082191780823,208.08171866497096,0.6162634892192175,37.19141929711486,0.4877967036133612,6637.97,6604.72,0.01643835616438356,100.78428307951407,20.130462291588174,3.990761016538979,-0.28075960485574214,1.0005819343189357,1.0-2.0%,1.00-1.02,2025-09-24→2025-09-25
2025-09-24,2025-09-25,P,6650.0,0.019178082191780823,211.94458121593235,-0.3837365107810794,41.15903099940033,-0.5133851839065756,6637.97,6604.72,0.01643835616438356,139.23310226333928,58.534293918303774,5.290761016529114,0.9799426351063651,1.0005819343189357,1.0-2.0%,1.00-1.02,2025-09-24→2025-09-25
2025-09-24,2025-09-25,C,6655.0,0.019178082191780823,222.86701713453394,0.6159378478195482,34.491782301347484,0.46711984059896616,6637.97,6604.72,0.01643835616438356,99.16239147401717,18.228657306489822,4.779933439999979,-0.168265300084375,1.0013342515627845,1.0-2.0%,1.00-1.02,2025-09-24→2025-09-25
2025-09-24,2025-09-25,P,6655.0,0.019178082191780823,231.72373898064544,-0.38406215218069306,43.45939304416879,-0.5340084253543573,6637.97,6604.72,0.01643835616438356,142.60607443167564,61.63053055774708,6.079933439991951,1.0942198569676123,1.0013342515627845,1.0-2.0%,1.00-1.02,2025-09-24→2025-09-25
2025-09-24,2025-09-25,C,6660.0,0.019178082191780823,245.9403563589185,0.7089595087909714,31.942148676123907,0.44625049135584044,6637.97,6604.72,0.01643835616438356,101.22641600937148,16.47688298588878,8.622903667299795,-0.11217116241830816,1.0020865688066334,1.0-2.0%,1.00-1.02,2025-09-24→2025-09-25
2025-09-24,2025-09-25,P,6660.0,0.019178082191780823,259.79093750017466,-0.29104049120935127,45.959757103379616,-0.5547446446029759,6637.97,6604.72,0.01643835616438356,149.66496274085046,64.91706955227801,9.922903667289065,1.1547405669510447,1.0020865688066334,1.0-2.0%,1.00-1.02,2025-09-24→2025-09-25
2025-09-24,2025-09-25,C,6665.0,0.019178082191780823,219.29885495301167,0.6593809438354424,29.49251956731723,0.4252084630373341,6637.97,6604.72,0.01643835616438356,100.87549545522472,14.830923675288432,7.774416382528459,-0.011818604008640321,1.0028388860504822,1.0-2.0%,1.00-1.02,2025-09-24→2025-09-25
2025-09-24,2025-09-25,P,6665.0,0.019178082191780823,238.1432953894091,-0.34061905616494226,48.460128338776485,-0.5758077464663262,6637.97,6604.72,0.01643835616438356,154.30890596054755,68.22877004183556,9.074416382515661,1.2543924299946454,1.0028388860504822,1.0-2.0%,1.00-1.02,2025-09-24→2025-09-25
2025-09-24,2025-09-25,C,6670.0,0.019178082191780823,174.88387027742877,0.5182542630877256,27.142891983128266,0.4040376994752847,6637.97,6604.72,0.01643835616438356,99.27309056358604,13.288736884124773,3.8819542476668794,0.08425350755321759,1.003591203294331,1.0-2.0%,1.00-1.02,2025-09-24→2025-09-25
2025-09-24,2025-09-25,P,6670.0,0.019178082191780823,198.72217000901182,-0.4817457369124685,51.060502110746256,-0.5970556523688423,6637.97,6604.72,0.01643835616438356,157.70136484271515,71.64626789191243,5.231954247660436,1.3978995587360075,1.003591203294331,1.0-2.0%,1.00-1.02,2025-09-24→2025-09-25
2025-09-24,2025-09-25,C,6675.0,0.019178082191780823,239.94433431548683,0.691314619196168,24.89326593263513,0.38278253766520853,6637.97,6604.72,0.01643835616438356,100.04781175234314,11.848213995858032,10.486211088272588,0.22751937736818562,1.0043435205381799,1.0-2.0%,1.00-1.02,2025-09-24→2025-09-25
2025-09-24,2025-09-25,P,6675.0,0.019178082191780823,268.7764933421778,-0.30868538080416524,53.86087259657597,-0.6181140114396715,6637.97,6604.72,0.01643835616438356,163.47094980529346,75.24183124578121,11.736211088261499,1.4477091196309146,1.0043435205381799,1.0-2.0%,1.00-1.02,2025-09-24→2025-09-25
2025-09-24,2025-09-25,C,6565.0,0.021917808219178082,262.058148043558,0.6539700114486106,100.70881614140217,0.7502631471660781,6637.97,6604.72,0.019178082191780823,121.91391738403773,73.60097300018697,-4.955497119333703,-1.753750356727906,0.9876767182976581,2.0-3.0%,0.98-1.00,2025-09-24→2025-09-25
2025-09-24,2025-09-25,P,6565.0,0.021917808219178082,180.25657380190452,-0.34602998855106554,18.647059413834086,-0.250291663282208,6637.97,6604.72,0.019178082191780823,74.62515297478778,25.936560296054267,-3.5554971193229257,-0.3721978041334122,0.9876767182976581,2.0-3.0%,0.98-1.00,2025-09-24→2025-09-25
2025-09-24,2025-09-25,C,6570.0,0.021917808219178082,284.7763711273217,0.6874935863727663,96.80867385538659,0.7381944065654993,6637.97,6604.72,0.019178082191780823,119.98135148677238,70.12852298598955,-3.4908382531055153,-1.8050359816971415,0.988428947329111,2.0-3.0%,0.98-1.00,2025-09-24→2025-09-25
2025-09-24,2025-09-25,P,6570.0,0.021917808219178082,207.96807062960002,-0.31250641362694404,19.6469224627524,-0.26189783713215625,6637.97,6604.72,0.019178082191780823,77.68682259587467,27.35930456838696,-1.9908382530958875,-0.308103084644193,0.988428947329111,2.0-3.0%,0.98-1.00,2025-09-24→2025-09-25
2025-09-24,2025-09-25,C,6575.0,0.021917808219178082,293.938171598469,0.7429281803559138,92.90853029107711,0.7259786210499405,6637.97,6604.72,0.019178082191780823,119.44316601252761,66.6707526148657,-1.2476380031658678,-1.8112108500894806,0.9891811763605639,2.0-3.0%,0.98-1.00,2025-09-24→2025-09-25
2025-09-24,2025-09-25,P,6575.0,0.021917808219178082,222.12314484467848,-0.2570718196436745,20.696780913238854,-0.2739414542654324,6637.97,6604.72,0.019178082191780823,82.14287263997709,28.851003618476625,0.30236199684782505,-0.25855335432562754,0.9891811763605639,2.0-3.0%,0.98-1.00,2025-09-24→2025-09-25
2025-09-24,2025-09-25,C,6580.0,0.021917808219178082,265.791919722775,0.687174877048866,89.5083587068375,0.7113764909831573,6637.97,6604.72,0.019178082191780823,117.73727232778788,63.7496556506012,-3.1014353381252064,-2.296731674810026,0.9899334053920168,2.0-3.0%,0.98-1.00,2025-09-24→2025-09-25
2025-09-24,2025-09-25,P,6580.0,0.021917808219178082,198.97016671288225,-0.31282512295079506,21.846631624606516,-0.2866459815160482,6637.97,6604.72,0.019178082191780823,85.4312144735858,30.464112160833793,-1.101435338113939,-0.23097888540860545,0.9899334053920168,2.0-3.0%,0.98-1.00,2025-09-24→2025-09-25
2025-09-24,2025-09-25,C,6585.0,0.021917808219178082,230.2448796551661,0.5600317803811213,84.8082511985167,0.7022278124042264,6637.97,6604.72,0.019178082191780823,115.43454258594566,59.494745084429724,-5.978943302327725,-1.250925237559482,0.9906856344234697,2.0-3.0%,0.98-1.00,2025-09-24→2025-09-25
2025-09-24,2025-09-25,P,6585.0,0.021917808219178082,168.41640038914113,-0.43996821961873883,22.996480058208135,-0.2995444178494094,6637.97,6604.72,0.019178082191780823,88.1227202500965,32.09405839565443,-4.878943302323066,-0.20985189349286237,0.9906856344234697,2.0-3.0%,0.98-1.00,2025-09-24→2025-09-25
2025-09-24,2025-09-25,C,6590.0,0.021917808219178082,288.1943003659037,0.7376618197050964,81.00809393170039,0.688867833924921,6637.97,6604.72,0.019178082191780823,115.78372859926095,56.19542376265281,0.4772555051944565,-1.1451445219963752,0.9914378634549226,2.0-3.0%,0.98-1.00,2025-09-24→2025-09-25
2025-09-24,2025-09-25,P,6590.0,0.021917808219178082,231.359094843836,-0.2623381802945711,24.196323142631627,-0.3128761892277752,6637.97,6604.72,0.019178082191780823,93.46614178175119,33.793787661877104,1.6272555052055075,-0.053133291823527884,0.9914378634549226,2.0-3.0%,0.98-1.00,2025-09-24→2025-09-25
2025-09-24,2025-09-25,C,6595.0,0.021917808219178082,268.8216326372813,0.7103287748303583,77.40792560458704,0.6745207878047248,6637.97,6604.72,0.019178082191780823,114.78993425932481,53.118623023935925,-0.031568236890592516,-1.2221838054929073,0.9921900924863755,2.0-3.0%,0.98-1.00,2025-09-24→2025-09-25
2025-09-24,2025-09-25,P,6595.0,0.021917808219178082,216.97970085910805,-0.2896712251693713,25.496159459773025,-0.3268262755512126,6637.97,6604.72,0.019178082191780823,97.4665829601556,35.61442385913233,1.2184317631184047,-0.016973662077816698,0.9921900924863755,2.0-3.0%,0.98-1.00,2025-09-24→2025-09-25
2025-09-24,2025-09-25,C,6600.0,0.021917808219178082,230.35104681590582,0.6028938917106282,73.80775493122655,0.6599948552173777,6637.97,6604.72,0.019178082191780823,112.79805040503653,50.05897980809823,-3.103778100621625,-1.2051710640222062,0.9929423215178284,2.0-3.0%,0.98-1.00,2025-09-24→2025-09-25
2025-09-24,2025-09-25,P,6600.0,0.021917808219178082,183.50238878165956,-0.3971061082890543,26.895988786412545,-0.34135220813855827,6637.97,6604.72,0.019178082191780823,100.46893462423093,37.554780643294635,-1.8537781006110539,3.907939293945617e-05,0.9929423215178284,2.0-3.0%,0.98-1.00,2025-09-24→2025-09-25
2025-09-24,2025-09-25,C,6605.0,0.021917808219178082,273.821029792365,0.7022140858116499,70.2075815508424,0.6452398625293145,6637.97,6604.72,0.019178082191780823,112.4330436341702,47.018428664623116,0.7486183532373722,-1.1457745709002793,0.9936945505492812,2.0-3.0%,0.98-1.00,2025-09-24→2025-09-25
2025-09-24,2025-09-25,P,6605.0,0.021917808219178082,231.96564550206193,-0.29778591418800476,28.29581540602794,-0.3561072008266218,6637.97,6604.72,0.019178082191780823,105.09816337171125,39.51422949981952,1.998618353248844,0.05943557251482723,0.9936945505492812,2.0-3.0%,0.98-1.00,2025-09-24→2025-09-25
2025-09-24,2025-09-25,C,6610.0,0.021917808219178082,270.3649023112741,0.7231471689121579,66.70740180470966,0.6299313213549926,6637.97,6604.72,0.019178082191780823,112.7663176179659,44.09726606519325,1.9946433663292602,-1.1047835649464837,0.9944467795807342,2.0-3.0%,0.98-1.00,2025-09-24→2025-09-25
2025-09-24,2025-09-25,P,6610.0,0.021917808219178082,233.50279176486637,-0.27685283108750536,29.795635659893833,-0.37141574200094357,6637.97,6604.72,0.019178082191780823,110.42567287386795,41.59306690038966,3.294643366340443,0.15042657846862184,0.9944467795807342,2.0-3.0%,0.98-1.00,2025-09-24→2025-09-25
2025-09-24,2025-09-25,C,6615.0,0.021917808219178082,237.7337513036655,0.6506636377555596,63.257217171646516,0.6142297888075479,6637.97,6604.72,0.019178082191780823,111.38348122547949,41.24569170031373,0.23456595537235714,-0.9768595221490308,0.9951990086121871,2.0-3.0%,0.98-1.00,2025-09-24→2025-09-25
2025-09-24,2025-09-25,P,6615.0,0.021917808219178082,205.8649145011559,-0.349336362244125,31.39544963512435,-0.38723571902395665,6637.97,6604.72,0.019178082191780823,114.03707199972911,43.7899849205387,1.3845659553828504,0.12441234245344823,0.9951990086121871,2.0-3.0%,0.98-1.00,2025-09-24→2025-09-25
2025-09-24,2025-09-25,C,6620.0,0.021917808219178082,235.4440724526743,0.605467840146947,59.95702555758953,0.5979237364467489,6637.97,6604.72,0.019178082191780823,109.45345752783693,38.55993082432906,-0.7181943151140153,-0.9690357631456017,0.99595123764364,2.0-3.0%,0.98-1.00,2025-09-24→2025-09-25
2025-09-24,2025-09-25,P,6620.0,0.021917808219178082,208.5685093940861,-0.39453215985269696,32.99526059868367,-0.4033223802248546,6637.97,6604.72,0.019178082191780823,117.10128382041837,46.00786927860008,0.5818056848978284,0.2895308575235873,0.99595123764364,2.0-3.0%,0.98-1.00,2025-09-24→2025-09-25
2025-09-24,2025-09-25,C,6625.0,0.021917808219178082,268.3555903561593,0.7244431602862103,56.756828957244124,0.5811925984196961,6637.97,6604.72,0.019178082191780823,111.21469259015414,35.989413197090016,3.7877350795164944,-0.9753461025451031,0.9967034666750929,2.0-3.0%,0.98-1.00,2025-09-24→2025-09-25
2025-09-24,2025-09-25,P,6625.0,0.021917808219178082,246.4733010415208,-0.27555683971335665,34.7450647550595,-0.41998909465329365,6637.97,6604.72,0.019178082191780823,123.85675440110727,48.39080241486954,5.137735079530888,0.3353626027779839,0.9967034666750929,2.0-3.0%,0.98-1.00,2025-09-24→2025-09-25
2025-09-24,2025-09-25,C,6630.0,0.021917808219178082,244.2143997250543,0.683555938905302,53.556629975129454,0.5642083439795292,6637.97,6604.72,0.019178082191780823,110.70894919744569,33.43954850849104,3.0782349686013006,-0.8900725626806434,0.9974556957065458,2.0-3.0%,0.98-1.00,2025-09-24→2025-09-25
2025-09-24,2025-09-25,P,6630.0,0.021917808219178082,227.3253841542996,-0.3164440610943163,36.54486530756185,-0.43701057356978795,6637.97,6604.72,0.019178082191780823,128.3452465267203,50.84229663464248,4.428234968613987,0.4193984288045538,0.9974556957065458,2.0-3.0%,0.98-1.00,2025-09-24→2025-09-25
2025-09-24,2025-09-25,C,6635.0,0.021917808219178082,202.3258129029498,0.5568359096124001,50.35642596314665,0.5469006406376307,6637.97,6604.72,0.019178082191780823,108.98180437332871,30.91294750679299,-0.38520600538769756,-0.7155536987987823,0.9982079247379987,2.0-3.0%,0.98-1.00,2025-09-24→2025-09-25
2025-09-24,2025-09-25,P,6635.0,0.021917808219178082,190.4300710760679,-0.4431640903873937,38.44465981833264,-0.45444642271830665,6637.97,6604.72,0.019178082191780823,131.61233722096193,53.40874834199076,0.8147939946191567,0.4396564446163005,0.9982079247379987,2.0-3.0%,0.98-1.00,2025-09-24→2025-09-25
2025-09-24,2025-09-25,C,6640.0,0.021917808219178082,258.6723715211541,0.7014195120245251,47.40621645962847,0.5290674729298465,6637.97,6604.72,0.019178082191780823,109.62788691847696,28.63791559851643,5.072198774815462,-0.6585065250826041,0.9989601537694516,2.0-3.0%,0.98-1.00,2025-09-24→2025-09-25
2025-09-24,2025-09-25,P,6640.0,0.021917808219178082,251.76990343820634,-0.2985804879751873,40.44445060683165,-0.4722547140850866,6637.97,6604.72,0.019178082191780823,137.2526552844597,56.08862569683106,6.322198774825022,0.54753075667087,0.9989601537694516,2.0-3.0%,0.98-1.00,2025-09-24→2025-09-25
2025-09-24,2025-09-25,C,6645.0,0.021917808219178082,249.08441944814234,0.7032787803754651,44.456003618228806,0.5109540596752004,6637.97,6604.72,0.019178082191780823,110.20030711628121,26.384528806912385,5.834019447484209,-0.5607775157995931,0.9997123828009045,2.0-3.0%,0.98-1.00,2025-09-24→2025-09-25
2025-09-24,2025-09-25,P,6645.0,0.021917808219178082,247.17522510913534,-0.2967212196241532,42.544237473414796,-0.4903930036807373,6637.97,6604.72,0.019178082191780823,142.81931100059742,58.880329642110155,7.034019447496911,0.5944326276154897,0.9997123828009045,2.0-3.0%,0.98-1.00,2025-09-24→2025-09-25
2025-09-24,2025-09-25,C,6650.0,0.021917808219178082,213.73992523859178,0.6183344233602956,41.70578723241715,0.4925456482330569,6637.97,6604.72,0.019178082191780823,108.91849947803418,24.329962800402882,3.6596195767298276,-0.522857196250861,1.0004646118323575,2.0-3.0%,1.00-1.02,2025-09-24→2025-09-25
2025-09-24,2025-09-25,P,6650.0,0.021917808219178082,216.82400464348075,-0.3816655766393804,44.69402068673298,-0.5088353471188869,6637.97,6604.72,0.019178082191780823,146.53173888069256,61.738642516288564,4.909619576740596,0.6812247082970053,1.0004646118323575,2.0-3.0%,1.00-1.02,2025-09-24→2025-09-25
2025-09-24,2025-09-25,C,6655.0,0.021917808219178082,227.9191807886227,0.6179089808847847,38.905567286340556,0.4738208020945389,6637.97,6604.72,0.019178082191780823,107.16419347657244,22.253953287004606,4.445473614419086,-0.34545833035658546,1.0012168408638102,2.0-3.0%,1.00-1.02,2025-09-24→2025-09-25
2025-09-24,2025-09-25,P,6655.0,0.021917808219178082,235.99653393743264,-0.3820910191149042,46.99380114152564,-0.527526261261399,6637.97,6604.72,0.019178082191780823,149.7716683975881,64.74975412220101,5.595473614429434,0.7597518130584788,1.0012168408638102,2.0-3.0%,1.00-1.02,2025-09-24→2025-09-25
2025-09-24,2025-09-25,C,6660.0,0.021917808219178082,250.18359957777056,0.7092464706154454,36.3553458684878,0.45499099827664086,6637.97,6604.72,0.019178082191780823,109.37137233925587,20.413691152159572,8.082445147963561,-0.37154930730169156,1.0019690698952632,2.0-3.0%,1.00-1.02,2025-09-24→2025-09-25
2025-09-24,2025-09-25,P,6660.0,0.021917808219178082,263.2542264705008,-0.290753529384175,49.34357827465283,-0.5464790315217909,6637.97,6604.72,0.019178082191780823,156.97308277862246,67.82561508186609,9.48244514797618,0.9795722019004529,1.0019690698952632,2.0-3.0%,1.00-1.02,2025-09-24→2025-09-25
2025-09-24,2025-09-25,C,6665.0,0.021917808219178082,223.8072734535034,0.6604718561250131,33.85512249575822,0.43596725778854084,6637.97,6604.72,0.019178082191780823,108.9128931371715,18.635487858478427,7.210689216156688,-0.25408867853101746,1.002721298926716,2.0-3.0%,1.00-1.02,2025-09-24→2025-09-25
2025-09-24,2025-09-25,P,6665.0,0.021917808219178082,241.87117409016096,-0.3395281438745837,51.84335436026822,-0.5655491691001594,6637.97,6604.72,0.019178082191780823,161.50883909488763,71.04908552070992,8.56068921617008,1.0454901274196864,1.002721298926716,2.0-3.0%,1.00-1.02,2025-09-24→2025-09-25
2025-09-24,2025-09-25,C,6670.0,0.021917808219178082,180.0202728939231,0.521621869146828,31.454897672840616,0.41683386239823966,6637.97,6604.72,0.019178082191780823,107.23423079151195,16.96019574432171,3.293927149132024,-0.1902740752585359,1.003473527958169,2.0-3.0%,1.00-1.02,2025-09-24→2025-09-25
2025-09-24,2025-09-25,P,6670.0,0.021917808219178082,203.07744727445498,-0.47837813085283093,54.4431289767972,-0.5847302703743084,6637.97,6604.72,0.019178082191780823,164.82441226757476,74.37550442880456,4.243927149143364,0.7077185100542387,1.003473527958169,2.0-3.0%,1.00-1.02,2025-09-24→2025-09-25
2025-09-24,2025-09-25,C,6675.0,0.021917808219178082,243.45271619168795,0.6918334559822193,29.10467054847686,0.39750425619528673,6637.97,6604.72,0.019178082191780823,108.14106839784506,15.346459621438726,9.703462411408793,-0.08298348150671764,1.0042257569896218,2.0-3.0%,1.00-1.02,2025-09-24→2025-09-25
2025-09-24,2025-09-25,P,6675.0,0.021917808219178082,271.503164316202,-0.30816654401724475,57.09290126865835,-0.6041095745666599,6637.97,6604.72,0.019178082191780823,170.72548539225477,77.76354875426387,11.1034624114266,1.2633566456585434,1.0042257569896218,2.0-3.0%,1.00-1.02,2025-09-24→2025-09-25
2025-09-24,2025-09-25,C,6565.0,0.024657534246575342,275.79996342657296,0.6562898567726603,108.07963301932887,0.7270385727660135,6637.97,6604.72,0.021917808219178082,129.4715142177895,81.46327993512386,-6.228362262309044,-3.8759674555300485,0.987407814163834,2.0-3.0%,0.98-1.00,2025-09-24→2025-09-25
2025-09-24,2025-09-25,P,6565.0,0.024657534246575342,192.21341161172535,-0.34371014322700716,22.907520619103252,-0.2685083270964172,6637.97,6604.72,0.021917808219178082,80.34117059367117,30.713693678970685,-3.4283622622979877,-0.9279018759558717,0.987407814163834,2.0-3.0%,0.98-1.00,2025-09-24→2025-09-25
2025-09-24,2025-09-25,C,6570.0,0.024657534246575342,297.1581833405173,0.6883961709671853,102.67976370693486,0.7223716210738612,6637.97,6604.72,0.021917808219178082,127.31546930601979,76.38458552639258,-3.31082731534109,-2.181143599294117,0.9881598383939664,2.0-3.0%,0.98-1.00,2025-09-24→2025-09-25
2025-09-24,2025-09-25,P,6570.0,0.024657534246575342,218.5635458045988,-0.31160382903245015,24.00782720548682,-0.27945404901456616,6637.97,6604.72,0.021917808219178082,83.17795862658728,32.20834439930104,-2.0108273153289655,-0.9418471297343238,0.9881598383939664,2.0-3.0%,0.98-1.00,2025-09-24→2025-09-25
2025-09-24,2025-09-25,C,6575.0,0.024657534246575342,305.7267104530418,0.7416724293067674,98.88008592663573,0.7108679820399171,6637.97,6604.72,0.021917808219178082,126.91992749325071,72.9965279843068,-1.1893917255499957,-2.213639597172765,0.9889118626240988,2.0-3.0%,0.98-1.00,2025-09-24→2025-09-25
2025-09-24,2025-09-25,P,6575.0,0.024657534246575342,232.12398719604357,-0.25832757069274176,25.10813818989618,-0.29055665565623967,6637.97,6604.72,0.021917808219178082,87.77524975846995,33.71600211667601,0.16060827446633574,-0.9110088005699684,0.9889118626240988,2.0-3.0%,0.98-1.00,2025-09-24→2025-09-25
2025-09-24,2025-09-25,C,6580.0,0.024657534246575342,278.79425490446084,0.6880273771267442,94.93039660366412,0.699776301952508,6637.97,6604.72,0.021917808219178082,125.19149049921329,69.46633088567205,-2.423089710535752,-2.0324379600791076,0.9896638868542312,2.0-3.0%,0.98-1.00,2025-09-24→2025-09-25
2025-09-24,2025-09-25,P,6580.0,0.024657534246575342,210.18344592630038,-0.3119726228729339,26.308464681840405,-0.3022127840999459,6637.97,6604.72,0.021917808219178082,91.0396457091274,35.34103957802154,-1.2230897105250502,-0.898575071323199,0.9896638868542312,2.0-3.0%,0.98-1.00,2025-09-24→2025-09-25
2025-09-24,2025-09-25,C,6585.0,0.024657534246575342,244.33963639369685,0.5658872111086867,91.13072826515054,0.6879276135277382,6637.97,6604.72,0.021917808219178082,122.70184512773668,66.10599333298978,-6.034250230636175,-1.9764068502027108,0.9904159110843636,2.0-3.0%,0.98-1.00,2025-09-24→2025-09-25
2025-09-24,2025-09-25,P,6585.0,0.024657534246575342,180.72074169443442,-0.43411278889104293,27.508795739618563,-0.31403944932130445,6637.97,6604.72,0.021917808219178082,93.54283328235933,36.979974351321744,-4.78425023062718,-0.7918116899333754,0.9904159110843636,2.0-3.0%,0.98-1.00,2025-09-24→2025-09-25
2025-09-24,2025-09-25,C,6590.0,0.024657534246575342,299.37081310183896,0.7365998915225505,87.53108417925523,0.6752284898576928,6637.97,6604.72,0.021917808219178082,122.80998087564801,62.96435453343429,-0.008053606875211727,-2.0486527122317284,0.991167935314496,2.0-3.0%,0.98-1.00,2025-09-24→2025-09-25
2025-09-24,2025-09-25,P,6590.0,0.024657534246575342,240.74383268151973,-0.2634001084769479,28.809141909196114,-0.32639127375529065,6637.97,6604.72,0.021917808219178082,98.64380197495116,38.73580073806261,1.2919463931414832,-0.8025098523634124,0.991167935314496,2.0-3.0%,0.98-1.00,2025-09-24→2025-09-25
2025-09-24,2025-09-25,C,6595.0,0.024657534246575342,280.7931396448581,0.7102160063216146,83.7814312493756,0.662838284698573,6637.97,6604.72,0.021917808219178082,122.22903596076978,59.684618328174565,-0.28531778980632083,-1.8606270337724524,0.9919199595446284,2.0-3.0%,0.98-1.00,2025-09-24→2025-09-25
2025-09-24,2025-09-25,P,6595.0,0.024657534246575342,227.15807350336877,-0.28978399367809354,30.159497383641337,-0.33908143116279693,6637.97,6604.72,0.021917808219178082,103.05569000475315,40.557008065082755,0.8646822102033891,-0.7744575861629972,0.9919199595446284,2.0-3.0%,0.98-1.00,2025-09-24→2025-09-25
2025-09-24,2025-09-25,C,6600.0,0.024657534246575342,243.61642829439697,0.6068838891365804,80.28180454996618,0.6495112724828616,6637.97,6604.72,0.021917808219178082,120.11077983307318,56.67228695579979,-3.371110686208713,-1.9537501899448628,0.9926719837747607,2.0-3.0%,0.98-1.00,2025-09-24→2025-09-25
2025-09-24,2025-09-25,P,6600.0,0.024657534246575342,194.97327643181953,-0.3931161108630549,31.509858425813945,-0.3519709407230343,6637.97,6604.72,0.021917808219178082,105.93026682176453,42.393686871993395,-2.021110686196579,-0.6530337790408929,0.9926719837747607,2.0-3.0%,0.98-1.00,2025-09-24→2025-09-25
2025-09-24,2025-09-25,C,6605.0,0.024657534246575342,284.7284852156632,0.7024061273319613,76.73217924530127,0.6361477183184304,6637.97,6604.72,0.021917808219178082,119.14275774549857,53.624690838310926,0.25500373378771,-1.9480883659121915,0.9934240080048932,2.0-3.0%,0.98-1.00,2025-09-24→2025-09-25
2025-09-24,2025-09-25,P,6605.0,0.024657534246575342,241.07724763198854,-0.2975938726677297,33.01023697524124,-0.3654720452945502,6637.97,6604.72,0.021917808219178082,109.95507767887587,44.396137042938335,1.5550037337979905,-0.7019455060437902,0.9934240080048932,2.0-3.0%,0.98-1.00,2025-09-24→2025-09-25
2025-09-24,2025-09-25,C,6610.0,0.024657534246575342,281.1229472131262,0.7226082480432457,73.28256580975358,0.6223351474024328,6637.97,6604.72,0.021917808219178082,120.59001716796652,50.69210710918196,1.4767242474379252,-1.8573563488691072,0.9941760322350256,2.0-3.0%,0.98-1.00,2025-09-24→2025-09-25
2025-09-24,2025-09-25,P,6610.0,0.024657534246575342,242.46362390838064,-0.2773917519562291,34.51062040727811,-0.3791728053120812,6637.97,6604.72,0.021917808219178082,116.39517004604564,46.41440691281923,2.726724247455385,-0.6574957766266962,0.9941760322350256,2.0-3.0%,0.98-1.00,2025-09-24→2025-09-25
2025-09-24,2025-09-25,C,6615.0,0.024657534246575342,249.564508021157,0.6526653950585838,69.88296142895842,0.608210136023927,6637.97,6604.72,0.021917808219178082,119.29076317176786,47.824658265151356,-0.348875614302095,-1.8270129772044292,0.9949280564651579,2.0-3.0%,0.98-1.00,2025-09-24→2025-09-25
2025-09-24,2025-09-25,P,6615.0,0.024657534246575342,215.89709899525081,-0.34733460494104085,36.061013641224235,-0.3932127299125516,6637.97,6604.72,0.021917808219178082,120.0887489945197,48.498763809724096,1.0511243857103931,-0.47432326959233784,0.9949280564651579,2.0-3.0%,0.98-1.00,2025-09-24→2025-09-25
2025-09-24,2025-09-25,C,6620.0,0.024657534246575342,246.76343503450644,0.6089620405670846,66.53336589540822,0.5937704569027387,6637.97,6604.72,0.021917808219178082,117.0870025086587,45.02254405083613,-1.252012151144438,-1.757132307983941,0.9956800806952903,2.0-3.0%,0.98-1.00,2025-09-24→2025-09-25
2025-09-24,2025-09-25,P,6620.0,0.024657534246575342,218.08794028750563,-0.3910379594325272,37.76142125608021,-0.40776476810057655,6637.97,6604.72,0.021917808219178082,122.87782127608683,50.74581718731088,0.04798784886846619,-0.5081785393441738,0.9956800806952903,2.0-3.0%,0.98-1.00,2025-09-24→2025-09-25
2025-09-24,2025-09-25,C,6625.0,0.024657534246575342,277.8193365769977,0.7239629635160008,63.28378124860092,0.5789422893177919,6637.97,6604.72,0.021917808219178082,118.997024033964,42.33365823838494,3.1717685369070345,-1.6501688801834113,0.9964321049254228,2.0-3.0%,0.98-1.00,2025-09-24→2025-09-25
2025-09-24,2025-09-25,P,6625.0,0.024657534246575342,254.1357561088786,-0.27603703648367534,39.5618389785418,-0.422677474295189,6637.97,6604.72,0.021917808219178082,129.78067574606698,53.105104443012806,4.3717685369177985,-0.5040260203150293,0.9964321049254228,2.0-3.0%,0.98-1.00,2025-09-24→2025-09-25
2025-09-24,2025-09-25,C,6630.0,0.024657534246575342,254.33125689461667,0.6843746436159297,60.08420566100813,0.5638199490998127,6637.97,6604.72,0.021917808219178082,119.2963762347358,39.70955453344868,2.4054569002296624,-1.6029866924312302,0.9971841291555551,2.0-3.0%,0.98-1.00,2025-09-24→2025-09-25
2025-09-24,2025-09-25,P,6630.0,0.024657534246575342,235.63959070541605,-0.3156253563836415,41.362263390948556,-0.4377998145131683,6637.97,6604.72,0.021917808219178082,135.0728608915246,55.48100073807609,3.6554569002439194,-0.4068438325628474,0.9971841291555551,2.0-3.0%,0.98-1.00,2025-09-24→2025-09-25
2025-09-24,2025-09-25,C,6635.0,0.024657534246575342,213.42899172866004,0.5616766482734711,57.03463903451802,0.5483173636160131,6637.97,6604.72,0.021917808219178082,117.34727912122848,37.243633318422326,-1.1742514449070818,-1.6184476597675577,0.9979361533856875,2.0-3.0%,0.98-1.00,2025-09-24→2025-09-25
2025-09-24,2025-09-25,P,6635.0,0.024657534246575342,199.7292398183177,-0.4383233517262007,43.21269450599539,-0.4532219039983321,6637.97,6604.72,0.021917808219178082,138.1165967227463,57.92193981760374,0.17574855510382648,-0.31962830794454256,0.9979361533856875,2.0-3.0%,0.98-1.00,2025-09-24→2025-09-25
2025-09-24,2025-09-25,C,6640.0,0.024657534246575342,266.99695469652505,0.7017468413209985,53.93507881607684,0.532619287525374,6637.97,6604.72,0.021917808219178082,116.971324350152,34.74877919019218,4.133082473923199,-1.4904086897813151,0.99868817761582,2.0-3.0%,0.98-1.00,2025-09-24→2025-09-25
2025-09-24,2025-09-25,P,6640.0,0.024657534246575342,258.28911706510263,-0.2982531586785855,45.21313654601818,-0.4690004760876068,6637.97,6604.72,0.021917808219178082,142.73347489633076,60.520225394820045,5.333082473937033,-0.344265829912926,0.99868817761582,2.0-3.0%,0.98-1.00,2025-09-24→2025-09-25
2025-09-24,2025-09-25,C,6645.0,0.024657534246575342,257.38989505020214,0.7035783798601285,51.03552799776844,0.516580244968409,6637.97,6604.72,0.021917808219178082,118.97430431631284,32.45581192856571,4.74398113034928,-1.4737068548003904,0.9994402018459523,2.0-3.0%,0.98-1.00,2025-09-24→2025-09-25
2025-09-24,2025-09-25,P,6645.0,0.024657534246575342,253.6739716976617,-0.29642162013947476,47.263585486764896,-0.4850309966748704,6637.97,6604.72,0.021917808219178082,149.72928780718172,63.1818499820547,6.04398113036247,-0.2272806394394351,0.9994402018459523,2.0-3.0%,0.98-1.00,2025-09-24→2025-09-25
2025-09-24,2025-09-25,C,6650.0,0.024657534246575342,222.84325777472506,0.6210186816981554,48.13598396328507,0.5003060391414074,6637.97,6604.72,0.021917808219178082,117.6614836664327,30.18044896788888,2.698871166463668,-1.3148241985482052,1.0001922260760847,2.0-3.0%,1.00-1.02,2025-09-24→2025-09-25
2025-09-24,2025-09-25,P,6650.0,0.024657534246575342,224.11924870107532,-0.37898131830144355,49.414041693225954,-0.5013137244715736,6637.97,6604.72,0.021917808219178082,153.40930010201654,65.95189517251629,3.8488711664769912,-0.2186813386798363,1.0001922260760847,2.0-3.0%,1.00-1.02,2025-09-24→2025-09-25
2025-09-24,2025-09-25,C,6655.0,0.024657534246575342,236.02641428084266,0.6205225324619983,45.38644599104373,0.4838120909480543,6637.97,6604.72,0.021917808219178082,115.54223137791013,28.05736223078975,3.282374204361439,-1.263247975977201,1.0009442503062171,2.0-3.0%,1.00-1.02,2025-09-24→2025-09-25
2025-09-24,2025-09-25,P,6655.0,0.024657534246575342,242.294319486085,-0.37947746753765854,51.6145044229047,-0.5178327777946106,6637.97,6604.72,0.021917808219178082,156.28288075815823,68.78463625350832,4.532374204372852,-0.06793986167080135,1.0009442503062171,2.0-3.0%,1.00-1.02,2025-09-24→2025-09-25
2025-09-24,2025-09-25,C,6660.0,0.024657534246575342,257.08279683785827,0.709584462091209,42.736912752344324,0.4671488490658035,6637.97,6604.72,0.021917808219178082,117.74476993926189,26.039529488215067,6.843683364532698,-1.2173007685620334,1.0016962745363496,2.0-3.0%,1.00-1.02,2025-09-24→2025-09-25
2025-09-24,2025-09-25,P,6660.0,0.024657534246575342,268.3426163220287,-0.2904155379083001,53.96497167375537,-0.5345134998120245,6637.97,6604.72,0.021917808219178082,163.4782522642213,71.76744221532681,8.043683364549024,-0.07257386874981009,1.0016962745363496,2.0-3.0%,1.00-1.02,2025-09-24→2025-09-25
2025-09-24,2025-09-25,C,6665.0,0.024657534246575342,231.2493885531828,0.662011257093258,40.28737925894484,0.4504797811668419,6637.97,6604.72,0.021917808219178082,117.81279615070419,24.211063852314055,5.8618742983508305,-1.1715472762025048,1.0024482987664818,2.0-3.0%,1.00-1.02,2025-09-24→2025-09-25
2025-09-24,2025-09-25,P,6665.0,0.024657534246575342,247.50112231623126,-0.3379887429062832,56.415442043728035,-0.5513210402975753,6637.97,6604.72,0.021917808219178082,168.53911142033064,74.85384038688153,7.061874298366073,-0.03142458989438879,1.0024482987664818,2.0-3.0%,1.00-1.02,2025-09-24→2025-09-25
2025-09-24,2025-09-25,C,6670.0,0.024657534246575342,188.43917960050413,0.5266709292265391,37.68785791293203,0.43340826638383106,6637.97,6604.72,0.021917808219178082,115.86669150197946,22.270650118232425,2.011808396782424,-1.08917514273762,1.0032003229966142,2.0-3.0%,1.00-1.02,2025-09-24→2025-09-25
2025-09-24,2025-09-25,P,6670.0,0.024657534246575342,209.68282764239535,-0.4733290707731219,58.915917851808445,-0.5682904010223974,6637.97,6604.72,0.021917808219178082,171.58583971629426,77.99988827722154,3.261808396793704,0.10434416600529417,1.0032003229966142,2.0-3.0%,1.00-1.02,2025-09-24→2025-09-25
2025-09-24,2025-09-25,C,6675.0,0.024657534246575342,249.7360222048763,0.6928428672829117,35.28833485326231,0.4163822717442929,6637.97,6604.72,0.021917808219178082,115.67800105726447,20.517435321253743,8.237025337156815,-0.9552894645022594,1.0039523472267466,2.0-3.0%,1.00-1.02,2025-09-24→2025-09-25
2025-09-24,2025-09-25,P,6675.0,0.024657534246575342,275.97158452572734,-0.3071571327165268,61.51639532105082,-0.5853352767572455,6637.97,6604.72,0.021917808219178082,176.38998221625323,81.24736050967749,9.387025337175478,0.1376020478215807,1.0039523472267466,2.0-3.0%,1.00-1.02,2025-09-24→2025-09-25
2025-09-24,2025-09-25,C,6565.0,0.03287671232876712,334.434798045136,0.6911575929538369,112.69919255923651,0.7119811281377765,6637.97,6604.72,0.030136986301369864,143.34820066353245,87.22312915881139,-5.219010034284924,-4.526627489418935,0.9873444156933476,3.0-4.0%,0.98-1.00,2025-09-24→2025-09-25
2025-09-24,2025-09-25,P,6565.0,0.03287671232876712,250.4274090849889,-0.3088424070462587,26.70032109262661,-0.28313321086576543,6637.97,6604.72,0.030136986301369864,93.81246841892869,35.36676909995822,-1.969010034288102,-1.114179261286699,0.9873444156933476,3.0-4.0%,0.98-1.00,2025-09-24→2025-09-25
2025-09-24,2025-09-25,C,6570.0,0.03287671232876712,343.7918496914032,0.7130724992447616,108.09920114735542,0.7044082805296182,6637.97,6604.72,0.030136986301369864,140.5722804442248,82.95462306421814,-3.3403394001116737,-3.6284246723901923,0.9880963916382778,3.0-4.0%,0.98-1.00,2025-09-24→2025-09-25
2025-09-24,2025-09-25,P,6570.0,0.03287671232876712,264.7760544943736,-0.28692750075550755,27.850332853883174,-0.2935040756981063,6637.97,6604.72,0.030136986301369864,96.02907239442305,36.889878122822665,-0.8403394001206301,-1.05901051696204,0.9880963916382778,3.0-4.0%,0.98-1.00,2025-09-24→2025-09-25
2025-09-24,2025-09-25,C,6575.0,0.03287671232876712,354.2009453849088,0.760435525302355,103.09920949787556,0.6978319978572034,6637.97,6604.72,0.030136986301369864,140.99853684545565,78.28640816429424,-0.31551878369668884,-2.39708607124798,0.988848367583208,3.0-4.0%,0.98-1.00,2025-09-24→2025-09-25
2025-09-24,2025-09-25,P,6575.0,0.03287671232876712,280.1767439510455,-0.23956447469790973,29.000345707020415,-0.3040185538115816,6637.97,6604.72,0.030136986301369864,101.44785299042717,38.42322079927544,1.084481216294499,-1.0586169142350919,0.988848367583208,3.0-4.0%,0.98-1.00,2025-09-24→2025-09-25
2025-09-24,2025-09-25,C,6580.0,0.03287671232876712,338.81018746066025,0.7188387648027706,99.19922037710057,0.6873005679462965,6637.97,6604.72,0.030136986301369864,139.14069084127598,74.77939919368464,-1.0986110703078893,-2.1472561157856553,0.9896003435281382,3.0-4.0%,0.98-1.00,2025-09-24→2025-09-25
2025-09-24,2025-09-25,P,6580.0,0.03287671232876712,269.7775797900822,-0.2811612351971987,30.200356912158895,-0.3148563137029112,6637.97,6604.72,0.030136986301369864,104.58253118102625,40.019431545165844,0.10138892969314206,-1.0189724306217975,0.9896003435281382,3.0-4.0%,0.98-1.00,2025-09-24→2025-09-25
2025-09-24,2025-09-25,C,6585.0,0.03287671232876712,304.09303532162465,0.6124135738995373,95.54923355260325,0.6758184027539135,6637.97,6604.72,0.030136986301369864,136.1107992422857,71.54233773891838,-4.387248667840385,-2.2790381084323776,0.9903523194730685,3.0-4.0%,0.98-1.00,2025-09-24→2025-09-25
2025-09-24,2025-09-25,P,6585.0,0.03287671232876712,240.05202141418974,-0.3875864261005305,31.50036987256408,-0.3261610317320729,6637.97,6604.72,0.030136986301369864,106.54516377683117,41.72994379235024,-3.0872486678426423,-1.0448543050914267,0.9903523194730685,3.0-4.0%,0.98-1.00,2025-09-24→2025-09-25
2025-09-24,2025-09-25,C,6590.0,0.03287671232876712,340.15236306709687,0.7523064955169194,91.8992467478356,0.6641973712824809,6637.97,6604.72,0.030136986301369864,135.9394752121622,68.31574945427565,0.7141909759375586,-2.2154374048575214,0.9911042954179986,3.0-4.0%,0.98-1.00,2025-09-24→2025-09-25
2025-09-24,2025-09-25,P,6590.0,0.03287671232876712,281.102942922805,-0.24769350448316552,32.85038304413047,-0.33776203393656684,6637.97,6604.72,0.030136986301369864,111.36636394148728,43.50267367365541,1.9641909759347431,-1.030587628390851,0.9911042954179986,3.0-4.0%,0.98-1.00,2025-09-24→2025-09-25
2025-09-24,2025-09-25,C,6595.0,0.03287671232876712,340.9328181836082,0.7375821622395784,88.24926011583466,0.6524109902605659,6637.97,6604.72,0.030136986301369864,135.85758978189864,65.10064920958894,0.6246068944659768,-2.2073345738361887,0.9918562713629288,3.0-4.0%,0.98-1.00,2025-09-24→2025-09-25
2025-09-24,2025-09-25,P,6595.0,0.03287671232876712,286.8749918024538,-0.2624178377605751,34.200396389325306,-0.34952838017918897,6637.97,6604.72,0.030136986301369864,116.27700270603718,45.286879354314806,1.9246068944608776,-0.971818640958034,0.9918562713629288,3.0-4.0%,0.98-1.00,2025-09-24→2025-09-25
2025-09-24,2025-09-25,C,6600.0,0.03287671232876712,308.4703943790522,0.6508504115052713,84.69927459959763,0.64019623679306,6637.97,6604.72,0.030136986301369864,133.2725863814831,61.998888418353545,-1.8092238174497162,-2.1634751266307433,0.992608247307859,3.0-4.0%,0.98-1.00,2025-09-24→2025-09-25
2025-09-24,2025-09-25,P,6600.0,0.03287671232876712,259.40416176108033,-0.3491495884948607,35.65041082675589,-0.36172205415233516,6637.97,6604.72,0.030136986301369864,118.68452350036549,47.184387180661815,-0.5592238174541144,-0.9772583005651398,0.992608247307859,3.0-4.0%,0.98-1.00,2025-09-24→2025-09-25
2025-09-24,2025-09-25,C,6605.0,0.03287671232876712,331.7382347632418,0.7246875896697929,81.24928834866205,0.6275871861615229,6637.97,6604.72,0.030136986301369864,131.35931617354672,59.00938270378629,1.0458623565206153,-2.1827260601293617,0.9933602232527892,3.0-4.0%,0.98-1.00,2025-09-24→2025-09-25
2025-09-24,2025-09-25,P,6605.0,0.03287671232876712,287.6635959084731,-0.27531241033033066,37.15042445162089,-0.3742030926305053,6637.97,6604.72,0.030136986301369864,121.7637774872387,49.14412800244645,2.3458623565165055,-0.9422528299642998,0.9933602232527892,3.0-4.0%,0.98-1.00,2025-09-24→2025-09-25
2025-09-24,2025-09-25,C,6610.0,0.03287671232876712,339.1427359719857,0.746974213242206,77.7993027668972,0.6148094351439223,6637.97,6604.72,0.030136986301369864,133.11218269882235,56.0317805231216,2.286892590303353,-2.107586281464581,0.9941121991977194,3.0-4.0%,0.98-1.00,2025-09-24→2025-09-25
2025-09-24,2025-09-25,P,6610.0,0.03287671232876712,300.05969088040183,-0.2530257867578019,38.65043875085803,-0.3868746435753283,6637.97,6604.72,0.030136986301369864,128.5091682072889,51.11653283983105,3.586892590303087,-0.8635818988796657,0.9941121991977194,3.0-4.0%,0.98-1.00,2025-09-24→2025-09-25
2025-09-24,2025-09-25,C,6615.0,0.03287671232876712,317.49928059440253,0.6914719182508493,74.3993175734563,0.6017467038779466,6637.97,6604.72,0.030136986301369864,131.45495236197797,53.11650831673887,0.941441281840735,-2.041922096058279,0.9948641751426496,3.0-4.0%,0.98-1.00,2025-09-24→2025-09-25
2025-09-24,2025-09-25,P,6615.0,0.03287671232876712,283.40782926591214,-0.30852808174929564,40.3004536524104,-0.40002114349006834,6637.97,6604.72,0.030136986301369864,131.8444620652669,53.25045905002435,2.191441281835923,-0.8507030210447688,0.9948641751426496,3.0-4.0%,0.98-1.00,2025-09-24→2025-09-25
2025-09-24,2025-09-25,C,6620.0,0.03287671232876712,306.7325867645433,0.6496926560829654,71.09933279182724,0.5883269849893986,6637.97,6604.72,0.030136986301369864,128.71424312927812,50.3124188957986,0.052280814758603356,-1.9881277491024925,0.9956161510875797,3.0-4.0%,0.98-1.00,2025-09-24→2025-09-25
2025-09-24,2025-09-25,P,6620.0,0.03287671232876712,277.6327291992449,-0.35030734391716234,41.95046877579034,-0.41335709372985474,6637.97,6604.72,0.030136986301369864,134.0962770273545,55.397171212508965,1.25228081475435,-0.8441233665176711,0.9956161510875797,3.0-4.0%,0.98-1.00,2025-09-24→2025-09-25
2025-09-24,2025-09-25,C,6625.0,0.03287671232876712,329.3980274900698,0.745018797617045,67.89934837528608,0.5745858114888082,6637.97,6604.72,0.030136986301369864,130.15856776528855,47.618306938707065,3.6218750207667405,-2.0450217679971345,0.99636812703251,3.0-4.0%,0.98-1.00,2025-09-24→2025-09-25
2025-09-24,2025-09-25,P,6625.0,0.03287671232876712,305.2897636879388,-0.25498120238314265,43.75048435924873,-0.42709826723044364,6637.97,6604.72,0.030136986301369864,140.53312585814615,57.703059255416974,4.921875020760506,-0.8010173854122531,0.99636812703251,3.0-4.0%,0.98-1.00,2025-09-24→2025-09-25
2025-09-24,2025-09-25,C,6630.0,0.03287671232876712,324.40628189865646,0.7191017366580531,64.69936357593542,0.5606544390842558,6637.97,6604.72,0.030136986301369864,130.27633617114532,44.9371132665251,3.260132743880259,-2.0082399004484977,0.9971201029774401,3.0-4.0%,0.98-1.00,2025-09-24→2025-09-25
2025-09-24,2025-09-25,P,6630.0,0.03287671232876712,305.2896118597031,-0.2808982633420832,45.550499559898526,-0.44102963963499636,6637.97,6604.72,0.030136986301369864,145.64341845876322,60.02186558323592,4.610132743875738,-0.7142355178636262,0.9971201029774401,3.0-4.0%,0.98-1.00,2025-09-24→2025-09-25
2025-09-24,2025-09-25,C,6635.0,0.03287671232876712,287.16732338146596,0.616570283315412,61.59938028437955,0.5464244705949287,6637.97,6604.72,0.030136986301369864,127.93833332307831,42.36515919014391,0.4509619202374431,-1.881386352718625,0.9978720789223704,3.0-4.0%,0.98-1.00,2025-09-24→2025-09-25
2025-09-24,2025-09-25,P,6635.0,0.03287671232876712,273.04224710569093,-0.3834297166846601,47.4505162683422,-0.4552596081243236,6637.97,6604.72,0.030136986301369864,148.29793980549715,62.44991150685428,1.7009619202350486,-0.6873819701337638,0.9978720789223704,3.0-4.0%,0.98-1.00,2025-09-24→2025-09-25
2025-09-24,2025-09-25,C,6640.0,0.03287671232876712,318.0265545838979,0.7251516678646783,58.599396747019,0.5319324640049907,6637.97,6604.72,0.030136986301369864,126.68458034585048,39.90114898882939,4.5612929565005516,-1.8632455718340637,0.9986240548673005,3.0-4.0%,0.98-1.00,2025-09-24→2025-09-25
2025-09-24,2025-09-25,P,6640.0,0.03287671232876712,308.89307207127337,-0.27484833213546656,49.40053270677572,-0.46973027492093494,6637.97,6604.72,0.030136986301369864,152.03671102306015,64.93894019339405,5.861292956495737,-0.6185316411210877,0.9986240548673005,3.0-4.0%,0.98-1.00,2025-09-24→2025-09-25
2025-09-24,2025-09-25,C,6645.0,0.03287671232876712,328.42187295617236,0.7354764243433174,55.64941341731901,0.5172237976185875,6637.97,6604.72,0.030136986301369864,129.14632985561352,37.49726081585777,5.454591109415297,-1.8023087291819735,0.9993760308122307,3.0-4.0%,0.98-1.00,2025-09-24→2025-09-25
2025-09-24,2025-09-25,P,6645.0,0.03287671232876712,324.27998420667996,-0.2645235756568917,51.500549401281205,-0.48446028110066497,6637.97,6604.72,0.030136986301369864,159.4909847275836,67.58201313256859,6.70459110940835,-0.6083043465971087,0.9993760308122307,3.0-4.0%,0.98-1.00,2025-09-24→2025-09-25
2025-09-24,2025-09-25,C,6650.0,0.03287671232876712,303.67219528038856,0.671010959797085,52.74943036626519,0.5022953469349208,6637.97,6604.72,0.030136986301369864,127.5836927369407,35.153597924896076,3.9111144132530775,-1.6986797144138812,1.000128006757161,3.0-4.0%,1.00-1.02,2025-09-24→2025-09-25
2025-09-24,2025-09-25,P,6650.0,0.03287671232876712,304.52190029411787,-0.32898904020299996,53.60056635022829,-0.49938873178433174,6637.97,6604.72,0.030136986301369864,162.92087180371007,70.23835024160553,5.161114413250253,-0.5046753318290307,1.000128006757161,3.0-4.0%,1.00-1.02,2025-09-24→2025-09-25
2025-09-24,2025-09-25,C,6655.0,0.03287671232876712,304.06577325191546,0.6641265403637511,49.99944640472859,0.4871837483385271,6637.97,6604.72,0.030136986301369864,125.05145463312263,32.96119888423618,4.182207467094724,-1.701140367743971,1.000879982702091,3.0-4.0%,1.00-1.02,2025-09-24→2025-09-25
2025-09-24,2025-09-25,P,6655.0,0.03287671232876712,309.90707202883164,-0.3358734596362954,55.80058240378594,-0.5145208026060796,6637.97,6604.72,0.030136986301369864,165.3811578946752,73.00049650039364,5.482207467093184,-0.4578166866521407,1.000879982702091,3.0-4.0%,1.00-1.02,2025-09-24→2025-09-25
2025-09-24,2025-09-25,C,6660.0,0.03287671232876712,323.7611571682044,0.7386544391262366,47.29946482477271,0.4719013022249297,6637.97,6604.72,0.030136986301369864,127.199029662813,30.8271982498718,7.26026010094737,-1.609281701021084,1.0016319586470213,3.0-4.0%,1.00-1.02,2025-09-24→2025-09-25
2025-09-24,2025-09-25,P,6660.0,0.03287671232876712,334.5940497082401,-0.26134556087393823,58.05060088847449,-0.529853129648866,6637.97,6604.72,0.030136986301369864,172.52125711917031,75.82210170981762,8.61026010094155,-0.3176165608247956,1.0016319586470213,3.0-4.0%,1.00-1.02,2025-09-24→2025-09-25
2025-09-24,2025-09-25,C,6665.0,0.03287671232876712,317.20641871921254,0.7076851928407756,44.64948222628982,0.45644363436726926,6637.97,6604.72,0.030136986301369864,127.23847475406657,28.75169310179217,6.880532661955783,-1.4732491572883024,1.0023839345919516,3.0-4.0%,1.00-1.02,2025-09-24→2025-09-25
2025-09-24,2025-09-25,P,6665.0,0.03287671232876712,333.0309050224673,-0.29231480715929226,60.45061826603887,-0.5452906929392592,6637.97,6604.72,0.030136986301369864,177.55322640520194,78.79206245155638,8.130532661953527,-0.28091554023037446,1.0023839345919516,3.0-4.0%,1.00-1.02,2025-09-24→2025-09-25
2025-09-24,2025-09-25,C,6670.0,0.03287671232876712,278.4080931056105,0.5980894244742161,42.149500048253685,0.44093643238279073,6637.97,6604.72,0.030136986301369864,124.96555422792622,26.82247911157492,3.886473363767678,-1.338863623272216,1.0031359105368818,3.0-4.0%,1.00-1.02,2025-09-24→2025-09-25
2025-09-24,2025-09-25,P,6670.0,0.03287671232876712,299.2241731720011,-0.40191057552587744,62.85063619314451,-0.5609448147550347,6637.97,6604.72,0.030136986301369864,180.27283007385836,81.77574778456528,3.286473363764573,-2.0014150906049046,1.0031359105368818,3.0-4.0%,1.00-1.02,2025-09-24→2025-09-25
2025-09-24,2025-09-25,C,6675.0,0.03287671232876712,312.75119017682914,0.7232819451584592,39.6495177628517,0.4252237134307116,6637.97,6604.72,0.030136986301369864,123.99123026757175,24.906497266904807,8.449124676518764,-1.461311528428844,1.003887886481812,3.0-4.0%,1.00-1.02,2025-09-24→2025-09-25
2025-09-24,2025-09-25,P,6675.0,0.03287671232876712,338.5588640063338,-0.27671805484177986,65.50065374681526,-0.5764603652885399,6637.97,6604.72,0.030136986301369864,184.2910303082994,84.99124958361517,9.79912467651082,-0.167307145843953,1.003887886481812,3.0-4.0%,1.00-1.02,2025-09-24→2025-09-25
2025-09-24,2025-09-25,C,6565.0,0.03561643835616438,407.3039987160993,0.7346092220269518,116.65411643178868,0.7024272053052413,6637.97,6604.72,0.03287671232876712,148.85297700915743,91.48329120991502,-3.6242433676038637,-4.694295423600739,0.9872394421037656,3.0-4.0%,0.98-1.00,2025-09-24→2025-09-25
2025-09-24,2025-09-25,P,6565.0,0.03561643835616438,322.59979821808395,-0.26539077797195565,29.898280622414177,-0.29338540922871903,6637.97,6604.72,0.03287671232876712,98.59006320856929,38.86699127525026,-0.37424336756752297,-1.305064856854905,0.9872394421037656,3.0-4.0%,0.98-1.00,2025-09-24→2025-09-25
2025-09-24,2025-09-25,C,6570.0,0.03561643835616438,392.19320371959776,0.7390435307884773,110.85409580390296,0.6987656233359116,6637.97,6604.72,0.03287671232876712,145.96951385164041,85.9549428110804,-1.1768026012831285,-2.5160430240809397,0.9879913380992749,3.0-4.0%,0.98-1.00,2025-09-24→2025-09-25
2025-09-24,2025-09-25,P,6570.0,0.03561643835616438,312.48006628292336,-0.260956469210426,31.09822321903198,-0.30333525757814483,6637.97,6604.72,0.03287671232876712,100.69857041375965,40.42310810908111,0.07319739875333653,-1.335897314473316,0.9879913380992749,3.0-4.0%,0.98-1.00,2025-09-24→2025-09-25
2025-09-24,2025-09-25,C,6575.0,0.03561643835616438,396.55019231181086,0.7773461388319082,107.05403560958985,0.6886719353746498,6637.97,6604.72,0.03287671232876712,146.21156739143956,82.52056885834145,0.44675911616095476,-2.501658148792888,0.9887432340947842,3.0-4.0%,0.98-1.00,2025-09-24→2025-09-25
2025-09-24,2025-09-25,P,6575.0,0.03561643835616438,321.82811793645953,-0.22265386116686658,32.29816305450822,-0.31341302467105864,6637.97,6604.72,0.03287671232876712,105.93259431620949,41.98820646482454,1.6467591162016904,-1.370983070312695,0.9887432340947842,3.0-4.0%,0.98-1.00,2025-09-24→2025-09-25
2025-09-24,2025-09-25,C,6580.0,0.03561643835616438,410.5615999007614,0.7558556497362177,103.20397659348782,0.6785709117019308,6637.97,6604.72,0.03287671232876712,144.27058100716943,79.04443935586005,0.2322003537292332,-2.337517185910805,0.9894951300902936,3.0-4.0%,0.98-1.00,2025-09-24→2025-09-25
2025-09-24,2025-09-25,P,6580.0,0.03561643835616438,340.8305885866787,-0.24414435026273262,33.49810330436685,-0.3236377511244346,6637.97,6604.72,0.03287671232876712,108.98357829460535,43.56303295046837,1.3322003537641436,-1.3109552248874472,0.9894951300902936,3.0-4.0%,0.98-1.00,2025-09-24→2025-09-25
2025-09-24,2025-09-25,C,6585.0,0.03561643835616438,370.68719302780187,0.6634377897136463,99.55391326917743,0.6677611013808117,6637.97,6604.72,0.03287671232876712,141.16428234424325,75.78424390788314,-2.490693492021258,-2.3469433790880103,0.9902470260858028,3.0-4.0%,0.98-1.00,2025-09-24→2025-09-25
2025-09-24,2025-09-25,P,6585.0,0.03561643835616438,305.9472447749613,-0.33656221028552663,34.79804089529671,-0.33429101029830977,6637.97,6604.72,0.03287671232876712,110.86924999436461,45.25077212807946,-1.3406934919937594,-1.2651760924187982,0.9902470260858028,3.0-4.0%,0.98-1.00,2025-09-24→2025-09-25
2025-09-24,2025-09-25,C,6590.0,0.03561643835616438,367.68110464455157,0.7632145134951909,95.95384839681265,0.6566910485343229,6637.97,6604.72,0.03287671232876712,140.722158946806,72.58460306930738,1.1268825737150827,-2.4150226362337754,0.9909989220813122,3.0-4.0%,0.98-1.00,2025-09-24→2025-09-25
2025-09-24,2025-09-25,P,6590.0,0.03561643835616438,307.93221945315645,-0.23678548650349396,36.14797684075393,-0.3452214794267808,6637.97,6604.72,0.03287671232876712,115.41909695962467,46.99963493924179,2.3268825737588283,-1.2786141909404574,0.9909989220813122,3.0-4.0%,0.98-1.00,2025-09-24→2025-09-25
2025-09-24,2025-09-25,C,6595.0,0.03561643835616438,405.70242807784064,0.7672006973316567,92.35378268596924,0.6454783502386237,6637.97,6604.72,0.03287671232876712,140.38604655509434,69.39486102635601,1.6594231862775928,-2.3878448545657562,0.9917508180768215,3.0-4.0%,0.98-1.00,2025-09-24→2025-09-25
2025-09-24,2025-09-25,P,6595.0,0.03561643835616438,350.9446059476916,-0.23279930266728077,37.5479111823297,-0.35642523182681046,6637.97,6604.72,0.03287671232876712,120.07495493059416,48.809584928497316,2.859423186312916,-1.2511389582414463,0.9917508180768215,3.0-4.0%,0.98-1.00,2025-09-24→2025-09-25
2025-09-24,2025-09-25,C,6600.0,0.03561643835616438,382.3819762196926,0.7000798644119205,88.8537150050779,0.6338918566941348,6637.97,6604.72,0.03287671232876712,137.7034903858943,66.31645713096896,-0.22234450830364239,-2.423095764920017,0.9925027140723309,3.0-4.0%,0.98-1.00,2025-09-24→2025-09-25
2025-09-24,2025-09-25,P,6600.0,0.03561643835616438,332.6152171508484,-0.29992013558705977,38.947844775647354,-0.3677949288367575,6637.97,6604.72,0.03287671232876712,122.38436912406381,50.63032332658122,1.07765549173026,-1.1791813838221898,0.9925027140723309,3.0-4.0%,0.98-1.00,2025-09-24→2025-09-25
2025-09-24,2025-09-25,C,6605.0,0.03561643835616438,372.20583051576017,0.7440359605424639,85.30364656525808,0.6222460726984327,6637.97,6604.72,0.03287671232876712,135.65287516513018,63.19856165966121,1.7391956880369257,-2.310318082777112,0.9932546100678402,3.0-4.0%,0.98-1.00,2025-09-24→2025-09-25
2025-09-24,2025-09-25,P,6605.0,0.03561643835616438,327.43013450825066,-0.25596403945646073,40.44777572377234,-0.37954451551475654,6637.97,6604.72,0.03287671232876712,125.32572426597709,52.562697190786366,2.98919568807268,-1.1198551408656545,0.9932546100678402,3.0-4.0%,0.98-1.00,2025-09-24→2025-09-25
2025-09-24,2025-09-25,C,6610.0,0.03561643835616438,389.61766815109974,0.7682698279009602,81.9035756360081,0.6101475363365694,6637.97,6604.72,0.03287671232876712,136.89632406580856,60.24156951608711,2.944971777706918,-2.312594416809077,0.9940065060633496,3.0-4.0%,0.98-1.00,2025-09-24→2025-09-25
2025-09-24,2025-09-25,P,6610.0,0.03561643835616438,349.833035204909,-0.23173017209790014,42.047704794521906,-0.39164305187662,6637.97,6604.72,0.03287671232876712,131.5611435293331,54.60570504721227,4.244971777744823,-1.0721314748976134,0.9940065060633496,3.0-4.0%,0.98-1.00,2025-09-24→2025-09-25
2025-09-24,2025-09-25,C,6615.0,0.03561643835616438,391.7854370353149,0.7331821381683318,78.55350331183263,0.5978068550493022,6637.97,6604.72,0.03287671232876712,135.06984444362647,57.34490518340908,2.178306094097035,-2.322922069610698,0.9947584020588589,3.0-4.0%,0.98-1.00,2025-09-24→2025-09-25
2025-09-24,2025-09-25,P,6615.0,0.03561643835616438,356.9918671504225,-0.26681786183058426,43.647632907253865,-0.40390917423004236,6637.97,6604.72,0.03287671232876712,134.7266342698521,56.659799436617504,3.4783060941330746,-1.0799800431489075,0.9947584020588589,3.0-4.0%,0.98-1.00,2025-09-24→2025-09-25
2025-09-24,2025-09-25,C,6620.0,0.03561643835616438,364.3090300782046,0.6879622233596202,75.25342958454439,0.5852262987205163,6637.97,6604.72,0.03287671232876712,132.24900879467157,54.50854820188306,1.124743926707371,-2.2912255675428312,0.9955102980543683,3.0-4.0%,0.98-1.00,2025-09-24→2025-09-25
2025-09-24,2025-09-25,P,6620.0,0.03561643835616438,334.5065232545697,-0.3120377766393815,45.397558743056834,-0.41656428949267055,6637.97,6604.72,0.03287671232876712,136.89776898357624,58.87268373300731,2.3247439267405685,-1.1507626256312928,0.9955102980543683,3.0-4.0%,0.98-1.00,2025-09-24→2025-09-25
2025-09-24,2025-09-25,C,6625.0,0.03561643835616438,357.6685073737042,0.7566540932525462,71.95335477564913,0.5724611463760559,6637.97,6604.72,0.03287671232876712,133.27853813110244,51.68399594645098,3.9087486006471615,-2.215666882996139,0.9962621940498776,3.0-4.0%,0.98-1.00,2025-09-24→2025-09-25
2025-09-24,2025-09-25,P,6625.0,0.03561643835616438,332.8570636114598,-0.24334590674626716,47.09748393416157,-0.4293294418371318,6637.97,6604.72,0.03287671232876712,142.91926868269417,61.048131477575225,5.158748600686616,-1.0252039410846319,0.9962621940498776,3.0-4.0%,0.98-1.00,2025-09-24→2025-09-25
2025-09-24,2025-09-25,C,6630.0,0.03561643835616438,391.7169930574578,0.7518499896836909,68.85327726557716,0.559308995568968,6637.97,6604.72,0.03287671232876712,133.08678063836228,49.06484867581048,4.149012156982728,-2.252975897331808,0.997014090045387,3.0-4.0%,0.98-1.00,2025-09-24→2025-09-25
2025-09-24,2025-09-25,P,6630.0,0.03561643835616438,371.89661235655353,-0.24815001031507533,48.89740691702127,-0.44239624789875376,6637.97,6604.72,0.03287671232876712,147.71948155261538,63.332774156796404,5.499012157023746,-0.959675242633562,0.997014090045387,3.0-4.0%,0.98-1.00,2025-09-24→2025-09-25
2025-09-24,2025-09-25,C,6635.0,0.03561643835616438,358.6615419875298,0.6681308933957385,65.65320002556018,0.5460588692972546,6637.97,6604.72,0.03287671232876712,130.66780186933025,46.36133140641232,1.9153522054083005,-2.1435425958662897,0.9977659860408963,3.0-4.0%,0.98-1.00,2025-09-24→2025-09-25
2025-09-24,2025-09-25,P,6635.0,0.03561643835616438,343.8322243478544,-0.3318691066032504,50.79732918407444,-0.4557317189159335,6637.97,6604.72,0.03287671232876712,150.29247314628765,65.72546693753793,3.165352205441927,-0.9530796539547861,0.9977659860408963,3.0-4.0%,0.98-1.00,2025-09-24→2025-09-25
2025-09-24,2025-09-25,C,6640.0,0.03561643835616438,350.47147156321904,0.7399956956367872,62.6531205227152,0.5324889232690276,6637.97,6604.72,0.03287671232876712,129.32534464562406,43.86087131494105,4.804856879923172,-2.0947433013048347,0.9985178820364057,3.0-4.0%,0.98-1.00,2025-09-24→2025-09-25
2025-09-24,2025-09-25,P,6640.0,0.03561643835616438,340.63321698487937,-0.2600043043620603,52.69724991492103,-0.4692617732564263,6637.97,6604.72,0.03287671232876712,153.9419862852371,68.13043398933996,6.154856879961493,-0.8029539607761773,0.9985178820364057,3.0-4.0%,0.98-1.00,2025-09-24→2025-09-25
2025-09-24,2025-09-25,C,6645.0,0.03561643835616438,379.2307654219952,0.7577846249534883,59.75303980820854,0.5187197711059787,6637.97,6604.72,0.03287671232876712,131.34504772084114,41.46600615611305,5.846338779703483,-2.1025676107262115,0.999269778031915,3.0-4.0%,0.98-1.00,2025-09-24→2025-09-25
2025-09-24,2025-09-25,P,6645.0,0.03561643835616438,374.38357390497737,-0.24221537504538493,54.79716906002841,-0.4830547309271211,6637.97,6604.72,0.03287671232876712,160.95365972316037,70.73641872308463,7.1463387797409545,-0.8615698033267734,0.999269778031915,3.0-4.0%,0.98-1.00,2025-09-24→2025-09-25
2025-09-24,2025-09-25,C,6650.0,0.03561643835616438,375.0701390009646,0.7134767476437532,56.7529580887126,0.504771177089583,6637.97,6604.72,0.03287671232876712,129.6812903926142,38.98973499001977,4.973101859154795,-1.9663583617713662,1.0000216740274244,3.0-4.0%,1.00-1.02,2025-09-24→2025-09-25
2025-09-24,2025-09-25,P,6650.0,0.03561643835616438,375.21401054525916,-0.2865232523551457,56.897087247225045,-0.49701941112360387,6637.97,6604.72,0.03287671232876712,164.28187275759433,73.35387052114311,6.173101859191394,-0.8258954198598403,1.0000216740274244,3.0-4.0%,1.00-1.02,2025-09-24→2025-09-25
2025-09-24,2025-09-25,C,6655.0,0.03561643835616438,353.5489097135097,0.6946070095557347,54.05287532596549,0.4906636002637291,6637.97,6604.72,0.03287671232876712,127.14088525146671,36.803885554255885,4.745683067728187,-2.035435291231,1.0007735700229337,3.0-4.0%,1.00-1.02,2025-09-24→2025-09-25
2025-09-24,2025-09-25,P,6655.0,0.03561643835616438,358.68384431909607,-0.30539299044318996,59.04700418894936,-0.5111768221516589,6637.97,6604.72,0.03287671232876712,166.73343797912253,76.03010329838162,6.095683067763934,-0.7466293365426608,1.0007735700229337,3.0-4.0%,1.00-1.02,2025-09-24→2025-09-25
2025-09-24,2025-09-25,C,6660.0,0.03561643835616438,351.6522779590637,0.7504440864101144,51.25279152826397,0.4763501221008461,6637.97,6604.72,0.03287671232876712,129.04123791398303,34.537550652100435,7.202265873136305,-1.9113584401468682,1.001525466018443,3.0-4.0%,1.00-1.02,2025-09-24→2025-09-25
2025-09-24,2025-09-25,P,6660.0,0.03561643835616438,361.7782756259771,-0.24955591358875454,61.19691999506813,-0.5255584654525904,6637.97,6604.72,0.03287671232876712,173.62576100435095,78.7196696251458,8.602265873173904,-0.5748189762986406,1.001525466018443,3.0-4.0%,1.00-1.02,2025-09-24→2025-09-25
2025-09-24,2025-09-25,C,6665.0,0.03561643835616438,380.98087057528807,0.7398168671028605,48.45270620502015,0.4617976133650722,6637.97,6604.72,0.03287671232876712,128.92768863676486,32.28504490942851,7.498910831170111,-1.7452293556113503,1.0022773620139525,3.0-4.0%,1.00-1.02,2025-09-24→2025-09-25
2025-09-24,2025-09-25,P,6665.0,0.03561643835616438,396.0979313034771,-0.2601831328961197,63.546835112534154,-0.5400357365316869,6637.97,6604.72,0.03287671232876712,178.50418208978888,81.60415659241608,8.798910831204022,-0.5061882396785862,1.0022773620139525,3.0-4.0%,1.00-1.02,2025-09-24→2025-09-25
2025-09-24,2025-09-25,C,6670.0,0.03561643835616438,344.651226992867,0.6478657506454634,46.00262079001641,0.4473549538935635,6637.97,6604.72,0.03287671232876712,126.7030399318524,30.359732363126113,4.941536208961654,-1.7254477830390158,1.0030292580094617,3.0-4.0%,1.00-1.02,2025-09-24→2025-09-25
2025-09-24,2025-09-25,P,6670.0,0.03561643835616438,364.7593507822935,-0.35213424935366255,65.94674860294526,-0.5546603591381011,6637.97,6604.72,0.03287671232876712,181.2715037475597,84.54568907430621,6.191536208990712,-0.5424569413418681,1.0030292580094617,3.0-4.0%,1.00-1.02,2025-09-24→2025-09-25
2025-09-24,2025-09-25,C,6675.0,0.03561643835616438,340.4718562985752,0.7357760418604703,43.50253575865236,0.4327059979353708,6637.97,6604.72,0.03287671232876712,125.71509776058947,28.40039689095829,8.414553391860636,-1.6625255686489222,1.003781154004971,3.0-4.0%,1.00-1.02,2025-09-24→2025-09-25
2025-09-24,2025-09-25,P,6675.0,0.03561643835616438,365.57104314942717,-0.26422395813829164,68.49666368741737,-0.5692944099136151,6637.97,6604.72,0.03287671232876712,185.27553193896838,87.6323740034677,7.814553391901798,-2.3290391296277093,1.003781154004971,3.0-4.0%,1.00-1.02,2025-09-24→2025-09-25
