asof0,asof1,cp,K,T,price0_pde,delta0_pde,price0_bsm,delta0_bsm,S0,S1,T1,price1_pde,price1_bsm,pnl_pde,pnl_bsm,m,T_bucket,m_bucket,pair
2025-09-25,2025-09-26,C,6570.0,0.010958904109589041,90.58286758428885,0.7254874519501968,53.350000000004,0.7088836120470461,6604.72,6643.7,0.00821917808219178,101.24198445452593,80.97443405101512,-4.229500877018349,-3.5822831975935436,0.9939786377802656,1.0-2.0%,0.98-1.00,2025-09-25→2025-09-26
2025-09-25,2025-09-26,P,6570.0,0.010958904109589041,50.81345610441905,-0.274512548049106,13.55000000000473,-0.29188553486607105,6604.72,6643.7,0.00821917808219178,25.81253028894627,3.442316391073973,-0.949500877045967,-0.2723018509206785,0.9939786377802656,1.0-2.0%,0.98-1.00,2025-09-25→2025-09-26
2025-09-25,2025-09-26,C,6575.0,0.010958904109589041,88.1610521702337,0.7286306444723708,49.549999786288026,0.6871455023477298,6604.72,6643.7,0.00821917808219178,100.39261234348426,76.40597688863727,-5.402022521532697,-3.7849316815142053,0.9947350903204333,1.0-2.0%,0.98-1.00,2025-09-25→2025-09-26
2025-09-25,2025-09-26,P,6575.0,0.010958904109589041,53.38779791145994,-0.2713693555268879,14.799999798693989,-0.3139507283253261,6604.72,6643.7,0.00821917808219178,29.961842002734954,3.8989378651610878,-2.072022521562028,-0.41220060987892637,0.9947350903204333,1.0-2.0%,0.98-1.00,2025-09-25→2025-09-26
2025-09-25,2025-09-26,C,6580.0,0.010958904109589041,86.0158816259752,0.7192233021562819,45.8999999978887,0.663879887252248,6604.72,6643.7,0.00821917808219178,95.84244651798016,71.91699224383592,-6.085324318051569,-3.928038005092347,0.9954915428606009,1.0-2.0%,0.98-1.00,2025-09-25→2025-09-26
2025-09-25,2025-09-26,P,6580.0,0.010958904109589041,56.23878458829468,-0.2807766978430742,16.099999997887608,-0.3368892596608662,6604.72,6643.7,0.00821917808219178,30.410360002066433,4.384874583895339,-2.7303243180770913,-0.5430566584195837,0.9954915428606009,1.0-2.0%,0.98-1.00,2025-09-25→2025-09-26
2025-09-25,2025-09-26,C,6585.0,0.010958904109589041,83.73629776443303,0.7041213313301349,42.34999999999309,0.6394895350425922,6604.72,6643.7,0.00821917808219178,90.75343387807426,67.48614861165606,-6.59664949524835,-4.077302075959963,0.9962479954007686,1.0-2.0%,0.98-1.00,2025-09-25→2025-09-26
2025-09-25,2025-09-26,P,6585.0,0.010958904109589041,58.95535794785616,-0.2958786686691384,17.59999999999218,-0.36152265368205194,6604.72,6643.7,0.00821917808219178,30.320031186989134,4.9815749780931355,-3.291649495277115,-0.7328469594737737,0.9962479954007686,1.0-2.0%,0.98-1.00,2025-09-25→2025-09-26
2025-09-25,2025-09-26,C,6590.0,0.010958904109589041,81.76213277943883,0.7119560823823069,38.950000008714596,0.6138027150010105,6604.72,6643.7,0.00821917808219178,93.06560818989637,63.14471977083667,-8.102048091262013,-4.276029830739123,0.9970044479409361,1.0-2.0%,0.98-1.00,2025-09-25→2025-09-26
2025-09-25,2025-09-26,P,6590.0,0.010958904109589041,61.977350183952446,-0.28804391761696096,19.15000000871396,-0.3869664319121051,6604.72,6643.7,0.00821917808219178,37.63088932365806,5.6126021108952955,-4.772048091290985,-0.9160484840663106,0.9970044479409361,1.0-2.0%,0.98-1.00,2025-09-25→2025-09-26
2025-09-25,2025-09-26,C,6595.0,0.010958904109589041,79.98150792728354,0.7039051891297108,35.600000000036744,0.5872780672521628,6604.72,6643.7,0.00821917808219178,89.40649298734174,58.838481662239246,-8.988224272275815,-4.442099061489046,0.9977609004811038,1.0-2.0%,0.98-1.00,2025-09-25→2025-09-26
2025-09-25,2025-09-26,P,6595.0,0.010958904109589041,65.19288255288407,-0.29609481086969536,20.85000000003447,-0.41364189499000914,6604.72,6643.7,0.00821917808219178,38.97045794594155,6.33667801269803,-5.658224272299407,-1.076238933289627,0.9977609004811038,1.0-2.0%,0.98-1.00,2025-09-25→2025-09-26
2025-09-25,2025-09-26,C,6600.0,0.010958904109589041,78.00969189664191,0.6903752615048617,32.44999938503224,0.5594718617512626,6604.72,6643.7,0.00821917808219178,84.4295209834368,54.660367123748074,-9.560827693459213,-4.458213171063978,0.9985173530212714,1.0-2.0%,0.98-1.00,2025-09-25→2025-09-26
2025-09-25,2025-09-26,P,6600.0,0.010958904109589041,68.21722374334371,-0.3096247384944723,22.699999394922088,-0.4413981750041777,6604.72,6643.7,0.00821917808219178,38.99216976686133,7.160109978767423,-6.480827693485601,-1.344299138337341,0.9985173530212714,1.0-2.0%,0.98-1.00,2025-09-25→2025-09-26
2025-09-25,2025-09-26,C,6605.0,0.010958904109589041,76.30144550638221,0.686017207568069,29.399999999324336,0.5307821333853717,6604.72,6643.7,0.00821917808219178,85.8086173682314,50.55446313905213,-10.990950751003027,-4.939887559361551,0.9992738055614391,1.0-2.0%,0.98-1.00,2025-09-25→2025-09-26
2025-09-25,2025-09-26,P,6605.0,0.010958904109589041,71.50513457418512,-0.3139827924312317,24.649999999335705,-0.47003581319617754,6604.72,6643.7,0.00821917808219178,45.369949976482054,8.055824724024887,-7.6609507510307235,-1.578004001613202,0.9992738055614391,1.0-2.0%,0.98-1.00,2025-09-25→2025-09-26
2025-09-25,2025-09-26,C,6610.0,0.010958904109589041,74.81143274015282,0.6895498162012021,26.550000000045657,0.501206710950768,6604.72,6643.7,0.00821917808219178,84.61619743903921,46.59248291062522,-12.578651835522557,-5.237037592860716,1.0000302581016067,1.0-2.0%,1.00-1.02,2025-09-25→2025-09-26
2025-09-25,2025-09-26,P,6610.0,0.010958904109589041,75.01127902905496,-0.3104501837980222,26.75000000004593,-0.4995624359623486,6604.72,6643.7,0.00821917808219178,49.17621387213675,9.060365250685209,-9.198651835553232,-1.827056246187869,1.0000302581016067,1.0-2.0%,1.00-1.02,2025-09-25→2025-09-26
2025-09-25,2025-09-26,C,6615.0,0.010958904109589041,73.35113341777588,0.679444127624488,23.799999998193016,0.47093285131268564,6604.72,6643.7,0.00821917808219178,80.07037120349209,42.712072314352554,-13.634732094802242,-5.506962544168275,1.0007867106417743,1.0-2.0%,1.00-1.02,2025-09-25→2025-09-26
2025-09-25,2025-09-26,P,6615.0,0.010958904109589041,78.54713692777028,-0.3205558723748676,29.049999998222575,-0.5297728134151249,6604.72,6643.7,0.00821917808219178,49.62907146142653,10.217040659375698,-10.304732094827802,-2.1494557330786606,1.0007867106417743,1.0-2.0%,1.00-1.02,2025-09-25→2025-09-26
2025-09-25,2025-09-26,C,6620.0,0.010958904109589041,71.79745246303803,0.6646616915671993,21.250000002684374,0.4401766585539624,6604.72,6643.7,0.00821917808219178,75.09075749333485,38.99198723432983,-14.558512737289139,-5.808086150433258,1.001543163181942,1.0-2.0%,1.00-1.02,2025-09-25→2025-09-26
2025-09-25,2025-09-26,P,6620.0,0.010958904109589041,81.98961319412498,-0.3353383084321542,31.450000002683737,-0.5605924883591548,6604.72,6643.7,0.00821917808219178,49.64814157611536,11.459869574388449,-11.128512737314775,-2.3481048037603927,1.001543163181942,1.0-2.0%,1.00-1.02,2025-09-25→2025-09-26
2025-09-25,2025-09-26,C,6625.0,0.010958904109589041,70.48036441501947,0.6766440429548268,18.80000000023074,0.4088945924003277,6604.72,6643.7,0.00821917808219178,81.35092508095619,35.362409392785594,-16.475584794378857,-6.038711211764598,1.0022996157221096,1.0-2.0%,1.00-1.02,2025-09-25→2025-09-26
2025-09-25,2025-09-26,P,6625.0,0.010958904109589041,85.66868236720637,-0.32335595704445347,34.05000000022301,-0.5916874751041058,6604.72,6643.7,0.00821917808219178,60.90699298856847,12.871466583152142,-13.09558479440734,-2.636022220442211,1.0022996157221096,1.0-2.0%,1.00-1.02,2025-09-25→2025-09-26
2025-09-25,2025-09-26,C,6630.0,0.010958904109589041,69.65149071166137,0.6703828282343236,16.600000076750803,0.3777993567702217,6604.72,6643.7,0.00821917808219178,77.8001975709237,31.95343635975769,-17.731522644573644,-6.326618926903079,1.0030560682622771,1.0-2.0%,1.00-1.02,2025-09-25→2025-09-26
2025-09-25,2025-09-26,P,6630.0,0.010958904109589041,89.83596588494174,-0.3296171717649847,36.850000073811316,-0.6227174559131655,6604.72,6643.7,0.00821917808219178,62.35494930336538,14.464746350180576,-14.401522644601041,-2.9764735685050816,1.0030560682622771,1.0-2.0%,1.00-1.02,2025-09-25→2025-09-26
2025-09-25,2025-09-26,C,6635.0,0.010958904109589041,68.33330030876954,0.6567349634615509,14.549999999493593,0.34680670074998277,6604.72,6643.7,0.00821917808219178,72.87912531053172,28.693957962259447,-18.64952887573097,-6.568525195234178,1.0038125208024449,1.0-2.0%,1.00-1.02,2025-09-25→2025-09-26
2025-09-25,2025-09-26,P,6635.0,0.010958904109589041,93.5139327031451,-0.34326503653778745,39.74999999949341,-0.6539624461631359,6604.72,6643.7,0.00821917808219178,62.43256086780577,16.161840302317614,-15.269528875757194,-3.1585438485612443,1.0038125208024449,1.0-2.0%,1.00-1.02,2025-09-25→2025-09-26
2025-09-25,2025-09-26,C,6640.0,0.010958904109589041,67.26257930562396,0.6571182394559778,12.64999976494255,0.31608829417728435,6604.72,6643.7,0.00821917808219178,78.61098792268113,25.59107926949764,-20.01446897399373,-6.721121707030406,1.0045689733426124,1.0-2.0%,1.00-1.02,2025-09-25→2025-09-26
2025-09-25,2025-09-26,P,6640.0,0.010958904109589041,97.4393689211003,-0.34288176054322445,42.949999795301665,-0.6838985458152719,6604.72,6643.7,0.00821917808219178,73.16310730478381,18.155620602388353,-16.784468974025263,-3.491634684121003,1.0045689733426124,1.0-2.0%,1.00-1.02,2025-09-25→2025-09-26
2025-09-25,2025-09-26,C,6645.0,0.010958904109589041,66.62857602976793,0.6621604839569095,10.900000000077398,0.2858265111950189,6604.72,6643.7,0.00821917808219178,77.67942205964488,22.652097330362267,-21.461015664640044,-6.791517406381713,1.0053254258827802,1.0-2.0%,1.00-1.02,2025-09-25→2025-09-26
2025-09-25,2025-09-26,P,6645.0,0.010958904109589041,101.80152286633653,-0.33783951604237394,46.10000000007767,-0.7149426357180957,6604.72,6643.7,0.00821917808219178,77.23022526659344,20.1199796704218,-18.13101566466841,-3.431536059708943,1.0053254258827802,1.0-2.0%,1.00-1.02,2025-09-25→2025-09-26
2025-09-25,2025-09-26,C,6650.0,0.010958904109589041,65.72732685951212,0.6520168423023781,9.40000021747619,0.2573089461124003,6604.72,6643.7,0.00821917808219178,73.31090872510306,19.992372243343198,-22.315616512946413,-6.929902719461252,1.0060818784229477,1.0-2.0%,1.00-1.02,2025-09-25→2025-09-26
2025-09-25,2025-09-26,P,6650.0,0.010958904109589041,105.89643091717627,-0.3479831576969463,49.55000024847595,-0.744004104242749,6604.72,6643.7,0.00821917808219178,77.86039575689746,22.406401851179908,-18.88561651297318,-3.4487200166179655,1.0060818784229477,1.0-2.0%,1.00-1.02,2025-09-25→2025-09-26
2025-09-25,2025-09-26,C,6655.0,0.010958904109589041,64.69392666830984,0.6377820493829399,7.999999899672048,0.22936229923647206,6604.72,6643.7,0.00821917808219178,71.03225564806793,17.46739263836207,-22.760744284946718,-6.840542424237581,1.0068383309631153,1.0-2.0%,1.00-1.02,2025-09-25→2025-09-26
2025-09-25,2025-09-26,P,6655.0,0.010958904109589041,109.85918794706686,-0.3622179506164162,53.149999878778544,-0.7720306823581701,6604.72,6643.7,0.00821917808219178,80.58042650469436,24.878447240521837,-19.330744284972255,-3.3562440016788706,1.0068383309631153,1.0-2.0%,1.00-1.02,2025-09-25→2025-09-26
2025-09-25,2025-09-26,C,6660.0,0.010958904109589041,63.85365991500183,0.652732959189318,6.800000000816681,0.20341136404258517,6604.72,6643.7,0.00821917808219178,78.21527798279804,15.197338805600339,-24.24353074919933,-6.7289749703798805,1.007594783503283,1.0-2.0%,1.00-1.02,2025-09-25→2025-09-26
2025-09-25,2025-09-26,P,6660.0,0.010958904109589041,114.01507841486281,-0.3472670408099268,57.050000000587715,-0.796659125783539,6604.72,6643.7,0.00821917808219178,92.76213266425493,27.724953521924363,-20.813530749229198,-3.296227276957989,1.007594783503283,1.0-2.0%,1.00-1.02,2025-09-25→2025-09-26
2025-09-25,2025-09-26,C,6665.0,0.010958904109589041,63.69274300708172,0.6483792378515751,5.799999996001361,0.1799824892473959,6604.72,6643.7,0.00821917808219178,74.8805152471351,13.201697195442193,-24.773822691454114,-6.515717430863415,1.0083512360434506,1.0-2.0%,1.00-1.02,2025-09-25→2025-09-26
2025-09-25,2025-09-26,P,6665.0,0.010958904109589041,118.85031872804352,-0.35162076214759974,60.899999990964716,-0.8223466667856395,6604.72,6643.7,0.00821917808219178,94.42605375342777,30.5438742880915,-21.343822691486714,-2.994926928696131,1.0083512360434506,1.0-2.0%,1.00-1.02,2025-09-25→2025-09-26
2025-09-25,2025-09-26,C,6670.0,0.010958904109589041,62.77454059854267,0.634853699345044,4.750000010712597,0.15534010637024126,6604.72,6643.7,0.00821917808219178,70.10982943829936,11.17146631258447,-24.646597200469536,-5.955157346311937,1.0091076885836183,1.0-2.0%,1.00-1.02,2025-09-25→2025-09-26
2025-09-25,2025-09-26,P,6670.0,0.010958904109589041,122.92827354059804,-0.36514630065420883,64.95000001071276,-0.8454290405428693,6604.72,6643.7,0.00821917808219178,94.65405176943581,33.63934865264309,-21.2665972004991,-2.5451759996393264,1.0091076885836183,1.0-2.0%,1.00-1.02,2025-09-25→2025-09-26
2025-09-25,2025-09-26,C,6675.0,0.010958904109589041,62.03630302546292,0.6371093612025372,3.9500000000010687,0.13452870360574465,6604.72,6643.7,0.00821917808219178,77.36529272842023,9.496416613244719,-25.084522899674624,-5.493928866551868,1.0098641411237859,1.0-2.0%,1.00-1.02,2025-09-25→2025-09-26
2025-09-25,2025-09-26,P,6675.0,0.010958904109589041,127.18619318860205,-0.36289063879686295,69.14999999999964,-0.8662404433073861,6604.72,6643.7,0.00821917808219178,106.90819888439307,36.964298953302205,-21.754522899698447,-2.1339475198784754,1.0098641411237859,1.0-2.0%,1.00-1.02,2025-09-25→2025-09-26
2025-09-25,2025-09-26,C,6570.0,0.0136986301369863,100.62861600375008,0.7401315215818434,59.550084990331015,0.6706248561613612,6604.72,6643.7,0.010958904109589041,110.9710437068321,85.11308384277254,-8.050326711259935,-5.340956893169572,0.9940162150100703,1.0-2.0%,0.98-1.00,2025-09-25→2025-09-26
2025-09-25,2025-09-26,P,6570.0,0.0136986301369863,61.107391604984976,-0.2598684784189151,19.899958209536635,-0.32963882655572835,6604.72,6643.7,0.010958904109589041,35.638301945932184,7.463647184734555,-4.2203267112308005,-1.5006785408578516,0.9940162150100703,1.0-2.0%,0.98-1.00,2025-09-25→2025-09-26
2025-09-25,2025-09-26,C,6575.0,0.0136986301369863,98.36905026096784,0.7437691875762341,56.000082589599515,0.6516139964387926,6604.72,6643.7,0.010958904109589041,110.72897800579076,80.84084173070187,-9.092122931721274,-5.4999135811838435,0.9947726961478253,1.0-2.0%,0.98-1.00,2025-09-25→2025-09-26
2025-09-25,2025-09-26,P,6575.0,0.0136986301369863,63.844171962357294,-0.2562308124244953,21.399955776634215,-0.3489105340995091,6604.72,6643.7,0.010958904109589041,40.39499367125475,8.22187708436195,-5.312122931693285,-1.699467380801286,0.9947726961478253,1.0-2.0%,0.98-1.00,2025-09-25→2025-09-26
2025-09-25,2025-09-26,C,6580.0,0.0136986301369863,96.47840377099713,0.7362136326209795,52.50008032401729,0.6320581866542493,6604.72,6643.7,0.010958904109589041,106.22701777415776,76.60564666773189,-9.597607399565465,-5.537628115782368,0.9955291772855803,1.0-2.0%,0.98-1.00,2025-09-25→2025-09-26
2025-09-25,2025-09-26,P,6580.0,0.0136986301369863,66.94987157254991,-0.26378636737966704,22.899953513682703,-0.3684934589260621,6604.72,6643.7,0.010958904109589041,40.89179086598112,8.985754944038263,-5.917607399540692,-1.8361249710622598,0.9955291772855803,1.0-2.0%,0.98-1.00,2025-09-25→2025-09-26
2025-09-25,2025-09-26,C,6585.0,0.0136986301369863,94.32807100389402,0.7229190956725821,49.10007754609114,0.6117704294729094,6604.72,6643.7,0.010958904109589041,101.09661766930441,72.44139917103348,-10.07938634931693,-5.746811340853739,0.9962856584233353,1.0-2.0%,0.98-1.00,2025-09-25→2025-09-26
2025-09-25,2025-09-26,P,6585.0,0.0136986301369863,69.79588490558915,-0.2770809043281979,24.499950726298266,-0.3888094414421207,6604.72,6643.7,0.010958904109589041,40.76014818748594,9.82053949480428,-6.349386349286966,-1.9942079725863024,0.9962856584233353,1.0-2.0%,0.98-1.00,2025-09-25→2025-09-26
2025-09-25,2025-09-26,C,6590.0,0.0136986301369863,92.49939599739557,0.7308797326250038,45.85007486575432,0.5906728981473842,6604.72,6643.7,0.010958904109589041,104.27691564626446,68.38576648203434,-11.339691977722332,-5.87442956978478,0.9970421395610903,1.0-2.0%,0.98-1.00,2025-09-25→2025-09-26
2025-09-25,2025-09-26,P,6590.0,0.0136986301369863,72.96355599924094,-0.26912026737578904,26.24994804202197,-0.40993665945757146,6604.72,6643.7,0.010958904109589041,48.939203590808674,10.76387425112489,-7.659691977691859,-2.1706690143440426,0.9970421395610903,1.0-2.0%,0.98-1.00,2025-09-25→2025-09-26
2025-09-25,2025-09-26,C,6595.0,0.0136986301369863,90.9353208426794,0.7244148203457602,42.75007210593458,0.5688992093109562,6604.72,6643.7,0.010958904109589041,100.72650578822574,64.44428311471438,-12.43768969707742,-6.375691178940826,0.9977986206988453,1.0-2.0%,0.98-1.00,2025-09-25→2025-09-26
2025-09-25,2025-09-26,P,6595.0,0.0136986301369863,76.39582694468608,-0.27558517965496493,28.049945301421758,-0.4315586882014645,6604.72,6643.7,0.010958904109589041,50.387551159130666,11.74864942738418,-8.40768969704959,-2.327842333907107,0.9977986206988453,1.0-2.0%,0.98-1.00,2025-09-25→2025-09-26
2025-09-25,2025-09-26,C,6600.0,0.0136986301369863,89.09372815841999,0.7126641336293983,39.60006925237167,0.5468239866647688,6604.72,6643.7,0.010958904109589041,95.72140029861488,60.47279575202447,-12.679647928873631,-6.215199000192449,0.9985551018366003,1.0-2.0%,0.98-1.00,2025-09-25→2025-09-26
2025-09-25,2025-09-26,P,6600.0,0.0136986301369863,79.5505803605827,-0.28733586637127195,29.999942420054595,-0.45384759652895207,6604.72,6643.7,0.010958904109589041,50.38120309587421,12.848752946785226,-8.999647928847944,-2.5090206873016463,0.9985551018366003,1.0-2.0%,0.98-1.00,2025-09-25→2025-09-26
2025-09-25,2025-09-26,C,6605.0,0.0136986301369863,87.49185750901812,0.7092959153538071,36.650066423056614,0.5240629512562819,6604.72,6643.7,0.010958904109589041,97.64092535058423,56.65639445063334,-13.498354780491091,-6.27797383996964,0.9993115829743553,1.0-2.0%,0.98-1.00,2025-09-25→2025-09-26
2025-09-25,2025-09-26,P,6605.0,0.0136986301369863,82.94505581132869,-0.29070408464694164,32.04993958730938,-0.47664136345329267,6604.72,6643.7,0.010958904109589041,57.29948557423366,14.031209302091838,-9.918354780462337,-2.6705196525908548,0.9993115829743553,1.0-2.0%,0.98-1.00,2025-09-25→2025-09-26
2025-09-25,2025-09-26,C,6610.0,0.0136986301369863,86.15055886197064,0.7132420200647779,33.800063479196524,0.5008354858426324,6604.72,6643.7,0.010958904109589041,96.67641113865166,52.92454876840475,-14.852173942124729,-6.572567238145588,1.0000680641121102,1.0-2.0%,1.00-1.02,2025-09-25→2025-09-26
2025-09-25,2025-09-26,P,6610.0,0.0136986301369863,86.60010326444326,-0.2867579799359085,34.24993664002841,-0.499895828556641,6604.72,6643.7,0.010958904109589041,61.33372878864661,15.337926160813367,-11.22217394209841,-2.9140606028623495,1.0000680641121102,1.0-2.0%,1.00-1.02,2025-09-25→2025-09-26
2025-09-25,2025-09-26,C,6615.0,0.0136986301369863,84.84444201232793,0.7046992622928177,31.10006048540663,0.4772181885375345,6604.72,6643.7,0.010958904109589041,92.11946704529545,49.320287784255015,-15.219177244173725,-6.351964989192886,1.0008245452498654,1.0-2.0%,1.00-1.02,2025-09-25→2025-09-26
2025-09-25,2025-09-26,P,6615.0,0.0136986301369863,90.29033251495477,-0.29530073770782356,36.49993364091824,-0.5235550734629948,6604.72,6643.7,0.010958904109589041,61.77554212165504,16.692684855752304,-11.889177244149165,-2.9918232364126887,1.0008245452498654,1.0-2.0%,1.00-1.02,2025-09-25→2025-09-26
2025-09-25,2025-09-26,C,6620.0,0.0136986301369863,83.3547689405595,0.6916847852257233,28.500057270434354,0.45327369179794086,6604.72,6643.7,0.010958904109589041,87.05897785978487,45.80709559201841,-15.811872928098392,-6.518608506283538,1.0015810263876204,1.0-2.0%,1.00-1.02,2025-09-25→2025-09-26
2025-09-25,2025-09-26,P,6620.0,0.0136986301369863,93.79700554334272,-0.3083152147748974,38.84993040652989,-0.5476143682612015,6604.72,6643.7,0.010958904109589041,61.713810362510635,18.135964955182317,-12.431872928074638,-3.103991925178608,1.0015810263876204,1.0-2.0%,1.00-1.02,2025-09-25→2025-09-26
2025-09-25,2025-09-26,C,6625.0,0.0136986301369863,82.11576279190835,0.7031563984605401,26.000054378669574,0.42903524114157277,6604.72,6643.7,0.010958904109589041,93.90558789528555,42.386894033634235,-17.25903641199155,-6.573793699698321,1.0023375075253753,1.0-2.0%,1.00-1.02,2025-09-25→2025-09-26
2025-09-25,2025-09-26,P,6625.0,0.0136986301369863,97.55434549484723,-0.29684360154004613,41.44992753950055,-0.5716960732577018,6604.72,6643.7,0.010958904109589041,73.55917782436565,19.800271426043764,-14.079036411969133,-3.3652870644150354,1.0023375075253753,1.0-2.0%,1.00-1.02,2025-09-25→2025-09-26
2025-09-25,2025-09-26,C,6630.0,0.0136986301369863,81.45543890243559,0.6980830710136559,23.60005127391696,0.4045335436496392,6604.72,6643.7,0.010958904109589041,90.35833231887804,39.06146559954004,-18.111278108112,-6.668717531462759,1.0030939886631303,1.0-2.0%,1.00-1.02,2025-09-25→2025-09-26
2025-09-25,2025-09-26,P,6630.0,0.0136986301369863,101.89036770550554,-0.30191692898718225,44.049924434748846,-0.5961977707496345,6604.72,6643.7,0.010958904109589041,75.01067967432286,21.474842991949117,-14.881278108079766,-3.4102108961795032,1.0030939886631303,1.0-2.0%,1.00-1.02,2025-09-25→2025-09-26
2025-09-25,2025-09-26,C,6635.0,0.0136986301369863,80.1854874624405,0.686038052281496,21.400048254583453,0.38018852822670296,6604.72,6643.7,0.010958904109589041,85.37775789475484,35.92523599502783,-18.741763277932414,-6.8197488302767155,1.0038504698008852,1.0-2.0%,1.00-1.02,2025-09-25→2025-09-26
2025-09-25,2025-09-26,P,6635.0,0.0136986301369863,105.61676236567396,-0.31396194771921626,46.84992141541625,-0.6205427861725692,6604.72,6643.7,0.010958904109589041,75.02886267654672,23.338613387437817,-15.511763277905088,-3.5612421949935253,1.0038504698008852,1.0-2.0%,1.00-1.02,2025-09-25→2025-09-26
2025-09-25,2025-09-26,C,6640.0,0.0136986301369863,79.16624370070785,0.6868649647707922,19.400045156748547,0.3562770748001232,6604.72,6643.7,0.010958904109589041,91.37299842031038,32.98860932278512,-19.873996326765177,-6.987680375708646,1.0046069509386404,1.0-2.0%,1.00-1.02,2025-09-25→2025-09-26
2025-09-25,2025-09-26,P,6640.0,0.0136986301369863,109.5938647040912,-0.31313503522987485,49.74991825762663,-0.644927199151093,6604.72,6643.7,0.010958904109589041,86.02286062847281,25.306244181714646,-16.543996326739617,-3.6107377770906766,1.0046069509386404,1.0-2.0%,1.00-1.02,2025-09-25→2025-09-26
2025-09-25,2025-09-26,C,6645.0,0.0136986301369863,78.64662700135068,0.6919071170799319,17.400042062239663,0.33197626113643763,6604.72,6643.7,0.010958904109589041,90.4399067142838,30.06490983682761,-21.020539423775443,-6.990434659098192,1.0053634320763953,1.0-2.0%,1.00-1.02,2025-09-25→2025-09-26
2025-09-25,2025-09-26,P,6645.0,0.0136986301369863,114.07059410489204,-0.3080928829207609,52.79991518680799,-0.6690347945694647,6604.72,6643.7,0.010958904109589041,90.08852634880795,27.428876233429037,-17.79053942374887,-3.721023707682555,1.0053634320763953,1.0-2.0%,1.00-1.02,2025-09-25→2025-09-26
2025-09-25,2025-09-26,C,6650.0,0.0136986301369863,77.8185484209958,0.6830144044137355,15.600039242255207,0.30835929265724404,6604.72,6643.7,0.010958904109589041,86.01012653498566,27.350536484782424,-21.673901484047114,-7.069845227779236,1.0061199132141503,1.0-2.0%,1.00-1.02,2025-09-25→2025-09-26
2025-09-25,2025-09-26,P,6650.0,0.0136986301369863,118.23886162469104,-0.31698559558694434,55.99991229430816,-0.6926955247125053,6604.72,6643.7,0.010958904109589041,90.65750359587474,29.71292574092513,-18.39390148402105,-3.7487284467068456,1.0061199132141503,1.0-2.0%,1.00-1.02,2025-09-25→2025-09-26
2025-09-25,2025-09-26,C,6655.0,0.0136986301369863,76.79703472659764,0.6704096493456104,13.900036123050768,0.2850016640063976,6604.72,6643.7,0.010958904109589041,83.71282149132074,24.751688051641395,-22.0325681314916,-7.009364862969255,1.0068763943519052,1.0-2.0%,1.00-1.02,2025-09-25→2025-09-26
2025-09-25,2025-09-26,P,6655.0,0.0136986301369863,122.21369403046293,-0.329590350654906,59.19990914301343,-0.716841467985717,6604.72,6643.7,0.010958904109589041,93.35895597856555,32.007084453483,-18.702568131471914,-3.607519577917067,1.0068763943519052,1.0-2.0%,1.00-1.02,2025-09-25→2025-09-26
2025-09-25,2025-09-26,C,6660.0,0.0136986301369863,76.00047155160127,0.6843605527062177,12.400033376107103,0.26278421239927663,6604.72,6643.7,0.010958904109589041,91.02206181263912,22.378859686323267,-23.426374344488064,-6.9933285993236876,1.0076328754896604,1.0-2.0%,1.00-1.02,2025-09-25→2025-09-26
2025-09-25,2025-09-26,P,6660.0,0.0136986301369863,126.41347695560185,-0.3156394472944687,62.64990636226776,-0.7396129984770847,6604.72,6643.7,0.010958904109589041,105.66695372624433,34.57493619632942,-19.996374344461753,-3.469885319363563,1.0076328754896604,1.0-2.0%,1.00-1.02,2025-09-25→2025-09-26
2025-09-25,2025-09-26,C,6665.0,0.0136986301369863,75.95161635649957,0.6806477711761698,10.900030442143816,0.24020266067169954,6604.72,6643.7,0.010958904109589041,87.62304873805607,20.02042238654076,-23.931650120446804,-6.7630997129827435,1.0083893566274154,1.0-2.0%,1.00-1.02,2025-09-25→2025-09-26
2025-09-25,2025-09-26,P,6665.0,0.0136986301369863,131.36096786065542,-0.31935222882450687,66.24990348410392,-0.7614590051182749,6604.72,6643.7,0.010958904109589041,107.26669807801649,37.32164786647172,-20.65165012042086,-3.418327980489977,1.0083893566274154,1.0-2.0%,1.00-1.02,2025-09-25→2025-09-26
2025-09-25,2025-09-26,C,6670.0,0.0136986301369863,75.02917213646155,0.6685578916440205,9.600027767481151,0.21907915922347498,6604.72,6643.7,0.010958904109589041,82.7689965094097,17.899207390913944,-24.160386616283624,-6.63970562653096,1.0091458377651703,1.0-2.0%,1.00-1.02,2025-09-25→2025-09-26
2025-09-25,2025-09-26,P,6670.0,0.0136986301369863,135.43486974077382,-0.33144210835664756,69.949900797993,-0.7826803537728821,6604.72,6643.7,0.010958904109589041,107.41140327573515,40.19689646890765,-20.88038661625803,-3.2911198099333987,1.0091458377651703,1.0-2.0%,1.00-1.02,2025-09-25→2025-09-26
2025-09-25,2025-09-26,C,6675.0,0.0136986301369863,74.3091136725725,0.6709689963360801,8.40002518883125,0.19866485308966939,6604.72,6643.7,0.010958904109589041,90.19066211932055,15.909212782554732,-24.80437147718011,-6.393955973435225,1.0099023189029253,1.0-2.0%,1.00-1.02,2025-09-25→2025-09-26
2025-09-25,2025-09-26,P,6675.0,0.0136986301369863,139.71115737703926,-0.32903100366456006,73.74989821219333,-0.8031965386703239,6604.72,6643.7,0.010958904109589041,119.83182631201268,43.203235824135845,-21.174371477155592,-2.691398922631123,1.0099023189029253,1.0-2.0%,1.00-1.02,2025-09-25→2025-09-26
2025-09-25,2025-09-26,C,6570.0,0.01643835616438356,111.1378816180364,0.7583062496469473,65.807648522411,0.6575689886148207,6604.72,6643.7,0.0136986301369863,119.66345098514934,90.38073313976383,-9.60877761123767,-5.682039176205421,0.9937213082163562,1.0-2.0%,0.98-1.00,2025-09-25→2025-09-26
2025-09-25,2025-09-26,P,6570.0,0.01643835616438356,69.66888042071668,-0.2416937503534874,24.29600468679473,-0.3434593129385552,6604.72,6643.7,0.0136986301369863,42.8506227478875,10.988114938777471,-6.078777611221167,-2.111955981655269,0.9937213082163562,1.0-2.0%,0.98-1.00,2025-09-25→2025-09-26
2025-09-25,2025-09-26,C,6575.0,0.01643835616438356,109.89509101428034,0.7638788872653552,62.30745280567771,0.6407435564133077,6604.72,6643.7,0.0136986301369863,119.78874319906026,86.24073418223179,-10.775999025603198,-5.97618382899044,0.9944775649197172,1.0-2.0%,0.98-1.00,2025-09-25→2025-09-26
2025-09-25,2025-09-26,P,6575.0,0.01643835616438356,73.4209535907822,-0.2361211127350847,25.7958089700619,-0.3602847451400706,6604.72,6643.7,0.0136986301369863,47.973545990528415,11.848115981245883,-7.095999025586503,-2.256100634440207,0.9944775649197172,1.0-2.0%,0.98-1.00,2025-09-25→2025-09-26
2025-09-25,2025-09-26,C,6580.0,0.01643835616438356,108.31600571273921,0.7577264573427273,58.85725213750038,0.6234881342838687,6604.72,6643.7,0.0136986301369863,115.37881889173302,82.1398311067278,-11.286177307219184,-6.053567474384938,0.9952338216230782,1.0-2.0%,0.98-1.00,2025-09-25→2025-09-26
2025-09-25,2025-09-26,P,6580.0,0.01643835616438356,76.83673206308505,-0.2422735426575471,27.295609977094045,-0.3773962306276726,6604.72,6643.7,0.0136986301369863,48.56125271192055,12.71059300226193,-7.656177307208921,-2.3890949301334885,0.9952338216230782,1.0-2.0%,0.98-1.00,2025-09-25→2025-09-26
2025-09-25,2025-09-26,C,6585.0,0.01643835616438356,106.22700899204511,0.7458662524604717,55.457046176725726,0.6057862144197282,6604.72,6643.7,0.0136986301369863,110.28675985655349,78.07799133432582,-11.523866520908864,-6.063546638080744,0.9959900783264392,1.0-2.0%,0.98-1.00,2025-09-25→2025-09-26
2025-09-25,2025-09-26,P,6585.0,0.01643835616438356,79.74259911619582,-0.25413374753997914,28.945402341109002,-0.3952420871336479,6604.72,6643.7,0.0136986301369863,48.46682470549328,13.685373133339908,-7.943866520891726,-2.443463443530579,0.9959900783264392,1.0-2.0%,0.98-1.00,2025-09-25→2025-09-26
2025-09-25,2025-09-26,C,6590.0,0.01643835616438356,105.96380550594517,0.7564454494890129,52.206832494104674,0.5874163609463924,6604.72,6643.7,0.0136986301369863,113.87925518408738,74.13139176150526,-12.886243621081384,-6.297489749690111,0.9967463350298001,1.0-2.0%,0.98-1.00,2025-09-25→2025-09-26
2025-09-25,2025-09-26,P,6590.0,0.01643835616438356,84.47425940391417,-0.24355455051143785,30.695188658489315,-0.4136119406069848,6604.72,6643.7,0.0136986301369863,57.056951061767585,14.738773560520713,-9.25624362106426,-2.6274065551399133,0.9967463350298001,1.0-2.0%,0.98-1.00,2025-09-25→2025-09-26
2025-09-25,2025-09-26,C,6595.0,0.01643835616438356,105.04805166666262,0.7519534117960965,49.00661414877004,0.5686454751317699,6604.72,6643.7,0.0136986301369863,110.47534292370203,70.22659857357758,-13.511143991811519,-6.3658006206361435,0.9975025917331611,1.0-2.0%,0.98-1.00,2025-09-25→2025-09-26
2025-09-25,2025-09-26,P,6595.0,0.01643835616438356,88.55336933845186,-0.24804658820436176,32.49497031315423,-0.43238282642160597,6604.72,6643.7,0.0136986301369863,58.650669830124855,15.833980372590759,-9.931143991794087,-2.7457174260859887,0.9975025917331611,1.0-2.0%,0.98-1.00,2025-09-25→2025-09-26
2025-09-25,2025-09-26,C,6600.0,0.01643835616438356,103.27539410802797,0.7416609662163494,45.906390124906466,0.549394200170269,6604.72,6643.7,0.0136986301369863,105.54202304319506,66.40309149562381,-14.20994446311298,-6.715385922636848,0.9982588484365221,1.0-2.0%,0.98-1.00,2025-09-25→2025-09-26
2025-09-25,2025-09-26,P,6600.0,0.01643835616438356,91.77557555364777,-0.2583390337840325,34.44474566566532,-0.4516878314803151,6604.72,6643.7,0.0136986301369863,58.714980978363414,17.050315130134777,-10.42994446309853,-2.8932083288975186,0.9982588484365221,1.0-2.0%,0.98-1.00,2025-09-25→2025-09-26
2025-09-25,2025-09-26,C,6605.0,0.01643835616438356,102.99775492723973,0.7415214619939271,42.906161193676326,0.5297053211826215,6604.72,6643.7,0.0136986301369863,107.58697459733166,62.66293917578605,-15.154506588522963,-6.897913419698362,0.9990151051398831,1.0-2.0%,0.98-1.00,2025-09-25→2025-09-26
2025-09-25,2025-09-26,P,6605.0,0.01643835616438356,96.4928001467016,-0.2584785380063096,36.444517017685484,-0.4713522723781776,6604.72,6643.7,0.0136986301369863,65.75756356123952,18.31103165325294,-11.324506588514167,-3.026688422698843,0.9990151051398831,1.0-2.0%,0.98-1.00,2025-09-25→2025-09-26
2025-09-25,2025-09-26,C,6610.0,0.01643835616438356,103.44887913915346,0.74858511253733,40.05592752937673,0.5096172468973734,6604.72,6643.7,0.0136986301369863,106.80377112493662,59.04979154914963,-16.07984768670479,-6.764880284059391,0.9997713618432442,1.0-2.0%,0.98-1.00,2025-09-25→2025-09-26
2025-09-25,2025-09-26,P,6610.0,0.01643835616438356,101.9387881324213,-0.25141488746304974,38.54428369376001,-0.4914110546560029,6604.72,6643.7,0.0136986301369863,69.97199111758708,19.65717334816236,-12.449847686690427,-3.0947970895092176,0.9997713618432442,1.0-2.0%,0.98-1.00,2025-09-25→2025-09-26
2025-09-25,2025-09-26,C,6615.0,0.01643835616438356,102.26540592860135,0.7413235571022279,37.255689355652066,0.4892061952204796,6604.72,6643.7,0.0136986301369863,102.3673906211396,55.483368246786085,-16.696792255844514,-6.869257489694078,1.0005276185466052,1.0-2.0%,1.00-1.02,2025-09-25→2025-09-26
2025-09-25,2025-09-26,P,6615.0,0.01643835616438356,105.75017869567341,-0.25867644289829717,40.74404552003534,-0.5118221063328969,6604.72,6643.7,0.0136986301369863,70.53324164251826,21.090750045799723,-13.116792255824489,-3.2491742951438987,1.0005276185466052,1.0-2.0%,1.00-1.02,2025-09-25→2025-09-26
2025-09-25,2025-09-26,C,6620.0,0.01643835616438356,100.55154350337128,0.7296565001825377,34.555449069418046,0.46848458884907224,6604.72,6643.7,0.0136986301369863,97.36972475104015,52.00635703048556,-17.142010377114996,-6.961529273336627,1.0012838752499662,1.0-2.0%,1.00-1.02,2025-09-25→2025-09-26
2025-09-25,2025-09-26,P,6620.0,0.01643835616438356,109.0311800442832,-0.27034349981785827,43.04380523380223,-0.5325437127043036,6604.72,6643.7,0.0136986301369863,70.53320680115262,22.613738829498743,-13.5120103771,-3.2914460787864783,1.0012838752499662,1.0-2.0%,1.00-1.02,2025-09-25→2025-09-26
2025-09-25,2025-09-26,C,6625.0,0.01643835616438356,102.51374020513475,0.7461278718386347,31.955204283531202,0.447493826267867,6604.72,6643.7,0.0136986301369863,104.0368181042106,48.620692632197915,-18.68406444426966,-7.043309347921262,1.0020401319533272,1.0-2.0%,1.00-1.02,2025-09-25→2025-09-26
2025-09-25,2025-09-26,P,6625.0,0.01643835616438356,115.98824051986647,-0.2538721281617719,45.44356044791448,-0.5535344752855105,6604.72,6643.7,0.0136986301369863,82.19793118305205,24.228074431210644,-15.054064444254244,-3.3732261533710464,1.0020401319533272,1.0-2.0%,1.00-1.02,2025-09-25→2025-09-26
2025-09-25,2025-09-26,C,6630.0,0.01643835616438356,102.20187717460425,0.7422506553829222,29.45495809867134,0.4262750722716716,6604.72,6643.7,0.0136986301369863,100.66012704456911,45.32827477400633,-19.332930546825988,-7.016202317149574,1.0027963886566882,1.0-2.0%,1.00-1.02,2025-09-25→2025-09-26
2025-09-25,2025-09-26,P,6630.0,0.01643835616438356,120.67124126315554,-0.257749344617522,47.943314263056436,-0.574753229281703,6604.72,6643.7,0.0136986301369863,83.81887115215913,25.93565657302088,-15.752930546809107,-3.3961191225994725,1.0027963886566882,1.0-2.0%,1.00-1.02,2025-09-25→2025-09-26
2025-09-25,2025-09-26,C,6635.0,0.01643835616438356,100.59841031464666,0.7313826361342817,27.104710692708977,0.4050052634955267,6604.72,6643.7,0.0136986301369863,95.81444975397405,42.17752286382711,-19.859295156513983,-7.137105171055454,1.0035526453600492,1.0-2.0%,1.00-1.02,2025-09-25→2025-09-26
2025-09-25,2025-09-26,P,6635.0,0.01643835616438356,124.06263817702418,-0.26861736386616586,50.59306685709316,-0.5960230380578478,6604.72,6643.7,0.0136986301369863,83.97082489030785,27.7849046628412,-16.229295156496974,-3.467021976505354,1.0035526453600492,1.0-2.0%,1.00-1.02,2025-09-25→2025-09-26
2025-09-25,2025-09-26,C,6640.0,0.01643835616438356,101.271236221859,0.7357048161977399,24.804460415913127,0.38348485615567746,6604.72,6643.7,0.0136986301369863,100.99847971240202,39.078222105289115,-20.82777373538758,-7.098239692948143,1.0043089020634102,1.0-2.0%,1.00-1.02,2025-09-25→2025-09-26
2025-09-25,2025-09-26,P,6640.0,0.01643835616438356,129.73032785806993,-0.26429518380252154,53.34281851900414,-0.6173767008737174,6604.72,6643.7,0.0136986301369863,94.15248587747551,29.733261172536004,-17.297773735377827,-3.5346561999427664,1.0043089020634102,1.0-2.0%,1.00-1.02,2025-09-25→2025-09-26
2025-09-25,2025-09-26,C,6645.0,0.01643835616438356,101.97254118039872,0.7421459813079618,22.70421347703541,0.36225899604907685,6604.72,6643.7,0.0136986301369863,100.11440138571635,36.17524265149768,-21.97885035138403,-7.170855665992859,1.0050651587667712,1.0-2.0%,1.00-1.02,2025-09-25→2025-09-26
2025-09-25,2025-09-26,P,6645.0,0.01643835616438356,135.42649659042007,-0.2578540186924588,56.19256964141732,-0.6387693055043017,6604.72,6643.7,0.0136986301369863,98.26603857952358,31.782624450510866,-18.34885035136807,-3.500772471442602,1.0050651587667712,1.0-2.0%,1.00-1.02,2025-09-25→2025-09-26
2025-09-25,2025-09-26,C,6650.0,0.01643835616438356,100.78428307951407,0.733885194807789,20.7039674123198,0.3411045465290142,6604.72,6643.7,0.0136986301369863,95.89242826589584,33.37743815759313,-22.456844893607293,-7.1462552237008214,1.0058214154701322,1.0-2.0%,1.00-1.02,2025-09-25→2025-09-26
2025-09-25,2025-09-26,P,6650.0,0.01643835616438356,139.23310226333928,-0.26611480519279407,59.19232357670353,-0.6599237550243653,6604.72,6643.7,0.0136986301369863,99.04169648843754,33.984819956605406,-18.87684489358501,-3.5261720291505334,1.0058214154701322,1.0-2.0%,1.00-1.02,2025-09-25→2025-09-26
2025-09-25,2025-09-26,C,6655.0,0.01643835616438356,99.16239147401717,0.7222973987241852,18.803722604683117,0.3200722307112992,6604.72,6643.7,0.0136986301369863,93.4554986827884,30.686794734999694,-22.805152602268425,-7.126415553126305,1.0065776721734931,1.0-2.0%,1.00-1.02,2025-09-25→2025-09-26
2025-09-25,2025-09-26,P,6655.0,0.01643835616438356,142.60607443167564,-0.27770260127626445,62.29207876906639,-0.6809560708420759,6604.72,6643.7,0.0136986301369863,101.60239793405749,36.29417653401424,-19.22515260225133,-3.506332358576177,1.0065776721734931,1.0-2.0%,1.00-1.02,2025-09-25→2025-09-26
2025-09-25,2025-09-26,C,6660.0,0.01643835616438356,101.22641600937148,0.7397260524791839,17.00348016988073,0.29921489788278727,6604.72,6643.7,0.0136986301369863,99.94226553510525,28.10531264730298,-24.234521525638264,-7.063396719470916,1.0073339288768541,1.0-2.0%,1.00-1.02,2025-09-25→2025-09-26
2025-09-25,2025-09-26,P,6660.0,0.01643835616438356,149.66496274085046,-0.2602739475212765,65.54183981463848,-0.7015142189629416,6604.72,6643.7,0.0136986301369863,113.08679581512192,38.765057819313824,-20.754521525620753,-3.5549757448248407,1.0073339288768541,1.0-2.0%,1.00-1.02,2025-09-25→2025-09-26
2025-09-25,2025-09-26,C,6665.0,0.01643835616438356,100.87549545522472,0.7356492130706539,15.353244151005583,0.27892355254754647,6604.72,6643.7,0.0136986301369863,96.77706514038476,25.688664031592907,-24.87560632549377,-7.0724400783032415,1.0080901855802151,1.0-2.0%,1.00-1.02,2025-09-25→2025-09-26
2025-09-25,2025-09-26,P,6665.0,0.01643835616438356,154.30890596054755,-0.2643507869296764,68.84160031538977,-0.7221047490058238,6604.72,6643.7,0.0136986301369863,114.91922644913036,41.296045830607454,-21.245606325481326,-3.4023568837533027,1.0080901855802151,1.0-2.0%,1.00-1.02,2025-09-25→2025-09-26
2025-09-25,2025-09-26,C,6670.0,0.01643835616438356,99.27309056358604,0.7243643331797662,13.803012575647472,0.2589959363679843,6604.72,6643.7,0.0136986301369863,92.15725738259445,23.387909265528833,-25.035721707346973,-6.8956615996239154,1.0088464422835761,1.0-2.0%,1.00-1.02,2025-09-25→2025-09-26
2025-09-25,2025-09-26,P,6670.0,0.01643835616438356,157.70136484271515,-0.27563566682072754,72.29136874003052,-0.7420323651853923,6604.72,6643.7,0.0136986301369863,115.29704972009458,43.99529106454247,-21.45572170732817,-3.275578405073741,1.0088464422835761,1.0-2.0%,1.00-1.02,2025-09-25→2025-09-26
2025-09-25,2025-09-26,C,6675.0,0.01643835616438356,100.04781175234314,0.7296063857609606,12.402790336188218,0.2399078166487849,6604.72,6643.7,0.0136986301369863,98.75588736783953,21.261579146936583,-25.890056916961925,-6.801606692969532,1.009602698986937,1.0-2.0%,1.00-1.02,2025-09-25→2025-09-26
2025-09-25,2025-09-26,P,6675.0,0.01643835616438356,163.47094980529346,-0.2703936142395332,75.84114174844672,-0.7615289675296605,6604.72,6643.7,0.0136986301369863,126.89331073408933,46.81271912579359,-22.260056916943114,-3.115600845694164,1.009602698986937,1.0-2.0%,1.00-1.02,2025-09-25→2025-09-26
2025-09-25,2025-09-26,C,6570.0,0.019178082191780823,119.98135148677238,0.7726807377899115,70.44570239811037,0.6466391398785506,6604.72,6643.7,0.01643835616438356,127.32783186670373,94.47474068082283,-11.26909515905042,-6.355993672465626,0.993596317649955,1.0-2.0%,0.98-1.00,2025-09-25→2025-09-26
2025-09-25,2025-09-26,P,6570.0,0.019178082191780823,77.68682259587467,-0.22731926220936338,28.05235499627406,-0.3543612918136771,6604.72,6643.7,0.01643835616438356,49.648877275138254,14.16486035224898,-7.339095159079118,-2.386996845103024,0.993596317649955,1.0-2.0%,0.98-1.00,2025-09-25→2025-09-26
2025-09-25,2025-09-26,C,6575.0,0.019178082191780823,119.44316601252761,0.779307240662128,66.94580430719816,0.6313328560608895,6604.72,6643.7,0.01643835616438356,127.64779899946711,90.39887192704282,-12.07739624100941,-6.309354729253201,0.9943524792311195,1.0-2.0%,0.98-1.00,2025-09-25→2025-09-26
2025-09-25,2025-09-26,P,6575.0,0.019178082191780823,82.14287263997709,-0.22069275933716734,29.552457018878613,-0.3696840336920972,6604.72,6643.7,0.01643835616438356,54.965816284159615,15.088390773510355,-8.297396241037312,-2.4897163666822113,0.9943524792311195,1.0-2.0%,0.98-1.00,2025-09-25→2025-09-26
2025-09-25,2025-09-26,C,6580.0,0.019178082191780823,117.73727232778788,0.7733296082357016,63.545909245560324,0.6155166586544369,6604.72,6643.7,0.01643835616438356,123.39411465613404,86.4010304993244,-12.69438812902731,-6.542839354349681,0.9951086408122838,1.0-2.0%,0.98-1.00,2025-09-25→2025-09-26
2025-09-25,2025-09-26,P,6580.0,0.019178082191780823,85.4312144735858,-0.22667039176360881,31.15256206729009,-0.3855173732547298,6604.72,6643.7,0.01643835616438356,55.70910381709108,16.089922672296098,-8.764388129054625,-2.572532790530799,0.9951086408122838,1.0-2.0%,0.98-1.00,2025-09-25→2025-09-26
2025-09-25,2025-09-26,C,6585.0,0.019178082191780823,115.43454258594566,0.761916089106446,60.19601676561342,0.5993364174483501,6604.72,6643.7,0.01643835616438356,118.38956189701187,82.44375046043206,-13.149489153368936,-6.812133552136427,0.9958648023934481,1.0-2.0%,0.98-1.00,2025-09-25→2025-09-26
2025-09-25,2025-09-26,P,6585.0,0.019178082191780823,88.1227202500965,-0.23808391089285358,32.752669019515,-0.40161222430292753,6604.72,6643.7,0.01643835616438356,55.70152293422562,17.09259770065387,-9.019489153396671,-2.6451554966720607,0.9958648023934481,1.0-2.0%,0.98-1.00,2025-09-25→2025-09-26
2025-09-25,2025-09-26,C,6590.0,0.019178082191780823,115.78372859926095,0.7730408165379459,56.94612734601742,0.5826973799140284,6604.72,6643.7,0.01643835616438356,121.87313192418985,78.56713245586434,-13.983131028648803,-6.56354386904858,0.9966209639746125,1.0-2.0%,0.98-1.00,2025-09-25→2025-09-26
2025-09-25,2025-09-26,P,6590.0,0.019178082191780823,93.46614178175119,-0.22695918346136565,34.55278040476014,-0.4183723555093744,6604.72,6643.7,0.01643835616438356,64.18206483767244,18.25472880990492,-10.253131028676064,-2.7918455822447648,0.9966209639746125,1.0-2.0%,0.98-1.00,2025-09-25→2025-09-26
2025-09-25,2025-09-26,C,6595.0,0.019178082191780823,114.78993425932481,0.7686884888563142,53.74624025384219,0.5657082202536176,6604.72,6643.7,0.01643835616438356,118.73869495793188,74.73235075211142,-14.8634772956188,-6.951306425485772,0.9973771255557768,1.0-2.0%,0.98-1.00,2025-09-25→2025-09-26
2025-09-25,2025-09-26,P,6595.0,0.019178082191780823,97.4665829601556,-0.2313115111430715,36.352893436421255,-0.4353801493042014,6604.72,6643.7,0.01643835616438356,66.04459974767902,19.4192762568307,-10.833477295643176,-2.8788817801224234,0.9973771255557768,1.0-2.0%,0.98-1.00,2025-09-25→2025-09-26
2025-09-25,2025-09-26,C,6600.0,0.019178082191780823,112.79805040503653,0.7587103675992786,50.64635582398114,0.5483081519470134,6604.72,6643.7,0.01643835616438356,113.95826795938143,70.9807270194824,-14.974530129019545,-6.773051762894344,0.9981332871369412,1.0-2.0%,0.98-1.00,2025-09-25→2025-09-26
2025-09-25,2025-09-26,P,6600.0,0.019178082191780823,100.46893462423093,-0.24128963239999524,38.253009134105014,-0.45279951626085274,6604.72,6643.7,0.01643835616438356,66.2611446253903,20.666957514948535,-11.194530129048292,-2.94987485615216,0.9981332871369412,1.0-2.0%,0.98-1.00,2025-09-25→2025-09-26
2025-09-25,2025-09-26,C,6605.0,0.019178082191780823,112.4330436341702,0.7585446578696177,47.59647380455317,0.530566020664728,6604.72,6643.7,0.01643835616438356,115.54439130343934,67.27198688956014,-15.718070763757364,-6.8314634855108665,0.9988894487181056,1.0-2.0%,0.98-1.00,2025-09-25→2025-09-26
2025-09-25,2025-09-26,P,6605.0,0.019178082191780823,105.09816337171125,-0.24145534212965397,40.203127247428256,-0.4705615160939286,6604.72,6643.7,0.01643835616438356,72.84423984571309,21.957508521726595,-11.988070763786196,-3.057512102658869,0.9988894487181056,1.0-2.0%,0.98-1.00,2025-09-25→2025-09-26
2025-09-25,2025-09-26,C,6610.0,0.019178082191780823,112.7663176179659,0.7649120417734094,44.64659414887046,0.5124568402396217,6604.72,6643.7,0.01643835616438356,115.1825165542879,63.64872372969967,-16.766271388327162,-6.925567632540226,0.9996456102992699,1.0-2.0%,0.98-1.00,2025-09-25→2025-09-26
2025-09-25,2025-09-26,P,6610.0,0.019178082191780823,110.42567287386795,-0.23508795822576978,42.30324776922225,-0.4886973867949304,6604.72,6643.7,0.01643835616438356,77.47933697280844,23.37640411876646,-13.086271388359593,-3.200575862733821,0.9996456102992699,1.0-2.0%,0.98-1.00,2025-09-25→2025-09-26
2025-09-25,2025-09-26,C,6615.0,0.019178082191780823,111.38348122547949,0.7577105165751474,41.84671654213844,0.4940370030687564,6604.72,6643.7,0.01643835616438356,110.99654579318847,60.156426254565304,-17.285555936098916,-7.007562379619909,1.0004017718804343,1.0-2.0%,1.00-1.02,2025-09-25→2025-09-26
2025-09-25,2025-09-26,P,6615.0,0.019178082191780823,114.03707199972911,-0.2422894834240436,44.40337036335086,-0.5071475733990974,6604.72,6643.7,0.01643835616438356,78.29033808796859,24.796796189677025,-13.505555936130893,-3.1813875889034087,1.0004017718804343,1.0-2.0%,1.00-1.02,2025-09-25→2025-09-26
2025-09-25,2025-09-26,C,6620.0,0.019178082191780823,109.45345752783693,0.7464280531414351,39.0968408323447,0.4753398718544179,6604.72,6643.7,0.01643835616438356,106.12837149937324,56.71039103751173,-17.64576551145282,-7.078748204885006,1.0011579334615985,1.0-2.0%,1.00-1.02,2025-09-25→2025-09-26
2025-09-25,2025-09-26,P,6620.0,0.019178082191780823,117.10128382041837,-0.25357194685788825,46.70349469927078,-0.525851472317403,6604.72,6643.7,0.01643835616438356,78.41913567043092,26.393630680878232,-13.965765511479628,-3.3523096090678592,1.0011579334615985,1.0-2.0%,1.00-1.02,2025-09-25→2025-09-26
2025-09-25,2025-09-26,C,6625.0,0.019178082191780823,111.21469259015414,0.7615770750465228,36.44696657050645,0.4564016254273182,6604.72,6643.7,0.01643835616438356,112.39339961944026,53.35534821409192,-19.036274385313128,-7.140535359156665,1.001914095042763,1.0-2.0%,1.00-1.02,2025-09-25→2025-09-26
2025-09-25,2025-09-26,P,6625.0,0.019178082191780823,123.85675440110727,-0.2384229249525778,49.05362058680248,-0.5448123947498152,6604.72,6643.7,0.01643835616438356,89.68113566673755,28.037780476940043,-15.306274385348619,-3.3632128526524383,1.001914095042763,1.0-2.0%,1.00-1.02,2025-09-25→2025-09-26
2025-09-25,2025-09-26,C,6630.0,0.019178082191780823,110.70894919744569,0.75748631549484,33.897093875462815,0.43726512084644925,6604.72,6643.7,0.01643835616438356,109.49481623486412,50.09312612013264,-19.67681657798854,-7.194594410594405,1.0026702566239274,1.0-2.0%,1.00-1.02,2025-09-25→2025-09-26
2025-09-25,2025-09-26,P,6630.0,0.019178082191780823,128.3452465267203,-0.24251368450448763,51.50374804870626,-0.5639723129910105,6604.72,6643.7,0.01643835616438356,91.77952415844084,29.77472559602984,-15.946816578015177,-3.4163592396106566,1.0026702566239274,1.0-2.0%,1.00-1.02,2025-09-25→2025-09-26
2025-09-25,2025-09-26,C,6635.0,0.019178082191780823,108.98180437332871,0.7470379620603674,31.447222083975248,0.4179739106444901,6604.72,6643.7,0.01643835616438356,104.84527777615202,46.925551611376704,-20.0195397611128,-7.192623036922043,1.0034264182050916,1.0-2.0%,1.00-1.02,2025-09-25→2025-09-26
2025-09-25,2025-09-26,P,6635.0,0.019178082191780823,131.61233722096193,-0.25296203793887195,54.00387713314649,-0.5833953361471949,6604.72,6643.7,0.01643835616438356,92.12695757600045,31.55935109840493,-16.28953976114288,-3.4092497969825963,1.0034264182050916,1.0-2.0%,1.00-1.02,2025-09-25→2025-09-26
2025-09-25,2025-09-26,C,6640.0,0.019178082191780823,109.62788691847696,0.7511459819185438,29.14735015148426,0.398704416850714,6604.72,6643.7,0.01643835616438356,108.90055610759275,43.90227562920063,-21.0296703751845,-7.291498168840651,1.004182579786256,1.0-2.0%,1.00-1.02,2025-09-25→2025-09-26
2025-09-25,2025-09-26,P,6640.0,0.019178082191780823,137.2526552844597,-0.248854018080615,56.7040055288835,-0.6027141946565996,6604.72,6643.7,0.01643835616438356,101.17920778368594,33.534307952972995,-17.29967037521774,-3.506200692286015,1.004182579786256,1.0-2.0%,1.00-1.02,2025-09-25→2025-09-26
2025-09-25,2025-09-26,C,6645.0,0.019178082191780823,110.20030711628121,0.7568884447474157,26.89747945123645,0.3792637123020525,6604.72,6643.7,0.01643835616438356,109.36191839564269,40.93039903630233,-22.003511576253924,-7.283699505533836,1.0049387413674202,1.0-2.0%,1.00-1.02,2025-09-25→2025-09-26
2025-09-25,2025-09-26,P,6645.0,0.019178082191780823,142.81931100059742,-0.24311155525190656,59.45413517600082,-0.622206431338714,6604.72,6643.7,0.01643835616438356,106.63754194801369,35.56060518234153,-18.273511576280793,-3.496393306417204,1.0049387413674202,1.0-2.0%,1.00-1.02,2025-09-25→2025-09-26
2025-09-25,2025-09-26,C,6650.0,0.019178082191780823,108.91849947803418,0.7488829594443593,24.79760744694886,0.3599895036633023,6604.72,6643.7,0.01643835616438356,105.45435712284856,38.1083716373314,-22.4914577591408,-7.332390852795367,1.0056949029485847,1.0-2.0%,1.00-1.02,2025-09-25→2025-09-26
2025-09-25,2025-09-26,P,6650.0,0.019178082191780823,146.53173888069256,-0.25111704055499623,62.304264742816486,-0.6417178115956743,6604.72,6643.7,0.01643835616438356,107.72695255151223,37.687025316542986,-18.711457759166358,-3.4858397040008953,1.0056949029485847,1.0-2.0%,1.00-1.02,2025-09-25→2025-09-26
2025-09-25,2025-09-26,C,6655.0,0.019178082191780823,107.16419347657244,0.7377479988257621,22.797734974714785,0.34080041100287356,6604.72,6643.7,0.01643835616438356,102.71834569354426,35.39031610466691,-22.757416994227885,-7.284400020891862,1.006451064529749,1.0-2.0%,1.00-1.02,2025-09-25→2025-09-26
2025-09-25,2025-09-26,P,6655.0,0.019178082191780823,149.7716683975881,-0.26225200117353537,65.30439280775863,-0.6609877923132178,6604.72,6643.7,0.01643835616438356,109.98791299845314,39.96608681849557,-19.027416994255706,-3.4846958556310597,1.006451064529749,1.0-2.0%,1.00-1.02,2025-09-25→2025-09-26
2025-09-25,2025-09-26,C,6660.0,0.019178082191780823,109.37137233925587,0.754474297417013,20.847863037095976,0.3215106486922818,6604.72,6643.7,0.01643835616438356,109.35877770013856,32.726598509697396,-24.10940811331484,-7.232485086025006,1.0072072261109133,1.0-2.0%,1.00-1.02,2025-09-25→2025-09-26
2025-09-25,2025-09-26,P,6660.0,0.019178082191780823,156.97308277862246,-0.2455257025822081,68.50451665744822,-0.6796435783422707,6604.72,6643.7,0.01643835616438356,121.62531688129928,42.45427889876419,-20.52940811334563,-3.6074933162185765,1.0072072261109133,1.0-2.0%,1.00-1.02,2025-09-25→2025-09-26
2025-09-25,2025-09-26,C,6665.0,0.019178082191780823,108.9128931371715,0.7503206796724736,19.097986927920147,0.3028904782796395,6604.72,6643.7,0.01643835616438356,106.82754433540407,30.274062660254003,-24.597500093632696,-7.156670843340217,1.0079633876920777,1.0-2.0%,1.00-1.02,2025-09-25→2025-09-26
2025-09-25,2025-09-26,P,6665.0,0.019178082191780823,161.50883909488763,-0.24967932032677653,71.70464232185805,-0.6985306284075438,6604.72,6643.7,0.01643835616438356,124.0910553928167,44.949122738541064,-21.017500093662346,-3.521276104674236,1.0079633876920777,1.0-2.0%,1.00-1.02,2025-09-25→2025-09-26
2025-09-25,2025-09-26,C,6670.0,0.019178082191780823,107.23423079151195,0.7395371726611643,17.398110598026506,0.2842824166220097,6604.72,6643.7,0.01643835616438356,102.34797865989543,27.879952044635502,-24.82715899033186,-7.081328599925815,1.0087195492732421,1.0-2.0%,1.00-1.02,2025-09-25→2025-09-26
2025-09-25,2025-09-26,P,6670.0,0.019178082191780823,164.82441226757476,-0.26046282733810844,74.60478214381783,-0.7195690732150997,6604.72,6643.7,0.01643835616438356,124.60846159357459,47.123849405160854,-20.84715899036064,-2.9511975260757204,1.0087195492732421,1.0-2.0%,1.00-1.02,2025-09-25→2025-09-26
2025-09-25,2025-09-26,C,6675.0,0.019178082191780823,108.14106839784506,0.7448129928948474,15.798232234728403,0.2659859282247865,6604.72,6643.7,0.01643835616438356,107.56654729709092,25.59801521017289,-25.632810463040826,-6.968131482202063,1.0094757108544063,1.0-2.0%,1.00-1.02,2025-09-25→2025-09-26
2025-09-25,2025-09-26,P,6675.0,0.019178082191780823,170.72548539225477,-0.2551870071044458,78.45488585508156,-0.7351682988097588,6604.72,6643.7,0.01643835616438356,134.8240021070315,50.32569559924059,-22.052810463068802,-3.34313971239591,1.0094757108544063,1.0-2.0%,1.00-1.02,2025-09-25→2025-09-26
2025-09-25,2025-09-26,C,6570.0,0.021917808219178082,127.31546930601979,0.7834484069550999,76.50055470708594,0.6387967827399839,6604.72,6643.7,0.019178082191780823,134.77408630227046,99.94495747135716,-11.738818903109454,-6.100298591204293,0.9933172775409906,2.0-3.0%,0.98-1.00,2025-09-25→2025-09-26
2025-09-25,2025-09-26,P,6570.0,0.021917808219178082,83.17795862658728,-0.21655159304457527,32.34968589016671,-0.3627676144322455,6604.72,6643.7,0.019178082191780823,55.25939486284634,17.94050446991514,-8.208818903122552,-2.5093183894312325,0.9933172775409906,2.0-3.0%,0.98-1.00,2025-09-25→2025-09-26
2025-09-25,2025-09-26,C,6575.0,0.021917808219178082,126.91992749325071,0.7901401670935968,73.05054208985757,0.624856693111613,6604.72,6643.7,0.019178082191780823,135.3504895603434,95.96844155498093,-12.649663713308051,-6.206913897490395,0.9940732267628636,2.0-3.0%,0.98-1.00,2025-09-25→2025-09-26
2025-09-25,2025-09-26,P,6575.0,0.021917808219178082,87.77524975846995,-0.20985983290633325,33.84967339623881,-0.3765787755673938,6604.72,6643.7,0.019178082191780823,60.83137293713599,18.924469458942895,-9.069663713311222,-2.5709593283831556,0.9940732267628636,2.0-3.0%,0.98-1.00,2025-09-25→2025-09-26
2025-09-25,2025-09-26,C,6580.0,0.021917808219178082,125.19149049921329,0.7844909081978976,69.65052967019847,0.6106033038777118,6604.72,6643.7,0.019178082191780823,131.20138328096377,92.03295285741751,-13.029455601553721,-6.251316785152955,0.9948291759847365,2.0-3.0%,0.98-1.00,2025-09-25→2025-09-26
2025-09-25,2025-09-26,P,6580.0,0.021917808219178082,91.0396457091274,-0.21550909180203567,35.44966097658107,-0.3908321648012966,6604.72,6643.7,0.019178082191780823,61.67784147405616,19.98898076137948,-9.449455601556744,-2.6153622160456305,0.9948291759847365,2.0-3.0%,0.98-1.00,2025-09-25→2025-09-26
2025-09-25,2025-09-26,C,6585.0,0.021917808219178082,122.70184512773668,0.7734415406066936,66.30051702801165,0.596034226069295,6604.72,6643.7,0.019178082191780823,126.1863098387073,88.13867812212357,-13.248751252848585,-6.333414132180867,0.9955851252066094,2.0-3.0%,0.98-1.00,2025-09-25→2025-09-26
2025-09-25,2025-09-26,P,6585.0,0.021917808219178082,93.54283328235933,-0.2265584593931182,37.149648258334764,-0.4054889201685765,6604.72,6643.7,0.019178082191780823,61.65834284805596,21.135753663834976,-9.718751252856348,-2.7440418918290614,0.9955851252066094,2.0-3.0%,0.98-1.00,2025-09-25→2025-09-26
2025-09-25,2025-09-26,C,6590.0,0.021917808219178082,122.80998087564801,0.7837598094251794,63.05050404917847,0.5810724097222756,6604.72,6643.7,0.019178082191780823,129.53820190440211,84.32732989054148,-14.35095737139315,-6.450202530974046,0.9963410744284823,2.0-3.0%,0.98-1.00,2025-09-25→2025-09-26
2025-09-25,2025-09-26,P,6590.0,0.021917808219178082,98.64380197495116,-0.21624019057462693,38.8496353555588,-0.42036305895672993,6604.72,6643.7,0.019178082191780823,70.00580972999768,22.283357794500716,-10.72095737140114,-2.764247961866854,0.9963410744284823,2.0-3.0%,0.98-1.00,2025-09-25→2025-09-26
2025-09-25,2025-09-26,C,6595.0,0.021917808219178082,122.22903596076978,0.7802889125411686,59.90049090468301,0.5657574264254803,6604.72,6643.7,0.019178082191780823,126.65834712051351,80.60063374039146,-14.965661810854424,-6.603224482064988,0.9970970236503551,2.0-3.0%,0.98-1.00,2025-09-25→2025-09-26
2025-09-25,2025-09-26,P,6595.0,0.021917808219178082,103.05569000475315,-0.2197110874587174,40.64962224488727,-0.4356199366237048,6604.72,6643.7,0.019178082191780823,72.1215297623754,23.51452966075476,-11.28566181085929,-2.869534870408174,0.9970970236503551,2.0-3.0%,0.98-1.00,2025-09-25→2025-09-26
2025-09-25,2025-09-26,C,6600.0,0.021917808219178082,120.11077983307318,0.7706657569683663,56.75047718663063,0.5502149846547718,6604.72,6643.7,0.019178082191780823,121.88868569990015,76.87493805072063,-15.240551206626584,-6.647380101842767,0.9978529728722281,2.0-3.0%,0.98-1.00,2025-09-25→2025-09-26
2025-09-25,2025-09-26,P,6600.0,0.021917808219178082,105.93026682176453,-0.22933424303137764,42.54960849301369,-0.4512204840242371,6604.72,6643.7,0.019178082191780823,72.34744315802948,24.830965954683506,-11.610551206636996,-2.961425532735433,0.9978529728722281,2.0-3.0%,0.98-1.00,2025-09-25→2025-09-26
2025-09-25,2025-09-26,C,6605.0,0.021917808219178082,119.14275774549857,0.7696223546504827,53.65046353106209,0.5343643905346789,6604.72,6643.7,0.019178082191780823,122.9164848198701,73.19182361814,-15.799879384275481,-6.629523943041555,0.998608922094101,2.0-3.0%,0.98-1.00,2025-09-25→2025-09-26
2025-09-25,2025-09-26,P,6605.0,0.021917808219178082,109.95507767887587,-0.23037764534929675,44.44959483744424,-0.467071078144329,6604.72,6643.7,0.019178082191780823,78.37081709424453,26.147851522101973,-12.219879384284516,-2.9935693739342604,0.998608922094101,2.0-3.0%,0.98-1.00,2025-09-25→2025-09-26
2025-09-25,2025-09-26,C,6610.0,0.021917808219178082,120.59001716796652,0.7773757950296832,50.750449059345556,0.5181647335594906,6604.72,6643.7,0.019178082191780823,123.07906250469294,69.68277870833299,-16.90210849025671,-6.798061314148711,0.9993648713159738,2.0-3.0%,0.98-1.00,2025-09-25→2025-09-26
2025-09-25,2025-09-26,P,6610.0,0.021917808219178082,116.39517004604564,-0.22262420496997684,46.44958037776996,-0.4832499343456051,6604.72,6643.7,0.019178082191780823,83.52896959530912,27.55109078816804,-13.122108490270405,-2.9629175592085275,0.9993648713159738,2.0-3.0%,0.98-1.00,2025-09-25→2025-09-26
2025-09-25,2025-09-26,C,6615.0,0.021917808219178082,119.29076317176786,0.7706800120483337,47.85043522572141,0.5017303969601961,6604.72,6643.7,0.019178082191780823,118.94711040775823,66.17524665369456,-17.341106869643717,-6.857450873508228,1.0001208205378467,2.0-3.0%,1.00-1.02,2025-09-25→2025-09-26
2025-09-25,2025-09-26,P,6615.0,0.021917808219178082,120.0887489945197,-0.22931998795147054,48.64956653210311,-0.4997050717188118,6604.72,6643.7,0.019178082191780823,84.39259231463049,29.13127455765607,-13.661106869651777,-3.1214963044009316,1.0001208205378467,2.0-3.0%,1.00-1.02,2025-09-25→2025-09-26
2025-09-25,2025-09-26,C,6620.0,0.021917808219178082,117.0870025086587,0.7596171019637744,45.05042075261281,0.4850477167989403,6604.72,6643.7,0.019178082191780823,114.03274991738718,62.757443572869306,-17.609874634547594,-6.907160000822483,1.0008767697597196,2.0-3.0%,1.00-1.02,2025-09-25→2025-09-26
2025-09-25,2025-09-26,P,6620.0,0.021917808219178082,122.87782127608683,-0.24038289803612012,50.79955203820782,-0.5164117134871411,6604.72,6643.7,0.019178082191780823,84.47380664053924,30.66837685941846,-13.87987463455214,-3.1202714082714635,1.0008767697597196,2.0-3.0%,1.00-1.02,2025-09-25→2025-09-26
2025-09-25,2025-09-26,C,6625.0,0.021917808219178082,118.997024033964,0.7741628550871988,42.40040612916937,0.4681994034929463,6604.72,6643.7,0.019178082191780823,120.01117539033861,59.47680940705095,-18.92686809129868,-7.000412748154851,1.0016327189815926,2.0-3.0%,1.00-1.02,2025-09-25→2025-09-26
2025-09-25,2025-09-26,P,6625.0,0.021917808219178082,129.78067574606698,-0.22583714491274526,53.09953736274201,-0.5333198055015826,6604.72,6643.7,0.019178082191780823,95.44780692973049,32.34135715041475,-15.196868091301289,-3.21119398154854,1.0016327189815926,2.0-3.0%,1.00-1.02,2025-09-25→2025-09-26
2025-09-25,2025-09-26,C,6630.0,0.021917808219178082,119.2963762347358,0.7714579110969688,39.750390896309,0.4511018469420472,6604.72,6643.7,0.019178082191780823,117.2621972087023,56.19783685457878,-19.4214293745595,-6.933949993800798,1.0023886682034655,2.0-3.0%,1.00-1.02,2025-09-25→2025-09-26
2025-09-25,2025-09-26,P,6630.0,0.021917808219178082,135.0728608915246,-0.22854208890300426,55.49952214634504,-0.5503939763023548,6604.72,6643.7,0.019178082191780823,97.69440356435224,34.107464254404476,-15.791429374560993,-3.2456428037344516,1.0023886682034655,2.0-3.0%,1.00-1.02,2025-09-25→2025-09-26
2025-09-25,2025-09-26,C,6635.0,0.021917808219178082,117.34727912122848,0.7612922539027059,37.200376336184945,0.43384417952608056,6604.72,6643.7,0.019178082191780823,112.60511121051988,53.01240733718396,-19.72517205712715,-6.961246117926436,1.0031446174253384,2.0-3.0%,1.00-1.02,2025-09-25→2025-09-26
2025-09-25,2025-09-26,P,6635.0,0.021917808219178082,138.1165967227463,-0.23870774609701112,57.94950757365223,-0.567670733240932,6604.72,6643.7,0.019178082191780823,98.03289238243346,35.9213559422642,-16.045172057138622,-3.222194818268729,1.0031446174253384,2.0-3.0%,1.00-1.02,2025-09-25→2025-09-26
2025-09-25,2025-09-26,C,6640.0,0.021917808219178082,116.971324350152,0.7635809115484623,34.75036126409759,0.416468885095007,6604.72,6643.7,0.019178082191780823,115.8678798792199,49.92222062354767,-20.514383932158726,-6.9839571410031915,1.0039005666472112,2.0-3.0%,1.00-1.02,2025-09-25→2025-09-26
2025-09-25,2025-09-26,P,6640.0,0.021917808219178082,142.73347489633076,-0.23641908845136553,60.44949239838206,-0.5851649805048224,6604.72,6643.7,0.019178082191780823,106.29123586738537,37.78269174077832,-16.83438393216587,-3.2402690599222765,1.0039005666472112,2.0-3.0%,1.00-1.02,2025-09-25→2025-09-26
2025-09-25,2025-09-26,C,6645.0,0.021917808219178082,118.97430431631284,0.7711176867253101,32.40034613109128,0.3990196928105815,6604.72,6643.7,0.019178082191780823,116.50798355816276,46.92900045314309,-21.458167428552258,-6.9537876257563,1.004656515869084,2.0-3.0%,1.00-1.02,2025-09-25→2025-09-26
2025-09-25,2025-09-26,P,6645.0,0.021917808219178082,149.72928780718172,-0.22888231327455869,63.14947733406143,-0.6025350738331017,6604.72,6643.7,0.019178082191780823,111.92691436259847,39.836533710807544,-17.87816742855781,-3.313182821985965,1.004656515869084,2.0-3.0%,1.00-1.02,2025-09-25→2025-09-26
2025-09-25,2025-09-26,C,6650.0,0.021917808219178082,117.6614836664327,0.7635220096532789,30.200331164066938,0.3816814396011507,6604.72,6643.7,0.019178082191780823,112.63585963159358,44.08372059443218,-21.862087936284475,-6.9779425156526855,1.005412465090957,2.0-3.0%,1.00-1.02,2025-09-25→2025-09-26
2025-09-25,2025-09-26,P,6650.0,0.021917808219178082,153.40930010201654,-0.23647799034641342,65.84946211118313,-0.6201741941990124,6604.72,6643.7,0.019178082191780823,113.0503652522926,41.89205615709943,-18.1320879362969,-3.175609910122759,1.005412465090957,2.0-3.0%,1.00-1.02,2025-09-25→2025-09-26
2025-09-25,2025-09-26,C,6655.0,0.021917808219178082,115.54223137791013,0.7525086315766646,28.050315960318585,0.364242495960757,6604.72,6643.7,0.019178082191780823,109.7168397585503,41.29046001686129,-22.08278645885806,-6.948172492550151,1.00616841431283,2.0-3.0%,1.00-1.02,2025-09-25→2025-09-26
2025-09-25,2025-09-26,P,6655.0,0.021917808219178082,156.28288075815823,-0.24749136842321387,68.7494469870744,-0.6375153223846383,6604.72,6643.7,0.019178082191780823,115.1269201954768,44.14652417182651,-18.40278645886323,-3.1996527334470777,1.00616841431283,2.0-3.0%,1.00-1.02,2025-09-25→2025-09-26
2025-09-25,2025-09-26,C,6660.0,0.021917808219178082,117.74476993926189,0.7681992453986464,26.00030088984022,0.34687019882656633,6604.72,6643.7,0.019178082191780823,115.84877396971802,38.59951993232744,-23.344406585638907,-6.92100035025941,1.006924363534703,2.0-3.0%,1.00-1.02,2025-09-25→2025-09-26
2025-09-25,2025-09-26,P,6660.0,0.021917808219178082,163.4782522642213,-0.23180075460099972,71.6494317193401,-0.655114886742011,6604.72,6643.7,0.019178082191780823,126.25442922288468,46.403271333277644,-19.614406585653136,-3.113621714796704,1.006924363534703,2.0-3.0%,1.00-1.02,2025-09-25→2025-09-26
2025-09-25,2025-09-26,C,6665.0,0.021917808219178082,117.81279615070419,0.765011817897252,24.150286246146607,0.3300234289690334,6604.72,6643.7,0.019178082191780823,113.37307441845228,36.115789321259854,-23.870160661634547,-6.914313261212776,1.0076803127565759,2.0-3.0%,1.00-1.02,2025-09-25→2025-09-26
2025-09-25,2025-09-26,P,6665.0,0.021917808219178082,168.53911142033064,-0.2349881821025758,74.69941665637725,-0.6724374774046251,6604.72,6643.7,0.019178082191780823,128.77430448788957,48.814126629321436,-20.090160661641683,-3.038387130767994,1.0076803127565759,2.0-3.0%,1.00-1.02,2025-09-25→2025-09-26
2025-09-25,2025-09-26,C,6670.0,0.021917808219178082,115.86669150197946,0.7544821440134012,22.200270277994377,0.31252843524722534,6604.72,6643.7,0.019178082191780823,108.95109572920563,33.53204020782414,-23.95971397364205,-6.732358405936708,1.0084362619784486,2.0-3.0%,1.00-1.02,2025-09-25→2025-09-26
2025-09-25,2025-09-26,P,6670.0,0.021917808219178082,171.58583971629426,-0.2455178559864525,77.89940285273497,-0.6893634074294731,6604.72,6643.7,0.019178082191780823,129.34790061490207,51.38336708807083,-20.379713973648194,-3.0786143783994433,1.0084362619784486,2.0-3.0%,1.00-1.02,2025-09-25→2025-09-26
2025-09-25,2025-09-26,C,6675.0,0.021917808219178082,115.67800105726447,0.7577370729936432,20.50025669116917,0.29591654247872506,6604.72,6643.7,0.019178082191780823,113.5620937334165,31.21249139984593,-24.686591105291882,-6.684826825820572,1.0091922112003215,2.0-3.0%,1.00-1.02,2025-09-25→2025-09-26
2025-09-25,2025-09-26,P,6675.0,0.021917808219178082,176.38998221625323,-0.2422629270063363,81.09938712476833,-0.7065250723540288,6604.72,6643.7,0.019178082191780823,138.9544734353641,53.95581897844977,-21.00659110529311,-2.90965267964026,1.0091922112003215,2.0-3.0%,1.00-1.02,2025-09-25→2025-09-26
2025-09-25,2025-09-26,C,6570.0,0.030136986301369864,140.5722804442248,0.7980172476611118,81.05622980352291,0.6297681079271029,6604.72,6643.7,0.0273972602739726,143.3486842390859,104.73956874784108,-11.856712313829789,-5.298360846998197,0.9932558521708895,3.0-4.0%,0.98-1.00,2025-09-25→2025-09-26
2025-09-25,2025-09-26,P,6570.0,0.030136986301369864,96.02907239442305,-0.20198275233827392,36.54632059372352,-0.37194770763470913,6604.72,6643.7,0.0273972602739726,63.424605625096675,22.07946412036972,-9.52671231385417,-2.901478356399199,0.9932558521708895,3.0-4.0%,0.98-1.00,2025-09-25→2025-09-26
2025-09-25,2025-09-26,C,6575.0,0.030136986301369864,140.99853684545565,0.805591637138083,77.50610429932021,0.617092311338013,6604.72,6643.7,0.0273972602739726,144.0769168955251,100.72694842390229,-13.751962015642118,-6.404258295955472,0.9940117546459054,3.0-4.0%,0.98-1.00,2025-09-25→2025-09-26
2025-09-25,2025-09-26,P,6575.0,0.030136986301369864,101.44785299042717,-0.19440836286139948,38.04619433889957,-0.3846997700713241,6604.72,6643.7,0.0273972602739726,69.14810153981657,23.109616824546492,-10.32196201566273,-2.904402962619953,0.9940117546459054,3.0-4.0%,0.98-1.00,2025-09-25→2025-09-26
2025-09-25,2025-09-26,C,6580.0,0.030136986301369864,139.14069084127598,0.8003566951587917,74.20597217410887,0.6037372935573869,6604.72,6643.7,0.0273972602739726,140.11178688719113,96.92298042339917,-13.097903977289342,-5.4336797028666695,0.9947676571209214,3.0-4.0%,0.98-1.00,2025-09-25→2025-09-26
2025-09-25,2025-09-26,P,6580.0,0.030136986301369864,104.58253118102625,-0.1996433048407855,39.64606427382614,-0.39784657563223197,6604.72,6643.7,0.0273972602739726,70.17823478976477,24.22211976264157,-10.717903977306268,-2.991940481855771,0.9947676571209214,3.0-4.0%,0.98-1.00,2025-09-25→2025-09-26
2025-09-25,2025-09-26,C,6585.0,0.030136986301369864,136.1107992422857,0.7896103733164819,70.80583991646336,0.59036777323898,6604.72,6643.7,0.0273972602739726,135.2210519543542,93.03314146299272,-12.829012351876116,-5.06253580085518,0.9955235595959373,3.0-4.0%,0.98-1.00,2025-09-25→2025-09-26
2025-09-25,2025-09-26,P,6585.0,0.030136986301369864,106.54516377683117,-0.21038962668305763,41.295931394461604,-0.41127895975089723,6604.72,6643.7,0.0273972602739726,70.2827631152104,25.375543242264484,-10.749012351894502,-2.9183461489101994,0.9955235595959373,3.0-4.0%,0.98-1.00,2025-09-25→2025-09-26
2025-09-25,2025-09-26,C,6590.0,0.030136986301369864,135.9394752121622,0.7989147349634933,67.60570272712266,0.5764995785408524,6604.72,6643.7,0.0273972602739726,138.26798699650126,89.31328321618366,-15.39169636887662,-6.7219535715221745,0.9962794620709532,3.0-4.0%,0.98-1.00,2025-09-25→2025-09-26
2025-09-25,2025-09-26,P,6590.0,0.030136986301369864,111.36636394148728,-0.20108526503604843,43.04579506635491,-0.4250600809064549,6604.72,6643.7,0.0273972602739726,78.3249614156276,26.613300699777483,-11.861696368894915,-3.1311580462665702,0.9962794620709532,3.0-4.0%,0.98-1.00,2025-09-25→2025-09-26
2025-09-25,2025-09-26,C,6595.0,0.030136986301369864,135.85758978189864,0.7965064571341458,64.35556327237646,0.5624922757758585,6604.72,6643.7,0.0273972602739726,135.54794296598544,85.54888062579448,-15.847821699088652,-6.725948909742716,0.9970353645459691,3.0-4.0%,0.98-1.00,2025-09-25→2025-09-26
2025-09-25,2025-09-26,P,6595.0,0.030136986301369864,116.27700270603718,-0.20349354286523344,44.84565526040569,-0.4391044414148859,6604.72,6643.7,0.0273972602739726,80.60018064339748,27.89309501216667,-12.36782169911329,-3.183708873647941,0.9970353645459691,3.0-4.0%,0.98-1.00,2025-09-25→2025-09-26
2025-09-25,2025-09-26,C,6600.0,0.030136986301369864,133.2725863814831,0.7871247175632148,61.25542193866977,0.5481199332623382,6604.72,6643.7,0.0273972602739726,130.90816427213218,81.91406108872434,-16.13212149061377,-6.815714998565706,0.997791267020985,3.0-4.0%,0.98-1.00,2025-09-25→2025-09-26
2025-09-25,2025-09-26,P,6600.0,0.030136986301369864,118.68452350036549,-0.21287528243645062,46.695514532077596,-0.4534140739616833,6604.72,6643.7,0.0273972602739726,80.95566520783514,29.21500389298035,-12.552121490627249,-3.1759193969737822,0.997791267020985,3.0-4.0%,0.98-1.00,2025-09-25→2025-09-26
2025-09-25,2025-09-26,C,6605.0,0.030136986301369864,131.35931617354672,0.7849870125379592,58.20527741096021,0.5335052170447745,6604.72,6643.7,0.0273972602739726,131.5419425457086,78.32232881263644,-16.648793748729304,-6.846033360405073,0.9985471694960009,3.0-4.0%,0.98-1.00,2025-09-25→2025-09-26
2025-09-25,2025-09-26,P,6605.0,0.030136986301369864,121.7637774872387,-0.21501298746155667,48.64537013693098,-0.46801534880329454,6604.72,6643.7,0.0273972602739726,86.58470673970233,30.623756786088506,-13.068793748748615,-3.206761703647782,0.9985471694960009,3.0-4.0%,0.98-1.00,2025-09-25→2025-09-26
2025-09-25,2025-09-26,C,6610.0,0.030136986301369864,133.11218269882235,0.7926160531179908,55.25513016310015,0.5186353947686586,6604.72,6643.7,0.0273972602739726,131.5820582805303,74.81889762957326,-17.596173750538938,-6.916407688082089,0.9993030719710168,3.0-4.0%,0.98-1.00,2025-09-25→2025-09-26
2025-09-25,2025-09-26,P,6610.0,0.030136986301369864,128.5091682072889,-0.20738394688161335,50.6452231180906,-0.482862005127932,6604.72,6643.7,0.0273972602739726,91.62008573280518,32.0756258608335,-13.9661737505548,-3.228039040113419,0.9993030719710168,3.0-4.0%,0.98-1.00,2025-09-25→2025-09-26
2025-09-25,2025-09-26,C,6615.0,0.030136986301369864,131.45495236197797,0.7859603369891016,52.35498102736847,0.5035436212081265,6604.72,6643.7,0.0273972602739726,127.51675552486643,71.35956274680984,-17.93673393583484,-6.928130354692552,1.0000589744460326,3.0-4.0%,1.00-1.02,2025-09-25→2025-09-26
2025-09-25,2025-09-26,P,6615.0,0.030136986301369864,131.8444620652669,-0.2140396630102949,52.74507398235983,-0.49795377868846397,6604.72,6643.7,0.0273972602739726,92.55004623543222,33.61629097807236,-14.306733935858796,-3.2397617067238897,1.0000589744460326,3.0-4.0%,1.00-1.02,2025-09-25→2025-09-26
2025-09-25,2025-09-26,C,6620.0,0.030136986301369864,128.71424312927812,0.7750498343641875,49.55482887851076,0.48824466527011506,6604.72,6643.7,0.0273972602739726,122.68019848949595,67.99051673473377,-18.261442543515688,-7.081777052228869,1.0008148769210485,3.0-4.0%,1.00-1.02,2025-09-25→2025-09-26
2025-09-25,2025-09-26,P,6620.0,0.030136986301369864,134.0962770273545,-0.22495016563521006,54.8449214338375,-0.5132919008472521,6604.72,6643.7,0.0273972602739726,92.70875245835923,35.1547692543445,-14.48144254353961,-3.2418817049743396,1.0008148769210485,3.0-4.0%,1.00-1.02,2025-09-25→2025-09-26
2025-09-25,2025-09-26,C,6625.0,0.030136986301369864,130.15856776528855,0.7879566340662467,46.75467598790101,0.4727082967691194,6604.72,6643.7,0.0273972602739726,127.77332417957803,64.6197234285778,-19.314549595901955,-7.0261694080600705,1.0015707793960644,3.0-4.0%,1.00-1.02,2025-09-25→2025-09-26
2025-09-25,2025-09-26,P,6625.0,0.030136986301369864,140.53312585814615,-0.21204336593312073,57.14476894289237,-0.5287891031274706,6604.72,6643.7,0.0273972602739726,102.79714140671643,36.87645165983986,-15.684549595927042,-3.3378007600914223,1.0015707793960644,3.0-4.0%,1.00-1.02,2025-09-25→2025-09-26
2025-09-25,2025-09-26,C,6630.0,0.030136986301369864,130.27633617114532,0.7851274332611801,44.05452029928438,0.45698192491300393,6604.72,6643.7,0.0273972602739726,124.86601992368583,61.340072103868806,-19.80426734852045,-7.01315543310869,1.0023266818710803,3.0-4.0%,1.00-1.02,2025-09-25→2025-09-26
2025-09-25,2025-09-26,P,6630.0,0.030136986301369864,145.64341845876322,-0.2148725667384015,59.494613752591704,-0.5444652265729808,6604.72,6643.7,0.0273972602739726,104.88510040909371,38.6441402744008,-16.224267348537197,-3.3767454681854403,1.0023266818710803,3.0-4.0%,1.00-1.02,2025-09-25→2025-09-26
2025-09-25,2025-09-26,C,6635.0,0.030136986301369864,127.93833332307831,0.7751366285071425,41.55436472063275,0.441236840971913,6604.72,6643.7,0.0273972602739726,120.21054319575414,58.24889235901264,-20.114825779208076,-7.099412061084976,1.0030825843460962,3.0-4.0%,1.00-1.02,2025-09-25→2025-09-26
2025-09-25,2025-09-26,P,6635.0,0.030136986301369864,148.29793980549715,-0.2248633714923691,61.894457000640614,-0.5603267250404645,6604.72,6643.7,0.0273972602739726,105.22488693944571,40.45770510691318,-16.434825779227545,-3.3584642579229325,1.0030825843460962,3.0-4.0%,1.00-1.02,2025-09-25→2025-09-26
2025-09-25,2025-09-26,C,6640.0,0.030136986301369864,126.68458034585048,0.7761219138355363,39.05420682838394,0.4252811368566329,6604.72,6643.7,0.0273972602739726,122.81274345357289,55.15724049109531,-20.753232201308865,-7.077458714671366,1.003838486821112,3.0-4.0%,1.00-1.02,2025-09-25→2025-09-26
2025-09-25,2025-09-26,P,6640.0,0.030136986301369864,152.03671102306015,-0.2238780861638623,64.39429896607226,-0.5762988687189642,6604.72,6643.7,0.0273972602739726,112.82235045555987,42.36546153113159,-17.07323220133275,-3.3358700973350324,1.003838486821112,3.0-4.0%,1.00-1.02,2025-09-25→2025-09-26
2025-09-25,2025-09-26,C,6645.0,0.030136986301369864,129.14632985561352,0.7837228156480025,36.654048310188045,0.40925656246256714,6604.72,6643.7,0.0273972602739726,122.67804293706287,52.16136867927435,-21.649515353958797,-7.05282080479069,1.004594389296128,3.0-4.0%,1.00-1.02,2025-09-25→2025-09-26
2025-09-25,2025-09-26,P,6645.0,0.030136986301369864,159.4909847275836,-0.21627718435161558,66.99414028118917,-0.592340294435998,6604.72,6643.7,0.0273972602739726,117.68291319732828,44.368981463554064,-18.01951535397412,-3.360575322885058,1.004594389296128,3.0-4.0%,1.00-1.02,2025-09-25→2025-09-26
2025-09-25,2025-09-26,C,6650.0,0.030136986301369864,127.5836927369407,0.7762388195208839,34.35388954246491,0.3932058048812082,6604.72,6643.7,0.0273972602739726,118.59839545808158,49.26288731634986,-21.907789184923715,-6.977162274269324,1.0053502917711439,3.0-4.0%,1.00-1.02,2025-09-25→2025-09-26
2025-09-25,2025-09-26,P,6650.0,0.030136986301369864,162.92087180371007,-0.22376118047865562,69.69398134309768,-0.6084082943231524,6604.72,6643.7,0.0273972602739726,118.59852897663981,46.469875959606725,-18.2777891849421,-3.2842446872837883,1.0053502917711439,3.0-4.0%,1.00-1.02,2025-09-25→2025-09-26
2025-09-25,2025-09-26,C,6655.0,0.030136986301369864,125.05145463312263,0.765363763406232,32.10372976891631,0.3770386558120287,6604.72,6643.7,0.0273972602739726,115.46571886130131,46.41306957555662,-22.133879497574593,-6.99696680355272,1.0061061942461598,3.0-4.0%,1.00-1.02,2025-09-25→2025-09-26
2025-09-25,2025-09-26,P,6655.0,0.030136986301369864,165.3811578946752,-0.23463623659333446,72.44382139581921,-0.62459333056246,6604.72,6643.7,0.0273972602739726,120.46111563812393,48.61941333178265,-18.40387949759193,-3.2033519746755843,1.0061061942461598,3.0-4.0%,1.00-1.02,2025-09-25→2025-09-26
2025-09-25,2025-09-26,C,6660.0,0.030136986301369864,127.199029662813,0.7800221678041769,30.00357145532098,0.36105137971223145,6604.72,6643.7,0.0273972602739726,120.45655296631756,43.71371530273791,-23.305264101006472,-6.9737827811826225,1.0068620967211757,3.0-4.0%,1.00-1.02,2025-09-25→2025-09-26
2025-09-25,2025-09-26,P,6660.0,0.030136986301369864,172.52125711917031,-0.21997783219524222,75.34366290079106,-0.6405986025391002,6604.72,6643.7,0.0273972602739726,130.4472130014408,50.9194038549158,-19.625264101029543,-3.229466473026143,1.0068620967211757,3.0-4.0%,1.00-1.02,2025-09-25→2025-09-26
2025-09-25,2025-09-26,C,6665.0,0.030136986301369864,127.23847475406657,0.7768962783623294,28.003414397747292,0.3451744988110212,6604.72,6643.7,0.0273972602739726,117.53435457077545,41.116829964148565,-23.783416930563263,-6.954901963653455,1.0076179991961915,3.0-4.0%,1.00-1.02,2025-09-25→2025-09-26
2025-09-25,2025-09-26,P,6665.0,0.030136986301369864,177.55322640520194,-0.22310372163719075,78.29350396772315,-0.6566650530465556,6604.72,6643.7,0.0273972602739726,132.52027786419055,53.27013271153464,-20.103416930582398,-3.2031962322455456,1.0076179991961915,3.0-4.0%,1.00-1.02,2025-09-25→2025-09-26
2025-09-25,2025-09-26,C,6670.0,0.030136986301369864,124.96555422792622,0.766539613252652,26.15326075621988,0.329645980219144,6604.72,6643.7,0.0273972602739726,112.90611398580918,38.67658703462939,-23.97971412458804,-6.94960030894209,1.0083739016712074,3.0-4.0%,1.00-1.02,2025-09-25→2025-09-26
2025-09-25,2025-09-26,P,6670.0,0.030136986301369864,180.27283007385836,-0.2334603867468101,79.49327333453857,-0.6799643468912757,6604.72,6643.7,0.0273972602739726,132.88730053749225,53.77645662325085,-18.399714124609446,-0.9949897581783702,1.0083739016712074,3.0-4.0%,1.00-1.02,2025-09-25→2025-09-26
2025-09-25,2025-09-26,C,6675.0,0.030136986301369864,123.99123026757175,0.7685621633155744,24.05309439630173,0.3129031641475932,6604.72,6643.7,0.0273972602739726,116.86690207646448,35.97217202967067,-24.408553126040754,-6.646965338473047,1.0091298041462233,3.0-4.0%,1.00-1.02,2025-09-25→2025-09-26
2025-09-25,2025-09-26,P,6675.0,0.030136986301369864,184.2910303082994,-0.23143783668384466,84.49318945821597,-0.6883840350383704,6604.72,6643.7,0.0273972602739726,141.8433518864555,58.282032313424224,-20.82855312606383,-3.0167903142046164,1.0091298041462233,3.0-4.0%,1.00-1.02,2025-09-25→2025-09-26
2025-09-25,2025-09-26,C,6570.0,0.03287671232876712,145.96951385164041,0.8033255750450298,85.09611159599399,0.6243668113044892,6604.72,6643.7,0.030136986301369864,146.41342194472034,108.48922988250524,-13.813630915254908,-6.837818304648717,0.9931456680316748,3.0-4.0%,0.98-1.00,2025-09-25→2025-09-26
2025-09-25,2025-09-26,P,6570.0,0.03287671232876712,100.69857041375965,-0.19667442495514234,39.85235057271666,-0.3774358509394852,6604.72,6643.7,0.030136986301369864,65.7392430638657,25.078896369663653,-10.083630915248637,-3.0375505303790327,0.9931456680316748,3.0-4.0%,0.98-1.00,2025-09-25→2025-09-26
2025-09-25,2025-09-26,C,6575.0,0.03287671232876712,146.21156739143956,0.8105580969796594,81.64618691965052,0.6122651526419942,6604.72,6643.7,0.030136986301369864,147.1342056914285,104.59040095032742,-13.245554620266777,-5.516095649984674,0.9939014866527035,3.0-4.0%,0.98-1.00,2025-09-25→2025-09-26
2025-09-25,2025-09-26,P,6575.0,0.03287671232876712,105.93259431620949,-0.189441903020729,41.35242523228317,-0.38943064412824135,6604.72,6643.7,0.030136986301369864,71.45471921628318,26.13795871470211,-10.815554620252069,-3.0199934918813245,0.9939014866527035,3.0-4.0%,0.98-1.00,2025-09-25→2025-09-26
2025-09-25,2025-09-26,C,6580.0,0.03287671232876712,144.27058100716943,0.8054312019101078,78.29626440041329,0.5998230817456234,6604.72,6643.7,0.030136986301369864,143.21934601960382,100.77602348001801,-13.29570825045564,-5.28110372644413,0.9946573052737321,3.0-4.0%,0.98-1.00,2025-09-25→2025-09-26
2025-09-25,2025-09-26,P,6580.0,0.03287671232876712,108.98357829460535,-0.194568798090385,42.95250216949353,-0.4017854288696524,6604.72,6643.7,0.030136986301369864,72.53455195018842,27.28075615746411,-11.26570825043688,-3.188403982661127,0.9946573052737321,3.0-4.0%,0.98-1.00,2025-09-25→2025-09-26
2025-09-25,2025-09-26,C,6585.0,0.03287671232876712,141.16428234424325,0.7949476605638834,74.9963433852131,0.5871401908817555,6604.72,6643.7,0.030136986301369864,138.38866622350412,97.00385033404291,-15.037059808779826,-6.936724640570571,0.9954131238947608,3.0-4.0%,0.98-1.00,2025-09-25→2025-09-26
2025-09-25,2025-09-26,P,6585.0,0.03287671232876712,110.86924999436461,-0.20505233943660717,44.652581154292875,-0.41446831973351994,6604.72,6643.7,0.030136986301369864,72.69856455981731,28.508583011487644,-11.35705980876114,-3.194024896787571,0.9954131238947608,3.0-4.0%,0.98-1.00,2025-09-25→2025-09-26
2025-09-25,2025-09-26,C,6590.0,0.03287671232876712,140.722158946806,0.8037208447598477,71.69642351246921,0.574273906853171,6604.72,6643.7,0.030136986301369864,141.33354680317063,93.23008620564633,-15.879038528738498,-6.935196889136339,0.9961689425157895,3.0-4.0%,0.98-1.00,2025-09-25→2025-09-26
2025-09-25,2025-09-26,P,6590.0,0.03287671232876712,115.41909695962467,-0.19627915524049971,46.3526612815499,-0.42733460376210436,6604.72,6643.7,0.030136986301369864,80.63813754519758,29.73481888309334,-12.199038528725408,-3.192497145353361,0.9961689425157895,3.0-4.0%,0.98-1.00,2025-09-25→2025-09-26
2025-09-25,2025-09-26,C,6595.0,0.03287671232876712,140.38604655509434,0.8011531536388418,68.49650488215366,0.5611025346034103,6604.72,6643.7,0.030136986301369864,138.63665016848654,89.54243942807625,-16.328949928841695,-6.971776798840683,0.9969247611368182,3.0-4.0%,0.98-1.00,2025-09-25→2025-09-26
2025-09-25,2025-09-26,P,6595.0,0.03287671232876712,120.07495493059416,-0.19884684636151004,48.15274265123389,-0.4405059760118653,6604.72,6643.7,0.030136986301369864,82.93593331624068,31.04717210552144,-12.698949928828421,-3.2790770550576767,0.9969247611368182,3.0-4.0%,0.98-1.00,2025-09-25→2025-09-26
2025-09-25,2025-09-26,C,6600.0,0.03287671232876712,137.7034903858943,0.791934416410354,65.34658901294006,0.547692881377924,6604.72,6643.7,0.030136986301369864,134.04382018297673,85.8974567383384,-16.519603551675246,-6.999068516111233,0.9976805797578469,3.0-4.0%,0.98-1.00,2025-09-25→2025-09-26
2025-09-25,2025-09-26,P,6600.0,0.03287671232876712,122.38436912406381,-0.20806558359005908,50.002826782018474,-0.4539156292373506,6604.72,6643.7,0.030136986301369864,83.33779573643707,32.402189415783596,-12.98960355165959,-3.406368772328271,0.9976805797578469,3.0-4.0%,0.98-1.00,2025-09-25→2025-09-26
2025-09-25,2025-09-26,C,6605.0,0.03287671232876712,135.65287516513018,0.7897198708841626,62.2966741843029,0.5340227381449216,6604.72,6643.7,0.030136986301369864,134.59135968167544,82.3404490619323,-17.033280567064313,-7.066206332888811,0.9984363983788754,3.0-4.0%,0.98-1.00,2025-09-25→2025-09-26
2025-09-25,2025-09-26,P,6605.0,0.03287671232876712,125.32572426597709,-0.21028012911627306,51.95291195338268,-0.4675857724703537,6604.72,6643.7,0.030136986301369864,88.880027640889,33.84518173937886,-13.40328056704777,-3.373506589105819,0.9984363983788754,3.0-4.0%,0.98-1.00,2025-09-25→2025-09-26
2025-09-25,2025-09-26,C,6610.0,0.03287671232876712,136.89632406580856,0.7966244589373886,59.29676041545508,0.5201363803981267,6604.72,6643.7,0.030136986301369864,134.57287042949986,78.82713461172534,-17.80242140937906,-7.024916107918752,0.9991922169999041,3.0-4.0%,0.98-1.00,2025-09-25→2025-09-26
2025-09-25,2025-09-26,P,6610.0,0.03287671232876712,131.5611435293331,-0.20337554106306752,54.00299824601416,-0.4814816300356324,6604.72,6643.7,0.030136986301369864,93.85623079441159,35.377524213052766,-14.372421409361717,-3.5318460612112617,0.9991922169999041,3.0-4.0%,0.98-1.00,2025-09-25→2025-09-26
2025-09-25,2025-09-26,C,6615.0,0.03287671232876712,135.06984444362647,0.7899401843786469,56.346848507372215,0.5060324207119264,6604.72,6643.7,0.030136986301369864,130.52208915927517,75.35757315559886,-18.141868387079313,-7.075143759350674,0.9999480356209328,3.0-4.0%,0.98-1.00,2025-09-25→2025-09-26
2025-09-25,2025-09-26,P,6615.0,0.03287671232876712,134.7266342698521,-0.21005981562168016,56.003086276451995,-0.4955760899033488,6604.72,6643.7,0.030136986301369864,94.80014192993933,36.86230583304405,-14.511868387067002,-3.3824440155676854,0.9999480356209328,3.0-4.0%,0.98-1.00,2025-09-25→2025-09-26
2025-09-25,2025-09-26,C,6620.0,0.03287671232876712,132.24900879467157,0.7791880431855595,53.49693756138686,0.4917242216605243,6604.72,6643.7,0.030136986301369864,125.71448851320822,71.97834896935774,-18.422749923372763,-7.21741016032702,1.0007038542419615,3.0-4.0%,1.00-1.02,2025-09-25→2025-09-26
2025-09-25,2025-09-26,P,6620.0,0.03287671232876712,136.89776898357624,-0.22081195681478588,58.10317542767507,-0.5099000104692623,6604.72,6643.7,0.030136986301369864,94.9872336895655,38.436518221000824,-14.692749923359747,-3.424097591908385,1.0007038542419615,3.0-4.0%,1.00-1.02,2025-09-25→2025-09-26
2025-09-25,2025-09-26,C,6625.0,0.03287671232876712,133.27853813110244,0.7913741560477064,50.69702794217983,0.47721903178180747,6604.72,6643.7,0.030136986301369864,130.5871502500762,68.64382561848288,-19.397764602739247,-7.151997858854642,1.00145967286299,3.0-4.0%,1.00-1.02,2025-09-25→2025-09-26
2025-09-25,2025-09-26,P,6625.0,0.03287671232876712,142.91926868269417,-0.20862584395255176,60.35326571125961,-0.5243894788334678,6604.72,6643.7,0.030136986301369864,104.85458783219019,40.14855829592807,-15.767764602729622,-3.459298115071654,1.00145967286299,3.0-4.0%,1.00-1.02,2025-09-25→2025-09-26
2025-09-25,2025-09-26,C,6630.0,0.03287671232876712,133.08678063836228,0.7882563396367701,47.99711922514962,0.4625559820651815,6604.72,6643.7,0.030136986301369864,127.63473448864741,65.40150440427897,-19.826232119040956,-7.1304321809005735,1.002215491484019,3.0-4.0%,1.00-1.02,2025-09-25→2025-09-26
2025-09-25,2025-09-26,P,6630.0,0.03287671232876712,147.71948155261538,-0.21174366036363865,62.65335699423031,-0.5390525285500931,6604.72,6643.7,0.030136986301369864,106.89686447645141,41.90623708172552,-16.24623211902545,-3.4877324371176,1.002215491484019,3.0-4.0%,1.00-1.02,2025-09-25→2025-09-26
2025-09-25,2025-09-26,C,6635.0,0.03287671232876712,130.66780186933025,0.7783488965361104,45.34721090311177,0.447716144782682,6604.72,6643.7,0.030136986301369864,122.97281447545971,62.204791042833676,-19.99003998697724,-7.101975323628746,1.0029713101050475,3.0-4.0%,1.00-1.02,2025-09-25→2025-09-26
2025-09-25,2025-09-26,P,6635.0,0.03287671232876712,150.29247314628765,-0.22165110346416395,65.00344867219246,-0.5538923658325926,6604.72,6643.7,0.030136986301369864,107.2296368689836,43.709523720279776,-16.460039986966983,-3.5092755798457773,1.0029713101050475,3.0-4.0%,1.00-1.02,2025-09-25→2025-09-26
2025-09-25,2025-09-26,C,6640.0,0.03287671232876712,129.32534464562406,0.7792253730381081,42.847304344783424,0.4328366068854949,6604.72,6643.7,0.030136986301369864,125.39497083938772,59.15070204591166,-20.724205041025115,-7.221970936396403,1.0037271287260763,3.0-4.0%,1.00-1.02,2025-09-25→2025-09-26
2025-09-25,2025-09-26,P,6640.0,0.03287671232876712,153.9419862852371,-0.22077462696225764,67.50354211386366,-0.56877190372978,6604.72,6643.7,0.030136986301369864,114.6464856386472,45.6554347233573,-17.094205041011296,-3.5292711926134253,1.0037271287260763,3.0-4.0%,1.00-1.02,2025-09-25→2025-09-26
2025-09-25,2025-09-26,C,6645.0,0.03287671232876712,131.34504772084114,0.7862146543406828,40.397397805098535,0.41782954832073094,6604.72,6643.7,0.030136986301369864,125.11854676862076,56.144145655308876,-21.496647226199475,-7.13699579354191,1.0044829473471049,3.0-4.0%,1.00-1.02,2025-09-25→2025-09-26
2025-09-25,2025-09-26,P,6645.0,0.03287671232876712,160.95365972316037,-0.2137853456595754,70.00363610538216,-0.5838642665326161,6604.72,6643.7,0.030136986301369864,119.36475397360026,47.599804508285615,-17.916647226189845,-3.490970890558877,1.0044829473471049,3.0-4.0%,1.00-1.02,2025-09-25→2025-09-26
2025-09-25,2025-09-26,C,6650.0,0.03287671232876712,129.6812903926142,0.7787192575637452,37.99749208500543,0.40269114391914745,6604.72,6643.7,0.030136986301369864,120.98415717122394,53.1850440945982,-21.754476659834445,-7.09690078996819,1.0052387659681334,3.0-4.0%,1.00-1.02,2025-09-25→2025-09-26
2025-09-25,2025-09-26,P,6650.0,0.03287671232876712,164.28187275759433,-0.22128074243663456,72.60373047965095,-0.5990178179042734,6604.72,6643.7,0.030136986301369864,120.22505678191153,49.6401576429339,-18.124476659820075,-3.400285458091677,1.0052387659681334,3.0-4.0%,1.00-1.02,2025-09-25→2025-09-26
2025-09-25,2025-09-26,C,6655.0,0.03287671232876712,127.14088525146671,0.7679880618672529,35.697586517835134,0.3875323554865886,6604.72,6643.7,0.030136986301369864,117.77724474960444,50.323449971813716,-21.886174651585186,-7.0560112168670575,1.0059945845891622,3.0-4.0%,1.00-1.02,2025-09-25→2025-09-26
2025-09-25,2025-09-26,P,6655.0,0.03287671232876712,166.73343797912253,-0.23201193813315707,75.30382500951282,-0.614192101365689,6604.72,6643.7,0.030136986301369864,122.01283676601594,51.7780040452858,-18.306174651569634,-3.4087918887657054,1.0059945845891622,3.0-4.0%,1.00-1.02,2025-09-25→2025-09-26
2025-09-25,2025-09-26,C,6660.0,0.03287671232876712,129.04123791398303,0.7821874149450067,33.49768112422589,0.3723950593479111,6604.72,6643.7,0.030136986301369864,122.5051944940549,47.560917391173916,-22.989665434556017,-7.015959413381413,1.0067504032101908,3.0-4.0%,1.00-1.02,2025-09-25→2025-09-26
2025-09-25,2025-09-26,P,6660.0,0.03287671232876712,173.62576100435095,-0.217812585055159,78.10391972097023,-0.6293452140246165,6604.72,6643.7,0.030136986301369864,131.7354789162168,54.01489868404724,-19.359665434549992,-3.3181235573207175,1.0067504032101908,3.0-4.0%,1.00-1.02,2025-09-25→2025-09-26
2025-09-25,2025-09-26,C,6665.0,0.03287671232876712,128.92768863676486,0.7789240618749713,31.34777554891525,0.35717474877406896,6604.72,6643.7,0.030136986301369864,119.46842837485471,44.84770899145178,-23.362459931886043,-6.922671707213052,1.0075062218312196,3.0-4.0%,1.00-1.02,2025-09-25→2025-09-26
2025-09-25,2025-09-26,P,6665.0,0.03287671232876712,178.50418208978888,-0.2210759381253816,81.0040133179973,-0.6444337618412024,6604.72,6643.7,0.030136986301369864,133.69340520271194,56.3524416688997,-19.782459931872722,-3.27997196343021,1.0075062218312196,3.0-4.0%,1.00-1.02,2025-09-25→2025-09-26
2025-09-25,2025-09-26,C,6670.0,0.03287671232876712,126.7030399318524,0.7687538909673067,29.397867809979743,0.3423599456000169,6604.72,6643.7,0.030136986301369864,114.76381191317408,42.339483593036675,-23.56602666990528,-6.945190679488512,1.0082620404522482,3.0-4.0%,1.00-1.02,2025-09-25→2025-09-26
2025-09-25,2025-09-26,P,6670.0,0.03287671232876712,181.2715037475597,-0.23124610903306117,83.85410968229371,-0.6599075166118765,6604.72,6643.7,0.030136986301369864,133.98348114676853,58.636434280694175,-19.786026669891374,-3.0768050024693387,1.0082620404522482,3.0-4.0%,1.00-1.02,2025-09-25→2025-09-26
2025-09-25,2025-09-26,C,6675.0,0.03287671232876712,125.71509776058947,0.770747468902043,27.447961096045674,0.32737272820508134,6604.72,6643.7,0.030136986301369864,118.50100899972699,39.83139116027087,-24.143736337801307,-6.860988945433933,1.0090178590732768,3.0-4.0%,1.00-1.02,2025-09-25→2025-09-26
2025-09-25,2025-09-26,P,6675.0,0.03287671232876712,185.27553193896838,-0.22925253109836796,85.10424577050162,-0.6817936447082108,6604.72,6643.7,0.030136986301369864,142.71537063905114,59.22585209149656,-18.56373633778571,-0.9236837292742344,1.0090178590732768,3.0-4.0%,1.00-1.02,2025-09-25→2025-09-26
2025-09-25,2025-09-26,C,6570.0,0.03561643835616438,154.13015574581644,0.8105461291627457,89.45199645469938,0.6193646166281104,6604.72,6643.7,0.03287671232876712,151.95846791372048,112.55670273572923,-13.695088114763482,-6.24283275616348,0.9930241596036836,3.0-4.0%,0.98-1.00,2025-09-25→2025-09-26
2025-09-25,2025-09-26,P,6570.0,0.03561643835616438,108.05668316338692,-0.18945387083757056,43.29876749187997,-0.38236645281356196,6604.72,6643.7,0.03287671232876712,70.56019446013399,28.241372754766644,-10.765088114751581,-3.2453556693275196,0.9930241596036836,3.0-4.0%,0.98-1.00,2025-09-25→2025-09-26
2025-09-25,2025-09-26,C,6575.0,0.03561643835616438,154.21925867352468,0.8174346376008255,85.95196002924968,0.6080691927636468,6604.72,6643.7,0.03287671232876712,152.5696552351223,108.6419857365363,-15.213602173679828,-7.052537133926695,0.993779885752545,3.0-4.0%,0.98-1.00,2025-09-25→2025-09-26
2025-09-25,2025-09-26,P,6575.0,0.03561643835616438,113.13714570100048,-0.18256536239951665,44.8487308153949,-0.3937397498128797,6604.72,6643.7,0.03287671232876712,76.16552312594867,29.370204858751322,-11.583602173666923,-3.352024552294125,0.993779885752545,3.0-4.0%,0.98-1.00,2025-09-25→2025-09-26
2025-09-25,2025-09-26,C,6580.0,0.03561643835616438,152.81527534058378,0.8131753271828155,82.55192255992006,0.5964455962328394,6604.72,6643.7,0.03287671232876712,148.6179773855422,104.81228053392442,-15.497574253585789,-7.0494493411558175,0.9945356119014062,3.0-4.0%,0.98-1.00,2025-09-25→2025-09-26
2025-09-25,2025-09-26,P,6580.0,0.03561643835616438,116.72452197796714,-0.18682467281755355,46.44869337481077,-0.40535443739557636,6604.72,6643.7,0.03287671232876712,77.20798662078988,30.540827254184933,-11.867574253571846,-3.3492840303206126,0.9945356119014062,3.0-4.0%,0.98-1.00,2025-09-25→2025-09-26
2025-09-25,2025-09-26,C,6585.0,0.03561643835616438,149.61565424273869,0.8031696760664018,79.20188432148916,0.5845828750818594,6604.72,6643.7,0.03287671232876712,143.75712764724804,101.02455619754437,-15.55755397306799,-7.0370404706906236,0.9952913380502674,3.0-4.0%,0.98-1.00,2025-09-25→2025-09-26
2025-09-25,2025-09-26,P,6585.0,0.03561643835616438,118.51626049003364,-0.19683032393394567,48.09865516590526,-0.417207999710521,6604.72,6643.7,0.03287671232876712,77.34127822687002,31.753438373157223,-11.977553973054885,-3.387232171284076,0.9952913380502674,3.0-4.0%,0.98-1.00,2025-09-25→2025-09-26
2025-09-25,2025-09-26,C,6590.0,0.03561643835616438,148.61442333015617,0.8110220619508468,76.00184499452371,0.5723824008625744,6604.72,6643.7,0.03287671232876712,146.44940476386762,97.36811044749084,-16.463639974843648,-7.161465985622897,0.9960470641991287,3.0-4.0%,0.98-1.00,2025-09-25→2025-09-26
2025-09-25,2025-09-26,P,6590.0,0.03561643835616438,122.50638918733806,-0.18897793804958352,49.848616031705205,-0.4293486685790993,6604.72,6643.7,0.03287671232876712,85.02769668790636,33.052780466529384,-12.883639974827318,-3.513988898786895,0.9960470641991287,3.0-4.0%,0.98-1.00,2025-09-25→2025-09-26
2025-09-25,2025-09-26,C,6595.0,0.03561643835616438,149.38988436811377,0.8097828941534951,72.80180466590355,0.5600259188975721,6604.72,6643.7,0.03287671232876712,143.6759779512972,93.71049145003508,-16.965337214102878,-7.229810318627109,0.9968027903479899,3.0-4.0%,0.98-1.00,2025-09-25→2025-09-26
2025-09-25,2025-09-26,P,6595.0,0.03561643835616438,128.27320983521722,-0.19021710584685345,51.59857582989298,-0.44166460419339165,6604.72,6643.7,0.03287671232876712,87.24841121972625,34.350243128486454,-13.28533721408974,-3.48391372854179,0.9968027903479899,3.0-4.0%,0.98-1.00,2025-09-25→2025-09-26
2025-09-25,2025-09-26,C,6600.0,0.03561643835616438,146.91500247278364,0.8013207655623065,69.60176471152135,0.5474859966292052,6604.72,6643.7,0.03287671232876712,139.03056855586456,90.05079495389327,-17.135483441618348,-7.241004148606169,0.9975585164968511,3.0-4.0%,0.98-1.00,2025-09-25→2025-09-26
2025-09-25,2025-09-26,P,6600.0,0.03561643835616438,130.78968754981676,-0.19867923443790436,53.44853574870422,-0.45424507281246973,6604.72,6643.7,0.03287671232876712,87.59714316869572,35.73546497293228,-13.505483441610576,-3.5435270617701278,0.9975585164968511,3.0-4.0%,0.98-1.00,2025-09-25→2025-09-26
2025-09-25,2025-09-26,C,6605.0,0.03561643835616438,144.48166563067178,0.7988660820624777,66.50172350472076,0.5346925724596345,6604.72,6643.7,0.03287671232876712,139.34935736865518,86.47935676871839,-17.539799878795037,-7.2423164744763255,0.9983142426457124,3.0-4.0%,0.98-1.00,2025-09-25→2025-09-26
2025-09-25,2025-09-26,P,6605.0,0.03561643835616438,133.34771031760613,-0.20113391793778054,55.34849454190271,-0.46703849698204003,6604.72,6643.7,0.03287671232876712,92.91007332591464,37.164026787756484,-13.909799878785403,-3.544839387640284,0.9983142426457124,3.0-4.0%,0.98-1.00,2025-09-25→2025-09-26
2025-09-25,2025-09-26,C,6610.0,0.03561643835616438,146.58605649818745,0.8063056415154374,63.501681167385414,0.5216772001760204,6604.72,6643.7,0.03287671232876712,139.16847588976623,82.99741783712443,-18.3797939062714,-7.284977262861048,0.9990699687945737,3.0-4.0%,0.98-1.00,2025-09-25→2025-09-26
2025-09-25,2025-09-26,P,6610.0,0.03561643835616438,140.4434607950017,-0.19369435848497576,57.29845223242728,-0.48004419376992485,6604.72,6643.7,0.03287671232876712,97.72333319143348,38.63604862773673,-14.69979390625573,-3.5378773268485375,0.9990699687945737,3.0-4.0%,0.98-1.00,2025-09-25→2025-09-26
2025-09-25,2025-09-26,C,6615.0,0.03561643835616438,146.02797946824512,0.8013235384684727,60.55163899915897,0.5084713813464689,6604.72,6643.7,0.03287671232876712,135.03635908839328,79.55982238203251,-18.735591529500716,-7.320214444885135,0.9998256949434349,3.0-4.0%,0.98-1.00,2025-09-25→2025-09-26
2025-09-25,2025-09-26,P,6615.0,0.03561643835616438,144.87674337494977,-0.1986764615320544,59.398410036340465,-0.4932596880952058,6604.72,6643.7,0.03287671232876712,98.58535773442982,40.2444924010706,-15.105591529480607,-3.6227373580490934,0.9998256949434349,3.0-4.0%,0.98-1.00,2025-09-25→2025-09-26
2025-09-25,2025-09-26,C,6620.0,0.03561643835616438,143.08832732910506,0.7911843593375031,57.60159574759882,0.49506295416128476,6604.72,6643.7,0.03287671232876712,130.1639802647573,76.1198258930076,-18.79036632697552,-7.247553953206658,1.000581421092296,3.0-4.0%,1.00-1.02,2025-09-25→2025-09-26
2025-09-25,2025-09-26,P,6620.0,0.03561643835616438,146.9284508457602,-0.20881564066277875,61.49836682478144,-0.5066556750240779,6604.72,6643.7,0.03287671232876712,98.70712025519627,41.851335818539155,-15.21036632696497,-3.6005617875616593,1.000581421092296,3.0-4.0%,1.00-1.02,2025-09-25→2025-09-26
2025-09-25,2025-09-26,C,6625.0,0.03561643835616438,143.0572143114619,0.8015245326219329,54.75155193141518,0.48146482896143933,6604.72,6643.7,0.03287671232876712,134.6867640778019,72.770761548878,-19.6434262816026,-7.167499032916702,1.0013371472411574,3.0-4.0%,1.00-1.02,2025-09-25→2025-09-26
2025-09-25,2025-09-26,P,6625.0,0.03561643835616438,151.88869743802218,-0.19847546737830377,63.69832312318431,-0.5202182901693541,6604.72,6643.7,0.03287671232876712,108.2240454126621,43.54994463103458,-16.213426281593808,-3.671891049198809,1.0013371472411574,3.0-4.0%,1.00-1.02,2025-09-25→2025-09-26
2025-09-25,2025-09-26,C,6630.0,0.03561643835616438,145.85791908767405,0.801584649952434,52.10150781764469,0.46778213686902326,6604.72,6643.7,0.03287671232876712,131.61436520610445,69.60928422825418,-20.29576965514553,-7.284147695154328,1.0020928733900187,3.0-4.0%,1.00-1.02,2025-09-25→2025-09-26
2025-09-25,2025-09-26,P,6630.0,0.03561643835616438,159.68076182412884,-0.19841535004790384,65.84827862362454,-0.5340206026078775,6604.72,6643.7,0.03287671232876712,110.14578788537919,45.19858483337339,-16.665769655132785,-3.5838769103451575,1.0020928733900187,3.0-4.0%,1.00-1.02,2025-09-25→2025-09-26
2025-09-25,2025-09-26,C,6635.0,0.03561643835616438,143.7191847526737,0.7927411773469463,49.451462924009775,0.453930513488408,6604.72,6643.7,0.03287671232876712,126.87088966468953,66.44685980723898,-20.551051092983624,-7.344211415777952,1.0028485995388798,3.0-4.0%,1.00-1.02,2025-09-25→2025-09-26
2025-09-25,2025-09-26,P,6635.0,0.03561643835616438,162.53338709902772,-0.20725882265344747,68.24823380453472,-0.5478485039339545,6604.72,6643.7,0.03287671232876712,110.39645368834772,47.08340513237681,-16.92105109296871,-3.6448653166546947,1.0028485995388798,3.0-4.0%,1.00-1.02,2025-09-25→2025-09-26
2025-09-25,2025-09-26,C,6640.0,0.03561643835616438,141.7242496941389,0.7928603003163154,46.85141805946341,0.43993334431060593,6604.72,6643.7,0.03287671232876712,129.0085733639848,63.33078783714109,-21.055694506329626,-7.298601761227225,1.0036043256877412,3.0-4.0%,1.00-1.02,2025-09-25→2025-09-26
2025-09-25,2025-09-26,P,6640.0,0.03561643835616438,165.52981165043525,-0.2071396996837728,70.64818890177867,-0.5618581754849542,6604.72,6643.7,0.03287671232876712,117.52827873205524,48.966882105547484,-17.425694506326636,-3.5987683195967364,1.0036043256877412,3.0-4.0%,1.00-1.02,2025-09-25→2025-09-26
2025-09-25,2025-09-26,C,6645.0,0.03561643835616438,144.86440842655355,0.8004231281310188,44.35137270373252,0.4258624967261255,6604.72,6643.7,0.03287671232876712,128.53479492355,60.31011772432703,-21.900493534546758,-7.3001201223841825,1.0043600518366025,3.0-4.0%,1.00-1.02,2025-09-25→2025-09-26
2025-09-25,2025-09-26,P,6645.0,0.03561643835616438,173.6613299927497,-0.19957687186918346,73.14814350484312,-0.5759418064496509,6604.72,6643.7,0.03287671232876712,122.0486416360305,50.94574948955096,-18.27049353453932,-3.599788384592866,1.0043600518366025,3.0-4.0%,1.00-1.02,2025-09-25→2025-09-26
2025-09-25,2025-09-26,C,6650.0,0.03561643835616438,144.28087597604798,0.7946279007944854,41.851326674448956,0.41158261092164883,6604.72,6643.7,0.03287671232876712,124.29730507024844,57.28722772711717,-22.17459557296869,-7.243490173725686,1.0051157779854636,3.0-4.0%,1.00-1.02,2025-09-25→2025-09-26
2025-09-25,2025-09-26,P,6650.0,0.03561643835616438,178.06915715211113,-0.20537209920595784,75.69809771163227,-0.5901484585200255,6604.72,6643.7,0.03287671232876712,122.80529312711381,52.97189774615572,-18.544595572951856,-3.546013086889669,1.0051157779854636,3.0-4.0%,1.00-1.02,2025-09-25→2025-09-26
2025-09-25,2025-09-26,C,6655.0,0.03561643835616438,141.4349399090489,0.7845218209477861,39.65128176978624,0.3976502728672856,6604.72,6643.7,0.03287671232876712,120.96298830865331,54.56063344109589,-22.430660580544362,-7.35040763636662,1.005871504134325,3.0-4.0%,1.00-1.02,2025-09-25→2025-09-26
2025-09-25,2025-09-26,P,6655.0,0.03561643835616438,180.21458069504962,-0.2154781790524914,78.29805152062681,-0.6044799573853002,6604.72,6643.7,0.03287671232876712,124.46511770992208,55.04530863847367,-18.650660580533977,-3.4873712611212575,1.005871504134325,3.0-4.0%,1.00-1.02,2025-09-25→2025-09-26
2025-09-25,2025-09-26,C,6660.0,0.03561643835616438,141.80501176168778,0.7959374765568651,37.25123504000294,0.38313400936189523,6604.72,6643.7,0.03287671232876712,125.36157455570901,51.63277503113068,-23.275642836186254,-7.184563684926509,1.0066272302831862,3.0-4.0%,1.00-1.02,2025-09-25→2025-09-26
2025-09-25,2025-09-26,P,6660.0,0.03561643835616438,185.5760121575835,-0.20406252344342324,81.04800571160968,-0.6187108463741349,6604.72,6643.7,0.03287671232876712,133.85784530138372,57.2669432193311,-19.645642836175448,-3.4826512083364882,1.0066272302831862,3.0-4.0%,1.00-1.02,2025-09-25→2025-09-26
2025-09-25,2025-09-26,C,6665.0,0.03561643835616438,144.4306505248938,0.79564365564643,35.10118998132157,0.36897153356328205,6604.72,6643.7,0.03287671232876712,122.18757742848288,48.955119167210796,-23.76418969709749,-7.1325103782965655,1.0073829564320473,3.0-4.0%,1.00-1.02,2025-09-25→2025-09-26
2025-09-25,2025-09-26,P,6665.0,0.03561643835616438,193.19301053069813,-0.20435634435389916,83.74795941720913,-0.6332718774504756,6604.72,6643.7,0.03287671232876712,135.67798951858595,59.4357197311092,-20.0341896970851,-3.315062216980735,1.0073829564320473,3.0-4.0%,1.00-1.02,2025-09-25→2025-09-26
2025-09-25,2025-09-26,C,6670.0,0.03561643835616438,142.22774273635338,0.7864317527868789,32.951143066632994,0.3546214517009941,6604.72,6643.7,0.03287671232876712,117.38327684014942,46.276152513762554,-23.8551097236322,-7.023144187304597,1.0081386825809087,3.0-4.0%,1.00-1.02,2025-09-25→2025-09-26
2025-09-25,2025-09-26,P,6670.0,0.03561643835616438,195.9814623520442,-0.21356824721359016,86.69791318497573,-0.6473946614652062,6604.72,6643.7,0.03287671232876712,135.8678302746133,61.85774064079396,-20.225109723614345,-3.314556096086541,1.0081386825809087,3.0-4.0%,1.00-1.02,2025-09-25→2025-09-26
2025-09-25,2025-09-26,C,6675.0,0.03561643835616438,140.35907296067094,0.7872753175180781,31.05109858417609,0.34082257135128075,6604.72,6643.7,0.03287671232876712,120.84090408552139,43.85457237287574,-24.48799187685434,-7.085263831272776,1.00889440872977,3.0-4.0%,1.00-1.02,2025-09-25→2025-09-26
2025-09-25,2025-09-26,P,6675.0,0.03561643835616438,199.1041521862798,-0.2127246824823221,89.69786759834369,-0.6615359350999253,6604.72,6643.7,0.03287671232876712,144.31959886439475,64.33098038457001,-20.707991876839177,-3.213329249805202,1.00889440872977,3.0-4.0%,1.00-1.02,2025-09-25→2025-09-26
