asof0,asof1,cp,K,T,price0_pde,delta0_pde,price0_bsm,delta0_bsm,S0,S1,T1,price1_pde,price1_bsm,pnl_pde,pnl_bsm,m,T_bucket,m_bucket,pair
2025-09-26,2025-09-29,C,6585.0,0.00821917808219178,90.75343387807426,0.91627137143671,63.1993919871411,0.8877130041187843,6643.7,6661.21,0.0410958904109589,155.99427890852317,99.44282102307534,38.45608828614301,38.95614529787989,0.9909036526798234,<1.0%,0.98-1.00,2025-09-26→2025-09-29
2025-09-26,2025-09-29,P,6585.0,0.00821917808219178,30.320031186989134,-0.08372862856370264,2.7750773929335537,-0.11314923030555751,6643.7,6661.21,0.0410958904109589,74.75740652445488,14.545722683239546,33.49108828615045,34.00624302265034,0.9909036526798234,<1.0%,0.98-1.00,2025-09-26→2025-09-29
2025-09-26,2025-09-29,C,6590.0,0.00821917808219178,93.06560818989637,0.9512762905641553,58.599402706416186,0.8722772969174765,6643.7,6661.21,0.005479452054794521,90.41938201679054,72.93916254372562,-2.5068478477785696,-1.123575469025205,0.9916560472528528,<1.0%,0.98-1.00,2025-09-26→2025-09-29
2025-09-26,2025-09-29,P,6590.0,0.00821917808219178,37.63088932365806,-0.04872370943602902,3.1500876379221836,-0.12798600742624627,6643.7,6661.21,0.005479452054794521,22.88176654552391,0.5599301655992974,3.203152152224879,4.5910349900336005,0.9916560472528528,<1.0%,0.98-1.00,2025-09-26→2025-09-29
2025-09-26,2025-09-29,C,6595.0,0.00821917808219178,89.40649298734174,0.9671764849512973,54.0494145474504,0.8549838969612327,6643.7,6661.21,0.005479452054794521,85.95573287648506,68.05941905554755,-2.635260251497428,-0.6707680357913741,0.9924084418258823,<1.0%,0.98-1.00,2025-09-26→2025-09-29
2025-09-26,2025-09-29,P,6595.0,0.00821917808219178,38.97045794594155,-0.032823515048876886,3.650100210115056,-0.14636667097933762,6643.7,6661.21,0.005479452054794521,23.420903736419074,0.6964476261469486,2.9747397485058413,4.962880408848234,0.9924084418258823,<1.0%,0.98-1.00,2025-09-26→2025-09-29
2025-09-26,2025-09-29,C,6600.0,0.00821917808219178,84.4295209834368,0.9247652833988842,49.79943085504419,0.8306717124185204,6643.7,6661.21,0.005479452054794521,83.76544838285253,63.288516352803526,-2.142640112314659,-0.4950616844484692,0.9931608363989118,<1.0%,0.98-1.00,2025-09-26→2025-09-29
2025-09-26,2025-09-29,P,6600.0,0.00821917808219178,38.99216976686133,-0.07523471660146112,4.150113366730466,-0.16556081647342716,6643.7,6661.21,0.005479452054794521,26.233405574000205,0.8385926874819347,3.8673598876916007,5.4489698964497455,0.9931608363989118,<1.0%,0.98-1.00,2025-09-26→2025-09-29
2025-09-26,2025-09-29,C,6605.0,0.00821917808219178,85.8086173682314,0.9298719682337049,45.14944340308284,0.8134046304241516,6643.7,6661.21,0.005479452054794521,83.1385889294195,58.38187356969229,-1.7820581637723762,0.25728492127292846,0.9939132309719413,<1.0%,0.98-1.00,2025-09-26→2025-09-29
2025-09-26,2025-09-29,P,6605.0,0.00821917808219178,45.369949976482054,-0.07012803176679716,4.7501288693042625,-0.18781923818588445,6643.7,6661.21,0.005479452054794521,30.609332451766118,1.0212583246373015,3.8279418362366333,5.888714860634877,0.9939132309719413,<1.0%,0.98-1.00,2025-09-26→2025-09-29
2025-09-26,2025-09-29,C,6610.0,0.00821917808219178,84.61619743903921,0.9589805633335032,40.84946040959676,0.7880072024888909,6643.7,6661.21,0.005479452054794521,79.1730337211605,53.6081820892432,-2.141749663969854,0.8519938844193469,0.9946656255449707,<1.0%,0.98-1.00,2025-09-26→2025-09-29
2025-09-26,2025-09-29,P,6610.0,0.00821917808219178,49.17621387213675,-0.0410194366668432,5.4501459458308545,-0.2131392360232561,6643.7,6661.21,0.005479452054794521,31.646563574718773,1.2489604729869939,3.4182503360364347,6.432068022767262,0.9946656255449707,<1.0%,0.98-1.00,2025-09-26→2025-09-29
2025-09-26,2025-09-29,C,6615.0,0.00821917808219178,80.07037120349209,0.9371498612003935,36.649479930461894,0.759498153508433,6643.7,6661.21,0.005479452054794521,74.57302571835116,48.883834156343255,-1.6594940696191003,1.4511873320671658,0.9954180201180002,<1.0%,0.98-1.00,2025-09-26→2025-09-29
2025-09-26,2025-09-29,P,6615.0,0.00821917808219178,49.62907146142653,-0.06285013879994812,6.250165408572229,-0.24156319228551057,6643.7,6661.21,0.005479452054794521,32.049341903102516,1.5261225347246636,3.8005059303871045,6.929771496919342,0.9954180201180002,<1.0%,0.98-1.00,2025-09-26→2025-09-29
2025-09-26,2025-09-29,C,6620.0,0.00821917808219178,75.09075749333485,0.8882841174469929,32.599502143571954,0.7270607504465882,6643.7,6661.21,0.005479452054794521,77.16607863093272,44.2360256863858,-1.2538548964970353,1.5691662596800846,0.9961704146910297,<1.0%,0.98-1.00,2025-09-26→2025-09-29
2025-09-26,2025-09-29,P,6620.0,0.00821917808219178,49.64814157611536,-0.1117158825531396,7.250188030369372,-0.2745981818729775,6643.7,6661.21,0.005479452054794521,39.64518114688961,1.9033449401131293,4.656145103505498,7.508214164595896,0.9961704146910297,<1.0%,0.98-1.00,2025-09-26→2025-09-29
2025-09-26,2025-09-29,C,6625.0,0.00821917808219178,81.35092508095619,0.9446042399953543,28.699526638320094,0.6908015190249194,6643.7,6661.21,0.005479452054794521,74.30113516206762,39.67352703248616,-1.6900202423188624,2.7540654018735093,0.9969228092640592,<1.0%,0.98-1.00,2025-09-26→2025-09-29
2025-09-26,2025-09-29,P,6625.0,0.00821917808219178,60.90699298856847,-0.055395760004898056,8.350212439097504,-0.3106403683928779,6643.7,6661.21,0.005479452054794521,41.78302400923935,2.3446003087327654,3.569979757685777,8.039312850559359,0.9969228092640592,<1.0%,0.98-1.00,2025-09-26→2025-09-29
2025-09-26,2025-09-29,C,6630.0,0.00821917808219178,77.8001975709237,0.9521438336565133,24.999554716107014,0.6502823924428659,6643.7,6661.21,0.005479452054794521,70.00955787140533,35.23194545590559,-1.9720385273257541,3.313555308325279,0.9976752038370886,<1.0%,0.98-1.00,2025-09-26→2025-09-29
2025-09-26,2025-09-29,P,6630.0,0.00821917808219178,62.35494930336538,-0.047856166343841586,9.600239968050118,-0.3504488500967803,6643.7,6661.21,0.005479452054794521,42.49423304977374,2.8799384008873403,3.3879614726806775,8.6863593651947,0.9976752038370886,<1.0%,0.98-1.00,2025-09-26→2025-09-29
2025-09-26,2025-09-29,C,6635.0,0.00821917808219178,72.87912531053172,0.9034601274589243,21.4995851554786,0.605831367446853,6643.7,6661.21,0.005479452054794521,71.41466300505353,30.925690412081167,-1.319586831805962,3.891892756005472,0.9984275984101182,<1.0%,0.98-1.00,2025-09-26→2025-09-29
2025-09-26,2025-09-29,P,6635.0,0.00821917808219178,62.43256086780577,-0.09653987254148196,11.100270313695546,-0.39476314604980334,6643.7,6661.21,0.005479452054794521,48.90212451463386,3.576001455159485,4.090413168201371,9.312302687332142,0.9984275984101182,<1.0%,0.98-1.00,2025-09-26→2025-09-29
2025-09-26,2025-09-29,C,6640.0,0.00821917808219178,78.61098792268113,0.9257961613535002,18.249617903979924,0.557526125427507,6643.7,6661.21,0.005479452054794521,71.35325903348108,26.8008628006628,-2.1106907852999903,4.3377175437642315,0.9991799929831476,<1.0%,0.98-1.00,2025-09-26→2025-09-29
2025-09-26,2025-09-29,P,6640.0,0.00821917808219178,73.16310730478381,-0.07420383864695577,12.800302835487855,-0.4427371789162309,6643.7,6661.21,0.005479452054794521,53.84350687427239,4.421630422537191,3.4493092147082107,9.902328002823298,0.9991799929831476,<1.0%,0.98-1.00,2025-09-26→2025-09-29
2025-09-26,2025-09-29,C,6645.0,0.00821917808219178,77.67942205964488,0.9526801729650446,15.249653497214695,0.5060232030410756,6643.7,6661.21,0.005479452054794521,67.65358636051987,22.878738253998563,-2.931429828618139,4.889533714750655,0.9999323875561771,<1.0%,0.98-1.00,2025-09-26→2025-09-29
2025-09-26,2025-09-29,P,6645.0,0.00821917808219178,77.23022526659344,-0.04731982703529273,14.800338428720806,-0.49424010130266255,6643.7,6661.21,0.005479452054794521,55.1466205325128,5.499505875871137,2.578570171387986,10.40414417380973,0.9999323875561771,<1.0%,0.98-1.00,2025-09-26→2025-09-29
2025-09-26,2025-09-29,C,6650.0,0.00821917808219178,73.31090872510306,0.9218813690278036,12.499690441328767,0.45194484792472017,6643.7,6661.21,0.005479452054794521,63.208854360875634,19.180141069141428,-2.842142771677043,5.386445712838052,1.0006847821292066,<1.0%,1.00-1.02,2025-09-26→2025-09-29
2025-09-26,2025-09-29,P,6650.0,0.00821917808219178,77.86039575689746,-0.07811863097237332,17.10037525777534,-0.5481467337903663,6643.7,6661.21,0.005479452054794521,55.704674864064444,6.838758492877787,2.6178572283262738,10.848049308669433,1.0006847821292066,<1.0%,1.00-1.02,2025-09-26→2025-09-29
2025-09-26,2025-09-29,C,6655.0,0.00821917808219178,71.03225564806793,0.8836715810188093,10.099728414724268,0.3966172825630525,6643.7,6661.21,0.005479452054794521,69.9766496489218,15.80690721719975,-2.8230893836395428,5.705231382320864,1.001437176702236,<1.0%,1.00-1.02,2025-09-26→2025-09-29
2025-09-26,2025-09-29,P,6655.0,0.00821917808219178,80.58042650469436,-0.11632841898141043,19.700413092309645,-0.6032753215198944,6643.7,6661.21,0.005479452054794521,67.4752564833246,8.468704637311475,2.5869106163645226,11.113350879813483,1.001437176702236,<1.0%,1.00-1.02,2025-09-26→2025-09-29
2025-09-26,2025-09-29,C,6660.0,0.00821917808219178,78.21527798279804,0.9392261046446265,7.999766285397982,0.34130835852558805,6643.7,6661.21,0.005479452054794521,67.54222823139102,12.75308258612813,-4.545849092327618,5.923690642216878,1.0021895712752655,<1.0%,1.00-1.02,2025-09-26→2025-09-29
2025-09-26,2025-09-29,P,6660.0,0.00821917808219178,92.76213266425493,-0.06077389535570863,22.700450024527527,-0.6572132076782335,6643.7,6661.21,0.005479452054794521,70.04362139699087,10.506754987559361,0.7641509076784707,11.207803266446012,1.0021895712752655,<1.0%,1.00-1.02,2025-09-26→2025-09-29
2025-09-26,2025-09-29,C,6665.0,0.00821917808219178,74.8805152471351,0.9409275733718268,6.299802095580617,0.2890132006073783,6643.7,6661.21,0.005479452054794521,63.47476755638697,10.141944365374911,-5.525641809740893,5.8893788573647425,1.002941965848295,<1.0%,1.00-1.02,2025-09-26→2025-09-29
2025-09-26,2025-09-29,P,6665.0,0.00821917808219178,94.42605375342777,-0.0590724266285394,25.850487027087183,-0.7112501037363704,6643.7,6661.21,0.005479452054794521,70.97894705320118,12.762711987247712,-0.0656418097342637,11.353989316424,1.002941965848295,<1.0%,1.00-1.02,2025-09-26→2025-09-29
2025-09-26,2025-09-29,C,6670.0,0.00821917808219178,70.10982943829936,0.8909740032940707,4.849835954322543,0.23956470095612978,6643.7,6661.21,0.005479452054794521,67.91595246290183,7.8669979743572185,-5.650954797679372,5.755222086258116,1.0036943604213244,<1.0%,1.00-1.02,2025-09-26→2025-09-29
2025-09-26,2025-09-29,P,6670.0,0.00821917808219178,94.65405176943581,-0.10902599670611038,29.450520181450884,-0.7596693667804423,6643.7,6661.21,0.005479452054794521,80.42291829092281,15.538447310832453,-0.24095479767598205,11.151810612325711,1.0036943604213244,<1.0%,1.00-1.02,2025-09-26→2025-09-29
2025-09-26,2025-09-29,C,6675.0,0.00821917808219178,77.36529272842023,0.9209129287721405,3.699866238395771,0.1953693685669373,6643.7,6661.21,0.005479452054794521,68.32226765717323,5.996652737767363,-7.27518538280038,5.429082356392887,1.0044467549943539,<1.0%,1.00-1.02,2025-09-26→2025-09-29
2025-09-26,2025-09-29,P,6675.0,0.00821917808219178,106.90819888439307,-0.0790870712280246,33.25055116990279,-0.8048939357768047,6643.7,6661.21,0.005479452054794521,85.83201981639434,18.617420359641073,-1.7651853827972708,10.943692815452026,1.0044467549943539,<1.0%,1.00-1.02,2025-09-26→2025-09-29
2025-09-26,2025-09-29,C,6680.0,0.00821917808219178,76.28910993009983,0.9460910346456273,2.724894031711301,0.15476837815098185,6643.7,6661.21,0.005479452054794521,64.86487294524858,4.410969262254639,-8.741054016645139,5.115005698576275,1.0051991495673835,<1.0%,1.00-1.02,2025-09-26→2025-09-29
2025-09-26,2025-09-29,P,6680.0,0.00821917808219178,110.83069991091037,-0.05390896535462341,37.30057844313342,-0.8447420411916681,6643.7,6661.21,0.005479452054794521,87.377411435673,22.059773125120046,-3.256054016640535,10.59143314126629,1.0051991495673835,<1.0%,1.00-1.02,2025-09-26→2025-09-29
2025-09-26,2025-09-29,C,6685.0,0.00821917808219178,72.00640944984485,0.9124361300647892,1.9999171591946379,0.12097676128498251,6643.7,6661.21,0.005479452054794521,60.57838868328695,3.1960802218852677,-9.126756637434658,4.731696909899929,1.005951544140413,<1.0%,1.00-1.02,2025-09-26→2025-09-29
2025-09-26,2025-09-29,P,6685.0,0.00821917808219178,111.546683255487,-0.08756386993542085,41.55060209070234,-0.8792865430587417,6643.7,6661.21,0.005479452054794521,88.09371350492576,25.816847843760115,-3.9667566374307617,9.896307368958759,1.005951544140413,<1.0%,1.00-1.02,2025-09-26→2025-09-29
2025-09-26,2025-09-29,C,6690.0,0.00821917808219178,70.88256406881365,0.8803375655125735,1.3999377065930503,0.09097868378132902,6643.7,6661.21,0.005479452054794521,68.53928936831122,2.2081439485696137,-9.564710772125354,4.256963246988908,1.0067039387134424,<1.0%,1.00-1.02,2025-09-26→2025-09-29
2025-09-26,2025-09-29,P,6690.0,0.00821917808219178,115.4215216993005,-0.11966243448754348,45.90062409656821,-0.9113218012888282,6643.7,6661.21,0.005479452054794521,101.05740052114987,29.768927920871647,-4.304710772123086,9.557244740567583,1.0067039387134424,<1.0%,1.00-1.02,2025-09-26→2025-09-29
2025-09-26,2025-09-29,C,6695.0,0.00821917808219178,77.14897387197837,0.9325064145726802,0.9999530884766159,0.06858961171802759,6643.7,6661.21,0.005479452054794521,66.1880143502468,1.5292903610844633,-11.428187319167835,3.6989958988173224,1.0074563332864719,<1.0%,1.00-1.02,2025-09-26→2025-09-29
2025-09-26,2025-09-29,P,6695.0,0.00821917808219178,126.68661532728481,-0.06749358542769876,50.6006364568193,-0.929448961984604,6643.7,6661.21,0.005479452054794521,103.70891183429444,34.210150987687484,-6.31818731916098,8.774651324350618,1.0074563332864719,<1.0%,1.00-1.02,2025-09-26→2025-09-29
2025-09-26,2025-09-29,C,6700.0,0.00821917808219178,73.81750034721921,0.9334137136014721,0.6749661926769477,0.04937062496487844,6643.7,6661.21,0.005479452054794521,62.226675643832834,1.000059374863099,-12.31907412516198,3.160520356864968,1.0082087278595013,<1.0%,1.00-1.02,2025-09-26→2025-09-29
2025-09-26,2025-09-29,P,6700.0,0.00821917808219178,128.3538256273722,-0.06658628639880533,55.30064857843263,-0.9471924144944713,6643.7,6661.21,0.005479452054794521,104.75035945908752,38.71100845890305,-7.0340741251569,8.385339177798404,1.0082087278595013,<1.0%,1.00-1.02,2025-09-26→2025-09-29
2025-09-26,2025-09-29,C,6705.0,0.00821917808219178,69.11522810005997,0.8834092489127866,0.4499760943667468,0.03490401683321801,6643.7,6661.21,0.005479452054794521,66.89600899987602,0.6386672864671823,-12.168495948463086,2.688830665250345,1.0089611224325308,<1.0%,1.00-1.02,2025-09-26→2025-09-29
2025-09-26,2025-09-29,P,6705.0,0.00821917808219178,128.6502372050507,-0.11659075108744428,60.100657331638104,-0.9599939346933718,6643.7,6661.21,0.005479452054794521,114.4224791463319,43.377900490307184,-6.958495948458825,7.809493796481149,1.0089611224325308,<1.0%,1.00-1.02,2025-09-26→2025-09-29
2025-09-26,2025-09-29,C,6710.0,0.00821917808219178,76.34429173542148,0.9130829831086341,0.32498226876552394,0.025976761125429633,6643.7,6661.21,0.005479452054794521,67.22459161798591,0.43195870138845294,-13.363083034232382,2.1701469126937214,1.0097135170055602,<1.0%,1.00-1.02,2025-09-26→2025-09-29
2025-09-26,2025-09-29,P,6710.0,0.00821917808219178,140.8779846652318,-0.08691701689173845,64.85066816725703,-0.9757817386074608,6643.7,6661.21,0.005479452054794521,119.75384809564827,48.023542846989585,-8.128083034225632,7.43593824301686,1.0097135170055602,<1.0%,1.00-1.02,2025-09-26→2025-09-29
2025-09-26,2025-09-29,C,6715.0,0.00821917808219178,75.37372127439998,0.9384911019846414,0.2499861620283923,0.02020827290855023,6643.7,6661.21,0.005479452054794521,63.829113912433684,0.3070000701574429,-14.382979195751275,1.696153141371281,1.01046591157859,<1.0%,1.00-1.02,2025-09-26→2025-09-29
2025-09-26,2025-09-29,P,6715.0,0.00821917808219178,144.90609802906218,-0.061508898015639246,69.80067109353422,-0.9800550314352269,6643.7,6661.21,0.005479452054794521,121.3611567212981,52.92776769203101,-9.122979195746138,6.96076360043104,1.01046591157859,<1.0%,1.00-1.02,2025-09-26→2025-09-29
2025-09-26,2025-09-29,C,6585.0,0.010958904109589041,101.09661766930441,0.9199459021827725,67.2011973026847,0.8159679437051677,6643.7,6661.21,0.0410958904109589,155.99427890852317,103.45751275140992,34.39174725277945,36.21240130572234,0.990918242924604,1.0-2.0%,0.98-1.00,2025-09-26→2025-09-29
2025-09-26,2025-09-29,P,6585.0,0.010958904109589041,40.76014818748594,-0.08005409781732686,7.349720299621367,-0.19066293139633958,6643.7,6661.21,0.0410958904109589,74.75740652445488,22.216132126013918,28.851747252781408,30.788507928749944,0.990918242924604,1.0-2.0%,0.98-1.00,2025-09-26→2025-09-29
2025-09-26,2025-09-29,C,6590.0,0.010958904109589041,104.27691564626446,0.9527728681955148,63.00117057599164,0.7977535584233303,6643.7,6661.21,0.00821917808219178,103.22653413791329,75.38675197178327,-2.68305292210367,0.03133519200731172,0.9916706485760274,1.0-2.0%,0.98-1.00,2025-09-26→2025-09-29
2025-09-26,2025-09-29,P,6590.0,0.010958904109589041,48.939203590808674,-0.04722713180455778,8.099694959376393,-0.20788296264164216,6643.7,6661.21,0.00821917808219178,34.832594274559945,3.1892648011547635,1.676947077897815,4.4900306758551976,0.9916706485760274,1.0-2.0%,0.98-1.00,2025-09-26→2025-09-29
2025-09-26,2025-09-29,C,6595.0,0.010958904109589041,100.72650578822574,0.9671384453320898,58.55114746121217,0.7820012200592581,6643.7,6661.21,0.00821917808219178,98.84877223668565,70.65303275736005,-3.1345941777651056,0.10715863676221637,0.9924230542274507,1.0-2.0%,0.98-1.00,2025-09-26→2025-09-29
2025-09-26,2025-09-29,P,6595.0,0.010958904109589041,50.387551159130666,-0.03286155466799987,8.899667982159826,-0.2261918578372112,6643.7,6661.21,0.00821917808219178,35.45696898951294,3.607995401197172,1.3254058222366867,4.710619430729619,0.9924230542274507,1.0-2.0%,0.98-1.00,2025-09-26→2025-09-29
2025-09-26,2025-09-29,C,6600.0,0.010958904109589041,95.72140029861488,0.9289221376881026,54.70111335910042,0.7587610628419634,6643.7,6661.21,0.00821917808219178,97.21021896389053,66.27455594764797,-2.3654266309188863,0.614093789637046,0.9931754598788741,1.0-2.0%,0.98-1.00,2025-09-26→2025-09-29
2025-09-26,2025-09-29,P,6600.0,0.010958904109589041,50.38120309587421,-0.07107786231206094,9.799638803897778,-0.24615259075218512,6643.7,6661.21,0.00821917808219178,38.8205523328955,4.094559850876976,1.894573369084201,4.960131864070814,0.9931754598788741,1.0-2.0%,0.98-1.00,2025-09-26→2025-09-29
2025-09-26,2025-09-29,C,6605.0,0.010958904109589041,97.64092535058423,0.9340464125697974,50.801079733176266,0.7358344816870573,6643.7,6661.21,0.00821917808219178,97.1769172491741,61.885362705426815,-2.7051526840973636,0.7655382256594567,0.9939278655302975,1.0-2.0%,0.98-1.00,2025-09-26→2025-09-29
2025-09-26,2025-09-29,P,6605.0,0.010958904109589041,57.29948557423366,-0.06595358743004961,10.799607173256618,-0.26771296986610565,6643.7,6661.21,0.00821917808219178,43.78938723435507,4.652602613781255,1.6048473159001824,5.137654102355568,0.9939278655302975,1.0-2.0%,0.98-1.00,2025-09-26→2025-09-29
2025-09-26,2025-09-29,C,6610.0,0.010958904109589041,96.67641113865166,0.9600056727848958,46.75104722354445,0.7136895936451645,6643.7,6661.21,0.00821917808219178,93.3155392502681,57.41447598644754,-3.209699330463735,1.1032952152730147,0.9946802711817209,1.0-2.0%,0.98-1.00,2025-09-26→2025-09-29
2025-09-26,2025-09-29,P,6610.0,0.010958904109589041,61.33372878864661,-0.03999432721513616,11.849573861121826,-0.29041091562076393,6643.7,6661.21,0.00821917808219178,44.930145851649456,5.253189735092974,1.0003006695370438,5.38509513251964,0.9946802711817209,1.0-2.0%,0.98-1.00,2025-09-26→2025-09-29
2025-09-26,2025-09-29,C,6615.0,0.010958904109589041,92.11946704529545,0.9406544549134015,43.35100572889314,0.6855195744817307,6643.7,6661.21,0.00821917808219178,88.75187371457785,53.381926082000064,-3.0708595055338677,1.3965522508247439,0.9954326768331443,1.0-2.0%,0.98-1.00,2025-09-26→2025-09-29
2025-09-26,2025-09-29,P,6615.0,0.010958904109589041,61.77554212165504,-0.059345545086569446,13.099536952692688,-0.3154691724881999,6643.7,6661.21,0.00821917808219178,45.36861693215281,5.9972345311568915,1.0891404944658447,5.573865210268449,0.9954326768331443,1.0-2.0%,0.98-1.00,2025-09-26→2025-09-29
2025-09-26,2025-09-29,C,6620.0,0.010958904109589041,87.05897785978487,0.8972622588065904,39.65096736868145,0.6592692088516062,6643.7,6661.21,0.00821917808219178,92.16854734731889,49.17293119938677,-2.6110621517035923,1.5561961530082318,0.9961850824845677,1.0-2.0%,0.98-1.00,2025-09-26→2025-09-29
2025-09-26,2025-09-29,P,6620.0,0.010958904109589041,61.713810362510635,-0.10273774119328756,14.399498724356818,-0.34161594516412197,6643.7,6661.21,0.00821917808219178,53.787427181079295,6.790471843364685,1.5989378482944865,5.781695199823849,0.9961850824845677,1.0-2.0%,0.98-1.00,2025-09-26→2025-09-29
2025-09-26,2025-09-29,C,6625.0,0.010958904109589041,93.90558789528555,0.9474866442627123,36.15092601626111,0.6309775749507421,6643.7,6661.21,0.00821917808219178,89.42434095463852,45.12020945516633,-3.990491141040298,1.5515826626123683,0.996937488135991,1.0-2.0%,0.98-1.00,2025-09-26→2025-09-29
2025-09-26,2025-09-29,P,6625.0,0.010958904109589041,73.55917782436565,-0.05251335573733835,15.799458305888948,-0.3692710015518671,6643.7,6661.21,0.00821917808219178,56.04535740458592,7.6683828247851125,0.46950885896080485,6.015935237173272,0.996937488135991,1.0-2.0%,0.98-1.00,2025-09-26→2025-09-29
2025-09-26,2025-09-29,C,6630.0,0.010958904109589041,90.35833231887804,0.9540670165527687,32.70088272821795,0.6015857529997848,6643.7,6661.21,0.00821917808219178,85.16341266224426,41.12250745715028,-4.405713459839191,1.7662334649736344,0.9976898937874145,1.0-2.0%,0.98-1.00,2025-09-26→2025-09-29
2025-09-26,2025-09-29,P,6630.0,0.010958904109589041,75.01067967432286,-0.04593298344722738,17.39941471960401,-0.3988660633341719,6643.7,6661.21,0.00821917808219178,56.7865657283699,8.707729920891097,0.05428654016096135,6.234144768981437,0.9976898937874145,1.0-2.0%,0.98-1.00,2025-09-26→2025-09-29
2025-09-26,2025-09-29,C,6635.0,0.010958904109589041,85.37775789475484,0.9113325734876945,29.400837247789696,0.5705914405038761,6643.7,6661.21,0.00821917808219178,87.031784317053,37.25514433735043,-3.9574333617697217,2.0089438767770122,0.9984422994388379,1.0-2.0%,0.98-1.00,2025-09-26→2025-09-29
2025-09-26,2025-09-29,P,6635.0,0.010958904109589041,75.02886267654672,-0.08866742651247493,19.099369331358048,-0.42979757629904464,6643.7,6661.21,0.00821917808219178,63.65707399937019,9.84158934200218,0.5025666382334546,6.475755560996364,0.9984422994388379,1.0-2.0%,0.98-1.00,2025-09-26→2025-09-29
2025-09-26,2025-09-29,C,6640.0,0.010958904109589041,91.37299842031038,0.9310887289779904,26.30078948714754,0.5380468947089448,6643.7,6661.21,0.00821917808219178,87.12000635413578,33.563370534438036,-4.753363644404814,2.128798873646259,0.9991947050902612,1.0-2.0%,0.98-1.00,2025-09-26→2025-09-29
2025-09-26,2025-09-29,P,6640.0,0.010958904109589041,86.02286062847281,-0.06891127102201419,20.999321669808523,-0.46227467033558955,6643.7,6661.21,0.00821917808219178,68.74743265264567,11.15108784138829,-0.24336364440451574,6.644429477576274,0.9991947050902612,1.0-2.0%,0.98-1.00,2025-09-26→2025-09-29
2025-09-26,2025-09-29,C,6645.0,0.010958904109589041,90.4399067142838,0.9544687001126931,23.350739949608396,0.5042827166600471,6643.7,6661.21,0.00821917808219178,83.43618353649637,30.015662412288293,-5.612746938973462,2.2700096312824662,0.9999471107416846,1.0-2.0%,0.98-1.00,2025-09-26→2025-09-29
2025-09-26,2025-09-29,P,6645.0,0.010958904109589041,90.08852634880795,-0.04553129988733934,22.99927223923669,-0.49596585984256003,6643.7,6661.21,0.00821917808219178,70.0657464511986,12.563835781906619,-1.0527469389726796,6.834362205843332,0.9999471107416846,1.0-2.0%,0.98-1.00,2025-09-26→2025-09-29
2025-09-26,2025-09-29,C,6650.0,0.010958904109589041,86.01012653498566,0.9275340642459278,20.550688780585915,0.4694123986170037,6643.7,6661.21,0.00821917808219178,78.9907912859505,26.617148095444463,-5.441121464946399,2.5805889002161635,1.000699516393108,1.0-2.0%,1.00-1.02,2025-09-26→2025-09-29
2025-09-26,2025-09-29,P,6650.0,0.010958904109589041,90.65750359587474,-0.07246593575407588,25.249221180046334,-0.5307613662308158,6643.7,6661.21,0.00821917808219178,70.62249081684382,14.207473176608346,-1.0311214649461162,6.993631522701699,1.000699516393108,1.0-2.0%,1.00-1.02,2025-09-26→2025-09-29
2025-09-26,2025-09-29,C,6655.0,0.010958904109589041,83.71282149132074,0.8941765946236754,18.00063659559146,0.43384673691582276,6643.7,6661.21,0.00821917808219178,86.02689673679582,23.45951632462129,-5.457032171860751,2.6033436366038476,1.0014519220445315,1.0-2.0%,1.00-1.02,2025-09-26→2025-09-29
2025-09-26,2025-09-29,P,6655.0,0.010958904109589041,93.35895597856555,-0.10582340537639241,27.64916888521975,-0.5664018395867821,6643.7,6661.21,0.00821917808219178,82.66073288386008,16.007689694240526,-0.9470321718593429,7.117696211164683,1.0014519220445315,1.0-2.0%,1.00-1.02,2025-09-26→2025-09-29
2025-09-26,2025-09-29,C,6660.0,0.010958904109589041,91.02206181263912,0.9426057838242792,15.650583914500658,0.3979432199528482,6643.7,6661.21,0.00821917808219178,83.56501585176228,20.51029528255276,-6.855027274763335,2.6820142186255413,1.0022043276959547,1.0-2.0%,1.00-1.02,2025-09-26→2025-09-29
2025-09-26,2025-09-29,P,6660.0,0.010958904109589041,105.66695372624433,-0.05739421617580141,30.349116555993078,-0.6020655209122883,6643.7,6661.21,0.00821917808219178,85.2009886150336,18.10329176057394,-2.395027274761707,7.142167271174296,1.0022043276959547,1.0-2.0%,1.00-1.02,2025-09-26→2025-09-29
2025-09-26,2025-09-29,C,6665.0,0.010958904109589041,87.62304873805607,0.9440128778277403,13.500531282589236,0.36207553654834623,6643.7,6661.21,0.00821917808219178,79.47687850425616,17.777389298337766,-7.479665490763939,2.710057355038379,1.0029567333473781,1.0-2.0%,1.00-1.02,2025-09-26→2025-09-29
2025-09-26,2025-09-29,P,6665.0,0.010958904109589041,107.26669807801649,-0.05598712217244398,33.14906357221844,-0.6381730399542501,6643.7,6661.21,0.00821917808219178,86.11498788371038,20.325562667957456,-3.0196654907604934,7.17440992959906,1.0029567333473781,1.0-2.0%,1.00-1.02,2025-09-26→2025-09-29
2025-09-26,2025-09-29,C,6670.0,0.010958904109589041,82.7689965094097,0.9003438460366625,11.5004786378081,0.32621744317034124,6643.7,6661.21,0.00821917808219178,84.06812986520048,15.22074561392401,-7.315020744102158,2.7379325700872528,1.0037091389988015,1.0-2.0%,1.00-1.02,2025-09-26→2025-09-29
2025-09-26,2025-09-29,P,6670.0,0.010958904109589041,107.41140327573515,-0.0996561539634085,36.14901092743639,-0.6740311333322598,6643.7,6661.21,0.00821917808219178,95.70837586083641,22.76891898354279,-2.8050207441006925,7.25228514464802,1.0037091389988015,1.0-2.0%,1.00-1.02,2025-09-26→2025-09-29
2025-09-26,2025-09-29,C,6675.0,0.010958904109589041,90.19066211932055,0.9265510010352715,9.750427790176673,0.29154486093927096,6643.7,6661.21,0.00821917808219178,84.39396617329768,12.940866573473613,-8.423908028127805,2.6950494849533024,1.004461544650225,1.0-2.0%,1.00-1.02,2025-09-26→2025-09-29
2025-09-26,2025-09-29,P,6675.0,0.010958904109589041,119.83182631201268,-0.07344899896471493,39.748965331880754,-0.7051244693511404,6643.7,6661.21,0.00821917808219178,101.03634878513151,25.829311896896797,-4.2639080281278225,6.796729458338625,1.004461544650225,1.0-2.0%,1.00-1.02,2025-09-26→2025-09-29
2025-09-26,2025-09-29,C,6680.0,0.010958904109589041,89.06096874426193,0.9483627123434448,8.200378995861229,0.25819335499568224,6643.7,6661.21,0.00821917808219178,80.89436660646196,10.897854134054342,-9.455831093133925,2.6290343540255483,1.0052139503016484,1.0-2.0%,1.00-1.02,2025-09-26→2025-09-29
2025-09-26,2025-09-29,P,6680.0,0.010958904109589041,123.70089036333323,-0.05163728765643259,43.49892257976626,-0.7342738170485822,6643.7,6661.21,0.00821917808219178,102.53888583448796,29.09140745325567,-5.645831093135851,6.307134536520838,1.0052139503016484,1.0-2.0%,1.00-1.02,2025-09-26→2025-09-29
2025-09-26,2025-09-29,C,6685.0,0.010958904109589041,84.7016950353346,0.9189581865521256,6.800331306721773,0.22595043305290036,6643.7,6661.21,0.00821917808219178,76.578621306766,9.04626643506208,-9.640957846527922,2.493607917243666,1.0059663559530718,1.0-2.0%,1.00-1.02,2025-09-26→2025-09-29
2025-09-26,2025-09-29,P,6685.0,0.010958904109589041,124.34037408075724,-0.0810418134478128,46.84887211982368,-0.7686207399832226,6643.7,6661.21,0.00821917808219178,103.22527715097088,32.00107528801709,-5.530957846528776,6.508549157106399,1.0059663559530718,1.0-2.0%,1.00-1.02,2025-09-26→2025-09-29
2025-09-26,2025-09-29,C,6690.0,0.010958904109589041,83.5860061090011,0.8910127323631427,5.600287466590316,0.1958983257589757,6643.7,6661.21,0.00821917808219178,84.65634660662946,7.43987888578954,-9.751632943678823,2.4198203159602922,1.006718761604495,1.0-2.0%,1.00-1.02,2025-09-26→2025-09-29
2025-09-26,2025-09-29,P,6690.0,0.010958904109589041,128.2234425807845,-0.10898726763679034,50.94883611606201,-0.7931862585745416,6643.7,6661.21,0.00821917808219178,116.30513906703179,35.7106705460601,-5.641632943679782,6.338691387640393,1.006718761604495,1.0-2.0%,1.00-1.02,2025-09-26→2025-09-29
2025-09-26,2025-09-29,C,6695.0,0.010958904109589041,89.94882412351885,0.9364042544623085,4.600247486113403,0.1686660529146346,6643.7,6661.21,0.00821917808219178,82.24103665003496,6.082850880915657,-11.196438495635226,2.2466574134647126,1.0074711672559185,1.0-2.0%,1.00-1.02,2025-09-26→2025-09-29
2025-09-26,2025-09-29,P,6695.0,0.010958904109589041,139.5850180216688,-0.0635957455375839,54.24877977574215,-0.831582523587958,6643.7,6661.21,0.00821917808219178,118.8919657266222,38.63102425053421,-6.586438495636894,6.861009988025323,1.0074711672559185,1.0-2.0%,1.00-1.02,2025-09-26→2025-09-29
2025-09-26,2025-09-29,C,6700.0,0.010958904109589041,86.54763562069058,0.9371125649140439,3.700209588026837,0.1428419623212255,6643.7,6661.21,0.00821917808219178,78.24049178656324,4.870845733489659,-11.758841011645114,2.1488372397553097,1.0082235729073419,1.0-2.0%,1.00-1.02,2025-09-26→2025-09-29
2025-09-26,2025-09-29,P,6700.0,0.010958904109589041,141.1825869451843,-0.0628874350860624,58.29874030986957,-0.8584702998084849,6643.7,6661.21,0.00821917808219178,119.89355747932265,42.36528061852732,-6.898841011643034,7.031814949646758,1.0082235729073419,1.0-2.0%,1.00-1.02,2025-09-26→2025-09-29
2025-09-26,2025-09-29,C,6705.0,0.010958904109589041,81.75891253895436,0.8934367365502087,2.9501756193484425,0.1196887231315955,6643.7,6661.21,0.00821917808219178,83.0648141447406,3.8560859449007694,-11.64407725699435,1.9042504579657367,1.0089759785587653,1.0-2.0%,1.00-1.02,2025-09-26→2025-09-29
2025-09-26,2025-09-29,P,6705.0,0.010958904109589041,141.39262128982054,-0.10656326344984625,62.448702608227904,-0.8841459725310474,6643.7,6661.21,0.00821917808219178,129.7200164537046,46.2407559520816,-6.834077256993172,6.78139597901883,1.0089759785587653,1.0-2.0%,1.00-1.02,2025-09-26→2025-09-29
2025-09-26,2025-09-29,C,6710.0,0.010958904109589041,89.1600366548394,0.9194163291238416,2.325145349608988,0.09906234070306659,6643.7,6661.21,0.00821917808219178,83.30665328502766,3.010677769759809,-12.57397992295867,1.7904184142892818,1.0097283842101887,1.0-2.0%,1.00-1.02,2025-09-26→2025-09-29
2025-09-26,2025-09-29,P,6710.0,0.010958904109589041,153.79250283205448,-0.08058367087632565,66.9486766766995,-0.9018376255392788,6643.7,6661.21,0.00821917808219178,134.96399221016352,50.53144423968479,-8.288979922955523,6.091176823192965,1.0097283842101887,1.0-2.0%,1.00-1.02,2025-09-26→2025-09-29
2025-09-26,2025-09-29,C,6715.0,0.010958904109589041,88.13415282106477,0.9414010764202843,1.8251193723531287,0.0813623823372097,6643.7,6661.21,0.00821917808219178,79.86071158379916,2.3327020568825674,-13.508932848119384,1.5503446852754401,1.0104807898616122,1.0-2.0%,1.00-1.02,2025-09-26→2025-09-29
2025-09-26,2025-09-29,P,6715.0,0.010958904109589041,157.76537642465271,-0.05859892357973429,71.29864437902688,-0.9239710818514356,6643.7,6661.21,0.00821917808219178,136.52018712513586,54.68720742772439,-8.673932848118836,6.478733643218842,1.0104807898616122,1.0-2.0%,1.00-1.02,2025-09-26→2025-09-29
2025-09-26,2025-09-29,C,6585.0,0.0136986301369863,110.28675985655349,0.9238906267313288,72.99941219206994,0.7726565956327943,6643.7,6661.21,0.0410958904109589,155.99427890852317,110.50774961180286,28.522675125934235,31.170783010469606,0.9906949538433305,1.0-2.0%,0.98-1.00,2025-09-26→2025-09-29
2025-09-26,2025-09-29,P,6585.0,0.0136986301369863,48.46682470549328,-0.07610937326859513,11.10017288391532,-0.2273793622366019,6643.7,6661.21,0.0410958904109589,74.75740652445488,24.724813180673436,25.032675125933114,27.681412632762946,0.9906949538433305,1.0-2.0%,0.98-1.00,2025-09-26→2025-09-29
2025-09-26,2025-09-29,C,6590.0,0.0136986301369863,113.87925518408738,0.9543733713534127,68.79942386542007,0.7573978951594603,6643.7,6661.21,0.010958904109589041,112.45957336634147,79.87594876945968,-1.7610777323984763,1.6879628557576734,0.9914471899510323,1.0-2.0%,0.98-1.00,2025-09-26→2025-09-29
2025-09-26,2025-09-29,P,6590.0,0.0136986301369863,57.056951061767585,-0.045626628646460464,11.95018490042753,-0.24307612368019224,6643.7,6661.21,0.010958904109589041,41.98328340274975,6.140037257501035,2.048922267599533,5.506262925640219,0.9914471899510323,1.0-2.0%,0.98-1.00,2025-09-26→2025-09-29
2025-09-26,2025-09-29,C,6595.0,0.0136986301369863,110.47534292370203,0.9674629718106543,64.79943709597046,0.7400656114151801,6643.7,6661.21,0.010958904109589041,108.11610482407738,75.5184291532587,-2.1402766364047707,1.8414511441200325,0.9921994260587342,1.0-2.0%,0.98-1.00,2025-09-26→2025-09-29
2025-09-26,2025-09-29,P,6595.0,0.0136986301369863,58.650669830124855,-0.032537028189175525,12.900197842272291,-0.26002232039515866,6643.7,6661.21,0.010958904109589041,42.640371544883415,6.747350509866465,1.719723363592471,5.702990830119285,0.9921994260587342,1.0-2.0%,0.98-1.00,2025-09-26→2025-09-29
2025-09-26,2025-09-29,C,6600.0,0.0136986301369863,105.54202304319506,0.9326204283714304,60.599449461701624,0.7237492411654656,6643.7,6661.21,0.010958904109589041,106.67435336060115,71.025112101368,-1.3301837007839588,2.327150787192533,0.992951662166436,1.0-2.0%,0.98-1.00,2025-09-26→2025-09-29
2025-09-26,2025-09-29,P,6600.0,0.0136986301369863,58.714980978363414,-0.06737957162834167,13.950211592235064,-0.2781651840034426,6643.7,6661.21,0.010958904109589041,46.199176765819985,7.432427428270785,2.1798162992122774,5.870672371900341,0.992951662166436,1.0-2.0%,0.98-1.00,2025-09-26→2025-09-29
2025-09-26,2025-09-29,C,6605.0,0.0136986301369863,107.58697459733166,0.93744425829223,56.64946372308259,0.7050002331646108,6643.7,6661.21,0.010958904109589041,106.92971168974694,66.71472308012653,-1.4646489626971544,2.605445917287506,0.9937038982741379,1.0-2.0%,0.98-1.00,2025-09-26→2025-09-29
2025-09-26,2025-09-29,P,6605.0,0.0136986301369863,65.75756356123952,-0.06255574170756395,15.050226014468308,-0.29712543969362964,6643.7,6661.21,0.010958904109589041,51.45509177936867,8.161364673074786,1.995351037299457,6.102666449035518,0.9937038982741379,1.0-2.0%,0.98-1.00,2025-09-26→2025-09-29
2025-09-26,2025-09-29,C,6610.0,0.0136986301369863,106.80377112493662,0.9609638789579382,53.14948040588024,0.6829350424257776,6643.7,6661.21,0.010958904109589041,103.11386955191853,62.74513587430374,-2.3764775205537134,2.4918074071244796,0.9944561343818398,1.0-2.0%,0.98-1.00,2025-09-26→2025-09-29
2025-09-26,2025-09-29,P,6610.0,0.0136986301369863,69.97199111758708,-0.039036121041793714,16.300241440889295,-0.3175389764138768,6643.7,6661.21,0.010958904109589041,52.63980632593667,9.009224362346004,1.3835224794418157,6.260107477007051,0.9944561343818398,1.0-2.0%,0.98-1.00,2025-09-26→2025-09-29
2025-09-26,2025-09-29,C,6615.0,0.0136986301369863,102.3673906211396,0.9434548430829263,49.44949663354964,0.6617334325931111,6643.7,6661.21,0.010958904109589041,98.55959633145034,58.64052653728777,-2.2698943023822444,2.663047595294479,0.9952083704895416,1.0-2.0%,0.98-1.00,2025-09-26→2025-09-29
2025-09-26,2025-09-29,P,6615.0,0.0136986301369863,70.53324164251826,-0.05654515691689977,17.55025747014861,-0.3384798605920115,6643.7,6661.21,0.010958904109589041,53.08608978983964,9.866533745266679,1.5901056976149253,6.5267823589661935,0.9952083704895416,1.0-2.0%,0.98-1.00,2025-09-26→2025-09-29
2025-09-26,2025-09-29,C,6620.0,0.0136986301369863,97.36972475104015,0.9042345445659986,45.8495135825915,0.639454588987422,6643.7,6661.21,0.010958904109589041,102.28323970322073,54.62245396546132,-1.7331468753508315,2.903150146830102,0.9959606065972434,1.0-2.0%,0.98-1.00,2025-09-26→2025-09-29
2025-09-26,2025-09-29,P,6620.0,0.0136986301369863,70.53320680115262,-0.09576545543385845,19.00027461759919,-0.36101942985223107,6643.7,6661.21,0.010958904109589041,61.810289846040746,10.88654245350267,2.026853124646884,6.671450216712646,0.9959606065972434,1.0-2.0%,0.98-1.00,2025-09-26→2025-09-29
2025-09-26,2025-09-29,C,6625.0,0.0136986301369863,104.0368181042106,0.9495817189288361,42.34953133768886,0.6161303563114611,6643.7,6661.21,0.010958904109589041,99.63388897489487,50.69322036779249,-2.7771758984441277,3.061557460986183,0.9967128427049453,1.0-2.0%,0.98-1.00,2025-09-26→2025-09-29
2025-09-26,2025-09-29,P,6625.0,0.0136986301369863,82.19793118305205,-0.050418281071183534,20.500292372696094,-0.38434366252819,6643.7,6661.21,0.010958904109589041,64.16149580210735,11.957308855832935,1.0328241015564332,6.87985753086869,0.9967128427049453,1.0-2.0%,0.98-1.00,2025-09-26→2025-09-29
2025-09-26,2025-09-29,C,6630.0,0.0136986301369863,100.66012704456911,0.9554838268053013,39.04955006595219,0.5914917415024519,6643.7,6661.21,0.010958904109589041,95.37960605888023,46.935901606672815,-3.1805218073610284,3.192979606291942,0.9974650788126471,1.0-2.0%,0.98-1.00,2025-09-26→2025-09-29
2025-09-26,2025-09-29,P,6630.0,0.0136986301369863,83.81887115215913,-0.04451617319459858,22.150310989416994,-0.40883564142743745,6643.7,6661.21,0.010958904109589041,64.9077695704837,13.159529803077476,0.6794781926374329,7.058712081394521,0.9974650788126471,1.0-2.0%,0.98-1.00,2025-09-26→2025-09-29
2025-09-26,2025-09-29,C,6635.0,0.0136986301369863,95.81444975397405,0.9170103682310332,35.74956928500478,0.5662257517613953,6643.7,6661.21,0.010958904109589041,97.14020474481535,43.192311449231966,-2.7568515477255957,3.3853870866578415,0.9982173149203489,1.0-2.0%,0.98-1.00,2025-09-26→2025-09-29
2025-09-26,2025-09-29,P,6635.0,0.0136986301369863,83.97082489030785,-0.08298963176880574,23.900330320012472,-0.4342482670782554,6643.7,6661.21,0.010958904109589041,71.66892494081317,14.45639993727309,1.1031484522718087,7.25368715654035,0.9982173149203489,1.0-2.0%,0.98-1.00,2025-09-26→2025-09-29
2025-09-26,2025-09-29,C,6640.0,0.0136986301369863,100.99847971240202,0.9345424909121284,32.64958934237893,0.5398446032222373,6643.7,6661.21,0.010958904109589041,97.60106059704542,39.627805980406265,-3.4638390158715744,3.4473209975785064,0.9989695510280509,1.0-2.0%,0.98-1.00,2025-09-26→2025-09-29
2025-09-26,2025-09-29,P,6640.0,0.0136986301369863,94.15248587747551,-0.06545750908767309,25.750350331038135,-0.46056869170641285,6643.7,6661.21,0.010958904109589041,77.13033747744961,15.849796454073385,0.4461609841251708,7.36455779177939,0.9989695510280509,1.0-2.0%,0.98-1.00,2025-09-26→2025-09-29
2025-09-26,2025-09-29,C,6645.0,0.0136986301369863,100.11440138571635,0.9556351997835613,29.649609959696136,0.5126505913525465,6643.7,6661.21,0.010958904109589041,93.93509831728413,36.16319037271978,-4.1331723482103655,3.6234881454168004,0.9997217871357527,1.0-2.0%,0.98-1.00,2025-09-26→2025-09-29
2025-09-26,2025-09-29,P,6645.0,0.0136986301369863,98.26603857952358,-0.04436480021631186,27.80037099470246,-0.4878234274871049,6643.7,6661.21,0.010958904109589041,78.46493188207864,17.427278860760453,-0.27317234821237035,7.491788215299312,0.9997217871357527,1.0-2.0%,0.98-1.00,2025-09-26→2025-09-29
2025-09-26,2025-09-29,C,6650.0,0.0136986301369863,95.89242826589584,0.931274531175574,26.849631291456717,0.48471054067175506,6643.7,6661.21,0.010958904109589041,89.47644566676165,32.88756152304177,-4.106617040884508,3.712718432837459,1.0004740232434546,1.0-2.0%,1.00-1.02,2025-09-26→2025-09-29
2025-09-26,2025-09-29,P,6650.0,0.0136986301369863,99.04169648843754,-0.06872546882433972,29.950392353032385,-0.5157984102901305,6643.7,6661.21,0.010958904109589041,79.00683591594375,19.107858141175257,-0.196617040885795,7.631630164180299,1.0004740232434546,1.0-2.0%,1.00-1.02,2025-09-26→2025-09-29
2025-09-26,2025-09-29,C,6655.0,0.0136986301369863,93.4554986827884,0.9010418687455123,24.149652944392074,0.4561449255317982,6643.7,6661.21,0.010958904109589041,96.54724775597563,29.71806590207916,-3.877243121734118,3.9129023539381125,1.0012262593511563,1.0-2.0%,1.00-1.02,2025-09-26→2025-09-29
2025-09-26,2025-09-29,P,6655.0,0.0136986301369863,101.60239793405749,-0.09895813125452774,32.25041404399053,-0.544415609111096,6643.7,6661.21,0.010958904109589041,91.0781946895723,20.93750642088662,-0.01724312173319764,7.782717315535409,1.0012262593511563,1.0-2.0%,1.00-1.02,2025-09-26→2025-09-29
2025-09-26,2025-09-29,C,6660.0,0.0136986301369863,99.94226553510525,0.9446143276917426,21.599675128927174,0.4270807882671272,6643.7,6661.21,0.010958904109589041,94.2336418709093,26.701343020788954,-5.090196877882622,3.971815397442505,1.0019784954588582,1.0-2.0%,1.00-1.02,2025-09-26→2025-09-29
2025-09-26,2025-09-29,P,6660.0,0.0136986301369863,113.08679581512192,-0.05538567230818397,34.650436378530685,-0.5736753501292049,6643.7,6661.21,0.010958904109589041,93.76514548889743,22.874411195428365,-1.1301968778836882,7.945055380762502,1.0019784954588582,1.0-2.0%,1.00-1.02,2025-09-26→2025-09-29
2025-09-26,2025-09-29,C,6665.0,0.0136986301369863,96.77706514038476,0.9458688683303679,19.14969765994738,0.39746411064082493,6643.7,6661.21,0.010958904109589041,90.12447605733396,23.794527821760312,-5.412163884464945,4.190403422679071,1.0027307315665601,1.0-2.0%,1.00-1.02,2025-09-26→2025-09-29
2025-09-26,2025-09-29,P,6665.0,0.0136986301369863,114.91922644913036,-0.05413113166970101,37.30045869495552,-0.6030099081988235,6643.7,6661.21,0.010958904109589041,94.65653635970875,25.05861630980189,-1.6521638844635178,7.958703492561536,1.0027307315665601,1.0-2.0%,1.00-1.02,2025-09-26→2025-09-29
2025-09-26,2025-09-29,C,6670.0,0.0136986301369863,92.15725738259445,0.9062323508130716,16.99972020038922,0.36829402740334627,6643.7,6661.21,0.010958904109589041,93.96704869973703,21.187272999427023,-5.218128462737084,4.201171580167325,1.0034829676742618,1.0-2.0%,1.00-1.02,2025-09-26→2025-09-29
2025-09-26,2025-09-29,P,6670.0,0.0136986301369863,115.29704972009458,-0.09376764918676306,40.1004814445314,-0.632437309311593,6643.7,6661.21,0.010958904109589041,103.49966568650942,27.404135602345832,-1.4081284627397626,8.023977286046128,1.0034829676742618,1.0-2.0%,1.00-1.02,2025-09-26→2025-09-29
2025-09-26,2025-09-29,C,6675.0,0.0136986301369863,98.75588736783953,0.9297527580713226,14.94974212848092,0.33899814471220957,6643.7,6661.21,0.010958904109589041,95.14000323590525,18.698049955087754,-6.1299707938290595,4.2141424860891386,1.0042352037819637,1.0-2.0%,1.00-1.02,2025-09-26→2025-09-29
2025-09-26,2025-09-29,P,6675.0,0.0136986301369863,126.89331073408933,-0.0702472419284072,43.050503406358075,-0.6617953963215453,6643.7,6661.21,0.010958904109589041,109.67317690708656,29.914067492822596,-2.319970793833572,8.038037389590405,1.0042352037819637,1.0-2.0%,1.00-1.02,2025-09-26→2025-09-29
2025-09-26,2025-09-29,C,6680.0,0.0136986301369863,97.77476817479698,0.9496165519238419,12.999765124661735,0.3095605530602204,6643.7,6661.21,0.010958904109589041,91.64598086508424,16.327217986160576,-6.927785824186678,4.279594715915472,1.0049874398896657,1.0-2.0%,1.00-1.02,2025-09-26→2025-09-29
2025-09-26,2025-09-29,P,6680.0,0.0136986301369863,130.90982256978293,-0.050383448075969256,46.100526400711715,-0.6912999709957232,6643.7,6661.21,0.010958904109589041,111.17971122066096,32.54238293631943,-3.1177858241897676,8.104662492135263,1.0049874398896657,1.0-2.0%,1.00-1.02,2025-09-26→2025-09-29
2025-09-26,2025-09-29,C,6685.0,0.0136986301369863,93.68802475800857,0.9228203218770983,11.299786007260764,0.2813181717356362,6643.7,6661.21,0.010958904109589041,87.29132403844949,14.224177520950889,-7.008583836068194,4.224118812908947,1.0057396759973674,1.0-2.0%,1.00-1.02,2025-09-26→2025-09-29
2025-09-26,2025-09-29,P,6685.0,0.0136986301369863,131.82071018172059,-0.07717967812279734,49.75054500407168,-0.7164765885070415,6643.7,6661.21,0.010958904109589041,111.82561107840776,35.786126041364696,-3.5985838360698046,7.59550506475845,1.0057396759973674,1.0-2.0%,1.00-1.02,2025-09-26→2025-09-29
2025-09-26,2025-09-29,C,6690.0,0.0136986301369863,92.45737117158379,0.8973110246111764,9.699807897485925,0.25331375647080495,6643.7,6661.21,0.010958904109589041,95.34705405689662,12.244707160644793,-7.061916040941892,4.214476124196152,1.0064919121050693,1.0-2.0%,1.00-1.02,2025-09-26→2025-09-29
2025-09-26,2025-09-29,P,6690.0,0.0136986301369863,135.58768762402744,-0.1026889753888058,52.850568932492024,-0.747160262368852,6643.7,6661.21,0.010958904109589041,124.8818977812992,38.50879564868501,-3.351916040941987,7.932776194078764,1.0064919121050693,1.0-2.0%,1.00-1.02,2025-09-26→2025-09-29
2025-09-26,2025-09-29,C,6695.0,0.0136986301369863,98.37524200188501,0.9385102121390769,8.299827293686576,0.22674802667790586,6643.7,6661.21,0.010958904109589041,93.07236574731742,10.491282061905167,-8.383313814555443,4.079642052869819,1.0072441482127712,1.0-2.0%,1.00-1.02,2025-09-26→2025-09-29
2025-09-26,2025-09-29,P,6695.0,0.0136986301369863,146.50318948308183,-0.061489787860780125,56.80058536186789,-0.7696165934856776,6643.7,6661.21,0.010958904109589041,127.60776615609902,42.11329065757491,-5.023313814557721,7.375986551934387,1.0072441482127712,1.0-2.0%,1.00-1.02,2025-09-26→2025-09-29
2025-09-26,2025-09-29,C,6700.0,0.0136986301369863,95.25055453303018,0.9391411062244158,7.099846275845721,0.20208963578667086,6643.7,6661.21,0.010958904109589041,89.03488483687377,8.968119305204937,-9.044360769989725,3.8614104773753497,1.007996384320473,1.0-2.0%,1.00-1.02,2025-09-26→2025-09-29
2025-09-26,2025-09-29,P,6700.0,0.0136986301369863,148.37613304296235,-0.06085889377546164,60.15060833622192,-0.7997305864916991,6643.7,6661.21,0.010958904109589041,128.5708419300309,45.12830402817508,-5.284360769991662,7.653282569469818,1.007996384320473,1.0-2.0%,1.00-1.02,2025-09-26→2025-09-29
2025-09-26,2025-09-29,C,6705.0,0.0136986301369863,90.7149925797128,0.899371530470076,5.949864884691806,0.17760537800030848,6643.7,6661.21,0.010958904109589041,93.18637071324399,7.521200031915669,-8.847995498531226,3.79012983121456,1.0087486204281748,1.0-2.0%,1.00-1.02,2025-09-26→2025-09-29
2025-09-26,2025-09-29,P,6705.0,0.0136986301369863,148.83820211838386,-0.1006284695298078,64.45062202149893,-0.8177264870593679,6643.7,6661.21,0.010958904109589041,137.7228844908218,49.15216591951594,-5.537995498533047,7.018390788409706,1.0087486204281748,1.0-2.0%,1.00-1.02,2025-09-26→2025-09-29
2025-09-26,2025-09-29,C,6710.0,0.0136986301369863,97.46005735724393,0.9228199129600522,4.999881630647678,0.15562271536839364,6643.7,6661.21,0.010958904109589041,94.18302967236222,6.307802230433026,-9.908576675930714,3.525046253899393,1.0095008565358767,1.0-2.0%,1.00-1.02,2025-09-26→2025-09-29
2025-09-26,2025-09-29,P,6710.0,0.0136986301369863,160.58089792465103,-0.07718008703985407,68.50063834864523,-0.8391890041966127,6643.7,6661.21,0.010958904109589041,143.72010013432066,52.94242968139224,-6.598576675932141,6.744199463482868,1.0095008565358767,1.0-2.0%,1.00-1.02,2025-09-26→2025-09-29
2025-09-26,2025-09-29,C,6715.0,0.0136986301369863,96.6120648050256,0.942881893018245,4.149897374929537,0.1349119146257172,6643.7,6661.21,0.010958904109589041,90.73260670172564,5.223479447572117,-10.809861946749677,3.3376923749036616,1.0102530926435784,1.0-2.0%,1.00-1.02,2025-09-26→2025-09-29
2025-09-26,2025-09-29,P,6715.0,0.0136986301369863,164.730536401162,-0.05711810698177899,72.65065366425551,-0.8593528842655628,6643.7,6661.21,0.010958904109589041,145.2702338480916,56.86144085367141,-7.44986194674904,6.597269003490188,1.0102530926435784,1.0-2.0%,1.00-1.02,2025-09-26→2025-09-29
2025-09-26,2025-09-29,C,6585.0,0.01643835616438356,118.38956189701187,0.9266974225571573,76.76954491384004,0.7514562583694435,6643.7,6661.21,0.0410958904109589,155.99427890852317,112.01467839243742,24.723528131023976,27.792000915950883,0.990564288128189,1.0-2.0%,0.98-1.00,2025-09-26→2025-09-29
2025-09-26,2025-09-29,P,6585.0,0.01643835616438356,55.70152293422562,-0.07330257744318482,14.44344597182635,-0.25193709075493764,6643.7,6661.21,0.0410958904109589,74.75740652445488,26.37738080637996,21.63352813103018,24.76141845911901,0.990564288128189,1.0-2.0%,0.98-1.00,2025-09-26→2025-09-29
2025-09-26,2025-09-29,C,6590.0,0.01643835616438356,121.87313192418985,0.955234003608239,73.11908789910649,0.7338667610891206,6643.7,6661.21,0.010958904109589041,112.45957336634147,80.72085533288646,-6.076147403180467,-2.2000069866706564,0.9913164250212247,1.0-2.0%,0.98-1.00,2025-09-26→2025-09-29
2025-09-26,2025-09-29,P,6590.0,0.01643835616438356,64.18206483767244,-0.044765996391982255,15.443052094894938,-0.267062449881779,6643.7,6661.21,0.010958904109589041,41.98328340274975,6.851070160971858,-1.466147403176381,2.426263497430009,0.9913164250212247,1.0-2.0%,0.98-1.00,2025-09-26→2025-09-29
2025-09-26,2025-09-29,C,6595.0,0.01643835616438356,118.73869495793188,0.9674285531968567,68.86872439000308,0.7198943279280647,6643.7,6661.21,0.010958904109589041,108.11610482407738,76.19258284467469,-6.189673966477173,-1.8553496820205702,0.9920685619142606,1.0-2.0%,0.98-1.00,2025-09-26→2025-09-29
2025-09-26,2025-09-29,P,6595.0,0.01643835616438356,66.04459974767902,-0.03257144680336724,16.49264156998288,-0.2828427101541238,6643.7,6661.21,0.010958904109589041,42.640371544883415,7.513755063663211,-1.8796739664730318,2.5025758547987706,0.9920685619142606,1.0-2.0%,0.98-1.00,2025-09-26→2025-09-29
2025-09-26,2025-09-29,C,6600.0,0.01643835616438356,113.95826795938143,0.9350714401931005,65.26824824172763,0.7015906740764143,6643.7,6661.21,0.010958904109589041,106.67435336060115,72.09358893398075,-6.023100917781399,-1.9348527030781728,0.9928206988072964,1.0-2.0%,0.98-1.00,2025-09-26→2025-09-29
2025-09-26,2025-09-29,P,6600.0,0.01643835616438356,66.2611446253903,-0.06492855980713093,17.642206350514243,-0.29957264010011014,6643.7,6661.21,0.010958904109589041,46.199176765819985,8.257874781873625,-1.5631009177771225,2.5455169281529946,0.9928206988072964,1.0-2.0%,0.98-1.00,2025-09-26→2025-09-29
2025-09-26,2025-09-29,C,6605.0,0.01643835616438356,115.54439130343934,0.9394562250825177,61.46779483732553,0.6841664848658013,6643.7,6661.21,0.010958904109589041,106.92971168974694,67.88808629426785,-6.299878501195099,-1.8297551500003397,0.9935728357003323,1.0-2.0%,0.98-1.00,2025-09-26→2025-09-29
2025-09-26,2025-09-29,P,6605.0,0.01643835616438356,72.84423984571309,-0.0605437749176998,18.79176081070591,-0.3166946557944091,6643.7,6661.21,0.010958904109589041,51.45509177936867,9.020575835772888,-1.7898785011910647,2.695323422960171,0.9935728357003323,1.0-2.0%,0.98-1.00,2025-09-26→2025-09-29
2025-09-26,2025-09-29,C,6610.0,0.01643835616438356,115.1825165542879,0.961342009356392,57.71732415759561,0.6660686325329875,6643.7,6661.21,0.010958904109589041,103.11386955191853,63.73599213163925,-6.933098583830642,-1.7628617556527661,0.994324972593368,1.0-2.0%,0.98-1.00,2025-09-26→2025-09-29
2025-09-26,2025-09-29,P,6610.0,0.01643835616438356,77.47933697280844,-0.03865799064398379,20.04129076717254,-0.3347678347368343,6643.7,6661.21,0.010958904109589041,52.63980632593667,9.86924137290589,-2.373098583823836,2.8117847862420406,0.994324972593368,1.0-2.0%,0.98-1.00,2025-09-26→2025-09-29
2025-09-26,2025-09-29,C,6615.0,0.01643835616438356,110.99654579318847,0.9451606050188334,54.11682433954775,0.646855019465915,6643.7,6661.21,0.010958904109589041,98.55959633145034,59.70840823965955,-6.949762193879977,-1.72643139084831,0.9950771094864039,1.0-2.0%,0.98-1.00,2025-09-26→2025-09-29
2025-09-26,2025-09-29,P,6615.0,0.01643835616438356,78.29033808796859,-0.05483939498155094,21.440791646509297,-0.353954636155156,6643.7,6661.21,0.010958904109589041,53.08608978983964,10.84244215480112,-2.3397621938730317,2.8977456790768583,0.9950771094864039,1.0-2.0%,0.98-1.00,2025-09-26→2025-09-29
2025-09-26,2025-09-29,C,6620.0,0.01643835616438356,106.12837149937324,0.9089614901568664,50.56630798502374,0.627002349200817,6643.7,6661.21,0.010958904109589041,102.28323970322073,55.740109615947404,-6.515915692646924,-1.5788111345064362,0.9958292463794397,1.0-2.0%,0.98-1.00,2025-09-26→2025-09-29
2025-09-26,2025-09-29,P,6620.0,0.01643835616438356,78.41913567043092,-0.09103850984333503,22.840280587764028,-0.37360364255035394,6643.7,6661.21,0.010958904109589041,61.810289846040746,11.839289130834686,-1.9059156926431837,3.0417997810567794,0.9958292463794397,1.0-2.0%,0.98-1.00,2025-09-26→2025-09-29
2025-09-26,2025-09-29,C,6625.0,0.01643835616438356,112.39339961944026,0.9507285017082929,47.11576984820067,0.6063189767615468,6643.7,6661.21,0.010958904109589041,99.63388897489487,51.86877007940984,-7.547256064912414,-1.5166452830948156,0.9965813832724756,1.0-2.0%,0.98-1.00,2025-09-26→2025-09-29
2025-09-26,2025-09-29,P,6625.0,0.01643835616438356,89.68113566673755,-0.04927149829216623,24.439738625330847,-0.39443416608985277,6643.7,6661.21,0.010958904109589041,64.16149580210735,13.00433714336259,-2.937256064904159,3.1065422482334073,0.9965813832724756,1.0-2.0%,0.98-1.00,2025-09-26→2025-09-29
2025-09-26,2025-09-29,C,6630.0,0.01643835616438356,109.49481623486412,0.956183621795661,43.76521114114621,0.5848414148233799,6643.7,6661.21,0.010958904109589041,95.37960605888023,48.09790192484161,-7.892775217642232,-1.3905731735575095,0.9973335201655115,1.0-2.0%,0.98-1.00,2025-09-26→2025-09-29
2025-09-26,2025-09-29,P,6630.0,0.01643835616438356,91.77952415844084,-0.043816378204648516,26.089180709212542,-0.4158813275165396,6643.7,6661.21,0.010958904109589041,64.9077695704837,14.234226140486044,-3.282775217636596,3.2320820448146987,0.9973335201655115,1.0-2.0%,0.98-1.00,2025-09-26→2025-09-29
2025-09-26,2025-09-29,C,6635.0,0.01643835616438356,104.84527777615202,0.9208236364965474,40.56463107759282,0.5625183340136837,6643.7,6661.21,0.010958904109589041,97.14020474481535,44.46879673239255,-7.623621875054745,-1.3496960285797233,0.9980856570585472,1.0-2.0%,0.98-1.00,2025-09-26→2025-09-29
2025-09-26,2025-09-29,P,6635.0,0.01643835616438356,92.12695757600045,-0.07917636350365835,27.838603680332653,-0.43808765773748737,6643.7,6661.21,0.010958904109589041,71.66892494081317,15.567976247280058,-2.913621875050926,3.370914886983499,0.9980856570585472,1.0-2.0%,0.98-1.00,2025-09-26→2025-09-29
2025-09-26,2025-09-29,C,6640.0,0.01643835616438356,108.90055610759275,0.9366309214475871,37.414033818291955,0.5395828434603415,6643.7,6661.21,0.010958904109589041,97.60106059704542,40.909679118956774,-8.250407434547462,-1.298095588990705,0.9988377939515831,1.0-2.0%,0.98-1.00,2025-09-26→2025-09-29
2025-09-26,2025-09-29,P,6640.0,0.01643835616438356,101.17920778368594,-0.06336907855273417,29.68800642103224,-0.46102314829083013,6643.7,6661.21,0.010958904109589041,77.13033747744961,17.00885863384474,-3.5404074345416094,3.4225153265725385,0.9988377939515831,1.0-2.0%,0.98-1.00,2025-09-26→2025-09-29
2025-09-26,2025-09-29,C,6645.0,0.01643835616438356,109.36191839564269,0.9561894198548141,34.413418149234985,0.5159277644867161,6643.7,6661.21,0.010958904109589041,93.93509831728413,37.500162077422374,-8.89287674165801,-1.1838951561625173,0.9995899308446189,1.0-2.0%,0.98-1.00,2025-09-26→2025-09-29
2025-09-26,2025-09-29,P,6645.0,0.01643835616438356,106.63754194801369,-0.043810580145365936,31.687390751974817,-0.4846782272644558,6643.7,6661.21,0.010958904109589041,78.46493188207864,18.599341592309884,-4.182876741654632,3.536715759400728,0.9995899308446189,1.0-2.0%,0.98-1.00,2025-09-26→2025-09-29
2025-09-26,2025-09-29,C,6650.0,0.01643835616438356,105.45435712284856,0.9339261143880194,31.512787208885584,0.4916638516709458,6643.7,6661.21,0.010958904109589041,89.47644566676165,34.20527490409222,-8.803046262934426,-1.0590340427583715,1.0003420677376547,1.0-2.0%,1.00-1.02,2025-09-26→2025-09-29
2025-09-26,2025-09-29,P,6650.0,0.01643835616438356,107.72695255151223,-0.06607388561186653,33.786759811626325,-0.5089421400802262,6643.7,6661.21,0.010958904109589041,79.00683591594375,20.304454418979276,-4.093046262936199,3.6615768728048756,1.0003420677376547,1.0-2.0%,1.00-1.02,2025-09-26→2025-09-29
2025-09-26,2025-09-29,C,6655.0,0.01643835616438356,102.71834569354426,0.9061403839828535,28.81214396114774,0.4669307118579713,6643.7,6661.21,0.010958904109589041,96.54724775597563,31.10911469059147,-8.616518123539965,-0.9259567646331828,1.0010942046306905,1.0-2.0%,1.00-1.02,2025-09-26→2025-09-29
2025-09-26,2025-09-29,P,6655.0,0.01643835616438356,109.98791299845314,-0.09385961601719402,36.03611501790556,-0.5337346118273074,6643.7,6661.21,0.010958904109589041,91.0781946895723,22.167622436174042,-3.9065181235389095,3.7956930530962723,1.0010942046306905,1.0-2.0%,1.00-1.02,2025-09-26→2025-09-29
2025-09-26,2025-09-29,C,6660.0,0.01643835616438356,109.35877770013856,0.9459528003853838,26.161487734418643,0.44168720091741204,6643.7,6661.21,0.010958904109589041,94.2336418709093,28.094107915335826,-9.663633534748278,-0.8339428880639828,1.0018463415237264,1.0-2.0%,1.00-1.02,2025-09-26→2025-09-29
2025-09-26,2025-09-29,P,6660.0,0.01643835616438356,121.62531688129928,-0.05404719961478349,38.38545771760755,-0.5590186974189374,6643.7,6661.21,0.010958904109589041,93.76514548889743,24.15199970668982,-4.903633534745138,3.9384173918057073,1.0018463415237264,1.0-2.0%,1.00-1.02,2025-09-26→2025-09-29
2025-09-26,2025-09-29,C,6665.0,0.01643835616438356,106.82754433540407,0.9471041772823149,23.760829450489837,0.41639513420040924,6643.7,6661.21,0.010958904109589041,90.12447605733396,25.328145342935386,-10.033794144213541,-0.7410787998492561,1.0025984784167623,1.0-2.0%,1.00-1.02,2025-09-26→2025-09-29
2025-09-26,2025-09-29,P,6665.0,0.01643835616438356,124.0910553928167,-0.05289582271795822,40.9347946763578,-0.5844942584080738,6643.7,6661.21,0.010958904109589041,94.65653635970875,26.34361401863498,-5.32379414420854,3.9844944647254987,1.0025984784167623,1.0-2.0%,1.00-1.02,2025-09-26→2025-09-29
2025-09-26,2025-09-29,C,6670.0,0.01643835616438356,102.34797865989543,0.9111169710575284,21.410161591290034,0.3907190618398594,6643.7,6661.21,0.010958904109589041,93.96704869973703,22.648543119067654,-9.703658163217522,-0.591490772816023,1.003350615309798,1.0-2.0%,1.00-1.02,2025-09-26→2025-09-29
2025-09-26,2025-09-29,P,6670.0,0.01643835616438356,124.60846159357459,-0.08888302894267196,43.58412452404491,-0.6102585152068174,6643.7,6661.21,0.010958904109589041,103.49966568650942,28.662976013888056,-4.993658163213799,4.135626601271502,1.003350615309798,1.0-2.0%,1.00-1.02,2025-09-26→2025-09-29
2025-09-26,2025-09-29,C,6675.0,0.01643835616438356,107.56654729709092,0.9320883635010097,19.209492870628765,0.3650079208396316,6643.7,6661.21,0.010958904109589041,95.14000323590525,20.14106249664428,-10.42086724490288,-0.49128869390202734,1.0041027522028338,1.0-2.0%,1.00-1.02,2025-09-26→2025-09-29
2025-09-26,2025-09-29,P,6675.0,0.01643835616438356,134.8240021070315,-0.06791163649918971,46.433459404982386,-0.6358293782308917,6643.7,6661.21,0.010958904109589041,109.67317690708656,31.19741434956086,-5.760867244899176,4.183372412823049,1.0041027522028338,1.0-2.0%,1.00-1.02,2025-09-26→2025-09-29
2025-09-26,2025-09-29,C,6680.0,0.01643835616438356,107.92911797280769,0.9503022061232546,17.20883447149481,0.3396976386963,6643.7,6661.21,0.010958904109589041,91.64598086508424,17.851553515756677,-11.139791629218394,-0.44810565357228693,1.0048548890958697,1.0-2.0%,1.00-1.02,2025-09-26→2025-09-29
2025-09-26,2025-09-29,P,6680.0,0.01643835616438356,140.18354465899924,-0.049697793877119124,49.38279258584316,-0.6614651542966422,6643.7,6661.21,0.010958904109589041,111.17971122066096,33.86430946574683,-6.429791629211637,4.282254851734345,1.0048548890958697,1.0-2.0%,1.00-1.02,2025-09-26→2025-09-29
2025-09-26,2025-09-29,C,6685.0,0.01643835616438356,104.10193847609041,0.9260281759792748,15.25816883639709,0.31412182339085903,6643.7,6661.21,0.010958904109589041,87.29132403844949,15.652434609210559,-11.014753361397304,-0.3002731275740107,1.0056070259889056,1.0-2.0%,1.00-1.02,2025-09-26→2025-09-29
2025-09-26,2025-09-29,P,6685.0,0.01643835616438356,141.3533370385481,-0.07397182402103256,52.532141439138286,-0.6864841683603146,6643.7,6661.21,0.010958904109589041,111.82561107840776,36.751614124097614,-6.454753361391704,4.2703377879892574,1.0056070259889056,1.0-2.0%,1.00-1.02,2025-09-26→2025-09-29
2025-09-26,2025-09-29,C,6690.0,0.01643835616438356,102.28671115786874,0.9026377294830958,13.45751356599385,0.2889134446531407,6643.7,6661.21,0.010958904109589041,95.34705405689662,13.630957490956007,-10.905186643249204,-0.15887441587655537,1.0063591628819413,1.0-2.0%,1.00-1.02,2025-09-26→2025-09-29
2025-09-26,2025-09-29,P,6690.0,0.01643835616438356,144.53508159660743,-0.0973622705169912,56.481630205063084,-0.7061563363174074,6643.7,6661.21,0.010958904109589041,124.8818977812992,40.385273091353156,-7.09518664324746,3.5647974489179592,1.0063591628819413,1.0-2.0%,1.00-1.02,2025-09-26→2025-09-29
2025-09-26,2025-09-29,C,6695.0,0.01643835616438356,108.28128737990735,0.9400105272894584,11.856883599170033,0.2646913549068636,6643.7,6661.21,0.010958904109589041,93.07236574731742,11.83195289832679,-11.959584332838622,-0.13474562441923688,1.0071112997749772,1.0-2.0%,1.00-1.02,2025-09-26→2025-09-29
2025-09-26,2025-09-29,P,6695.0,0.01643835616438356,155.52662969489953,-0.05998947271074192,59.53094467547089,-0.732513015249251,6643.7,6661.21,0.010958904109589041,127.60776615609902,43.28188504848822,-7.79958433283489,3.976302897014552,1.0071112997749772,1.0-2.0%,1.00-1.02,2025-09-26→2025-09-29
2025-09-26,2025-09-29,C,6700.0,0.01643835616438356,105.71024630793043,0.9405791933613563,10.406276031387279,0.24133310837199812,6643.7,6661.21,0.010958904109589041,89.03488483687377,10.211779421962547,-12.369541675757555,-0.12574272759373972,1.007863436668013,1.0-2.0%,1.00-1.02,2025-09-26→2025-09-29
2025-09-26,2025-09-29,P,6700.0,0.01643835616438356,157.9525604991895,-0.05942080663879593,62.730261238532876,-0.7587883851399592,6643.7,6661.21,0.010958904109589041,128.5708419300309,46.354879796020214,-7.909541675754673,4.336384623800848,1.007863436668013,1.0-2.0%,1.00-1.02,2025-09-26→2025-09-29
2025-09-26,2025-09-29,C,6705.0,0.01643835616438356,101.28967291007694,0.9046315056820992,9.105696752325457,0.21906052759597008,6643.7,6661.21,0.010958904109589041,93.18637071324399,8.769465146146786,-12.090097664493754,-0.08574983820548399,1.008615573561049,1.0-2.0%,1.00-1.02,2025-09-26→2025-09-29
2025-09-26,2025-09-29,P,6705.0,0.01643835616438356,158.5289589775826,-0.09536849431824454,66.62973890662761,-0.7788788879350416,6643.7,6661.21,0.010958904109589041,137.7228844908218,50.087730798220036,-7.830097664487525,4.138169327742741,1.008615573561049,1.0-2.0%,1.00-1.02,2025-09-26→2025-09-29
2025-09-26,2025-09-29,C,6710.0,0.01643835616438356,106.51371396809752,0.9253991150634675,7.805105327130605,0.1963199789315007,6643.7,6661.21,0.010958904109589041,94.18302967236222,7.372048648059263,-12.753738504761518,0.01243716890938007,1.0093677104540848,1.0-2.0%,1.00-1.02,2025-09-26→2025-09-29
2025-09-26,2025-09-29,P,6710.0,0.01643835616438356,168.7499719118708,-0.07460088493676387,70.02906224173512,-0.8048893889281518,6643.7,6661.21,0.010958904109589041,143.72010013432066,53.4275143334462,-8.193738504757249,4.593613200132113,1.0093677104540848,1.0-2.0%,1.00-1.02,2025-09-26→2025-09-29
2025-09-26,2025-09-29,C,6715.0,0.01643835616438356,106.94535787786155,0.9437360979061097,6.7045631051671535,0.17547455804978512,6643.7,6661.21,0.010958904109589041,90.73260670172564,6.192818078370237,-13.374819074336187,0.07744048854822383,1.0101198473471205,1.0-2.0%,1.00-1.02,2025-09-26→2025-09-29
2025-09-26,2025-09-29,P,6715.0,0.01643835616438356,174.17858769789314,-0.05626390209418375,74.22862075066223,-0.8218636319191982,6643.7,6661.21,0.010958904109589041,145.2702338480916,57.50895074034179,-9.064819074330828,4.340832194905342,1.0101198473471205,1.0-2.0%,1.00-1.02,2025-09-26→2025-09-29
2025-09-26,2025-09-29,C,6585.0,0.019178082191780823,126.1863098387073,0.9293543119102222,83.18920158732362,0.7266717450528105,6643.7,6661.21,0.0410958904109589,155.99427890852317,117.79961535248367,18.22700599845182,21.775977744125143,0.9902873448544381,1.0-2.0%,0.98-1.00,2025-09-26→2025-09-29
2025-09-26,2025-09-29,P,6585.0,0.019178082191780823,61.65834284805596,-0.07064568809049744,18.60407438575635,-0.27421407567984424,6643.7,6661.21,0.0410958904109589,74.75740652445488,28.93899066792528,17.43700599846462,21.00148846515413,0.9902873448544381,1.0-2.0%,0.98-1.00,2025-09-26→2025-09-29
2025-09-26,2025-09-29,C,6590.0,0.019178082191780823,129.53820190440211,0.9561150630098189,79.23940442553248,0.7130206240377979,6643.7,6661.21,0.019178082191780823,123.6019068871283,92.19186636658469,-8.391574753302141,-4.134991126902001,0.9910392714640467,1.0-2.0%,0.98-1.00,2025-09-26→2025-09-29
2025-09-26,2025-09-29,P,6590.0,0.019178082191780823,70.00580972999768,-0.04388493699092807,19.704280952414365,-0.2881160858551402,6643.7,6661.21,0.019178082191780823,52.699665013169074,15.126439312267621,-2.1315747532888385,2.144912663323569,0.9910392714640467,1.0-2.0%,0.98-1.00,2025-09-26→2025-09-29
2025-09-26,2025-09-29,C,6595.0,0.019178082191780823,126.65834712051351,0.9675065187270977,75.33961536713105,0.6988242271843037,6643.7,6661.21,0.019178082191780823,119.36970617399392,88.06006648570383,-8.791039142911686,-4.086412217997305,0.9917911980736551,1.0-2.0%,0.98-1.00,2025-09-26→2025-09-29
2025-09-26,2025-09-29,P,6595.0,0.019178082191780823,72.1215297623754,-0.03249348127357973,20.804491650830187,-0.3022961154684997,6643.7,6661.21,0.019178082191780823,53.467697803925205,15.994885790224544,-2.4810391428996126,2.243204981853495,0.9917911980736551,1.0-2.0%,0.98-1.00,2025-09-26→2025-09-29
2025-09-26,2025-09-29,C,6600.0,0.019178082191780823,121.88868569990015,0.9373014570093409,71.53983764737313,0.6838568607500624,6643.7,6661.21,0.019178082191780823,117.78956322402139,84.0144821572012,-8.412148512233749,-3.9743336317337263,0.9925431246832637,1.0-2.0%,0.98-1.00,2025-09-26→2025-09-29
2025-09-26,2025-09-29,P,6600.0,0.019178082191780823,72.34744315802948,-0.06269854299125313,22.00471367500586,-0.31724592647388217,6643.7,6661.21,0.019178082191780823,56.88778835784894,16.949568903156432,-2.1521485122231443,2.304976172557746,0.9925431246832637,1.0-2.0%,0.98-1.00,2025-09-26→2025-09-29
2025-09-26,2025-09-29,C,6605.0,0.019178082191780823,122.9164848198701,0.9412770344597983,67.84007097233189,0.6681617931760544,6643.7,6661.21,0.019178082191780823,118.72163748339142,80.05573975125662,-8.731760873391273,-3.9495129985128585,0.9932950512928722,1.0-2.0%,0.98-1.00,2025-09-26→2025-09-29
2025-09-26,2025-09-29,P,6605.0,0.019178082191780823,78.37081709424453,-0.058722965540897315,23.25494377076666,-0.33272402755661407,6643.7,6661.21,0.019178082191780823,62.820096121090785,17.94510182866361,-2.3217608733788766,2.475997722516383,0.9932950512928722,1.0-2.0%,0.98-1.00,2025-09-26→2025-09-29
2025-09-26,2025-09-29,C,6610.0,0.019178082191780823,123.07906250469294,0.9617618765725134,64.14030900326452,0.652142738867688,6643.7,6661.21,0.019178082191780823,115.10092157427097,76.09189085270191,-9.240450458784927,-3.8190193575733655,0.9940469779024808,1.0-2.0%,0.98-1.00,2025-09-26→2025-09-29
2025-09-26,2025-09-29,P,6610.0,0.019178082191780823,83.52896959530912,-0.038238123428326484,24.65518713542633,-0.34910196316944464,6643.7,6661.21,0.019178082191780823,64.19961371587493,19.073858325227775,-2.9304504587699927,2.5127753750970543,0.9940469779024808,1.0-2.0%,0.98-1.00,2025-09-26→2025-09-29
2025-09-26,2025-09-29,C,6615.0,0.019178082191780823,118.94711040775823,0.946684128862687,60.54055805140251,0.635405978257179,6643.7,6661.21,0.019178082191780823,110.64138303868464,72.21496142025262,-8.97643909638585,-3.5259586792833346,0.9947989045120893,1.0-2.0%,0.98-1.00,2025-09-26→2025-09-29
2025-09-26,2025-09-29,P,6615.0,0.019178082191780823,84.39259231463049,-0.053315871138152955,26.05543557977353,-0.3657992428017502,6643.7,6661.21,0.019178082191780823,64.74030868419035,20.1975413429127,-2.866439096370931,2.6051447414587248,0.9947989045120893,1.0-2.0%,0.98-1.00,2025-09-26→2025-09-29
2025-09-26,2025-09-29,C,6620.0,0.019178082191780823,114.03274991738718,0.9129489084661467,57.04081646549321,0.6179922378082318,6643.7,6661.21,0.019178082191780823,114.31819793067729,68.42553789897647,-8.585735387242437,-3.421044084022281,0.9955508311216978,1.0-2.0%,0.98-1.00,2025-09-26→2025-09-29
2025-09-26,2025-09-29,P,6620.0,0.019178082191780823,84.47380664053924,-0.08705109153442474,27.555693392435387,-0.38317141304525865,6643.7,6661.21,0.019178082191780823,73.41735708005221,21.408769193704757,-2.475735387232204,2.7093314424225623,0.9955508311216978,1.0-2.0%,0.98-1.00,2025-09-26→2025-09-29
2025-09-26,2025-09-29,C,6625.0,0.019178082191780823,120.01117539033861,0.95177508862023,53.641084644881175,0.5999428348828314,6643.7,6661.21,0.019178082191780823,112.08386243457265,64.72422286640358,-9.46558180174043,-3.304999038798506,0.9963027577313064,1.0-2.0%,0.98-1.00,2025-09-26→2025-09-29
2025-09-26,2025-09-29,P,6625.0,0.019178082191780823,95.44780692973049,-0.04822491138052545,29.10595918670697,-0.40106027641885944,6643.7,6661.21,0.019178082191780823,76.1832550878512,22.660860642006355,-3.355581801726992,2.822565440094314,0.9963027577313064,1.0-2.0%,0.98-1.00,2025-09-26→2025-09-29
2025-09-26,2025-09-29,C,6630.0,0.019178082191780823,117.2621972087023,0.9568245852238642,50.391363076842936,0.5812047689057229,6643.7,6661.21,0.019178082191780823,107.97176265713418,61.15926455094541,-9.85399848727008,-3.2768955035393432,0.9970546843409149,1.0-2.0%,0.98-1.00,2025-09-26→2025-09-29
2025-09-26,2025-09-29,P,6630.0,0.019178082191780823,97.69440356435224,-0.04317541477690848,30.806235875277252,-0.41968105182693716,6643.7,6661.21,0.019178082191780823,77.07138881430286,24.048626628350576,-3.6439984872563254,2.948615217489759,0.9970546843409149,1.0-2.0%,0.98-1.00,2025-09-26→2025-09-29
2025-09-26,2025-09-29,C,6635.0,0.019178082191780823,112.60511121051988,0.9238886239530484,47.14164772208187,0.5621030185829433,6643.7,6661.21,0.019178082191780823,108.71227086272063,57.588357422362606,-9.477289805418074,-3.1424238553874577,0.9978066109505235,1.0-2.0%,0.98-1.00,2025-09-26→2025-09-29
2025-09-26,2025-09-29,P,6635.0,0.019178082191780823,98.03289238243346,-0.07611137604765146,32.60652158488074,-0.4388536169858096,6643.7,6661.21,0.019178082191780823,82.81213052376941,25.52574084614662,-3.367289805405602,2.984326833421626,0.9978066109505235,1.0-2.0%,0.98-1.00,2025-09-26→2025-09-29
2025-09-26,2025-09-29,C,6640.0,0.019178082191780823,115.8678798792199,0.9384218750512406,43.99193905306947,0.5424413805349682,6643.7,6661.21,0.019178082191780823,110.03916366223342,54.106608296402555,-9.931767032147427,-2.998148573167411,0.998558537560132,1.0-2.0%,0.98-1.00,2025-09-26→2025-09-29
2025-09-26,2025-09-29,P,6640.0,0.019178082191780823,106.29123586738537,-0.06157812494943352,34.406811851503335,-0.4584444401976905,6643.7,6661.21,0.019178082191780823,89.13925682716307,26.995970373806358,-3.7217670321354097,3.2273621478616565,0.998558537560132,1.0-2.0%,0.98-1.00,2025-09-26→2025-09-29
2025-09-26,2025-09-29,C,6645.0,0.019178082191780823,116.50798355816276,0.9566758794872742,40.99223929911341,0.522236657714022,6643.7,6661.21,0.019178082191780823,106.6022544330026,50.763398974524534,-10.551394649822377,-2.944363876572636,0.9993104641697405,1.0-2.0%,0.98-1.00,2025-09-26→2025-09-29
2025-09-26,2025-09-29,P,6645.0,0.019178082191780823,111.92691436259847,-0.04332412051329522,36.35711178938118,-0.4786284640546275,6643.7,6661.21,0.019178082191780823,90.7025811018317,28.603925091064866,-4.291394649812192,3.3307844055966314,0.9993104641697405,1.0-2.0%,0.98-1.00,2025-09-26→2025-09-29
2025-09-26,2025-09-29,C,6650.0,0.019178082191780823,112.63585963159358,0.935833695191808,38.09254595210177,0.5015997202646132,6643.7,6661.21,0.019178082191780823,102.28428664203715,47.51130705535479,-10.486448002808764,-2.883011101833487,1.000062390779349,1.0-2.0%,1.00-1.02,2025-09-26→2025-09-29
2025-09-26,2025-09-29,P,6650.0,0.019178082191780823,113.0503652522926,-0.06416630480869717,38.507418750535635,-0.49928610046804583,6643.7,6661.21,0.019178082191780823,91.38484681473496,30.40066913275905,-4.2264480027997,3.39249961919559,1.000062390779349,1.0-2.0%,1.00-1.02,2025-09-26→2025-09-29
2025-09-26,2025-09-29,C,6655.0,0.019178082191780823,109.7168397585503,0.9097577507262024,35.29285844611286,0.4805696787989295,6643.7,6661.21,0.019178082191780823,108.24094744371078,44.35091622365735,-10.279858215215997,-2.7647750757693537,1.0008143173889577,1.0-2.0%,1.00-1.02,2025-09-26→2025-09-29
2025-09-26,2025-09-29,P,6655.0,0.019178082191780823,115.1269201954768,-0.09024224927457876,40.707731244547176,-0.5203161419337291,6643.7,6661.21,0.019178082191780823,102.34174112031809,32.24027830106252,-4.019858215202115,3.510735645259702,1.0008143173889577,1.0-2.0%,1.00-1.02,2025-09-26→2025-09-29
2025-09-26,2025-09-29,C,6660.0,0.019178082191780823,115.84877396971802,0.9469132520919398,32.59317616027556,0.4591848323757565,6643.7,6661.21,0.019178082191780823,106.22464019798255,41.28279718366275,-11.13045104413007,-2.590326414899595,1.0015662439985662,1.0-2.0%,1.00-1.02,2025-09-26→2025-09-29
2025-09-26,2025-09-29,P,6660.0,0.019178082191780823,126.25442922288468,-0.05308674790897395,43.00804895871033,-0.5417009883569015,6643.7,6661.21,0.019178082191780823,105.32566737846172,34.17215926106792,-4.920451044113856,3.635184306129462,1.0015662439985662,1.0-2.0%,1.00-1.02,2025-09-26→2025-09-29
2025-09-26,2025-09-29,C,6665.0,0.019178082191780823,113.37307441845228,0.9479494641108321,30.093495955751678,0.4376673701172685,6643.7,6661.21,0.019178082191780823,102.31200257307658,38.40898342893843,-11.498595116580876,-2.5635556507534654,1.0023181706081747,1.0-2.0%,1.00-1.02,2025-09-26→2025-09-29
2025-09-26,2025-09-29,P,6665.0,0.019178082191780823,128.77430448788957,-0.05205053588999387,45.45837012438824,-0.5633107018756334,6643.7,6661.21,0.019178082191780823,106.41326325746977,36.2476077659162,-5.238595116566201,3.7135703898424577,1.0023181706081747,1.0-2.0%,1.00-1.02,2025-09-26→2025-09-29
2025-09-26,2025-09-29,C,6670.0,0.019178082191780823,108.95109572920563,0.914114874250511,27.643819856191385,0.4158700668529045,6643.7,6661.21,0.019178082191780823,104.5820485410119,35.57940633390126,-11.10615144812665,-2.38188487059445,1.003070097217783,1.0-2.0%,1.00-1.02,2025-09-26→2025-09-29
2025-09-26,2025-09-29,P,6670.0,0.019178082191780823,129.34790061490207,-0.08588512575023592,47.95869631829146,-0.5852623881513082,6643.7,6661.21,0.019178082191780823,113.68354272929433,38.36622236365656,-4.7961514481133545,3.9479444165295288,1.003070097217783,1.0-2.0%,1.00-1.02,2025-09-26→2025-09-29
2025-09-26,2025-09-29,C,6675.0,0.019178082191780823,113.5620937334165,0.93367091723502,25.34414410028421,0.39405017840815676,6643.7,6661.21,0.019178082191780823,106.25644457554617,32.89673285511935,-11.848577760785403,-2.399818623926911,1.0038220238273916,1.0-2.0%,1.00-1.02,2025-09-26→2025-09-29
2025-09-26,2025-09-29,P,6675.0,0.019178082191780823,138.9544734353641,-0.0663290827657451,50.65902150737429,-0.6071458469129553,6643.7,6661.21,0.019178082191780823,120.35817226770138,40.6824354946084,-5.43857776077179,4.031123779445977,1.0038220238273916,1.0-2.0%,1.00-1.02,2025-09-26→2025-09-29
2025-09-26,2025-09-29,C,6680.0,0.019178082191780823,114.1109164333413,0.9507981287165291,23.14446965882553,0.3721588228528426,6643.7,6661.21,0.019178082191780823,103.02247209335917,30.310913092333067,-12.348475233826633,-2.2165009881533537,1.0045739504370002,1.0-2.0%,1.00-1.02,2025-09-26→2025-09-29
2025-09-26,2025-09-29,P,6680.0,0.019178082191780823,144.49887095154835,-0.04920187128428197,53.4593480610838,-0.6291031824153345,6643.7,6661.21,0.019178082191780823,122.12443328940742,43.095448461620435,-6.038475233812218,4.115596724092638,1.0045739504370002,1.0-2.0%,1.00-1.02,2025-09-26→2025-09-29
2025-09-26,2025-09-29,C,6685.0,0.019178082191780823,110.3742143746187,0.9279025351274413,21.09479181861434,0.35046126909019426,6643.7,6661.21,0.019178082191780823,98.86733597031781,27.87565559321638,-12.297573390081698,-2.1865768217693784,1.0053258770466087,1.0-2.0%,1.00-1.02,2025-09-26→2025-09-29
2025-09-26,2025-09-29,P,6685.0,0.019178082191780823,145.75774370907516,-0.07209746487338481,56.40967120696132,-0.650868108747248,6643.7,6661.21,0.019178082191780823,122.9695306702595,45.65898140205627,-5.937573390067019,4.196700584164452,1.0053258770466087,1.0-2.0%,1.00-1.02,2025-09-26→2025-09-29
2025-09-26,2025-09-29,C,6690.0,0.019178082191780823,108.37789717840883,0.9057749460745911,19.09511672299641,0.32859481925612344,6643.7,6661.21,0.019178082191780823,105.84856743339576,25.48628643491702,-12.110119305766288,-2.0036952851747936,1.0060778036562172,1.0-2.0%,1.00-1.02,2025-09-26→2025-09-29
2025-09-26,2025-09-29,P,6690.0,0.019178082191780823,148.75700132914793,-0.09422505392597509,59.459993340043184,-0.6725481184239359,6643.7,6661.21,0.019178082191780823,134.95099563722007,48.321990490439475,-5.850119305756156,4.276317553603265,1.0060778036562172,1.0-2.0%,1.00-1.02,2025-09-26→2025-09-29
2025-09-26,2025-09-29,C,6695.0,0.019178082191780823,114.20401756621604,0.9409453173582333,17.295432124184117,0.30737868741754476,6643.7,6661.21,0.019178082191780823,103.94026686726183,23.30457678199764,-13.025952506942872,-1.9322008166812763,1.0068297302658258,1.0-2.0%,1.00-1.02,2025-09-26→2025-09-29
2025-09-26,2025-09-29,P,6695.0,0.019178082191780823,159.57869653318923,-0.05905468264254363,62.560317909321384,-0.6943877878287062,6643.7,6661.21,0.019178082191780823,138.04292857497788,51.030959094472564,-6.6659525069290435,4.4587301648808015,1.0068297302658258,1.0-2.0%,1.00-1.02,2025-09-26→2025-09-29
2025-09-26,2025-09-29,C,6700.0,0.019178082191780823,111.75130641657871,0.9414437933151545,15.595743391365431,0.2864256552984844,6643.7,6661.21,0.019178082191780823,100.15037011193603,21.22545785618422,-13.334680820948561,-1.865313224276524,1.0075816568754343,1.0-2.0%,1.00-1.02,2025-09-26→2025-09-29
2025-09-26,2025-09-29,P,6700.0,0.019178082191780823,162.12156019981126,-0.05855620668564488,65.81063586404798,-0.7157842988046076,6643.7,6661.21,0.019178082191780823,139.25326532355558,53.89472471144654,-6.9246808209343556,4.583383072068825,1.0075816568754343,1.0-2.0%,1.00-1.02,2025-09-26→2025-09-29
2025-09-26,2025-09-29,C,6705.0,0.019178082191780823,107.40574468390491,0.9075148698195813,13.99604999381586,0.26579542073372114,6643.7,6661.21,0.019178082191780823,102.92358207184618,19.24996603575937,-12.990585370541067,-1.7540778170475164,1.0083335834850429,1.0-2.0%,1.00-1.02,2025-09-26→2025-09-29
2025-09-26,2025-09-29,P,6705.0,0.019178082191780823,162.77157328342045,-0.0924851301809592,69.76088506954511,-0.7325526710485952,6643.7,6661.21,0.019178082191780823,147.02671078733312,57.528776454536455,-6.830585370531387,4.376997270061059,1.0083335834850429,1.0-2.0%,1.00-1.02,2025-09-26→2025-09-29
2025-09-26,2025-09-29,C,6710.0,0.019178082191780823,112.09945540745782,0.9269710554718543,12.546344758004125,0.24595754535351522,6643.7,6661.21,0.019178082191780823,104.66597436419333,17.435671964399717,-13.581263181312373,-1.6567166191401066,1.0090855100946514,1.0-2.0%,1.00-1.02,2025-09-26→2025-09-29
2025-09-26,2025-09-29,P,6710.0,0.019178082191780823,172.46085882319207,-0.07302894452900703,72.9112235854891,-0.7553340384943803,6643.7,6661.21,0.019178082191780823,153.76933658358323,60.268583185841635,-7.2712631812970825,4.675899014036753,1.0090855100946514,1.0-2.0%,1.00-1.02,2025-09-26→2025-09-29
2025-09-26,2025-09-29,C,6715.0,0.019178082191780823,112.79830566479514,0.9442783035947011,11.146637870653421,0.22621038989828793,6643.7,6661.21,0.019178082191780823,101.51846464623854,15.671692335637317,-14.084313095943422,-1.5109439271190719,1.00983743670426,1.0-2.0%,1.00-1.02,2025-09-26→2025-09-29
2025-09-26,2025-09-29,P,6715.0,0.019178082191780823,178.15528389678784,-0.055721696406153855,76.41153051170568,-0.7760212214843045,6643.7,6661.21,0.019178082191780823,155.62206036952514,63.3892257518155,-7.424313095928239,5.188131588190336,1.00983743670426,1.0-2.0%,1.00-1.02,2025-09-26→2025-09-29
2025-09-26,2025-09-29,C,6585.0,0.0273972602739726,135.2210519543542,0.9310628372268657,88.7499060989503,0.7032806835913221,6643.7,6661.21,0.0410958904109589,155.99427890852317,113.06949550917943,12.647089720157382,16.6355552303158,0.9902255838103562,2.0-3.0%,0.98-1.00,2025-09-26→2025-09-29
2025-09-26,2025-09-29,P,6585.0,0.0273972602739726,70.2827631152104,-0.06893716277319463,22.350038949856298,-0.2917188210938021,6643.7,6661.21,0.0410958904109589,74.75740652445488,25.702409205673803,13.657089720158648,17.557996557352535,0.9902255838103562,2.0-3.0%,0.98-1.00,2025-09-26→2025-09-29
2025-09-26,2025-09-29,C,6590.0,0.0273972602739726,138.26798699650126,0.9561979706733128,83.3499076927028,0.696888651726953,6643.7,6661.21,0.024657534246575342,133.69899825257704,93.56302869808042,-5.4930264664899155,-0.9525202917391002,0.9909774635247148,2.0-3.0%,0.98-1.00,2025-09-26→2025-09-29
2025-09-26,2025-09-29,P,6590.0,0.0273972602739726,78.3249614156276,-0.04380202932685663,23.350041337875382,-0.3040595949360245,6643.7,6661.21,0.024657534246575342,61.275231336362964,16.668474996635496,0.4669735335132684,5.024083507329855,0.9909774635247148,2.0-3.0%,0.98-1.00,2025-09-26→2025-09-29
2025-09-26,2025-09-29,C,6595.0,0.0273972602739726,135.54794296598544,0.9668900993744165,79.54990865103628,0.6834412311351972,6643.7,6661.21,0.024657534246575342,129.53992177002192,89.51770049393053,-5.780245640046239,-0.8170559571774465,0.9917293432390736,2.0-3.0%,0.98-1.00,2025-09-26→2025-09-29
2025-09-26,2025-09-29,P,6595.0,0.0273972602739726,80.60018064339748,-0.0331099006257486,24.550042296207266,-0.3175070155277783,6643.7,6661.21,0.024657534246575342,62.11523393809876,17.62314679248493,0.0797543599568653,5.059547841891468,0.9917293432390736,2.0-3.0%,0.98-1.00,2025-09-26→2025-09-29
2025-09-26,2025-09-29,C,6600.0,0.0273972602739726,130.90816427213218,0.9385665673410573,75.79991059727399,0.6695459280422558,6643.7,6661.21,0.024657534246575342,127.79012316977456,85.51733797979068,-4.634300594142122,0.07625079997995243,0.9924812229534322,2.0-3.0%,0.98-1.00,2025-09-26→2025-09-29
2025-09-26,2025-09-29,P,6600.0,0.0273972602739726,80.95566520783514,-0.06143343265905653,25.850044266532223,-0.33158109018992704,6643.7,6661.21,0.024657534246575342,65.36451442212758,18.666189229582415,0.42569940586009114,5.155984889225692,0.9924812229534322,2.0-3.0%,0.98-1.00,2025-09-26→2025-09-29
2025-09-26,2025-09-29,C,6605.0,0.0273972602739726,131.5419425457086,0.9422108236055181,72.14991254049073,0.6550342776831112,6643.7,6661.21,0.024657534246575342,128.6029042322404,81.60590305157257,-4.848111521332822,0.18034979776858684,0.9932331026677909,2.0-3.0%,0.98-1.00,2025-09-26→2025-09-29
2025-09-26,2025-09-29,P,6605.0,0.0273972602739726,86.58470673970233,-0.05778917639456463,27.200046207483865,-0.3460773271775587,6643.7,6661.21,0.024657534246575342,71.17637456889601,19.755075099743635,0.11188847866884077,5.159813998879129,0.9932331026677909,2.0-3.0%,0.98-1.00,2025-09-26→2025-09-29
2025-09-26,2025-09-29,C,6610.0,0.0273972602739726,131.5820582805303,0.9614370826583604,68.54991521643296,0.6400946090356341,6643.7,6661.21,0.024657534246575342,125.02161960859404,77.74053171816195,-5.334763317348099,0.291943395785907,0.9939849823821495,2.0-3.0%,0.98-1.00,2025-09-26→2025-09-29
2025-09-26,2025-09-29,P,6610.0,0.0273972602739726,91.62008573280518,-0.03856291734174591,28.600048866302586,-0.3610011437486978,6643.7,6661.21,0.024657534246575342,72.59416902950056,20.8900267278068,-0.27476331734602355,5.371130027039774,0.9939849823821495,2.0-3.0%,0.98-1.00,2025-09-26→2025-09-29
2025-09-26,2025-09-29,C,6615.0,0.0273972602739726,127.51675552486643,0.9472761263549015,65.04991666049318,0.6245880721027243,6643.7,6661.21,0.024657534246575342,120.62393665419093,73.96578391619096,-5.286804972474535,0.36346285748115825,0.9947368620965081,2.0-3.0%,0.98-1.00,2025-09-26→2025-09-29
2025-09-26,2025-09-29,P,6615.0,0.0273972602739726,92.55004623543222,-0.05272387364512454,30.10005032193567,-0.37649103080235147,6643.7,6661.21,0.024657534246575342,73.19556515942256,22.115611524373435,-0.2268049724738599,5.442357949349255,0.9947368620965081,2.0-3.0%,0.98-1.00,2025-09-26→2025-09-29
2025-09-26,2025-09-29,C,6620.0,0.0273972602739726,122.68019848949595,0.9156021121622608,61.49991870383792,0.6088979437504205,6643.7,6661.21,0.024657534246575342,123.68314363193247,70.14868844805824,-4.882192983961382,0.4881970049300097,0.9954887418108669,2.0-3.0%,0.98-1.00,2025-09-26→2025-09-29
2025-09-26,2025-09-29,P,6620.0,0.0273972602739726,92.70875245835923,-0.08439788783759947,31.600052379360477,-0.3922785964813076,6643.7,6661.21,0.024657534246575342,81.25385122142221,23.343547548409333,0.12780701603638356,5.51879822438778,0.9954887418108669,2.0-3.0%,0.98-1.00,2025-09-26→2025-09-29
2025-09-26,2025-09-29,C,6625.0,0.0273972602739726,127.77332417957803,0.9519508859862427,58.14992090042233,0.5924242799144703,6643.7,6661.21,0.024657534246575342,121.33690868866061,66.51255526277237,-5.668660013619309,0.6266508586975021,0.9962406215252255,2.0-3.0%,0.98-1.00,2025-09-26→2025-09-29
2025-09-26,2025-09-29,P,6625.0,0.0273972602739726,102.79714140671643,-0.048049114013770614,33.20005455845194,-0.40862028484984375,6643.7,6661.21,0.024657534246575342,83.90669536242734,24.66304887940123,-0.6086600136188689,5.70494118772085,0.9962406215252255,2.0-3.0%,0.98-1.00,2025-09-26→2025-09-29
2025-09-26,2025-09-29,C,6630.0,0.0273972602739726,124.86601992368583,0.9567004126165333,54.84992315354384,0.5755486171633185,6643.7,6661.21,0.024657534246575342,117.22164657350659,62.92436521225227,-5.901824224915718,0.7721437134701539,0.9969925012395842,2.0-3.0%,0.98-1.00,2025-09-26→2025-09-29
2025-09-26,2025-09-29,P,6630.0,0.0273972602739726,104.88510040909371,-0.043299587383633986,34.900056809107355,-0.4254774466132498,6643.7,6661.21,0.024657534246575342,84.79051233155693,26.075205004378404,-0.8918242249125652,5.800110090198092,0.9969925012395842,2.0-3.0%,0.98-1.00,2025-09-26→2025-09-29
2025-09-26,2025-09-29,C,6635.0,0.0273972602739726,120.21054319575414,0.9255658079978447,51.6499250327729,0.5581962269847924,6643.7,6661.21,0.024657534246575342,117.47832941196167,59.42990089564364,-5.60665729804246,0.8259840654961632,0.9977443809539428,2.0-3.0%,0.98-1.00,2025-09-26→2025-09-29
2025-09-26,2025-09-29,P,6635.0,0.0273972602739726,105.22488693944571,-0.07443419200233753,36.70005869036322,-0.44281055913886325,6643.7,6661.21,0.024657534246575342,90.04627425430283,27.58109416533216,-0.546657298039062,5.9036128905215834,0.9977443809539428,2.0-3.0%,0.98-1.00,2025-09-26→2025-09-29
2025-09-26,2025-09-29,C,6640.0,0.0273972602739726,122.81274345357289,0.9391762248166512,48.54992783799116,0.5404073283272266,6643.7,6661.21,0.024657534246575342,118.21303443451167,56.03022708256276,-6.094975696539766,0.8874676809901452,0.9984962606683014,2.0-3.0%,0.98-1.00,2025-09-26→2025-09-29
2025-09-26,2025-09-29,P,6640.0,0.0273972602739726,112.82235045555987,-0.06082377518337696,38.60006148838875,-0.4605794266784787,6643.7,6661.21,0.024657534246575342,95.78005836113178,29.18178018737717,-1.0349756965390575,5.964745761140261,0.9984962606683014,2.0-3.0%,0.98-1.00,2025-09-26→2025-09-29
2025-09-26,2025-09-29,C,6645.0,0.0273972602739726,122.67804293706287,0.9564836961061512,45.549930328840674,0.5222226689424955,6643.7,6661.21,0.024657534246575342,114.63284699051289,52.7263860870421,-6.598029518818912,1.0058810668167961,0.9992481403826602,2.0-3.0%,0.98-1.00,2025-09-26→2025-09-29
2025-09-26,2025-09-29,P,6645.0,0.0273972602739726,117.68291319732828,-0.04351630389395501,40.55006397401303,-0.47872557772048274,6643.7,6661.21,0.024657534246575342,97.19895000141851,30.831832385596954,-1.5880295188168325,6.032484865885763,0.9992481403826602,2.0-3.0%,0.98-1.00,2025-09-26→2025-09-29
2025-09-26,2025-09-29,C,6650.0,0.0273972602739726,118.59839545808158,0.9365377438733393,42.6999327483677,0.5036871954340602,6643.7,6661.21,0.024657534246575342,110.25258262322842,49.56624101681837,-6.648775895222375,0.9304372079494971,1.0000000200970187,2.0-3.0%,1.00-1.02,2025-09-26→2025-09-29
2025-09-26,2025-09-29,P,6650.0,0.0273972602739726,118.59852897663981,-0.06346225612668353,42.700066393540055,-0.49726105122891806,6643.7,6661.21,0.024657534246575342,97.81776471841914,32.67168731537322,-1.488775895221759,6.107041007018463,1.0000000200970187,2.0-3.0%,1.00-1.02,2025-09-26→2025-09-29
2025-09-26,2025-09-29,C,6655.0,0.0273972602739726,115.46571886130131,0.9114893566916603,39.799935269475554,0.4848051446521389,6643.7,6661.21,0.024657534246575342,115.08891278630571,46.36304276882129,-6.310178635671166,1.1610619171409482,1.0007518998113774,2.0-3.0%,1.00-1.02,2025-09-26→2025-09-29
2025-09-26,2025-09-29,P,6655.0,0.0273972602739726,120.46111563812393,-0.08851064330855289,44.900068907698824,-0.51609104881667,6643.7,6661.21,0.024657534246575342,107.65317396576202,34.56292304060162,-1.350178635667218,6.136754264780006,1.0007518998113774,2.0-3.0%,1.00-1.02,2025-09-26→2025-09-29
2025-09-26,2025-09-29,C,6660.0,0.0273972602739726,120.45655296631756,0.9470148834019008,37.09993781541789,0.4656588571418838,6643.7,6661.21,0.024657534246575342,112.66180546562762,43.35234113256729,-7.18223060836749,1.2463134114455112,1.0015037795257362,2.0-3.0%,1.00-1.02,2025-09-26→2025-09-29
2025-09-26,2025-09-29,P,6660.0,0.0273972602739726,130.4472130014408,-0.05298511659816167,47.150071454153476,-0.5352402988462471,6643.7,6661.21,0.024657534246575342,110.22514572936335,36.505383760329096,-2.172230608366186,6.272057632797896,1.0015037795257362,2.0-3.0%,1.00-1.02,2025-09-26→2025-09-29
2025-09-26,2025-09-29,C,6665.0,0.0273972602739726,117.53435457077545,0.9479955468942813,34.49993971541926,0.4462832136061637,6643.7,6661.21,0.024657534246575342,108.54826873085379,40.44139339756566,-7.499402026119071,1.2855809297559775,1.0022556592400949,2.0-3.0%,1.00-1.02,2025-09-26→2025-09-29
2025-09-26,2025-09-29,P,6665.0,0.0273972602739726,132.52027786419055,-0.05200445310572973,49.500073360591614,-0.5546650330568144,6643.7,6661.21,0.024657534246575342,111.11068807888385,38.54683969612006,-2.48940202611866,6.312184728824942,1.0022556592400949,2.0-3.0%,1.00-1.02,2025-09-26→2025-09-29
2025-09-26,2025-09-29,C,6670.0,0.0273972602739726,112.90611398580918,0.9150778630223925,32.04994301175748,0.4268186480612283,6643.7,6661.21,0.024657534246575342,110.18309413319855,37.67948256383306,-7.373013381522288,1.1764054724478044,1.0030075389544535,2.0-3.0%,1.00-1.02,2025-09-26→2025-09-29
2025-09-26,2025-09-29,P,6670.0,0.0273972602739726,132.88730053749225,-0.08492213697772558,52.00007666994907,-0.5742270977514484,6643.7,6661.21,0.024657534246575342,117.74459256551367,40.7365619495813,-2.2630133815200066,6.304716481627986,1.0030075389544535,2.0-3.0%,1.00-1.02,2025-09-26→2025-09-29
2025-09-26,2025-09-29,C,6675.0,0.0273972602739726,116.86690207646448,0.933986624492479,29.59994565621855,0.4070162379028962,6643.7,6661.21,0.024657534246575342,111.01785932129324,34.922393037822076,-7.904105794863515,1.3231456743201946,1.0037594186688121,2.0-3.0%,1.00-1.02,2025-09-26→2025-09-29
2025-09-26,2025-09-29,P,6675.0,0.0273972602739726,141.8433518864555,-0.06601337550742079,54.65007928496516,-0.5938090730548847,6643.7,6661.21,0.024657534246575342,123.57843683787866,43.076596992699706,-2.7941057948650503,6.447596869191159,1.0037594186688121,2.0-3.0%,1.00-1.02,2025-09-26→2025-09-29
2025-09-26,2025-09-29,C,6680.0,0.0273972602739726,116.74434309598396,0.9507227229949788,27.29994832178818,0.3872128669150199,6643.7,6661.21,0.024657534246575342,107.45799411583059,32.31608735920827,-8.447154879642287,1.419902700317917,1.0045112983831708,2.0-3.0%,1.00-1.02,2025-09-26→2025-09-29
2025-09-26,2025-09-29,P,6680.0,0.0273972602739726,146.71605616425387,-0.04927727700505469,57.350081946496175,-0.6135861272895097,6643.7,6661.21,0.024657534246575342,125.01765071671443,45.47068576071251,-3.487154879641483,6.393893088839446,1.0045112983831708,2.0-3.0%,1.00-1.02,2025-09-26→2025-09-29
2025-09-26,2025-09-29,C,6685.0,0.0273972602739726,112.76410489908216,0.9281801935905506,25.199951448479624,0.36770898577036876,6643.7,6661.21,0.024657534246575342,103.07124212127478,29.912130892987534,-8.452435189770743,1.3614156591607633,1.0052631780975294,2.0-3.0%,1.00-1.02,2025-09-26→2025-09-29
2025-09-26,2025-09-29,P,6685.0,0.0273972602739726,147.73108122560762,-0.07181980640970438,60.250085056633,-0.6330636646902859,6643.7,6661.21,0.024657534246575342,125.62997780642625,48.06711657227652,-3.392435189766059,6.4349447687270445,1.0052631780975294,2.0-3.0%,1.00-1.02,2025-09-26→2025-09-29
2025-09-26,2025-09-29,C,6690.0,0.0273972602739726,110.54417178505861,0.9062991701629901,23.099953547978203,0.3479025418151013,6643.7,6661.21,0.024657534246575342,109.14462813484742,27.51394872339688,-8.469298469554156,1.3082264928174991,1.006015057811888,2.0-3.0%,1.00-1.02,2025-09-26→2025-09-29
2025-09-26,2025-09-29,P,6690.0,0.0273972602739726,150.50641136987437,-0.09370082983721134,63.15008716597913,-0.6528420353330451,6643.7,6661.21,0.024657534246575342,136.702442904274,50.66933431359166,-3.509298469550415,6.281264038681757,1.006015057811888,2.0-3.0%,1.00-1.02,2025-09-26→2025-09-29
2025-09-26,2025-09-29,C,6695.0,0.0273972602739726,115.73043984431429,0.9409569009016765,21.14995612411758,0.3283728059690662,6643.7,6661.21,0.024657534246575342,106.8422128570568,25.270979533426726,-9.32615533478856,1.4001921674815812,1.0067669375262467,2.0-3.0%,1.00-1.02,2025-09-26→2025-09-29
2025-09-26,2025-09-29,P,6695.0,0.0273972602739726,160.68794268743102,-0.05904309909836139,65.45009018473229,-0.6758940785649927,6643.7,6661.21,0.024657534246575342,139.39910671076146,52.670854918475925,-3.5161553347876833,7.284905315673166,1.0067669375262467,2.0-3.0%,1.00-1.02,2025-09-26→2025-09-29
2025-09-26,2025-09-29,C,6700.0,0.0273972602739726,113.01649621211644,0.9414451290674765,19.299959499792294,0.3089970028258987,6643.7,6661.21,0.024657534246575342,102.8036733424457,23.134464246477364,-9.734704209971717,1.3394624805184465,1.0075188172406053,2.0-3.0%,1.00-1.02,2025-09-26→2025-09-29
2025-09-26,2025-09-29,P,6700.0,0.0273972602739726,162.96926231351347,-0.05855487093263941,69.40009317679596,-0.691428862202681,6643.7,6661.21,0.024657534246575342,140.35964628045713,56.341366877492874,-4.724704209969478,6.356919377169087,1.0075188172406053,2.0-3.0%,1.00-1.02,2025-09-26→2025-09-29
2025-09-26,2025-09-29,C,6705.0,0.0273972602739726,108.53619488494172,0.9076794041924435,17.549961302182737,0.2898309797977244,6643.7,6661.21,0.024657534246575342,105.15319053563582,21.10517236068017,-9.493466367409885,1.3250595437417818,1.008270696954964,2.0-3.0%,1.00-1.02,2025-09-26→2025-09-29
2025-09-26,2025-09-29,P,6705.0,0.0273972602739726,163.48422424463942,-0.09232059580751084,71.70009562825726,-0.7162161386194243,6643.7,6661.21,0.024657534246575342,147.708242557912,58.339587308016235,-3.4834663674104736,7.440944587226268,1.008270696954964,2.0-3.0%,1.00-1.02,2025-09-26→2025-09-29
2025-09-26,2025-09-29,C,6710.0,0.0273972602739726,112.9428174944411,0.9269872943932838,15.949963789541243,0.27125699814255655,6643.7,6661.21,0.024657534246575342,106.44363590812779,19.235401125502904,-10.131547524826601,1.3502899625237772,1.0090225766693228,2.0-3.0%,1.00-1.02,2025-09-26→2025-09-29
2025-09-26,2025-09-29,P,6710.0,0.0273972602739726,172.88611011242932,-0.07301270560659366,75.00009831117677,-0.7360103792271896,6643.7,6661.21,0.024657534246575342,153.9977670147035,61.359397080682356,-4.121547524828535,7.487541740268245,1.0090225766693228,2.0-3.0%,1.00-1.02,2025-09-26→2025-09-29
2025-09-26,2025-09-29,C,6715.0,0.0273972602739726,113.32706561634811,0.9442554564617798,14.44996707155019,0.25307804697186953,6643.7,6661.21,0.024657534246575342,103.08225532693832,17.475162686089334,-10.73391304264597,1.3686033975225103,1.0097744563836815,2.0-3.0%,1.00-1.02,2025-09-26→2025-09-29
2025-09-26,2025-09-29,P,6715.0,0.0273972602739726,178.26562149260153,-0.05574454353830834,78.50010078072137,-0.7548096474959747,6643.7,6661.21,0.024657534246575342,155.6354655178025,64.59145741221892,-3.573913042644206,8.666716927654685,1.0097744563836815,2.0-3.0%,1.00-1.02,2025-09-26→2025-09-29
2025-09-26,2025-09-29,C,6585.0,0.030136986301369864,138.38866622350412,0.9317817094772509,90.95691575250567,0.6987763587570227,6643.7,6661.21,0.0410958904109589,155.99427890852317,112.68917961541138,10.434502267053134,14.514425958164379,0.9901124220443815,3.0-4.0%,0.98-1.00,2025-09-26→2025-09-29
2025-09-26,2025-09-29,P,6585.0,0.030136986301369864,72.69856455981731,-0.06821829052211313,25.297005012748286,-0.3026703213631645,6643.7,6661.21,0.0410958904109589,74.75740652445488,26.938073661933004,10.694502267042212,14.799757327069074,0.9901124220443815,3.0-4.0%,0.98-1.00,2025-09-26→2025-09-29
2025-09-26,2025-09-29,C,6590.0,0.030136986301369864,141.33354680317063,0.9563469532354296,87.15679292609639,0.6864249704161148,6643.7,6661.21,0.0273972602739726,139.78593496033133,97.15180539387529,-5.49563515115258,-0.7693012319863204,0.990864215834848,3.0-4.0%,0.98-1.00,2025-09-26→2025-09-29
2025-09-26,2025-09-29,P,6590.0,0.030136986301369864,80.63813754519758,-0.04365304676402643,26.49688232795961,-0.31499782024317696,6643.7,6661.21,0.0273972602739726,66.80609807612966,19.594460000245363,0.5143648488381124,5.265611832458097,0.990864215834848,3.0-4.0%,0.98-1.00,2025-09-26→2025-09-29
2025-09-26,2025-09-29,C,6595.0,0.030136986301369864,138.63665016848654,0.9667925419517275,83.40666698339646,0.6736842219288294,6643.7,6661.21,0.0273972602739726,135.58108612687752,93.17108519068097,-5.828537409574963,-0.6962107259739554,0.9916160096253145,3.0-4.0%,0.98-1.00,2025-09-26→2025-09-29
2025-09-26,2025-09-29,P,6595.0,0.030136986301369864,82.93593331624068,-0.03320745804766225,27.69675827687888,-0.32754636975803963,6643.7,6661.21,0.0273972602739726,67.59990642259665,20.570321292085964,0.18146259041457113,5.335336934463343,0.9916160096253145,3.0-4.0%,0.98-1.00,2025-09-26→2025-09-29
2025-09-26,2025-09-29,C,6600.0,0.030136986301369864,134.04382018297673,0.939103485204755,79.7065370478349,0.6605539208685413,6643.7,6661.21,0.0273972602739726,133.69312380381916,89.23591686482814,-4.593702025935471,0.2837008455916923,0.992367803415781,3.0-4.0%,0.98-1.00,2025-09-26→2025-09-29
2025-09-26,2025-09-29,P,6600.0,0.030136986301369864,83.33779573643707,-0.06089651479478554,28.896631542366322,-0.3403531463666956,6643.7,6661.21,0.0273972602739726,70.71060127942168,21.547017188896234,0.7162979740567104,5.609583592880917,0.992367803415781,3.0-4.0%,0.98-1.00,2025-09-26→2025-09-29
2025-09-26,2025-09-29,C,6605.0,0.030136986301369864,134.59135968167544,0.9426465260227698,76.05640323099306,0.6470325911460253,6643.7,6661.21,0.0273972602739726,134.3635373142838,85.34653625264491,-4.805740670658903,0.3704593290329594,0.9931195972062475,3.0-4.0%,0.98-1.00,2025-09-26→2025-09-29
2025-09-26,2025-09-29,P,6605.0,0.030136986301369864,88.880027640889,-0.057353473976530074,30.346494779528257,-0.3541721854424181,6643.7,6661.21,0.0273972602739726,76.37967196981167,22.746308982302025,0.3542593293290519,5.551554967096815,0.9931195972062475,3.0-4.0%,0.98-1.00,2025-09-26→2025-09-29
2025-09-26,2025-09-29,C,6610.0,0.030136986301369864,134.57287042949986,0.9614327986283006,72.55626318286431,0.6328604037379907,6643.7,6661.21,0.0273972602739726,130.70828540322034,81.59265707208851,-5.334688303981739,0.4186143305476584,0.993871390996714,3.0-4.0%,0.98-1.00,2025-09-26→2025-09-29
2025-09-26,2025-09-29,P,6610.0,0.030136986301369864,93.85623079441159,-0.038567201371207886,31.69635868900832,-0.3679453260278725,6643.7,6661.21,0.0273972602739726,77.72307723864235,23.858453799156905,-0.02468830399014077,5.742722658748129,0.993871390996714,3.0-4.0%,0.98-1.00,2025-09-26→2025-09-29
2025-09-26,2025-09-29,C,6615.0,0.030136986301369864,130.52208915927517,0.9475784065987963,69.0061216074755,0.6185746080624258,6643.7,6661.21,0.0273972602739726,126.24858083670654,77.79601471827664,-5.242097899545136,0.5187586128267831,0.9946231847871805,3.0-4.0%,0.98-1.00,2025-09-26→2025-09-29
2025-09-26,2025-09-29,P,6615.0,0.030136986301369864,94.80014192993933,-0.052421593400390175,33.29621343293729,-0.3826021504515203,6643.7,6661.21,0.0273972602739726,78.26202985202768,25.19634755872994,0.017902100440851942,5.799363654406212,0.9946231847871805,3.0-4.0%,0.98-1.00,2025-09-26→2025-09-29
2025-09-26,2025-09-29,C,6620.0,0.030136986301369864,125.71448851320822,0.916599318421571,65.45597719963689,0.6039848939997671,6643.7,6661.21,0.0273972602739726,129.0120715419277,74.00041711508675,-4.6496540655619185,0.8242245060639384,0.995374978577647,3.0-4.0%,0.98-1.00,2025-09-26→2025-09-29
2025-09-26,2025-09-29,P,6620.0,0.030136986301369864,94.9872336895655,-0.08340068157785818,34.79606817949207,-0.39727735814983306,6643.7,6661.21,0.0273972602739726,86.02417773716182,26.446337212868002,0.46034593442831495,5.956326541203664,0.995374978577647,3.0-4.0%,0.98-1.00,2025-09-26→2025-09-29
2025-09-26,2025-09-29,C,6625.0,0.030136986301369864,130.5871502500762,0.9521199492357435,62.15582507659337,0.588613915751776,6643.7,6661.21,0.0273972602739726,126.54234622696586,70.4331165444537,-5.621620311118093,0.7433703351862562,0.9961267723681135,3.0-4.0%,0.98-1.00,2025-09-26→2025-09-29
2025-09-26,2025-09-29,P,6625.0,0.030136986301369864,104.85458783219019,-0.04788005076342809,36.445917196917435,-0.4125330864608621,6643.7,6661.21,0.0273972602739726,88.55310960210369,27.83401987608613,-0.41162031113236364,5.973454343929785,0.9961267723681135,3.0-4.0%,0.98-1.00,2025-09-26→2025-09-29
2025-09-26,2025-09-29,C,6630.0,0.030136986301369864,127.63473448864741,0.9567607550867105,58.90566970178634,0.5729142507859047,6643.7,6661.21,0.0273972602739726,122.34099820604068,66.91415063322893,-5.852880821568512,0.8682714687386817,0.99687856615858,3.0-4.0%,0.98-1.00,2025-09-26→2025-09-29
2025-09-26,2025-09-29,P,6630.0,0.030136986301369864,106.89686447645141,-0.04323924491276689,38.1457626567767,-0.42814839608933214,6643.7,6661.21,0.0273972602739726,89.35041876108073,29.269448618201295,-0.5928808215774508,6.146878415524291,0.99687856615858,3.0-4.0%,0.98-1.00,2025-09-26→2025-09-29
2025-09-26,2025-09-29,C,6635.0,0.030136986301369864,122.97281447545971,0.9262575156536714,55.70551066988992,0.5568775400993672,6643.7,6661.21,0.0273972602739726,122.34479068929964,63.4436110828492,-5.568769099095999,0.8990742728599503,0.9976303599490465,3.0-4.0%,0.98-1.00,2025-09-26→2025-09-29
2025-09-26,2025-09-29,P,6635.0,0.030136986301369864,107.2296368689836,-0.07374248434581672,39.89560413698564,-0.4441330214170966,6643.7,6661.21,0.0273972602739726,94.35286842422558,30.752708556755806,-0.3087690991047416,6.17676920501345,0.9976303599490465,3.0-4.0%,0.98-1.00,2025-09-26→2025-09-29
2025-09-26,2025-09-29,C,6640.0,0.030136986301369864,125.39497083938772,0.9395596470295222,52.50534918097401,0.5405282570213319,6643.7,6661.21,0.0273972602739726,122.8459540411746,59.975054435122274,-5.851689419487137,1.1353502195563614,0.998382153739513,3.0-4.0%,0.98-1.00,2025-09-26→2025-09-29
2025-09-26,2025-09-29,P,6640.0,0.030136986301369864,114.6464856386472,-0.06044035296982574,41.795441789012784,-0.460569472626436,6643.7,6661.21,0.0273972602739726,99.8526889560343,32.37685677300715,-0.6916894194983381,6.314571465688994,0.998382153739513,3.0-4.0%,0.98-1.00,2025-09-26→2025-09-29
2025-09-26,2025-09-29,C,6645.0,0.030136986301369864,125.11854676862076,0.9565222114672459,49.55518277522788,0.5237131809331479,6643.7,6661.21,0.0273972602739726,119.14860616633494,56.74164756921891,-6.548703922791681,1.0297822018604688,0.9991339475299795,3.0-4.0%,0.98-1.00,2025-09-26→2025-09-29
2025-09-26,2025-09-29,P,6645.0,0.030136986301369864,119.36475397360026,-0.043477788532122426,43.74527590187108,-0.4773321030484673,6643.7,6661.21,0.0273972602739726,101.15399826109089,34.050129374456446,-1.1887039228025298,6.408085124378763,0.9991339475299795,3.0-4.0%,0.98-1.00,2025-09-26→2025-09-29
2025-09-26,2025-09-29,C,6650.0,0.030136986301369864,120.98415717122394,0.9369300303935844,46.60501370588372,0.5066293159451214,6643.7,6661.21,0.0273972602739726,114.67698920905512,53.5114852904876,-6.455644832191872,1.0789206778008094,0.999885741320446,3.0-4.0%,0.98-1.00,2025-09-26→2025-09-29
2025-09-26,2025-09-29,P,6650.0,0.030136986301369864,120.22505678191153,-0.06306996960593907,45.845106660873626,-0.4944333309301152,6643.7,6661.21,0.0273972602739726,101.68103848373255,35.86678327545951,-1.1456448321999932,6.407527624586425,0.999885741320446,3.0-4.0%,0.98-1.00,2025-09-26→2025-09-29
2025-09-26,2025-09-29,C,6655.0,0.030136986301369864,117.77724474960444,0.9122992681507961,43.75484140636627,0.4892461944248918,6643.7,6661.21,0.0273972602739726,119.1069861499341,50.37849111869991,-6.274360185320637,1.1332991356200406,1.0006375351109125,3.0-4.0%,1.00-1.02,2025-09-26→2025-09-29
2025-09-26,2025-09-29,P,6655.0,0.030136986301369864,122.01283676601594,-0.08770073184866631,47.94493416207888,-0.5118363097013888,6643.7,6661.21,0.0273972602739726,111.10969260449444,37.68633918466412,-0.9643601853298338,6.46225378287143,1.0006375351109125,3.0-4.0%,1.00-1.02,2025-09-26→2025-09-29
2025-09-26,2025-09-29,C,6660.0,0.030136986301369864,122.5051944940549,0.947188334959097,41.00466707202531,0.4716042937900872,6643.7,6661.21,0.0273972602739726,116.5110593257507,47.34356407031464,-7.085267745133997,1.24220881573547,1.001389328901379,3.0-4.0%,1.00-1.02,2025-09-26→2025-09-29
2025-09-26,2025-09-29,P,6660.0,0.030136986301369864,131.7354789162168,-0.052811665040127936,50.24476002701613,-0.5294583530851492,6643.7,6661.21,0.0273972602739726,113.51242296022772,39.698862055285645,-1.8252677451473485,6.520815762521078,1.001389328901379,3.0-4.0%,1.00-1.02,2025-09-26→2025-09-29
2025-09-26,2025-09-29,C,6665.0,0.030136986301369864,119.46842837485471,0.9481456313918906,38.354490144055035,0.45374496111278506,6643.7,6661.21,0.0273972602739726,112.28275402689378,44.407585924563136,-7.402030005672216,1.25492573091503,1.0021411226918455,3.0-4.0%,1.00-1.02,2025-09-26→2025-09-29
2025-09-26,2025-09-29,P,6665.0,0.030136986301369864,133.69340520271194,-0.05185436860758583,52.594583099044485,-0.5473176857624518,6643.7,6661.21,0.0273972602739726,114.2827748412672,41.76288390953414,-2.142030005681165,6.533532677700645,1.0021411226918455,3.0-4.0%,1.00-1.02,2025-09-26→2025-09-29
2025-09-26,2025-09-29,C,6670.0,0.030136986301369864,114.76381191317408,0.9156848630730167,35.804311848578436,0.43571046047638035,6643.7,6661.21,0.0273972602739726,113.61919753395092,41.571423817446885,-7.133641952408716,1.270709837058491,1.002892916482312,3.0-4.0%,1.00-1.02,2025-09-26→2025-09-29
2025-09-26,2025-09-29,P,6670.0,0.030136986301369864,133.98348114676853,-0.08431513692626716,55.044404803569705,-0.565352186398855,6643.7,6661.21,0.0273972602739726,120.617875528243,43.92672180241925,-1.8236419524210408,6.599316783844078,1.002892916482312,3.0-4.0%,1.00-1.02,2025-09-26→2025-09-29
2025-09-26,2025-09-29,C,6675.0,0.030136986301369864,118.50100899972699,0.9342971383043366,33.354132064338955,0.4175440512022479,6643.7,6661.21,0.0273972602739726,114.17175716417402,38.83592698627217,-7.759542891709128,1.2888036634485562,1.0036447102727786,3.0-4.0%,1.00-1.02,2025-09-26→2025-09-29
2025-09-26,2025-09-29,P,6675.0,0.030136986301369864,142.71537063905114,-0.06570286169489378,57.594225019329315,-0.583518595672988,6643.7,6661.21,0.0273972602739726,126.16909233836293,46.19122497124363,-2.3995428917223998,6.667410610234143,1.0036447102727786,3.0-4.0%,1.00-1.02,2025-09-26→2025-09-29
2025-09-26,2025-09-29,C,6680.0,0.030136986301369864,118.19298826642402,0.9508192567644239,30.953950189351872,0.3991661115527897,6643.7,6661.21,0.0273972602739726,110.46674853881183,36.152829950034175,-8.148845185945266,1.5106013867105688,1.004396504063245,3.0-4.0%,1.00-1.02,2025-09-26→2025-09-29
2025-09-26,2025-09-29,P,6680.0,0.030136986301369864,147.40204231145552,-0.049180743235006416,60.194043144342686,-0.6018965353224459,6643.7,6661.21,0.0273972602739726,127.4627408929135,48.50812793500518,-2.9888451859550282,6.689208333496158,1.004396504063245,3.0-4.0%,1.00-1.02,2025-09-26→2025-09-29
2025-09-26,2025-09-29,C,6685.0,0.030136986301369864,114.10345463085577,0.9285089322119597,28.753770419155444,0.38099426153185373,6643.7,6661.21,0.0273972602739726,105.96170931151572,33.67024750655901,-8.108191403031618,1.4787904805771568,1.0051482978537114,3.0-4.0%,1.00-1.02,2025-09-26→2025-09-29
2025-09-26,2025-09-29,P,6685.0,0.030136986301369864,148.3072010816051,-0.07149106778747166,62.993863374144894,-0.6200683853433868,6643.7,6661.21,0.0273972602739726,127.95635884552462,51.0255454915291,-2.8981914030413543,6.7073974273628405,1.0051482978537114,3.0-4.0%,1.00-1.02,2025-09-26→2025-09-29
2025-09-26,2025-09-29,C,6690.0,0.030136986301369864,111.75945901216849,0.9068121855013207,26.60358933701491,0.3627036026978938,6643.7,6661.21,0.0273972602739726,111.61514972528843,31.241685224428238,-8.028281368128322,1.4990599167598013,1.005900091644178,3.0-4.0%,1.00-1.02,2025-09-26→2025-09-29
2025-09-26,2025-09-29,P,6690.0,0.030136986301369864,150.95789786862662,-0.09318781449824655,65.8436822920039,-0.6383590441773452,6643.7,6661.21,0.0273972602739726,138.60845643919373,53.59698320939833,-2.8682813681356754,6.677666863545461,1.005900091644178,3.0-4.0%,1.00-1.02,2025-09-26→2025-09-29
2025-09-26,2025-09-29,C,6695.0,0.030136986301369864,116.71806130860645,0.9411302865545598,24.503406934643863,0.34427262224448313,6643.7,6661.21,0.0273972602739726,109.12007451725978,28.866913648578247,-8.879191317570545,1.5717863844990267,1.0066518854346445,3.0-4.0%,1.00-1.02,2025-09-26→2025-09-29
2025-09-26,2025-09-29,P,6695.0,0.030136986301369864,160.91119257080487,-0.0588697134448439,68.79350181241716,-0.6565957588711785,6643.7,6661.21,0.0273972602739726,141.11203841107277,56.27232983631211,-3.7191913175807705,6.746991737834479,1.0066518854346445,3.0-4.0%,1.00-1.02,2025-09-26→2025-09-29
2025-09-26,2025-09-29,C,6700.0,0.030136986301369864,113.87797732431133,0.9416085920741967,22.653231529586265,0.3265533000246784,6643.7,6661.21,0.0273972602739726,104.9402603376404,26.747518903487617,-9.437566447219389,1.3320517165678103,1.007403679225111,3.0-4.0%,1.00-1.02,2025-09-26→2025-09-29
2025-09-26,2025-09-29,P,6700.0,0.030136986301369864,163.06580099223362,-0.05839140792517919,72.14333522405468,-0.6734251714386802,6643.7,6661.21,0.0273972602739726,141.93088141136283,59.354978019144255,-4.377566447230105,6.391674751891431,1.007403679225111,3.0-4.0%,1.00-1.02,2025-09-26→2025-09-29
2025-09-26,2025-09-29,C,6705.0,0.030136986301369864,109.30147658244643,0.9080403027400514,20.803054617034604,0.30860416980460614,6643.7,6661.21,0.0273972602739726,107.01688003277283,24.633350328670986,-9.0497857009785,1.4463409867212773,1.0081554730155775,3.0-4.0%,1.00-1.02,2025-09-26→2025-09-29
2025-09-26,2025-09-29,P,6705.0,0.030136986301369864,163.48399265609982,-0.09195969725924955,74.09309992065391,-0.6972054482628419,6643.7,6661.21,0.0273972602739726,149.006158286417,61.022025788646715,-2.9397857009905035,7.658067399082531,1.0081554730155775,3.0-4.0%,1.00-1.02,2025-09-26→2025-09-29
2025-09-26,2025-09-29,C,6710.0,0.030136986301369864,113.55609086478114,0.9272117275994857,19.102881096116334,0.2911379982059236,6643.7,6661.21,0.0273972602739726,108.0295175598443,22.676525882031,-9.735477350267196,1.4021736514142136,1.008907266806044,3.0-4.0%,1.00-1.02,2025-09-26→2025-09-29
2025-09-26,2025-09-29,P,6710.0,0.030136986301369864,172.7332993441393,-0.07278827239999817,77.29291651548465,-0.7157380500164106,6643.7,6661.21,0.0273972602739726,155.01745299336397,63.95598555199376,-3.525477350276013,7.732573255787507,1.008907266806044,3.0-4.0%,1.00-1.02,2025-09-26→2025-09-29
2025-09-26,2025-09-29,C,6715.0,0.030136986301369864,113.81372550713569,0.9443942819312332,17.402705613385706,0.2734054751914671,6643.7,6661.21,0.0273972602739726,104.5094841208557,20.72441273628965,-10.286343876616101,1.4626701293973516,1.0096590605965106,3.0-4.0%,1.00-1.02,2025-09-26→2025-09-29
2025-09-26,2025-09-29,P,6715.0,0.030136986301369864,177.98562639222357,-0.05560571806815861,80.69274131200109,-0.7334440793463589,6643.7,6661.21,0.0273972602739726,156.49607673429293,67.0995653775708,-4.226343876626533,7.642605829354903,1.0096590605965106,3.0-4.0%,1.00-1.02,2025-09-26→2025-09-29
2025-09-26,2025-09-29,C,6585.0,0.03287671232876712,143.75712764724804,0.9326157372640694,94.94571146788167,0.6882735964185277,6643.7,6661.21,0.0410958904109589,155.99427890852317,114.34015214314695,6.419898440505939,10.69832932671143,0.9900031835542731,3.0-4.0%,0.98-1.00,2025-09-26→2025-09-29
2025-09-26,2025-09-29,P,6585.0,0.03287671232876712,77.34127822687002,-0.06738426273496943,28.451949236962264,-0.312899509265193,6643.7,6661.21,0.0410958904109589,74.75740652445488,28.360841079387455,7.529898440489328,11.828870407233595,0.9900031835542731,3.0-4.0%,0.98-1.00,2025-09-26→2025-09-29
2025-09-26,2025-09-29,C,6590.0,0.03287671232876712,146.44940476386762,0.9563537704705979,91.14578372985761,0.6767071324338184,6643.7,6661.21,0.030136986301369864,145.0034624821086,100.93457609084453,-3.0957545209403854,1.8008581110836825,0.9907548943997965,3.0-4.0%,0.98-1.00,2025-09-26→2025-09-29
2025-09-26,2025-09-29,P,6590.0,0.03287671232876712,85.02769668790636,-0.04364622952830736,29.60202051686838,-0.3243084750468291,6643.7,6661.21,0.030136986301369864,69.55161494894848,22.517405872564268,0.41424547904067,5.328641398070046,0.9907548943997965,3.0-4.0%,0.98-1.00,2025-09-26→2025-09-29
2025-09-26,2025-09-29,C,6595.0,0.03287671232876712,143.6759779512972,0.9664516405005009,87.39585806367086,0.6647796052807505,6643.7,6661.21,0.030136986301369864,140.78011632572301,96.97277256526377,-4.322568225163987,0.9597091115339076,0.9915066052453199,3.0-4.0%,0.98-1.00,2025-09-26→2025-09-29
2025-09-26,2025-09-29,P,6595.0,0.03287671232876712,87.24841121972625,-0.03354835949850268,30.902095832749637,-0.3363935004029688,6643.7,6661.21,0.030136986301369864,70.32505039535378,23.600011176822818,0.1874317748187907,5.490250192056058,0.9915066052453199,3.0-4.0%,0.98-1.00,2025-09-26→2025-09-29
2025-09-26,2025-09-29,C,6600.0,0.03287671232876712,139.03056855586456,0.9396643535536898,83.69593462306875,0.6524917766208317,6643.7,6661.21,0.030136986301369864,138.8005074681669,93.05660675209401,-3.003522830725313,2.0248689913690967,0.9922583160908433,3.0-4.0%,0.98-1.00,2025-09-26→2025-09-29
2025-09-26,2025-09-29,P,6600.0,0.03287671232876712,87.59714316869572,-0.06033564644534265,32.20217239214844,-0.34868132906288607,6643.7,6661.21,0.030136986301369864,73.34222314056765,24.68384536365238,0.45647716925796167,5.50541007189121,0.9922583160908433,3.0-4.0%,0.98-1.00,2025-09-26→2025-09-29
2025-09-26,2025-09-29,C,6605.0,0.03287671232876712,139.34935736865518,0.9430679047283438,80.09601481356731,0.6397190355099971,6643.7,6661.21,0.030136986301369864,139.3698329675299,89.23139104871825,-3.3131190117935034,1.9985196882198135,0.9930100269363665,3.0-4.0%,0.98-1.00,2025-09-26→2025-09-29
2025-09-26,2025-09-29,P,6605.0,0.03287671232876712,92.91007332591464,-0.056932095270513294,33.60225258264609,-0.36145407017371933,6643.7,6661.21,0.030136986301369864,78.90833024273194,25.858629660277074,0.19688098818669597,5.5290607687419,0.9930100269363665,3.0-4.0%,0.98-1.00,2025-09-26→2025-09-29
2025-09-26,2025-09-29,C,6610.0,0.03287671232876712,139.16847588976623,0.961258179869305,76.54609595881993,0.6266082872017383,6643.7,6661.21,0.030136986301369864,135.67881070730343,85.45270130891822,-3.8316307295117262,2.0280888910974397,0.9937617377818899,3.0-4.0%,0.98-1.00,2025-09-26→2025-09-29
2025-09-26,2025-09-29,P,6610.0,0.03287671232876712,97.72333319143348,-0.038741820129472956,35.05233372790008,-0.37456481848198037,6643.7,6661.21,0.030136986301369864,80.21408958527601,27.07993992047659,-0.2716307295329229,5.608629971619555,0.9937617377818899,3.0-4.0%,0.98-1.00,2025-09-26→2025-09-29
2025-09-26,2025-09-29,C,6615.0,0.03287671232876712,135.03635908839328,0.9478243233452311,73.04617969110814,0.6131584148776269,6643.7,6661.21,0.030136986301369864,131.19207278396456,81.7207302699635,-3.7464039017751958,2.113596155492628,0.9945134486274133,3.0-4.0%,0.98-1.00,2025-09-26→2025-09-29
2025-09-26,2025-09-29,P,6615.0,0.03287671232876712,98.58535773442982,-0.05217567665386556,36.552417460187826,-0.388014690806091,6643.7,6661.21,0.030136986301369864,80.72413326470802,28.347968881521865,-0.23640390179079407,5.644137236014747,0.9945134486274133,3.0-4.0%,0.98-1.00,2025-09-26→2025-09-29
2025-09-26,2025-09-29,C,6620.0,0.03287671232876712,130.1639802647573,0.917754983995208,69.64626615543648,0.5992796257991655,6643.7,6661.21,0.030136986301369864,133.75492269339225,78.08146872973794,-3.4198897697562884,2.1566137522564865,0.9952651594729367,3.0-4.0%,0.98-1.00,2025-09-26→2025-09-29
2025-09-26,2025-09-29,P,6620.0,0.03287671232876712,98.70712025519627,-0.08224501600384906,38.15250392451753,-0.401893479884554,6643.7,6661.21,0.030136986301369864,88.28376477693868,29.708707341298123,0.0901102302274066,5.68715483277862,0.9952651594729367,3.0-4.0%,0.98-1.00,2025-09-26→2025-09-29
2025-09-26,2025-09-29,C,6625.0,0.03287671232876712,134.6867640778019,0.9522017828290426,66.34635507358189,0.5850078993588613,6643.7,6661.21,0.030136986301369864,131.2225553164143,74.53581576931265,-4.223053217336727,2.2065116822262283,0.9960168703184601,3.0-4.0%,0.98-1.00,2025-09-26→2025-09-29
2025-09-26,2025-09-29,P,6625.0,0.03287671232876712,108.2240454126621,-0.04779821716994399,39.75259191788655,-0.4160167954427857,6643.7,6661.21,0.030136986301369864,90.74817900273823,31.07091264806195,-0.6130532173542731,5.834454088203265,0.9960168703184601,3.0-4.0%,0.98-1.00,2025-09-26→2025-09-29
2025-09-26,2025-09-29,C,6630.0,0.03287671232876712,131.61436520610445,0.9567070341124374,63.04644545577912,0.5705012418130154,6643.7,6661.21,0.030136986301369864,126.98816633881465,70.99201438721047,-4.5519401673089845,2.2105232558539782,0.9967685811639834,3.0-4.0%,0.98-1.00,2025-09-26→2025-09-29
2025-09-26,2025-09-29,P,6630.0,0.03287671232876712,110.14578788537919,-0.0432929658863972,41.45268246959722,-0.4305506609585775,6643.7,6661.21,0.030136986301369864,91.51057162791393,32.52660736157168,-0.841940167329177,5.938942073384785,0.9967685811639834,3.0-4.0%,0.98-1.00,2025-09-26→2025-09-29
2025-09-26,2025-09-29,C,6635.0,0.03287671232876712,126.87088966468953,0.9270165064111355,59.79653763868146,0.5556670099744352,6643.7,6661.21,0.030136986301369864,126.83077016215363,67.49600159544025,-4.2320590272591865,2.2702706553475185,0.9975202920095068,3.0-4.0%,0.98-1.00,2025-09-26→2025-09-29
2025-09-26,2025-09-29,P,6635.0,0.03287671232876712,110.39645368834772,-0.07298349358788417,43.25277511578861,-0.4454596012772263,6643.7,6661.21,0.030136986301369864,96.34995705404468,34.07666100641745,-0.5220590272761294,5.999997618364333,0.9975202920095068,3.0-4.0%,0.98-1.00,2025-09-26→2025-09-29
2025-09-26,2025-09-29,C,6640.0,0.03287671232876712,129.0085733639848,0.9399304467718576,56.69663277809286,0.5404344581105429,6643.7,6661.21,0.030136986301369864,127.20311215490062,64.14154806445049,-4.6581821229754325,2.336992638484272,0.9982720028550301,3.0-4.0%,0.98-1.00,2025-09-26→2025-09-29
2025-09-26,2025-09-29,P,6640.0,0.03287671232876712,117.52827873205524,-0.060069553227076536,45.15287034889707,-0.460706842752955,6643.7,6661.21,0.030136986301369864,101.71908064957076,35.72194467244253,-1.0981821229938753,5.916976816604343,0.9982720028550301,3.0-4.0%,0.98-1.00,2025-09-26→2025-09-29
2025-09-26,2025-09-29,C,6645.0,0.03287671232876712,128.53479492355,0.9564608795385727,53.64672945383427,0.5249186636556005,6643.7,6661.21,0.030136986301369864,123.47199328095702,60.83608643683783,-5.197630000720633,2.358674199390304,0.9990237137005535,3.0-4.0%,0.98-1.00,2025-09-26→2025-09-29
2025-09-26,2025-09-29,P,6645.0,0.03287671232876712,122.0486416360305,-0.04353912046029296,47.10296711900219,-0.4762377737591969,6643.7,6661.21,0.030136986301369864,102.98474337839977,37.41621782952234,-1.5876300007402624,5.98892341852364,0.9990237137005535,3.0-4.0%,0.98-1.00,2025-09-26→2025-09-29
2025-09-26,2025-09-29,C,6650.0,0.03287671232876712,124.29730507024844,0.9373237416598478,50.646827930348536,0.5091117336744376,6643.7,6661.21,0.030136986301369864,118.98628660525883,57.57967035149886,-5.062538716464143,2.435453543360481,0.9997754245460768,3.0-4.0%,0.98-1.00,2025-09-26→2025-09-29
2025-09-26,2025-09-29,P,6650.0,0.03287671232876712,122.80529312711381,-0.06267625833919538,49.153065699429135,-0.4920613720092807,6643.7,6661.21,0.030136986301369864,103.4958183054988,39.206908963057685,-1.5025387164806767,6.0159946238826105,0.9997754245460768,3.0-4.0%,0.98-1.00,2025-09-26→2025-09-29
2025-09-26,2025-09-29,C,6655.0,0.03287671232876712,120.96298830865331,0.9132225376276302,47.79692810822007,0.4930340955378464,6643.7,6661.21,0.030136986301369864,123.16203116138651,54.46762284563283,-4.940526633859999,2.4169729871322065,1.0005271353916003,3.0-4.0%,1.00-1.02,2025-09-26→2025-09-29
2025-09-26,2025-09-29,P,6655.0,0.03287671232876712,124.46511770992208,-0.08677746237137775,51.25316597171104,-0.5081541739895216,6643.7,6661.21,0.030136986301369864,112.6683444643929,41.04721219879502,-1.3805266338771554,5.997779586556636,1.0005271353916003,3.0-4.0%,1.00-1.02,2025-09-26→2025-09-29
2025-09-26,2025-09-29,C,6660.0,0.03287671232876712,125.36157455570901,0.9473153358600735,44.99702981234486,0.47671028609535826,6643.7,6661.21,0.030136986301369864,120.52985582381275,51.40574630349647,-5.737491530910095,2.502802890470175,1.0012788462371236,3.0-4.0%,1.00-1.02,2025-09-26→2025-09-29
2025-09-26,2025-09-29,P,6660.0,0.03287671232876712,133.85784530138372,-0.05268466413895999,53.45326777999526,-0.5244947013419141,6643.7,6661.21,0.030136986301369864,115.03295072960061,42.98505908772222,-2.1774915309268006,6.083902220497029,1.0012788462371236,3.0-4.0%,1.00-1.02,2025-09-26→2025-09-29
2025-09-26,2025-09-29,C,6665.0,0.03287671232876712,122.18757742848288,0.9482468494989162,42.34713246042611,0.46022758217606835,6643.7,6661.21,0.030136986301369864,116.31824124612983,48.490439383980174,-6.103802334726229,2.4414150360969433,1.0020305570826469,3.0-4.0%,1.00-1.02,2025-09-26→2025-09-29
2025-09-26,2025-09-29,P,6665.0,0.03287671232876712,135.67798951858595,-0.05175315049986595,55.753370840030584,-0.5410436833084219,6643.7,6661.21,0.030136986301369864,115.81811775470084,45.02126683458664,-2.4938023347473344,6.073674894730587,1.0020305570826469,3.0-4.0%,1.00-1.02,2025-09-26→2025-09-29
2025-09-26,2025-09-29,C,6670.0,0.03287671232876712,117.38327684014942,0.9163860999286224,39.747237542252606,0.4435460258266814,6643.7,6661.21,0.030136986301369864,117.50897323769485,45.62638328521689,-5.845920609750376,2.4335090877747145,1.0027822679281704,3.0-4.0%,1.00-1.02,2025-09-26→2025-09-29
2025-09-26,2025-09-29,P,6670.0,0.03287671232876712,135.8678302746133,-0.08361390007054804,58.15347611869129,-0.5577607177956413,6643.7,6661.21,0.030136986301369864,122.00563134905894,47.156645395360556,-2.2359206097646886,6.066390168601798,1.0027822679281704,3.0-4.0%,1.00-1.02,2025-09-26→2025-09-29
2025-09-26,2025-09-29,C,6675.0,0.03287671232876712,120.84090408552139,0.9346196594035809,37.24734115644833,0.42673897617064716,6643.7,6661.21,0.030136986301369864,117.9580483355843,42.862298855411154,-6.465190236156907,2.4278005272518737,1.0035339787736937,3.0-4.0%,1.00-1.02,2025-09-26→2025-09-29
2025-09-26,2025-09-29,P,6675.0,0.03287671232876712,144.31959886439475,-0.06538034059554675,60.703579454875126,-0.5745191008897551,6643.7,6661.21,0.030136986301369864,127.45148804975021,49.44076507829095,-2.9051902361719666,6.009829456579734,1.0035339787736937,3.0-4.0%,1.00-1.02,2025-09-26→2025-09-29
2025-09-26,2025-09-29,C,6680.0,0.03287671232876712,120.32397541057304,0.9508595360011958,34.7974470337831,0.4097455277925781,6643.7,6661.21,0.030136986301369864,114.29003569713144,40.14991881057631,-7.049550475381135,2.4253558083518767,1.0042856896192172,3.0-4.0%,1.00-1.02,2025-09-26→2025-09-29
2025-09-26,2025-09-29,P,6680.0,0.03287671232876712,148.79681153387745,-0.04914046399770201,63.20368609868137,-0.591635577583332,6643.7,6661.21,0.030136986301369864,128.78025701406656,51.67903205061384,-3.4395504754002313,6.059538963484268,1.0042856896192172,3.0-4.0%,1.00-1.02,2025-09-26→2025-09-29
2025-09-26,2025-09-29,C,6685.0,0.03287671232876712,116.10788241491103,0.9288755767170317,32.44755340134225,0.39267481607335813,6643.7,6661.21,0.030136986301369864,109.86010168501822,37.538500367062625,-6.814611348315431,2.5742639705554087,1.0050374004647404,3.0-4.0%,1.00-1.02,2025-09-26→2025-09-29
2025-09-26,2025-09-29,P,6685.0,0.03287671232876712,149.5748598826089,-0.0711244232819014,65.90379193926492,-0.6086216682635829,6643.7,6661.21,0.030136986301369864,129.3471046047212,54.11638570983814,-3.3546113483338997,6.05696541129546,1.0050374004647404,3.0-4.0%,1.00-1.02,2025-09-26→2025-09-29
2025-09-26,2025-09-29,C,6690.0,0.03287671232876712,113.6112631256895,0.9074484876709813,30.347657457894456,0.3759992259765583,6643.7,6661.21,0.030136986301369864,115.26402485760289,35.1777261598354,-6.989423019119082,2.3162535531503803,1.0057891113102637,3.0-4.0%,1.00-1.02,2025-09-26→2025-09-29
2025-09-26,2025-09-29,P,6690.0,0.03287671232876712,152.0723819377986,-0.092551512327878,68.65389880485236,-0.6257457191764774,6643.7,6661.21,0.030136986301369864,139.74780938011062,56.606398488119794,-3.2794230191388416,6.05680754278025,1.0057891113102637,3.0-4.0%,1.00-1.02,2025-09-26→2025-09-29
2025-09-26,2025-09-29,C,6695.0,0.03287671232876712,118.28401100511365,0.9412885984197609,28.14776441078766,0.3588060694668437,6643.7,6661.21,0.030136986301369864,112.77195665791841,32.721467929146,-7.831963358330221,2.3673057236354875,1.0065408221557872,3.0-4.0%,1.00-1.02,2025-09-26→2025-09-29
2025-09-26,2025-09-29,P,6695.0,0.03287671232876712,161.73927116163657,-0.05871140157905342,71.50400523889857,-0.6428580468354114,6643.7,6661.21,0.030136986301369864,142.25252278317967,59.198890082093385,-4.121963358350768,6.106444400088188,1.0065408221557872,3.0-4.0%,1.00-1.02,2025-09-26→2025-09-29
2025-09-26,2025-09-29,C,6700.0,0.03287671232876712,115.28608425854506,0.9417556831312297,26.097870264377434,0.34181611745536544,6643.7,6661.21,0.030136986301369864,108.66821826642877,30.418078257226625,-8.190142011628033,2.314799783356481,1.0072925330013105,3.0-4.0%,1.00-1.02,2025-09-26→2025-09-29
2025-09-26,2025-09-29,P,6700.0,0.03287671232876712,163.7354857594478,-0.05824431686778141,74.50411033292858,-0.6597261054941338,6643.7,6661.21,0.030136986301369864,143.14556599447013,61.944851367822594,-4.530142011645147,6.001804107202416,1.0072925330013105,3.0-4.0%,1.00-1.02,2025-09-26→2025-09-29
2025-09-26,2025-09-29,C,6705.0,0.03287671232876712,110.58314844387964,0.9085009333340487,24.147975366664923,0.32493615254961883,6643.7,6661.21,0.030136986301369864,110.63000810779326,28.21866273068963,-7.857851342679387,2.3603679688561074,1.008044243846834,3.0-4.0%,1.00-1.02,2025-09-26→2025-09-29
2025-09-26,2025-09-29,P,6705.0,0.03287671232876712,164.0266912891911,-0.09149906666490362,76.70423796864634,-0.6802351535707575,6643.7,6661.21,0.030136986301369864,150.1041374386474,63.88476418622486,-3.397851342697532,6.910917539024098,1.008044243846834,3.0-4.0%,1.00-1.02,2025-09-26→2025-09-29
2025-09-26,2025-09-29,C,6710.0,0.03287671232876712,114.61592001393811,0.9274636305348728,22.348078829401175,0.3084450680737549,6643.7,6661.21,0.030136986301369864,111.51167096830139,26.174774601810896,-8.589888170665827,2.2491268580284833,1.0087959546923573,3.0-4.0%,1.00-1.02,2025-09-26→2025-09-29
2025-09-26,2025-09-29,P,6710.0,0.03287671232876712,173.0536042036805,-0.07253636946386988,79.85434497282768,-0.6973857147359551,6643.7,6661.21,0.030136986301369864,155.98258190190543,66.78424502909093,-4.079888170687617,6.861223865026732,1.0087959546923573,3.0-4.0%,1.00-1.02,2025-09-26→2025-09-29
2025-09-26,2025-09-29,C,6715.0,0.03287671232876712,114.68637681703677,0.9445090012019294,20.59818086929431,0.2919642909067391,6643.7,6661.21,0.030136986301369864,108.02135306122193,24.185806590164702,-9.238352611045993,2.187705266222932,1.0095476655378806,3.0-4.0%,1.00-1.02,2025-09-26→2025-09-29
2025-09-26,2025-09-29,P,6715.0,0.03287671232876712,178.1182023511418,-0.05549099879717055,83.00445383726219,-0.714858473881694,6643.7,6661.21,0.030136986301369864,157.489045597618,69.68657861083102,-4.628352611061526,6.917171877668624,1.0095476655378806,3.0-4.0%,1.00-1.02,2025-09-26→2025-09-29
