asof0,asof1,cp,K,T,price0_pde,delta0_pde,price0_bsm,delta0_bsm,S0,S1,T1,price1_pde,price1_bsm,pnl_pde,pnl_bsm,m,T_bucket,m_bucket,pair
2025-09-29,2025-09-30,C,6605.0,0.005479452054794521,83.1385889294195,0.9614965672894396,59.650000000489854,0.7984079497810908,6661.21,6688.46,0.038356164383561646,124.11067269587096,99.18174586471196,25.149218541362767,29.593383368465272,0.992114156965828,<1.0%,0.98-1.00,2025-09-29→2025-09-30
2025-09-29,2025-09-30,P,6605.0,0.005479452054794521,30.609332451766118,-0.03850343271050043,7.350000000135196,-0.20362097869494916,6661.21,6688.46,0.038356164383561646,46.24400563524663,42.45784920797723,28.24921854136113,32.74867166943736,0.992114156965828,<1.0%,0.98-1.00,2025-09-29→2025-09-30
2025-09-29,2025-09-30,C,6610.0,0.005479452054794521,79.1730337211605,0.9686254134699408,55.500000364257176,0.7780349459000777,6661.21,6688.46,0.038356164383561646,121.88053419041155,95.30009434808017,26.104957482944112,31.298547724222882,0.9928651896357491,<1.0%,0.98-1.00,2025-09-29→2025-09-30
2025-09-29,2025-09-30,P,6610.0,0.005479452054794521,31.646563574718773,-0.03137458652989652,8.14999978022638,-0.2232098759363475,6661.21,6688.46,0.038356164383561646,49.01810129552422,43.376522186747934,28.304957482939685,33.53246911926547,0.9928651896357491,<1.0%,0.98-1.00,2025-09-29→2025-09-30
2025-09-29,2025-09-30,C,6615.0,0.005479452054794521,74.57302571835116,0.9456904570893085,51.399999999730426,0.7564994689745627,6661.21,6688.46,0.005479452054794521,67.84885710475724,73.69208425001216,-9.62006495568366,-4.464610529556833,0.9936162223056703,<1.0%,0.98-1.00,2025-09-29→2025-09-30
2025-09-29,2025-09-30,P,6615.0,0.005479452054794521,32.049341903102516,-0.054309542910796225,8.949999999778811,-0.24349931127706886,6661.21,6688.46,0.005479452054794521,5.2958874831271725,3.9908024822169637,0.6799350443191983,5.835356232300128,0.9936162223056703,<1.0%,0.98-1.00,2025-09-29→2025-09-30
2025-09-29,2025-09-30,C,6620.0,0.005479452054794521,77.16607863093272,0.9508387135512562,46.90000003503883,0.7383869137365685,6661.21,6688.46,0.005479452054794521,63.748153519663084,68.84024340482028,-9.210354944271735,-3.4210433993214977,0.9943672549755914,<1.0%,0.98-1.00,2025-09-29→2025-09-30
2025-09-29,2025-09-30,P,6620.0,0.005479452054794521,39.64518114688961,-0.049161286448816365,9.950000007505878,-0.266749310537307,6661.21,6688.46,0.005479452054794521,6.203428063095787,4.480066042021804,0.13964505573024666,6.068918712141616,0.9943672549755914,<1.0%,0.98-1.00,2025-09-29→2025-09-30
2025-09-29,2025-09-30,C,6625.0,0.005479452054794521,74.30113516206762,0.9596962710340553,43.55000000000473,0.7077144711592116,6661.21,6688.46,0.005479452054794521,59.61902457208937,64.76007669115916,-11.051723385678006,-4.1852193390885155,0.9951182876455126,<1.0%,0.98-1.00,2025-09-29→2025-09-30
2025-09-29,2025-09-30,P,6625.0,0.005479452054794521,41.78302400923935,-0.040303728965855594,10.950000000005048,-0.290825931212544,6661.21,6688.46,0.005479452054794521,7.082543280585369,4.954693898481992,-0.5017233856804346,6.325006625541825,0.9951182876455126,<1.0%,0.98-1.00,2025-09-29→2025-09-30
2025-09-29,2025-09-30,C,6630.0,0.005479452054794521,70.00955787140533,0.9598677455330875,39.699999918758294,0.681413099392241,6661.21,6688.46,0.005479452054794521,55.601231735079594,60.3246824598873,-11.006396065776634,-3.41850695843857,0.9958693203154337,<1.0%,0.98-1.00,2025-09-29→2025-09-30
2025-09-29,2025-09-30,P,6630.0,0.005479452054794521,42.49423304977374,-0.04013225446694667,12.149999912547173,-0.31763506008743747,6661.21,6688.46,0.005479452054794521,8.072994608638744,5.5536135179552275,-1.006396065775703,6.555555387382672,0.9958693203154337,<1.0%,0.98-1.00,2025-09-29→2025-09-30
2025-09-29,2025-09-30,C,6635.0,0.005479452054794521,71.41466300505353,0.9371385747406811,35.99999999977081,0.6529334451415639,6661.21,6688.46,0.005479452054794521,51.9091692278586,55.979529537705275,-10.53702616168356,-2.792436380107617,0.9966203529853549,<1.0%,0.98-1.00,2025-09-29→2025-09-30
2025-09-29,2025-09-30,P,6635.0,0.005479452054794521,48.90212451463386,-0.06286142525925761,13.499999999773536,-0.3465095989900646,6661.21,6688.46,0.005479452054794521,9.389176266478405,6.244706585120866,-0.9370261616852305,6.792386572479261,0.9966203529853549,<1.0%,0.98-1.00,2025-09-29→2025-09-30
2025-09-29,2025-09-30,C,6640.0,0.005479452054794521,71.35325903348108,0.9509978517013481,32.350000046852074,0.6229552865801979,6661.21,6688.46,0.005479452054794521,48.12086632198803,51.64944081252452,-11.814691458861734,-2.8755315593103923,0.997371385655276,<1.0%,0.98-1.00,2025-09-29→2025-09-30
2025-09-29,2025-09-30,P,6640.0,0.005479452054794521,53.84350687427239,-0.04900214829850789,14.950000042917964,-0.3770255424040287,6661.21,6688.46,0.005479452054794521,10.609117525672165,6.991626737247998,-1.8646914588656593,7.0739460305097825,0.997371385655276,<1.0%,0.98-1.00,2025-09-29→2025-09-30
2025-09-29,2025-09-30,C,6645.0,0.005479452054794521,67.65358636051987,0.9592462263416567,29.000000000083674,0.5901943420458906,6661.21,6688.46,0.005479452054794521,44.36250759085967,47.527210873428885,-12.639459667810144,-2.582795820750519,0.9981224183251971,<1.0%,0.98-1.00,2025-09-29→2025-09-30
2025-09-29,2025-09-30,P,6645.0,0.005479452054794521,55.1466205325128,-0.04075377365823768,16.550000000080672,-0.4094461593255,6661.21,6688.46,0.005479452054794521,11.859002959608778,7.832263519158005,-2.7394596678130245,7.307407841619874,0.9981224183251971,<1.0%,0.98-1.00,2025-09-29→2025-09-30
2025-09-29,2025-09-30,C,6650.0,0.005479452054794521,63.208854360875634,0.924570293142174,25.799999648881112,0.555786878158074,6661.21,6688.46,0.005479452054794521,40.9980958531157,43.502728029220634,-12.594540488124242,-2.5451924298075195,0.9988734509951183,<1.0%,0.98-1.00,2025-09-29→2025-09-30
2025-09-29,2025-09-30,P,6650.0,0.005479452054794521,55.704674864064444,-0.07542970685786438,18.349999655820284,-0.44377704775813365,6661.21,6688.46,0.005479452054794521,13.50283538692602,8.80931492306604,-2.4945404881231963,7.542924551409142,0.9988734509951183,<1.0%,0.98-1.00,2025-09-29→2025-09-30
2025-09-29,2025-09-30,C,6655.0,0.005479452054794521,69.9766496489218,0.941066782364606,22.749999999989086,0.5198413372848801,6661.21,6688.46,0.005479452054794521,37.660661825477376,39.577195166370075,-13.494069819435513,-2.0156764410129853,0.9996244836650394,<1.0%,0.98-1.00,2025-09-29→2025-09-30
2025-09-29,2025-09-30,P,6655.0,0.005479452054794521,67.4752564833246,-0.05893321763530977,20.249999999989086,-0.47960170684674164,6661.21,6688.46,0.005479452054794521,15.173645524352546,9.842372213783392,-3.6440698194378087,7.8191465115737095,0.9996244836650394,<1.0%,0.98-1.00,2025-09-29→2025-09-30
2025-09-29,2025-09-30,C,6660.0,0.005479452054794521,67.54222823139102,0.9502765437682009,19.89999999998645,0.4824893176283359,6661.21,6688.46,0.005479452054794521,34.28848959254754,35.796122542903504,-15.095035817683474,-2.3478339053721538,1.0003755163349606,<1.0%,1.00-1.02,2025-09-29→2025-09-30
2025-09-29,2025-09-30,P,6660.0,0.005479452054794521,70.04362139699087,-0.049723456231856165,22.39999999998645,-0.5169537265032855,6661.21,6688.46,0.005479452054794521,16.80971745648543,11.061299590317049,-4.595035817681919,8.13698904721453,1.0003755163349606,<1.0%,1.00-1.02,2025-09-29→2025-09-30
2025-09-29,2025-09-30,C,6665.0,0.005479452054794521,63.47476755638697,0.9446325114264901,17.25000043328282,0.44406592994417027,6661.21,6688.46,0.005479452054794521,31.12857018637977,32.16548948961372,-14.941235936371854,-1.3007965909786385,1.0011265490048817,<1.0%,1.00-1.02,2025-09-29→2025-09-30
2025-09-29,2025-09-30,P,6665.0,0.005479452054794521,70.97894705320118,-0.05536748857343307,24.750000433282366,-0.5553771141874527,6661.21,6688.46,0.005479452054794521,18.65804221538114,12.430666537026354,-5.241235936373949,8.384026361608086,1.0011265490048817,<1.0%,1.00-1.02,2025-09-29→2025-09-30
2025-09-29,2025-09-30,C,6670.0,0.005479452054794521,67.91595246290183,0.9284172314563419,14.80000000039081,0.40491308252192254,6661.21,6688.46,0.005479452054794521,28.296356745702166,28.691628483086788,-15.34936955718532,-1.0838814987223895,1.001877581674803,<1.0%,1.00-1.02,2025-09-29→2025-09-30
2025-09-29,2025-09-30,P,6670.0,0.005479452054794521,80.42291829092281,-0.07158276854354978,27.30000000039081,-0.5945299616096983,6661.21,6688.46,0.005479452054794521,20.834072939765377,13.956805530498968,-5.599369557188269,8.650941453864277,1.001877581674803,<1.0%,1.00-1.02,2025-09-29→2025-09-30
2025-09-29,2025-09-30,C,6675.0,0.005479452054794521,68.32226765717323,0.9421930536413056,12.550000005081529,0.36538279066703977,6661.21,6688.46,0.005479452054794521,25.317584207962575,25.381304397580607,-16.474760711725576,-0.7566810456768351,1.002628614344724,<1.0%,1.00-1.02,2025-09-29→2025-09-30
2025-09-29,2025-09-30,P,6675.0,0.005479452054794521,85.83201981639434,-0.057806946358715215,30.100000048142647,-0.6337124388499868,6661.21,6688.46,0.005479452054794521,22.863544567088603,15.698713088740533,-6.874760711725013,8.818663958662139,1.002628614344724,<1.0%,1.00-1.02,2025-09-29→2025-09-30
2025-09-29,2025-09-30,C,6680.0,0.005479452054794521,64.86487294524858,0.9506333880835257,10.549999974432467,0.32630525499160806,6661.21,6688.46,0.005479452054794521,22.390566694174783,22.29714936051687,-17.604759825276076,-0.5918181985213185,1.0033796470146452,<1.0%,1.00-1.02,2025-09-29→2025-09-30
2025-09-29,2025-09-30,P,6680.0,0.005479452054794521,87.377411435673,-0.04936661191651647,33.09999997655541,-0.6726780596780333,6661.21,6688.46,0.005479452054794521,24.944771218364686,17.617584978672312,-7.904759825274919,9.080477126226413,1.0033796470146452,<1.0%,1.00-1.02,2025-09-29→2025-09-30
2025-09-29,2025-09-30,C,6685.0,0.005479452054794521,60.57838868328695,0.9114869499683105,8.850000000020373,0.28900865923635854,6661.21,6688.46,0.005479452054794521,19.945154732164955,19.516276532192478,-20.33801938663646,-3.37548596419077,1.0041306796845664,<1.0%,1.00-1.02,2025-09-29→2025-09-30
2025-09-29,2025-09-30,P,6685.0,0.005479452054794521,88.09371350492576,-0.08851305003156099,36.05000000006203,-0.7139394052730326,6661.21,6688.46,0.005479452054794521,27.50760342141718,19.4289061946115,-11.58801938663996,5.4548487936901395,1.0041306796845664,<1.0%,1.00-1.02,2025-09-29→2025-09-30
2025-09-29,2025-09-30,C,6690.0,0.005479452054794521,68.53928936831122,0.9325841199100857,7.2499998182452146,0.251894807487033,6661.21,6688.46,0.005479452054794521,17.479874010045897,16.822750522032948,-18.862917267549836,-0.3141335040216493,1.0048817123544873,<1.0%,1.00-1.02,2025-09-29→2025-09-30
2025-09-29,2025-09-30,P,6690.0,0.005479452054794521,101.05740052114987,-0.06741588008992223,39.4999999999136,-0.7511019109565129,6661.21,6688.46,0.005479452054794521,30.050566864362647,21.774725988168484,-9.46291726754962,9.167527073564976,1.0048817123544873,<1.0%,1.00-1.02,2025-09-29→2025-09-30
2025-09-29,2025-09-30,C,6695.0,0.005479452054794521,66.1880143502468,0.9418142650761672,5.900000000000546,0.21722677765690798,6661.21,6688.46,0.005479452054794521,15.019771345566397,14.407166583006074,-19.964438723325557,-0.21942969115074362,1.0056327450244085,<1.0%,1.00-1.02,2025-09-29→2025-09-30
2025-09-29,2025-09-30,P,6695.0,0.005479452054794521,103.70891183429444,-0.05818573492377946,43.10000000000764,-0.78728522854694,6661.21,6688.46,0.005479452054794521,32.59870836494482,24.27010772738913,-9.214438723327014,10.653522477904112,1.0056327450244085,<1.0%,1.00-1.02,2025-09-29→2025-09-30
2025-09-29,2025-09-30,C,6700.0,0.005479452054794521,62.226675643832834,0.9345261628664823,4.699999999734246,0.18408011968992535,6661.21,6688.46,0.005479452054794521,12.811835479638018,12.157901976602716,-20.46583793811164,-0.016183261550466455,1.0063837776943296,<1.0%,1.00-1.02,2025-09-29→2025-09-30
2025-09-29,2025-09-30,P,6700.0,0.005479452054794521,104.75035945908752,-0.06547383713334648,47.09999999921001,-0.8173099178448635,6661.21,6688.46,0.005479452054794521,35.39901666407907,27.279704876731557,-9.915837938116304,10.571695261272534,1.0063837776943296,<1.0%,1.00-1.02,2025-09-29→2025-09-30
2025-09-29,2025-09-30,C,6705.0,0.005479452054794521,66.89600899987602,0.9197205638200605,3.750000007570179,0.154950761899359,6661.21,6688.46,0.005479452054794521,10.913720624057245,10.235940707324971,-20.66238536409665,0.17759173824246766,1.0071348103642508,<1.0%,1.00-1.02,2025-09-29→2025-09-30
2025-09-29,2025-09-30,P,6705.0,0.005479452054794521,114.4224791463319,-0.08027943617987494,51.10000005947313,-0.8478348991692969,6661.21,6688.46,0.005479452054794521,38.50914597356103,30.26992852889998,-10.412385364098409,10.50350100236334,1.0071348103642508,<1.0%,1.00-1.02,2025-09-29→2025-09-30
2025-09-29,2025-09-30,C,6710.0,0.005479452054794521,67.22459161798591,0.9333131709394241,2.9500000005439233,0.12858340603411408,6661.21,6688.46,0.005479452054794521,9.014413663270433,8.522155330383384,-21.83278390809931,0.09610218557039074,1.007885843034172,<1.0%,1.00-1.02,2025-09-29→2025-09-30
2025-09-29,2025-09-30,P,6710.0,0.005479452054794521,119.75384809564827,-0.06668682906047825,55.20000021756823,-0.8772125845530335,6661.21,6688.46,0.005479452054794521,41.61808317783747,33.37016172628864,-11.232783908101965,10.854042929070168,1.007885843034172,<1.0%,1.00-1.02,2025-09-29→2025-09-30
2025-09-29,2025-09-30,C,6715.0,0.005479452054794521,63.829113912433684,0.9417610166800375,2.300000002739921,0.10547994364524414,6661.21,6688.46,0.005479452054794521,7.228297307475912,7.035903243584926,-22.712987704531024,0.07567153566709717,1.008636875704093,<1.0%,1.00-1.02,2025-09-29→2025-09-30
2025-09-29,2025-09-30,P,6715.0,0.005479452054794521,121.3611567212981,-0.058238983319877674,59.59999999987485,-0.8996054304839519,6661.21,6688.46,0.005479452054794521,44.84021098710528,36.941860966952845,-11.61298770453333,11.314247980687693,1.008636875704093,<1.0%,1.00-1.02,2025-09-29→2025-09-30
2025-09-29,2025-09-30,C,6720.0,0.005479452054794521,59.618539280455465,0.9033861814267954,1.8000000005172296,0.08623813414487198,6661.21,6688.46,0.005479452054794521,5.849502222752271,5.802876965886753,-22.217273443880174,0.0500108445522387,1.0093879083740143,<1.0%,1.00-1.02,2025-09-29→2025-09-30
2025-09-29,2025-09-30,P,6720.0,0.005479452054794521,122.15336842053141,-0.09661381857310221,63.999999999397005,-0.9226453241532091,6661.21,6688.46,0.005479452054794521,48.46966006744553,40.48213041944746,-11.517273443882964,10.992085083174949,1.0093879083740143,<1.0%,1.00-1.02,2025-09-29→2025-09-30
2025-09-29,2025-09-30,C,6725.0,0.005479452054794521,67.50081189007369,0.9232797678629261,1.3749999707559937,0.06907467894042614,6661.21,6688.46,0.005479452054794521,4.5781271930539535,4.7029716793110765,-23.234373674264734,0.04271499887338748,1.0101389410439354,<1.0%,1.00-1.02,2025-09-29→2025-09-30
2025-09-29,2025-09-30,P,6725.0,0.005479452054794521,135.0384273613518,-0.07672023213699981,68.8999999845546,-0.9295485443995807,6661.21,6688.46,0.005479452054794521,52.206529202809385,45.01908743309559,-13.70937367426676,9.530197834888568,1.0101389410439354,<1.0%,1.00-1.02,2025-09-29→2025-09-30
2025-09-29,2025-09-30,C,6730.0,0.005479452054794521,65.2831948811214,0.9325394894801872,1.0749999982493819,0.05591888309273165,6661.21,6688.46,0.005479452054794521,3.4248234478705437,3.852907679285863,-23.8867010883351,0.001210435723062675,1.0108899737138566,<1.0%,1.00-1.02,2025-09-29→2025-09-30
2025-09-29,2025-09-30,P,6730.0,0.005479452054794521,137.82359668360797,-0.06746051051965705,73.29999999999927,-0.953800050574022,6661.21,6688.46,0.005479452054794521,56.0614696226888,48.490284026288464,-13.561701088339344,10.591051378142101,1.0108899737138566,<1.0%,1.00-1.02,2025-09-29→2025-09-30
2025-09-29,2025-09-30,C,6735.0,0.005479452054794521,61.412865830677305,0.928409770069696,0.8250000000024897,0.044534098646928165,6661.21,6688.46,0.005479452054794521,2.490747457200302,3.112240191469482,-24.099166234399217,-0.01355418812879261,1.0116410063837777,<1.0%,1.00-1.02,2025-09-29→2025-09-30
2025-09-29,2025-09-30,P,6735.0,0.005479452054794521,138.9560539643666,-0.0715902299302629,78.04999996474362,-0.9660534357542568,6661.21,6688.46,0.005479452054794521,60.13563779708395,52.695031488093264,-13.949166234400334,10.424956124303499,1.0116410063837777,<1.0%,1.00-1.02,2025-09-29→2025-09-30
2025-09-29,2025-09-30,C,6605.0,0.00821917808219178,97.1769172491741,0.962898976968812,64.46116177258136,0.757668274842977,6661.21,6688.46,0.038356164383561646,124.11067269587096,107.22835782531092,20.311002877599886,25.903539510528887,0.9919853104743879,<1.0%,0.98-1.00,2025-09-29→2025-09-30
2025-09-29,2025-09-30,P,6605.0,0.00821917808219178,43.78938723435507,-0.037101023029989556,11.246416178181335,-0.2432328588152332,6661.21,6688.46,0.038356164383561646,46.24400563524663,37.467436206812636,24.311002877567212,29.9280954027151,0.9919853104743879,<1.0%,0.98-1.00,2025-09-29→2025-09-30
2025-09-29,2025-09-30,C,6610.0,0.00821917808219178,93.3155392502681,0.9689930186516712,60.36090085001615,0.7399553085260742,6661.21,6688.46,0.038356164383561646,121.88053419041155,103.03128170832315,21.244940241741958,27.486217842664477,0.9927362456072223,<1.0%,0.98-1.00,2025-09-29→2025-09-30
2025-09-29,2025-09-30,P,6610.0,0.00821917808219178,44.930145851649456,-0.031006981346913286,12.146156539033882,-0.2608576901153236,6661.21,6688.46,0.038356164383561646,49.01810129552422,38.26033482344883,24.29494024170339,30.55837205564257,0.9927362456072223,<1.0%,0.98-1.00,2025-09-29→2025-09-30
2025-09-29,2025-09-30,C,6615.0,0.00821917808219178,88.75187371457785,0.9495296005019015,56.76057499822764,0.717842072713437,6661.21,6688.46,0.005479452054794521,67.84885710475724,75.38842220686638,-15.07468161367682,-8.76119648144116,0.9934871807400568,<1.0%,0.98-1.00,2025-09-29→2025-09-30
2025-09-29,2025-09-30,P,6615.0,0.00821917808219178,45.36861693215281,-0.050470399496573115,13.145876611012454,-0.279854417119841,6661.21,6688.46,0.005479452054794521,5.2958874831271725,3.709853174226623,-3.6246816137183826,2.6260328665156667,0.9934871807400568,<1.0%,0.98-1.00,2025-09-29→2025-09-30
2025-09-29,2025-09-30,C,6620.0,0.00821917808219178,92.16854734731889,0.9545348115411977,52.76028801225766,0.6983637151889105,6661.21,6688.46,0.005479452054794521,63.748153519663084,70.80659672308866,-15.161073614497635,-8.180411238897811,0.9942381158728913,<1.0%,0.98-1.00,2025-09-29→2025-09-30
2025-09-29,2025-09-30,P,6620.0,0.00821917808219178,53.787427181079295,-0.04546518845745085,14.195582213983926,-0.29983583756964577,6661.21,6688.46,0.005479452054794521,6.203428063095787,4.148766166398445,-4.211073614534463,2.7205265737728475,0.9942381158728913,<1.0%,0.98-1.00,2025-09-29→2025-09-30
2025-09-29,2025-09-30,C,6625.0,0.00821917808219178,89.42434095463852,0.9619138689119069,48.75998913903095,0.6780816493036134,6661.21,6688.46,0.005479452054794521,59.61902457208937,66.2301700672715,-16.312152927849464,-8.577724943523467,0.9949890510057259,<1.0%,0.98-1.00,2025-09-29→2025-09-30
2025-09-29,2025-09-30,P,6625.0,0.00821917808219178,56.04535740458592,-0.038086131086725594,15.345267671860256,-0.3211814283884111,6661.21,6688.46,0.005479452054794521,7.082543280585369,4.648264715947562,-4.962152927886727,2.752193923584203,0.9949890510057259,<1.0%,0.98-1.00,2025-09-29→2025-09-30
2025-09-29,2025-09-30,C,6630.0,0.00821917808219178,85.16341266224426,0.9620460579828684,45.009655522071625,0.6554349652254318,6661.21,6688.46,0.005479452054794521,55.601231735079594,61.79497580792213,-16.36575508003316,-8.010602802393013,0.9957399861385604,<1.0%,0.98-1.00,2025-09-29→2025-09-30
2025-09-29,2025-09-30,P,6630.0,0.00821917808219178,56.7865657283699,-0.03795394201578869,16.644929494676035,-0.34413789406401213,6661.21,6688.46,0.005479452054794521,8.072994608638744,5.239720460987883,-5.565755080069756,2.777757613244333,0.9957399861385604,<1.0%,0.98-1.00,2025-09-29→2025-09-30
2025-09-29,2025-09-30,C,6635.0,0.00821917808219178,87.031784317053,0.9437197720990138,41.4092992247206,0.6312384083944262,6661.21,6688.46,0.005479452054794521,51.9091692278586,57.45654855519024,-16.11636378969813,-7.601246628748122,0.9964909212713948,<1.0%,0.98-1.00,2025-09-29→2025-09-30
2025-09-29,2025-09-30,P,6635.0,0.00821917808219178,63.65707399937019,-0.05628022789971579,18.044573197323643,-0.3683344508950164,6661.21,6688.46,0.005479452054794521,9.389176266478405,5.9012932082564475,-5.6663637897327455,2.837113786889196,0.9964909212713948,<1.0%,0.98-1.00,2025-09-29→2025-09-30
2025-09-29,2025-09-30,C,6640.0,0.00821917808219178,87.12000635413578,0.9550864876871182,37.85892720629863,0.6060011928690519,6661.21,6688.46,0.005479452054794521,48.12086632198803,53.16147596315841,-17.42610678947397,-7.913532505681662,0.9972418564042294,<1.0%,0.98-1.00,2025-09-29→2025-09-30
2025-09-29,2025-09-30,P,6640.0,0.00821917808219178,68.74743265264567,-0.04491351231159587,19.54419844240101,-0.3937574796701775,6661.21,6688.46,0.005479452054794521,10.609117525672165,6.636529385885979,-6.576106789509013,2.9298913210123363,0.9972418564042294,<1.0%,0.98-1.00,2025-09-29→2025-09-30
2025-09-29,2025-09-30,C,6645.0,0.00821917808219178,83.43618353649637,0.9617528194706934,34.45853389306649,0.5793054214277575,6661.21,6688.46,0.005479452054794521,44.36250759085967,48.97237961745577,-18.1577643305764,-7.736072733906395,0.9979927915370639,<1.0%,0.98-1.00,2025-09-29→2025-09-30
2025-09-29,2025-09-30,P,6645.0,0.00821917808219178,70.0657464511986,-0.038247180527870336,21.143805820077432,-0.4204063640722745,6661.21,6688.46,0.005479452054794521,11.859002959608778,7.448772849184252,-7.4077643306155325,3.0060734209694804,0.9979927915370639,<1.0%,0.98-1.00,2025-09-29→2025-09-30
2025-09-29,2025-09-30,C,6650.0,0.00821917808219178,78.9907912859505,0.933604763414632,31.35811689467573,0.5510116755783563,6661.21,6688.46,0.005479452054794521,40.9980958531157,44.99564170012127,-18.390729803048725,-7.965068159510212,0.9987437266698984,<1.0%,0.98-1.00,2025-09-29→2025-09-30
2025-09-29,2025-09-30,P,6650.0,0.00821917808219178,70.62249081684382,-0.0663952365838196,22.94339215762011,-0.4484733499346109,6661.21,6688.46,0.005479452054794521,13.50283538692602,8.407261902990285,-7.340729803090914,3.070898785718148,0.9987437266698984,<1.0%,0.98-1.00,2025-09-29→2025-09-30
2025-09-29,2025-09-30,C,6655.0,0.00821917808219178,86.02689673679582,0.9471646585922654,28.207689177298562,0.5219698919220152,6661.21,6688.46,0.005479452054794521,37.660661825477376,41.009694226543616,-19.110236946639233,-7.523679554874914,0.9994946618027329,<1.0%,0.98-1.00,2025-09-29→2025-09-30
2025-09-29,2025-09-30,P,6655.0,0.00821917808219178,82.66073288386008,-0.052835341406567086,24.842963149901607,-0.4776029673674233,6661.21,6688.46,0.005479452054794521,15.173645524352546,9.454438879610052,-8.410236946671048,3.1646808607622834,0.9994946618027329,<1.0%,0.98-1.00,2025-09-29→2025-09-30
2025-09-29,2025-09-30,C,6660.0,0.00821917808219178,83.56501585176228,0.9545240535228958,25.30724437249455,0.49178605740647524,6661.21,6688.46,0.005479452054794521,34.28848959254754,37.22052668213291,-20.610780458498912,-8.001170064326452,1.0002455969355675,<1.0%,1.00-1.02,2025-09-29→2025-09-30
2025-09-29,2025-09-30,P,6660.0,0.00821917808219178,85.2009886150336,-0.04547594647561451,26.942518345097596,-0.5077868018829629,6661.21,6688.46,0.005479452054794521,16.80971745648543,10.665271335199122,-9.260780458539504,3.3371903513107384,1.0002455969355675,<1.0%,1.00-1.02,2025-09-29→2025-09-30
2025-09-29,2025-09-30,C,6665.0,0.00821917808219178,79.47687850425616,0.9499274449989321,22.55678748877881,0.4607680147948392,6661.21,6688.46,0.005479452054794521,31.12857018637977,33.56911220269831,-20.3855228762209,-7.055928403159369,1.000996532068402,<1.0%,1.00-1.02,2025-09-29→2025-09-30
2025-09-29,2025-09-30,P,6665.0,0.00821917808219178,86.11498788371038,-0.05007255499964765,29.14206022772032,-0.5388884655491454,6661.21,6688.46,0.005479452054794521,18.65804221538114,11.976023088782313,-9.7855228762596,3.534710686214213,1.000996532068402,<1.0%,1.00-1.02,2025-09-29→2025-09-30
2025-09-29,2025-09-30,C,6670.0,0.00821917808219178,84.06812986520048,0.9369785664087705,19.956320157448317,0.429044980432626,6661.21,6688.46,0.005479452054794521,28.296356745702166,30.062454998234898,-20.732665934638995,-6.891475716789058,1.0017474672012365,<1.0%,1.00-1.02,2025-09-29→2025-09-30
2025-09-29,2025-09-30,P,6670.0,0.00821917808219178,95.70837586083641,-0.06302143358998834,31.591594130050453,-0.5705278788568138,6661.21,6688.46,0.005479452054794521,20.834072939765377,13.507199651300652,-10.132665934672819,3.6968846988481747,1.0017474672012365,<1.0%,1.00-1.02,2025-09-29→2025-09-30
2025-09-29,2025-09-30,C,6675.0,0.00821917808219178,84.39396617329768,0.9479472871229836,17.555847470383014,0.39695960798245694,6661.21,6688.46,0.005479452054794521,25.317584207962575,26.748629673175856,-21.631563574101303,-6.617149317521953,1.002498402334071,<1.0%,1.00-1.02,2025-09-29→2025-09-30
2025-09-29,2025-09-30,P,6675.0,0.00821917808219178,101.03634878513151,-0.05205271287564198,34.19112144298515,-0.6026132513069812,6661.21,6688.46,0.005479452054794521,22.863544567088603,15.193374326241155,-11.13156357413876,3.871211098115232,1.002498402334071,<1.0%,1.00-1.02,2025-09-29→2025-09-30
2025-09-29,2025-09-30,C,6680.0,0.00821917808219178,80.89436660646196,0.9546728090898657,15.355374467207184,0.36485272070686137,6661.21,6688.46,0.005479452054794521,22.390566694174783,23.639569396018942,-22.51483404769884,-6.442236639261971,1.0032493374669054,<1.0%,1.00-1.02,2025-09-29→2025-09-30
2025-09-29,2025-09-30,P,6680.0,0.00821917808219178,102.53888583448796,-0.04532719090867339,36.94064420435643,-0.6350075477506033,6661.21,6688.46,0.005479452054794521,24.944771218364686,17.04117718496127,-11.864834047738652,4.20395567620394,1.0032493374669054,<1.0%,1.00-1.02,2025-09-29→2025-09-30
2025-09-29,2025-09-30,C,6685.0,0.00821917808219178,76.578621306766,0.9230900195926705,13.254895837028926,0.3323641490097352,6661.21,6688.46,0.005479452054794521,19.945154732164955,20.657178299610678,-25.054203033900272,-8.956923060515285,1.00400027259974,<1.0%,1.00-1.02,2025-09-29→2025-09-30
2025-09-29,2025-09-30,P,6685.0,0.00821917808219178,103.22527715097088,-0.07690998040595616,39.890169809632425,-0.6672087102796976,6661.21,6688.46,0.005479452054794521,27.50760342141718,19.101922952675977,-15.7542030339377,0.3314373551217571,1.00400027259974,<1.0%,1.00-1.02,2025-09-29→2025-09-30
2025-09-29,2025-09-30,C,6690.0,0.00821917808219178,84.65634660662946,0.9401630384824593,11.454436458165219,0.3011804405617908,6661.21,6688.46,0.005479452054794521,17.479874010045897,17.9894147972077,-23.269442798647013,-5.857167005308797,1.0047512077325744,<1.0%,1.00-1.02,2025-09-29→2025-09-30
2025-09-29,2025-09-30,P,6690.0,0.00821917808219178,116.30513906703179,-0.059836961516149194,43.389748833405974,-0.6957861643912634,6661.21,6688.46,0.005479452054794521,30.050566864362647,21.714732278294377,-13.569442798684934,3.7601729796619274,1.0047512077325744,<1.0%,1.00-1.02,2025-09-29→2025-09-30
2025-09-29,2025-09-30,C,6695.0,0.00821917808219178,82.24103665003496,0.9474948307102224,9.803986374582564,0.2706276290017775,6661.21,6688.46,0.005479452054794521,15.019771345566397,15.51275051502762,-24.019234136853562,-5.574602890298438,1.005502142865409,<1.0%,1.00-1.02,2025-09-29→2025-09-30
2025-09-29,2025-09-30,P,6695.0,0.00821917808219178,118.8919657266222,-0.052505169288445765,46.539275629831536,-0.7279079038458509,6661.21,6688.46,0.005479452054794521,32.59870836494482,24.05480937804714,-12.819234136889852,5.585490379799438,1.005502142865409,<1.0%,1.00-1.02,2025-09-29→2025-09-30
2025-09-29,2025-09-30,C,6700.0,0.00821917808219178,78.24049178656324,0.9415629091833454,8.353557579535845,0.24152039473803466,6661.21,6688.46,0.005479452054794521,12.811835479638018,13.283279435540862,-24.307589275246166,-5.231430756611445,1.0062530779982435,<1.0%,1.00-1.02,2025-09-29→2025-09-30
2025-09-29,2025-09-30,P,6700.0,0.00821917808219178,119.89355747932265,-0.058437090815416703,50.288884027669155,-0.7544909105167898,6661.21,6688.46,0.005479452054794521,35.39901666407907,27.029919221216915,-13.307589275279886,5.65987731158253,1.0062530779982435,<1.0%,1.00-1.02,2025-09-29→2025-09-30
2025-09-29,2025-09-30,C,6705.0,0.00821917808219178,83.0648141447406,0.929785327538224,6.953126801748795,0.21227782812061322,6661.21,6688.46,0.005479452054794521,10.913720624057245,11.154716304292833,-24.136650175416605,-4.58457081628671,1.007004013131078,<1.0%,1.00-1.02,2025-09-29→2025-09-30
2025-09-29,2025-09-30,P,6705.0,0.00821917808219178,129.7200164537046,-0.07021467246046459,53.73843129400484,-0.7852235366477595,6661.21,6688.46,0.005479452054794521,38.50914597356103,29.756242839251172,-13.33665017545234,6.147341373651447,1.007004013131078,<1.0%,1.00-1.02,2025-09-29→2025-09-30
2025-09-29,2025-09-30,C,6710.0,0.00821917808219178,83.30665328502766,0.9405955820392661,5.852747851374261,0.18655293766689177,6661.21,6688.46,0.005479452054794521,9.014413663270433,9.391717497777336,-24.93122961057,-4.3835675514228,1.0077549482639125,<1.0%,1.00-1.02,2025-09-29→2025-09-30
2025-09-29,2025-09-30,P,6710.0,0.00821917808219178,134.96399221016352,-0.05940441795960482,57.23796329022025,-0.8169929194183816,6661.21,6688.46,0.005479452054794521,41.61808317783747,32.56531680689568,-13.481229610600764,7.163057054150904,1.0077549482639125,<1.0%,1.00-1.02,2025-09-29→2025-09-30
2025-09-29,2025-09-30,C,6715.0,0.00821917808219178,79.86071158379916,0.9473129113422066,4.802372863596929,0.1610968655776879,6661.21,6688.46,0.005479452054794521,7.228297307475912,7.735555030531714,-25.36427683407513,-3.9398895869919954,1.008505883396747,<1.0%,1.00-1.02,2025-09-29→2025-09-30
2025-09-29,2025-09-30,P,6715.0,0.00821917808219178,136.52018712513586,-0.05268708865639866,61.58768529385543,-0.8358655660767612,6661.21,6688.46,0.005479452054794521,44.84021098710528,36.34677340558483,-13.764276834113133,7.577336675591749,1.008505883396747,<1.0%,1.00-1.02,2025-09-29→2025-09-30
2025-09-29,2025-09-30,C,6720.0,0.00821917808219178,75.61177217484729,0.9163636828875814,3.9520417544988504,0.13862499354005686,6661.21,6688.46,0.005479452054794521,5.849502222752271,6.352252751464448,-24.720910358686595,-3.5275310739665495,1.0092568185295816,<1.0%,1.00-1.02,2025-09-29→2025-09-30
2025-09-29,2025-09-30,P,6720.0,0.00821917808219178,137.27338433235155,-0.08363631711133858,65.73735828633198,-0.85806415914291,6661.21,6688.46,0.005479452054794521,48.46966006744553,39.9676159944629,-13.620910358716023,7.4822483366443,1.0092568185295816,<1.0%,1.00-1.02,2025-09-29→2025-09-30
2025-09-29,2025-09-30,C,6725.0,0.00821917808219178,83.62674544498367,0.9324946094569271,3.2017335450029805,0.11769579808681073,6661.21,6688.46,0.005479452054794521,4.5781271930539535,5.132592220169499,-25.310478107701265,-3.1072104978655926,1.0100077536624161,<1.0%,1.00-1.02,2025-09-29→2025-09-30
2025-09-29,2025-09-30,P,6725.0,0.00821917808219178,150.2904942187108,-0.06750539054167715,70.03706933272406,-0.8776631209448127,6661.21,6688.46,0.005479452054794521,52.206529202809385,43.80963424630227,-15.110478107739308,6.966320045746137,1.0100077536624161,<1.0%,1.00-1.02,2025-09-29→2025-09-30
2025-09-29,2025-09-30,C,6730.0,0.00821917808219178,81.33778157053999,0.9398412714648539,2.6014677318948998,0.09964996009148754,6661.21,6688.46,0.005479452054794521,3.4248234478705437,4.134985058269876,-25.610674647417266,-2.715461412493035,1.0107586887952507,<1.0%,1.00-1.02,2025-09-29→2025-09-30
2025-09-29,2025-09-30,P,6730.0,0.00821917808219178,153.00366696044034,-0.06015872853385388,74.38679253214832,-0.8964752473183143,6661.21,6688.46,0.005479452054794521,56.0614696226888,47.75708790927001,-14.86067464745249,7.928950489424057,1.0107586887952507,<1.0%,1.00-1.02,2025-09-29→2025-09-30
2025-09-29,2025-09-30,C,6735.0,0.00821917808219178,77.42099341534632,0.9364443798725252,2.101233309352324,0.08373388492425277,6661.21,6688.46,0.005479452054794521,2.490747457200302,3.3004480372854914,-25.59310935152631,-2.356748364185888,1.0115096239280852,<1.0%,1.00-1.02,2025-09-29→2025-09-30
2025-09-29,2025-09-30,P,6735.0,0.00821917808219178,154.08901542144648,-0.06355562012590947,78.88656203934352,-0.9121206193592668,6661.21,6688.46,0.005479452054794521,60.13563779708395,51.92465581000033,-15.018109351568974,8.105286877540014,1.0115096239280852,<1.0%,1.00-1.02,2025-09-29→2025-09-30
2025-09-29,2025-09-30,C,6605.0,0.010958904109589041,106.92971168974694,0.9641539621954107,71.57712581072519,0.7247448244215714,6661.21,6688.46,0.038356164383561646,124.11067269587096,117.98350858716276,13.126804530175065,19.650703534512186,0.99167199053768,1.0-2.0%,0.98-1.00,2025-09-29→2025-09-30
2025-09-29,2025-09-30,P,6605.0,0.010958904109589041,51.45509177936867,-0.03584603780315885,15.958652190073508,-0.2742126386178341,6661.21,6688.46,0.038356164383561646,46.24400563524663,36.82787848266025,19.576804530136076,26.072294402335977,0.99167199053768,1.0-2.0%,0.98-1.00,2025-09-29→2025-09-30
2025-09-29,2025-09-30,C,6610.0,0.010958904109589041,103.11386955191853,0.9696089532435902,67.5776171389316,0.7091740910825995,6661.21,6688.46,0.038356164383561646,121.88053419041155,113.77118749052534,13.978156024112174,21.07500601799917,0.9924226884866109,1.0-2.0%,0.98-1.00,2025-09-29→2025-09-30
2025-09-29,2025-09-30,P,6610.0,0.010958904109589041,52.63980632593667,-0.030391046754966622,17.009154635338746,-0.2901355936646874,6661.21,6688.46,0.038356164383561646,49.01810129552422,37.71921519377929,19.42815602407284,26.506194927362735,0.9924226884866109,1.0-2.0%,0.98-1.00,2025-09-29→2025-09-30
2025-09-29,2025-09-30,C,6615.0,0.010958904109589041,98.55959633145034,0.9521471983591213,63.67814075368369,0.6925964152982609,6661.21,6688.46,0.00821917808219178,71.17038203771492,80.63080548463404,-15.846011155286046,-8.773252316877599,0.9931733864355418,1.0-2.0%,0.98-1.00,2025-09-29→2025-09-30
2025-09-29,2025-09-30,P,6615.0,0.010958904109589041,53.08608978983964,-0.04785280163970804,18.15968806636306,-0.3070253757200318,6661.21,6688.46,0.00821917808219178,8.617412416084113,7.697040875583298,-3.546011155317954,3.5164414883708695,0.9931733864355418,1.0-2.0%,0.98-1.00,2025-09-29→2025-09-30
2025-09-29,2025-09-30,C,6620.0,0.010958904109589041,102.28323970322073,0.9567895410208781,59.928701468091276,0.674810421293808,6661.21,6688.46,0.00821917808219178,67.27148605260899,76.34043609231958,-15.672514992818936,-7.988583980256276,0.9939240843844726,1.0-2.0%,0.98-1.00,2025-09-29→2025-09-30
2025-09-29,2025-09-30,P,6620.0,0.010958904109589041,61.810289846040746,-0.043210458977655186,19.360241914058406,-0.3245928284021279,6661.21,6688.46,0.00821917808219178,9.726760596042626,8.372889655775452,-4.872514992858897,2.7951545739579835,0.9939240843844726,1.0-2.0%,0.98-1.00,2025-09-29→2025-09-30
2025-09-29,2025-09-30,C,6625.0,0.010958904109589041,99.63388897489487,0.963336716091893,56.17927660899295,0.6565848225639452,6661.21,6688.46,0.00821917808219178,63.33987241002053,72.05780986430545,-17.30092551350408,-8.941936414867506,0.9946747823334035,1.0-2.0%,0.98-1.00,2025-09-29→2025-09-30
2025-09-29,2025-09-30,P,6625.0,0.010958904109589041,64.16149580210735,-0.03666328390668673,20.66082550690635,-0.34308609005759416,6661.21,6688.46,0.00821917808219178,10.803391118517828,9.122469675438197,-5.5509255135427855,2.7990959540694416,0.9946747823334035,1.0-2.0%,0.98-1.00,2025-09-29→2025-09-30
2025-09-29,2025-09-30,C,6630.0,0.010958904109589041,95.37960605888023,0.9634306184940795,52.57988778314757,0.6372340629798127,6661.21,6688.46,0.00821917808219178,59.51517467319791,67.88474761933139,-17.253484353963668,-8.364628216199897,0.9954254802823344,1.0-2.0%,0.98-1.00,2025-09-29→2025-09-30
2025-09-29,2025-09-30,P,6630.0,0.010958904109589041,64.9077695704837,-0.03656938150447242,22.061437541842224,-0.36246363147795846,6661.21,6688.46,0.00821917808219178,11.986937546756241,9.94856974626623,-6.153484354003127,2.7271339577743685,0.9954254802823344,1.0-2.0%,0.98-1.00,2025-09-29→2025-09-30
2025-09-29,2025-09-30,C,6635.0,0.010958904109589041,97.14020474481535,0.9471867909983136,49.03051934318091,0.617203585626604,6661.21,6688.46,0.00821917808219178,55.97936855811941,63.75550121253491,-16.710840054704036,-7.718797708324953,0.9961761782312653,1.0-2.0%,0.98-1.00,2025-09-29→2025-09-30
2025-09-29,2025-09-30,P,6635.0,0.010958904109589041,71.66892494081317,-0.05281320900038767,23.562075116173673,-0.3826850898883544,6661.21,6688.46,0.00821917808219178,13.459375596742785,10.85395100783785,-6.210840054739436,2.778168699457657,0.9961761782312653,1.0-2.0%,0.98-1.00,2025-09-29→2025-09-30
2025-09-29,2025-09-30,C,6640.0,0.010958904109589041,97.60106059704542,0.9572884573187144,45.53117440781034,0.5964442789343111,6661.21,6688.46,0.00821917808219178,52.33750017301416,59.67015860266747,-17.636110461934965,-7.803106600959975,0.996926876180196,1.0-2.0%,0.98-1.00,2025-09-29→2025-09-30
2025-09-29,2025-09-30,P,6640.0,0.010958904109589041,77.13033747744961,-0.042711542679885556,25.062730180802646,-0.4034443965806468,6661.21,6688.46,0.00821917808219178,14.82575137669895,11.768608397969501,-6.986110461973121,2.843859806822623,0.996926876180196,1.0-2.0%,0.98-1.00,2025-09-29→2025-09-30
2025-09-29,2025-09-30,C,6645.0,0.010958904109589041,93.93509831728413,0.9631303829156523,42.231864203777604,0.5745853984435704,6661.21,6688.46,0.00821917808219178,48.733054940408756,55.74031948451102,-18.245302934451527,-7.657452107587293,0.9976775741291269,1.0-2.0%,0.98-1.00,2025-09-29→2025-09-30
2025-09-29,2025-09-30,P,6645.0,0.010958904109589041,78.46493188207864,-0.03686961708296468,26.76341997677264,-0.42530327707139237,6661.21,6688.46,0.00821917808219178,16.229550309157244,12.838769279815551,-7.7953029344892135,2.7895143001954406,0.9976775741291269,1.0-2.0%,0.98-1.00,2025-09-29→2025-09-30
2025-09-29,2025-09-30,C,6650.0,0.010958904109589041,89.47644566676165,0.9383009807011294,39.03257716260305,0.551986537323136,6661.21,6688.46,0.00821917808219178,45.4602692605744,51.89760335583924,-18.668701724105773,-8.141633142055449,0.9984282720780578,1.0-2.0%,0.98-1.00,2025-09-29→2025-09-30
2025-09-29,2025-09-30,P,6650.0,0.010958904109589041,79.00683591594375,-0.06169901929754091,28.564132935596263,-0.44790213819182334,6661.21,6688.46,0.00821917808219178,17.965008794385888,13.996053151140586,-7.618701724142011,2.905333265727185,0.9984282720780578,1.0-2.0%,0.98-1.00,2025-09-29→2025-09-30
2025-09-29,2025-09-30,C,6655.0,0.010958904109589041,96.54724775597563,0.9502202976568074,36.03331523326597,0.528604752178518,6661.21,6688.46,0.00821917808219178,42.195858867676044,48.22282601649749,-19.693503111147997,-8.204479496864613,0.9991789700269887,1.0-2.0%,0.98-1.00,2025-09-29→2025-09-30
2025-09-29,2025-09-30,P,6655.0,0.010958904109589041,91.0781946895723,-0.04977970234178515,30.514869875984004,-0.471248222454866,6661.21,6688.46,0.00821917808219178,19.708842566550373,15.282076342568416,-8.593503111186354,2.891514061895098,0.9991789700269887,1.0-2.0%,0.98-1.00,2025-09-29→2025-09-30
2025-09-29,2025-09-30,C,6660.0,0.010958904109589041,94.2336418709093,0.9566610797849676,33.034070272228746,0.5046790973522136,6661.21,6688.46,0.00821917808219178,38.899739656591535,44.5634950996382,-19.869014424140364,-7.552505402847817,0.9999296679759195,1.0-2.0%,0.98-1.00,2025-09-29→2025-09-30
2025-09-29,2025-09-30,P,6660.0,0.010958904109589041,93.76514548889743,-0.04333892021363559,32.565626045222416,-0.4952095781627463,6661.21,6688.46,0.00821917808219178,21.420967520530095,16.66194489494046,-9.319014424178427,2.9944610049348395,0.9999296679759195,1.0-2.0%,0.98-1.00,2025-09-29→2025-09-30
2025-09-29,2025-09-30,C,6665.0,0.010958904109589041,90.12447605733396,0.9525864304767467,30.284842712817408,0.480202593293118,6661.21,6688.46,0.00821917808219178,35.78387887091542,41.121878611411375,-20.407980230491347,-7.5355206672374635,1.0006803659248504,1.0-2.0%,1.00-1.02,2025-09-29→2025-09-30
2025-09-29,2025-09-30,P,6665.0,0.010958904109589041,94.65653635970875,-0.047413569521997274,34.71640087711967,-0.5197620920780908,6661.21,6688.46,0.00821917808219178,23.31335089991584,18.13787057216132,-9.757980230525579,3.1135170091279694,1.0006803659248504,1.0-2.0%,1.00-1.02,2025-09-29→2025-09-30
2025-09-29,2025-09-30,C,6670.0,0.010958904109589041,93.96704869973703,0.9409746542408236,27.635628134056788,0.4553116301688346,6661.21,6688.46,0.00821917808219178,32.93073081743786,37.782567045294854,-24.99155932806244,-11.75724192210074,1.0014310638737813,1.0-2.0%,1.00-1.02,2025-09-29→2025-09-30
2025-09-29,2025-09-30,P,6670.0,0.010958904109589041,103.49966568650942,-0.059025345757971574,37.06718877443245,-0.5447316096897449,6661.21,6688.46,0.00821917808219178,25.468447011500515,19.796450526187527,-9.991559328095272,3.2439363640455507,1.0014310638737813,1.0-2.0%,1.00-1.02,2025-09-29→2025-09-30
2025-09-29,2025-09-30,C,6675.0,0.010958904109589041,95.14000323590525,0.9507492298247343,25.08642607328329,0.43003103355225064,6661.21,6688.46,0.00821917808219178,29.936485296015256,34.54755328816054,-21.45791651272401,-7.268345664298831,1.0021817618227122,1.0-2.0%,1.00-1.02,2025-09-29→2025-09-30
2025-09-29,2025-09-30,P,6675.0,0.010958904109589041,109.67317690708656,-0.04925077017391899,39.51798931126268,-0.5700944214001632,6661.21,6688.46,0.00821917808219178,27.482445655141667,21.55929585668946,-10.807916512760706,3.3850729831544477,1.0021817618227122,1.0-2.0%,1.00-1.02,2025-09-29→2025-09-30
2025-09-29,2025-09-30,C,6680.0,0.010958904109589041,91.64598086508424,0.9565993549021183,22.687230501364866,0.4045418450838378,6661.21,6688.46,0.00821917808219178,26.996913906566906,31.463096307471915,-22.217332421082723,-7.173765278534578,1.0029324597716431,1.0-2.0%,1.00-1.02,2025-09-29→2025-09-30
2025-09-29,2025-09-30,P,6680.0,0.010958904109589041,111.17971122066096,-0.04340064509656162,42.11879643926022,-0.5956691572313052,6661.21,6688.46,0.00821917808219178,29.551118430756212,23.4726631681433,-11.517332421118699,3.5319845345530645,1.0029324597716431,1.0-2.0%,1.00-1.02,2025-09-29→2025-09-30
2025-09-29,2025-09-30,C,6685.0,0.010958904109589041,87.29132403844949,0.9288653209144067,20.43803687859281,0.37899358691321605,6661.21,6688.46,0.00821917808219178,24.444010480931134,28.534140494439725,-21.91157999491758,-6.927575243385135,1.0036831577205738,1.0-2.0%,1.00-1.02,2025-09-29→2025-09-30
2025-09-29,2025-09-30,P,6685.0,0.010958904109589041,111.82561107840776,-0.0711346790844269,44.8196121408846,-0.6215127501257568,6661.21,6688.46,0.00821917808219178,32.00645917018349,25.495955486778712,-11.211579994949366,3.786222440926874,1.0036831577205738,1.0-2.0%,1.00-1.02,2025-09-29→2025-09-30
2025-09-29,2025-09-30,C,6690.0,0.010958904109589041,95.34705405689662,0.9437763256815224,18.338840039514707,0.3535429771350237,6661.21,6688.46,0.00821917808219178,21.856525953230648,25.76553636014978,-22.817904874821487,-6.734046126929398,1.0044338556695047,1.0-2.0%,1.00-1.02,2025-09-29→2025-09-30
2025-09-29,2025-09-30,P,6690.0,0.010958904109589041,124.8818977812992,-0.05622367431685258,47.72041965123299,-0.6471014027566956,6661.21,6688.46,0.00821917808219178,34.42721880754731,27.724027879415644,-12.067904874865768,4.033513225119954,1.0044338556695047,1.0-2.0%,1.00-1.02,2025-09-29→2025-09-30
2025-09-29,2025-09-30,C,6695.0,0.010958904109589041,93.07236574731742,0.9501646434438629,16.339644379453603,0.32805675410252527,6661.21,6688.46,0.00821917808219178,19.271133482942556,23.114283472751595,-23.441986533845263,-6.489546549293815,1.0051845536184356,1.0-2.0%,1.00-1.02,2025-09-29→2025-09-30
2025-09-29,2025-09-30,P,6695.0,0.010958904109589041,127.60776615609902,-0.04983535655471683,50.72122858264538,-0.672733262570668,6661.21,6688.46,0.00821917808219178,36.85007050232057,30.069403545175646,-13.44198653388397,3.5319814050507006,1.0051845536184356,1.0-2.0%,1.00-1.02,2025-09-29→2025-09-30
2025-09-29,2025-09-30,C,6700.0,0.010958904109589041,89.03488483687377,0.944925122308966,14.490438091455644,0.3029094892272678,6661.21,6688.46,0.00821917808219178,16.8969796479588,20.630537819507936,-23.699209582919323,-6.204283581443047,1.0059352515673665,1.0-2.0%,1.00-1.02,2025-09-29→2025-09-30
2025-09-29,2025-09-30,P,6700.0,0.010958904109589041,128.5708419300309,-0.055074877689786514,53.822038216751025,-0.6983849550358702,6661.21,6688.46,0.00821917808219178,39.48416083240076,32.53333307050207,-11.899209582953317,5.630990024727463,1.0059352515673665,1.0-2.0%,1.00-1.02,2025-09-29→2025-09-30
2025-09-29,2025-09-30,C,6705.0,0.010958904109589041,93.18637071324399,0.9344009652141849,12.841202746882118,0.2786825401889786,6661.21,6688.46,0.00821917808219178,14.772253729653096,18.368787235975105,-23.812426302086536,-5.944099220149666,1.0066859495162974,1.0-2.0%,1.00-1.02,2025-09-29→2025-09-30
2025-09-29,2025-09-30,P,6705.0,0.010958904109589041,137.7228844908218,-0.06559903478439368,57.17280925353225,-0.7228140545006049,6661.21,6688.46,0.00821917808219178,42.367679079158776,35.26720450993935,-12.312426302125274,5.596682985141481,1.0066859495162974,1.0-2.0%,1.00-1.02,2025-09-29→2025-09-30
2025-09-29,2025-09-30,C,6710.0,0.010958904109589041,94.18302967236222,0.9439909997321408,11.241970542049557,0.2543724624694919,6661.21,6688.46,0.00821917808219178,12.625376337684704,16.183541734035316,-24.37375474270084,-5.581649602293655,1.0074366474652283,1.0-2.0%,1.00-1.02,2025-09-29→2025-09-30
2025-09-29,2025-09-30,P,6710.0,0.010958904109589041,143.72010013432066,-0.05600900026661915,60.57358318185561,-0.7473448807881371,6661.21,6688.46,0.00821917808219178,45.22904585225174,38.07741774022179,-12.773754742734626,6.065148001476739,1.0074366474652283,1.0-2.0%,1.00-1.02,2025-09-29→2025-09-30
2025-09-29,2025-09-30,C,6715.0,0.010958904109589041,90.73260670172564,0.9498152358497762,9.842695407953443,0.2313888318886751,6661.21,6688.46,0.00821917808219178,10.580858128581406,14.228967124629435,-24.8324651769064,-5.255345668966395,1.0081873454141592,1.0-2.0%,1.00-1.02,2025-09-29→2025-09-30
2025-09-29,2025-09-30,P,6715.0,0.010958904109589041,145.2702338480916,-0.05018476414879924,64.2242994899998,-0.7700318985328062,6661.21,6688.46,0.00821917808219178,48.192771808211376,41.170824254752915,-13.432465176945218,6.183369235018972,1.0081873454141592,1.0-2.0%,1.00-1.02,2025-09-29→2025-09-30
2025-09-29,2025-09-30,C,6720.0,0.010958904109589041,86.43830859082004,0.9226965320470057,8.543402240574096,0.2089968301971489,6661.21,6688.46,0.00821917808219178,8.88865330077168,12.406027305402176,-24.293480498280907,-4.845163622872308,1.0089380433630901,1.0-2.0%,1.00-1.02,2025-09-29→2025-09-30
2025-09-29,2025-09-30,P,6720.0,0.010958904109589041,145.97649242157755,-0.07730346795157501,67.92501181451644,-0.7925967504085549,6661.21,6688.46,0.00821917808219178,51.5088111454651,44.34466184242956,-13.093480498319584,6.398261448633118,1.0089380433630901,1.0-2.0%,1.00-1.02,2025-09-29→2025-09-30
2025-09-29,2025-09-30,C,6725.0,0.010958904109589041,94.42477622053237,0.9367652585664709,7.394068113647563,0.18789332415462381,6661.21,6688.46,0.00821917808219178,7.279612865168517,10.76980414553259,-24.926853295936333,-4.520093083213499,1.0096887413120208,1.0-2.0%,1.00-1.02,2025-09-29→2025-09-30
2025-09-29,2025-09-30,P,6725.0,0.010958904109589041,158.96351673569572,-0.06323474143216329,71.77568343162784,-0.8138744476948869,6661.21,6688.46,0.00821917808219178,54.90801487492582,47.705385500992634,-13.726853295973553,6.728078699685668,1.0096887413120208,1.0-2.0%,1.00-1.02,2025-09-29→2025-09-30
2025-09-29,2025-09-30,C,6730.0,0.010958904109589041,92.27800110960335,0.9431529587784085,6.444664124559267,0.16901924877982974,6661.21,6688.46,0.00821917808219178,5.776071705464692,9.379148954907123,-25.40091812671163,-4.3057745292503595,1.0104394392609517,1.0-2.0%,1.00-1.02,2025-09-29→2025-09-30
2025-09-29,2025-09-30,P,6730.0,0.010958904109589041,161.81729830917448,-0.05684704122004422,75.77630595870323,-0.833596432489603,6661.21,6688.46,0.00821917808219178,58.41271788028438,51.25687085174104,-14.250918126753792,6.915502785341687,1.0104394392609517,1.0-2.0%,1.00-1.02,2025-09-29→2025-09-30
2025-09-29,2025-09-30,C,6735.0,0.010958904109589041,88.32177425960273,0.9401355360583126,5.395314261850785,0.14841386825164452,6661.21,6688.46,0.00821917808219178,4.4862129320356265,7.904165973761565,-25.318693357589016,-3.7442779098573133,1.0111901372098826,1.0-2.0%,1.00-1.02,2025-09-29→2025-09-30
2025-09-29,2025-09-30,P,6735.0,0.010958904109589041,162.86162814355316,-0.05986446394030442,80.17675456523739,-0.8478055055961611,6661.21,6688.46,0.00821917808219178,62.13110327191943,55.28227155244076,-14.418693357626715,7.052700027495376,1.0111901372098826,1.0-2.0%,1.00-1.02,2025-09-29→2025-09-30
2025-09-29,2025-09-30,C,6605.0,0.019178082191780823,118.72163748339142,0.9646034483000854,75.5992454997313,0.7056588298657172,6661.21,6688.46,0.038356164383561646,124.11067269587096,109.69086907155815,9.11455603382268,16.170796886159213,0.9916078998617105,1.0-2.0%,0.98-1.00,2025-09-29→2025-09-30
2025-09-29,2025-09-30,P,6605.0,0.019178082191780823,62.820096121090785,-0.035396551700972265,19.90031572105181,-0.29528579778565683,6661.21,6688.46,0.038356164383561646,46.24400563524663,27.13522471035276,15.614556033851493,22.69653798965915,0.9916078998617105,1.0-2.0%,0.98-1.00,2025-09-29→2025-09-30
2025-09-29,2025-09-30,C,6610.0,0.019178082191780823,115.10092157427097,0.9694677134817509,71.74926096557829,0.6907472710730354,6661.21,6688.46,0.038356164383561646,121.88053419041155,105.63949724732993,9.83200480762229,17.427136863259786,0.992358549293854,1.0-2.0%,0.98-1.00,2025-09-29→2025-09-30
2025-09-29,2025-09-30,P,6610.0,0.019178082191780823,64.19961371587493,-0.030532286519232597,21.05033118505662,-0.3101266272696708,6661.21,6688.46,0.038356164383561646,49.01810129552422,28.08205441015025,15.38200480764909,23.00095059309853,0.992358549293854,1.0-2.0%,0.98-1.00,2025-09-29→2025-09-30
2025-09-29,2025-09-30,C,6615.0,0.019178082191780823,110.64138303868464,0.9539188296962983,68.14927887193426,0.6744273392039684,6661.21,6688.46,0.01643835616438356,79.75095865586071,85.45644503112908,-14.644288109224135,-7.028144993308143,0.9931091987259977,1.0-2.0%,0.98-1.00,2025-09-29→2025-09-30
2025-09-29,2025-09-30,P,6615.0,0.019178082191780823,64.74030868419035,-0.04608117030458339,22.25034803330982,-0.32552596219902225,6661.21,6688.46,0.01643835616438356,17.185755454955128,12.264167379713172,-4.494288109200102,3.120582469923356,0.9931091987259977,1.0-2.0%,0.98-1.00,2025-09-29→2025-09-30
2025-09-29,2025-09-30,C,6620.0,0.019178082191780823,114.31819793067729,0.9580762566727892,64.44929617393609,0.6582640233805358,6661.21,6688.46,0.01643835616438356,76.1083951046687,81.30805149866501,-15.557577994333492,-7.387694637119591,0.9938598481581413,1.0-2.0%,0.98-1.00,2025-09-29→2025-09-30
2025-09-29,2025-09-30,P,6620.0,0.019178082191780823,73.41735708005221,-0.041923743328217244,23.550365335312108,-0.341689278022453,6661.21,6688.46,0.01643835616438356,18.551426821978303,13.115773847249102,-5.007577994306082,3.1610328261118426,0.9938598481581413,1.0-2.0%,0.98-1.00,2025-09-29→2025-09-30
2025-09-29,2025-09-30,C,6625.0,0.019178082191780823,112.08386243457265,0.9638862100275719,60.84931422834961,0.6413788633863595,6661.21,6688.46,0.01643835616438356,72.42804947235817,77.2389917839273,-15.115899223251336,-6.327574027278299,0.9946104975902849,1.0-2.0%,0.98-1.00,2025-09-29→2025-09-30
2025-09-29,2025-09-30,P,6625.0,0.019178082191780823,76.1832550878512,-0.03611378997334388,24.90038320674148,-0.3584033010818458,6661.21,6688.46,0.01643835616438356,19.879316107882847,14.007332568158972,-5.615899223226378,3.1664899544803013,0.9946104975902849,1.0-2.0%,0.98-1.00,2025-09-29→2025-09-30
2025-09-29,2025-09-30,C,6630.0,0.019178082191780823,107.97176265713418,0.9639572103927722,57.299332907388816,0.6239645259902623,6661.21,6688.46,0.01643835616438356,68.83963887808491,73.21108121491397,-17.567833983203037,-8.303033333234644,0.9953611470224285,1.0-2.0%,0.98-1.00,2025-09-29→2025-09-30
2025-09-29,2025-09-30,P,6630.0,0.019178082191780823,77.07138881430286,-0.036042789608109464,26.400402068763015,-0.3759887754127244,6661.21,6688.46,0.01643835616438356,21.29914043182655,15.018803563496249,-6.117833983179015,3.145694129996743,0.9953611470224285,1.0-2.0%,0.98-1.00,2025-09-29→2025-09-30
2025-09-29,2025-09-30,C,6635.0,0.019178082191780823,108.71227086272063,0.9494300985571551,53.849352196641576,0.6058702137229353,6661.21,6688.46,0.01643835616438356,65.4660952481204,69.26486429562101,-16.721970185682476,-7.359963323949987,0.9961117964545722,1.0-2.0%,0.98-1.00,2025-09-29→2025-09-30
2025-09-29,2025-09-30,P,6635.0,0.019178082191780823,82.81213052376941,-0.050569901443826754,27.900421221360375,-0.39395522892024476,6661.21,6688.46,0.01643835616438356,22.93383172007719,16.031987081577427,-6.071970185655717,3.285279988076674,0.9961117964545722,1.0-2.0%,0.98-1.00,2025-09-29→2025-09-30
2025-09-29,2025-09-30,C,6640.0,0.019178082191780823,110.03916366223342,0.9584675313150565,50.499372224894614,0.5871364008479766,6661.21,6688.46,0.01643835616438356,61.98014977185387,65.40206385762485,-16.61824022833529,-6.499466923107361,0.9968624458867157,1.0-2.0%,0.98-1.00,2025-09-29→2025-09-30
2025-09-29,2025-09-30,P,6640.0,0.019178082191780823,89.13925682716307,-0.041532468685976674,29.60044138627063,-0.41281690055501463,6661.21,6688.46,0.01643835616438356,24.456121162025312,17.209786206209174,-6.818240228307138,3.2992605401241466,0.9968624458867157,1.0-2.0%,0.98-1.00,2025-09-29→2025-09-30
2025-09-29,2025-09-30,C,6645.0,0.019178082191780823,106.6022544330026,0.9635736669665464,47.199392809987785,0.5678837254504909,6661.21,6688.46,0.01643835616438356,58.53802507267263,61.58246851143031,-19.457382424838393,-8.674831518525881,0.9976130953188593,1.0-2.0%,0.98-1.00,2025-09-29→2025-09-30
2025-09-29,2025-09-30,P,6645.0,0.019178082191780823,90.7025811018317,-0.03642633303442793,31.30046197136471,-0.4320695759525014,6661.21,6688.46,0.01643835616438356,26.022231381060624,18.390190860014627,-7.407382424811841,3.3738959447056605,0.9976130953188593,1.0-2.0%,0.98-1.00,2025-09-29→2025-09-30
2025-09-29,2025-09-30,C,6650.0,0.019178082191780823,102.28428664203715,0.9418281357957486,43.99941397474777,0.5480211484389015,6661.21,6688.46,0.01643835616438356,55.32953767426517,57.848288809376754,-18.66481670043415,-7.933576294960066,0.998363744751003,1.0-2.0%,0.98-1.00,2025-09-29→2025-09-30
2025-09-29,2025-09-30,P,6650.0,0.019178082191780823,91.38484681473496,-0.058171864205424174,33.15048319603284,-0.4519873854476494,6661.21,6688.46,0.01643835616438356,27.82197890086851,19.69860153271111,-7.31481670040219,3.4166562534484477,0.998363744751003,1.0-2.0%,0.98-1.00,2025-09-29→2025-09-30
2025-09-29,2025-09-30,C,6655.0,0.019178082191780823,108.24094744371078,0.9520187930554334,40.94943592924301,0.527555404838808,6661.21,6688.46,0.01643835616438356,52.10942756159696,54.24437474557726,-18.892512110760563,-7.325884781857521,0.9991143941831465,1.0-2.0%,0.98-1.00,2025-09-29→2025-09-30
2025-09-29,2025-09-30,P,6655.0,0.019178082191780823,102.34174112031809,-0.04798120694548129,35.100505121441074,-0.47242671769338,6661.21,6688.46,0.01643835616438356,29.610103706416517,21.095398997106713,-8.09251211073563,3.4736280571446105,0.9991143941831465,1.0-2.0%,0.98-1.00,2025-09-29→2025-09-30
2025-09-29,2025-09-30,C,6660.0,0.019178082191780823,106.22464019798255,0.9576740406744766,38.04945833045895,0.5066037395826697,6661.21,6688.46,0.01643835616438356,48.86121287916767,50.77443554789261,-19.496617608379484,-7.204951903627748,0.9998650436152902,1.0-2.0%,0.98-1.00,2025-09-29→2025-09-30
2025-09-29,2025-09-30,P,6660.0,0.019178082191780823,105.32566737846172,-0.04232595932663218,37.150527491834964,-0.49334956182032225,6661.21,6688.46,0.01643835616438356,31.370123942201918,22.58215789647602,-8.746617608349272,3.543775559603782,0.9998650436152902,1.0-2.0%,0.98-1.00,2025-09-29→2025-09-30
2025-09-29,2025-09-30,C,6665.0,0.019178082191780823,102.31200257307658,0.9540737627413951,35.19948117959848,0.48523425675249826,6661.21,6688.46,0.01643835616438356,45.74575815167423,47.35267400003886,-19.84851003470302,-7.0726334965055795,1.0006156930474337,1.0-2.0%,1.00-1.02,2025-09-29→2025-09-30
2025-09-29,2025-09-30,P,6665.0,0.019178082191780823,106.41326325746977,-0.04592623725954093,39.30055034097495,-0.5147190446504935,6661.21,6688.46,0.01643835616438356,33.262904132923275,24.16039634862227,-9.098510034677505,3.6760939667259525,1.0006156930474337,1.0-2.0%,1.00-1.02,2025-09-29→2025-09-30
2025-09-29,2025-09-30,C,6670.0,0.019178082191780823,104.5820485410119,0.9434847689980526,32.549504328779676,0.4635678392163102,6661.21,6688.46,0.01643835616438356,42.807023478656106,44.11499484049182,-20.059959955196927,-6.982223618644447,1.0013663424795773,1.0-2.0%,1.00-1.02,2025-09-29→2025-09-30
2025-09-29,2025-09-30,P,6670.0,0.019178082191780823,113.68354272929433,-0.0565152310028355,41.650573490154784,-0.5363854621866825,6661.21,6688.46,0.01643835616438356,35.33240437812144,25.922717189074774,-9.459959955172732,3.616503844587097,1.0013663424795773,1.0-2.0%,1.00-1.02,2025-09-29→2025-09-30
2025-09-29,2025-09-30,C,6675.0,0.019178082191780823,106.25644457554617,0.9521807048195537,29.849528451568858,0.4413846218262185,6661.21,6688.46,0.01643835616438356,39.741570743915794,40.835717985537485,-20.79692420633284,-6.877730944764457,1.002116991911721,1.0-2.0%,1.00-1.02,2025-09-29→2025-09-30
2025-09-29,2025-09-30,P,6675.0,0.019178082191780823,120.35817226770138,-0.04781929518146865,44.050597459980054,-0.558392712303288,6661.21,6688.46,0.01643835616438356,37.27518656159639,27.736193326300963,-10.19692420630498,3.716201410264599,1.002116991911721,1.0-2.0%,1.00-1.02,2025-09-29→2025-09-30
2025-09-29,2025-09-30,C,6680.0,0.019178082191780823,103.02247209335917,0.9573394885550688,27.449551702143253,0.4192767289215654,6661.21,6688.46,0.01643835616438356,36.730334817907064,37.83928896420957,-21.487501063125627,-6.825290863112659,1.0028676413438646,1.0-2.0%,1.00-1.02,2025-09-29→2025-09-30
2025-09-29,2025-09-30,P,6680.0,0.019178082191780823,122.12443328940742,-0.042660511445982485,46.550620863520635,-0.5806765724814243,6661.21,6688.46,0.01643835616438356,39.272185553803325,29.64701131279344,-10.737501063096976,3.9234366001188157,1.0028676413438646,1.0-2.0%,1.00-1.02,2025-09-29→2025-09-30
2025-09-29,2025-09-30,C,6685.0,0.019178082191780823,98.86733597031781,0.9328061229416414,25.049575789083065,0.3967521184888026,6661.21,6688.46,0.01643835616438356,33.976605510642834,34.84877468835157,-21.21896685015973,-6.611495228819871,1.0036182907760083,1.0-2.0%,1.00-1.02,2025-09-29→2025-09-30
2025-09-29,2025-09-30,P,6685.0,0.019178082191780823,122.9695306702595,-0.06719387705937138,49.20064478646236,-0.6030478855941316,6661.21,6688.46,0.01643835616438356,41.52669116475434,31.704546805679456,-10.51896685013213,4.083054882440084,1.0036182907760083,1.0-2.0%,1.00-1.02,2025-09-29→2025-09-30
2025-09-29,2025-09-30,C,6690.0,0.019178082191780823,105.84856743339576,0.9457296876291553,22.84959985794694,0.3743979775336346,6661.21,6688.46,0.01643835616438356,31.180047465790363,32.056034429381725,-22.071133987894484,-6.502344887791542,1.004368940208152,1.0-2.0%,1.00-1.02,2025-09-29→2025-09-30
2025-09-29,2025-09-30,P,6690.0,0.019178082191780823,134.95099563722007,-0.05427031237184681,51.95066901932205,-0.625555323869363,6661.21,6688.46,0.01643835616438356,43.738368038117585,33.86375677796377,-11.42113398786718,4.1463825754401356,1.004368940208152,1.0-2.0%,1.00-1.02,2025-09-29→2025-09-30
2025-09-29,2025-09-30,C,6695.0,0.019178082191780823,103.94026686726183,0.9513984252402963,20.74962361701637,0.35201683200493056,6661.21,6688.46,0.01643835616438356,28.38032797492634,29.36800754199885,-22.625607087798073,-6.292458672134357,1.0051195896402954,1.0-2.0%,1.00-1.02,2025-09-29→2025-09-30
2025-09-29,2025-09-30,P,6695.0,0.019178082191780823,138.04292857497788,-0.04860157476076559,54.85069277839284,-0.6479364693980623,6661.21,6688.46,0.01643835616438356,45.94688346546903,36.175729890583625,-11.525607087769139,4.806268791097196,1.0051195896402954,1.0-2.0%,1.00-1.02,2025-09-29→2025-09-30
2025-09-29,2025-09-30,C,6700.0,0.019178082191780823,100.15037011193603,0.9467318988471728,18.74964750731442,0.32965216926495206,6661.21,6688.46,0.01643835616438356,25.731207314629337,26.785996991844968,-22.89844424358546,-6.083021612469945,1.005870239072439,1.0-2.0%,1.00-1.02,2025-09-29→2025-09-30
2025-09-29,2025-09-30,P,6700.0,0.019178082191780823,139.25326532355558,-0.05326810115373871,57.85071666868953,-0.6703011321380453,6661.21,6688.46,0.01643835616438356,48.305997723386945,38.59371934042838,-11.398444243560622,5.415705850761732,1.005870239072439,1.0-2.0%,1.00-1.02,2025-09-29→2025-09-30
2025-09-29,2025-09-30,C,6705.0,0.019178082191780823,102.92358207184618,0.9370508578445785,16.89967133023697,0.30764715563909356,6661.21,6688.46,0.01643835616438356,23.247090978840824,24.36293284914109,-22.934635876264764,-5.783384991165297,1.0066208885045826,1.0-2.0%,1.00-1.02,2025-09-29→2025-09-30
2025-09-29,2025-09-30,P,6705.0,0.019178082191780823,147.02671078733312,-0.06294914215649403,61.300738949068545,-0.6905329496309792,6661.21,6688.46,0.01643835616438356,50.83011630581407,41.48028082924793,-11.584635876235534,5.517022877444187,1.0066208885045826,1.0-2.0%,1.00-1.02,2025-09-29→2025-09-30
2025-09-29,2025-09-30,C,6710.0,0.019178082191780823,104.66597436419333,0.9456842768050189,15.199694025294093,0.28616655915551187,6661.21,6688.46,0.01643835616438356,20.71738938589496,22.102928759680708,-23.61989654293676,-5.648038736987696,1.0073715379367263,1.0-2.0%,1.00-1.02,2025-09-29→2025-09-30
2025-09-29,2025-09-30,P,6710.0,0.019178082191780823,153.76933658358323,-0.054315723195941704,64.35076282697173,-0.7134503331086032,6661.21,6688.46,0.01643835616438356,53.308649631084016,43.96323627124593,-11.869896542910583,6.091521577209441,1.0073715379367263,1.0-2.0%,1.00-1.02,2025-09-29→2025-09-30
2025-09-29,2025-09-30,C,6715.0,0.019178082191780823,101.51846464623854,0.9508503496069218,13.59971668538833,0.2650079817695071,6661.21,6688.46,0.01643835616438356,18.270388986104987,19.95664751675895,-24.060672026788623,-5.371467503219068,1.00812218736887,1.0-2.0%,1.00-1.02,2025-09-29→2025-09-30
2025-09-29,2025-09-30,P,6715.0,0.019178082191780823,155.62206036952514,-0.04914965039393637,68.0007834365415,-0.7327065664997267,6661.21,6688.46,0.01643835616438356,55.86988414950956,47.08522904530946,-12.660672026765234,5.96625393711755,1.00812218736887,1.0-2.0%,1.00-1.02,2025-09-29→2025-09-30
2025-09-29,2025-09-30,C,6720.0,0.019178082191780823,97.4377792626935,0.92675228014392,12.099738859567879,0.24423391145921275,6661.21,6688.46,0.01643835616438356,16.0735676530624,17.92550563110717,-23.703999633921818,-5.105374087263547,1.0088728368010136,1.0-2.0%,1.00-1.02,2025-09-29→2025-09-30
2025-09-29,2025-09-30,P,6720.0,0.019178082191780823,156.54160848986785,-0.07324771985701924,71.00080982581676,-0.7574079042347269,6661.21,6688.46,0.01643835616438356,58.68129773468252,49.514765501892725,-12.003999633896226,6.639365390396307,1.0088728368010136,1.0-2.0%,1.00-1.02,2025-09-29→2025-09-30
2025-09-29,2025-09-30,C,6725.0,0.019178082191780823,104.52728704905985,0.9390245608187933,10.699759986013305,0.2239118214923465,6661.21,6688.46,0.01643835616438356,13.91765562655776,16.010957066802348,-24.238419282312115,-4.751597135666441,1.0096234862331572,1.0-2.0%,1.00-1.02,2025-09-29→2025-09-30
2025-09-29,2025-09-30,P,6725.0,0.019178082191780823,168.6313497801122,-0.06097543918219718,74.6008321100071,-0.7779072644853787,6661.21,6688.46,0.01643835616438356,61.53362062639313,52.5960794398743,-12.638419282285124,6.897972957226575,1.0096234862331572,1.0-2.0%,1.00-1.02,2025-09-29→2025-09-30
2025-09-29,2025-09-30,C,6730.0,0.019178082191780823,102.7848695488263,0.9447172916825762,9.399781756328366,0.20411530155827473,6661.21,6688.46,0.01643835616438356,11.835835796276912,14.214516335880944,-24.6435461983502,-4.462141967462987,1.0103741356653007,1.0-2.0%,1.00-1.02,2025-09-29→2025-09-30
2025-09-29,2025-09-30,P,6730.0,0.019178082191780823,171.88916578377527,-0.05528270831832989,78.90084663895414,-0.791836753707922,6661.21,6688.46,0.01643835616438356,64.46003571432838,56.473727065144885,-14.393546198325517,5.677551538540868,1.0103741356653007,1.0-2.0%,1.00-1.02,2025-09-29→2025-09-30
2025-09-29,2025-09-30,C,6735.0,0.019178082191780823,99.07631177218036,0.9420167184011061,8.2498016796701,0.1854808667126449,6661.21,6688.46,0.01643835616438356,9.926416874989332,12.59546770488032,-24.71995557643014,-4.104353617919575,1.0111247850974443,1.0-2.0%,1.00-1.02,2025-09-29→2025-09-30
2025-09-29,2025-09-30,P,6735.0,0.019178082191780823,173.180841510995,-0.057983281600082724,82.55086817321808,-0.8122752956169471,6661.21,6688.46,0.01643835616438356,67.55885171125627,59.633384024902625,-14.969955576397743,5.5845018055618105,1.0111247850974443,1.0-2.0%,1.00-1.02,2025-09-29→2025-09-30
2025-09-29,2025-09-30,C,6605.0,0.021917808219178082,122.95652481660294,0.9647651044772355,78.903757196289,0.6949084087141931,6661.21,6688.46,0.038356164383561646,124.11067269587096,111.00058716879175,5.810150902995325,13.163745862538232,0.9915027380614607,2.0-3.0%,0.98-1.00,2025-09-29→2025-09-30
2025-09-29,2025-09-30,P,6605.0,0.021917808219178082,66.35447861900687,-0.035234895522525,23.048332554484205,-0.3083473855728301,6661.21,6688.46,0.038356164383561646,46.24400563524663,27.808839460055196,12.460150902988802,19.90246625685962,0.9915027380614607,2.0-3.0%,0.98-1.00,2025-09-29→2025-09-30
2025-09-29,2025-09-30,C,6610.0,0.021917808219178082,119.39853557858466,0.9694402547647085,75.85366379603875,0.6777752519220829,6661.21,6688.46,0.038356164383561646,121.88053419041155,107.93799722462063,5.7327530576617,13.680624385123249,0.9922533078858827,2.0-3.0%,0.98-1.00,2025-09-29→2025-09-30
2025-09-29,2025-09-30,P,6610.0,0.021917808219178082,67.79619260109779,-0.03055974523535925,24.248257729504076,-0.32228410757364817,6661.21,6688.46,0.038356164383561646,49.01810129552422,28.78319043638453,12.182753057663541,20.132241931381913,0.9922533078858827,2.0-3.0%,0.98-1.00,2025-09-29→2025-09-30
2025-09-29,2025-09-30,C,6615.0,0.021917808219178082,115.0033035082643,0.9544952538545539,72.15358492321502,0.6631781047987014,6661.21,6688.46,0.019178082191780823,84.44541090674487,89.01384793176476,-14.159995667536599,-6.221603355764621,0.9930038777103047,2.0-3.0%,0.98-1.00,2025-09-29→2025-09-30
2025-09-29,2025-09-30,P,6615.0,0.021917808219178082,68.40066375093366,-0.04550474614535701,25.49817982102968,-0.3367028385508241,6661.21,6688.46,0.019178082191780823,21.00649745333318,15.166437714847461,-4.609995667539023,3.3251523505099563,0.9930038777103047,2.0-3.0%,0.98-1.00,2025-09-29→2025-09-30
2025-09-29,2025-09-30,C,6620.0,0.021917808219178082,118.41035438475072,0.9584526180805923,68.50350354160128,0.6481233473211573,6661.21,6688.46,0.019178082191780823,80.87956111723055,84.94875386155763,-16.617833842696143,-8.161361214501536,0.9937544475347267,2.0-3.0%,0.98-1.00,2025-09-29→2025-09-30
2025-09-29,2025-09-30,P,6620.0,0.021917808219178082,76.80741784757005,-0.041547381919143644,26.848098350722466,-0.3517740161734261,6661.21,6688.46,0.019178082191780823,22.448222181239448,16.100867193510567,-5.017833842703338,3.435841940725858,0.9937544475347267,2.0-3.0%,0.98-1.00,2025-09-29→2025-09-30
2025-09-29,2025-09-30,C,6625.0,0.021917808219178082,116.16538484883093,0.9640322080796497,64.85342066893008,0.6327469908457783,6661.21,6688.46,0.019178082191780823,77.27497350249432,80.88389130053747,-16.11987767017045,-7.0923555005474554,0.9945050173591488,2.0-3.0%,0.98-1.00,2025-09-29→2025-09-30
2025-09-29,2025-09-30,P,6625.0,0.021917808219178082,79.56215153177897,-0.03596779192021853,28.24801460239405,-0.36731236864994893,6661.21,6688.46,0.019178082191780823,23.851209083923436,17.076496928139704,-5.469877670174045,3.559262045711108,0.9945050173591488,2.0-3.0%,0.98-1.00,2025-09-29→2025-09-30
2025-09-29,2025-09-30,C,6630.0,0.021917808219178082,112.0899495797014,0.964094307901042,61.403332470660644,0.6164747912422933,6661.21,6688.46,0.019178082191780823,73.75657934899,76.98376743523477,-17.72156989030339,-8.24893806135249,0.9952555871835708,2.0-3.0%,0.98-1.00,2025-09-29→2025-09-30
2025-09-29,2025-09-30,P,6630.0,0.021917808219178082,80.48641948279649,-0.03590569209868547,29.697927781709495,-0.3833298441486568,6661.21,6688.46,0.019178082191780823,25.340389447838476,18.09341861318285,-5.821569890310822,3.6457382530508973,0.9952555871835708,2.0-3.0%,0.98-1.00,2025-09-29→2025-09-30
2025-09-29,2025-09-30,C,6635.0,0.021917808219178082,112.61616860082121,0.9500789394416728,57.95324280437717,0.5998905298686874,6661.21,6688.46,0.019178082191780823,70.4278719497093,73.08500624018961,-17.839651099785584,-8.297016938921736,0.9960061570079928,2.0-3.0%,0.98-1.00,2025-09-29→2025-09-30
2025-09-29,2025-09-30,P,6635.0,0.021917808219178082,86.01234172405015,-0.049921060558130385,31.34783673784068,-0.4001688296270407,6661.21,6688.46,0.019178082191780823,27.019256565977116,19.277611867792075,-5.889651099790947,3.6546006073368584,0.9960061570079928,2.0-3.0%,0.98-1.00,2025-09-29→2025-09-30
2025-09-29,2025-09-30,C,6640.0,0.021917808219178082,113.64430016499973,0.9587459566115181,54.65314962455477,0.5826536421541058,6661.21,6688.46,0.019178082191780823,66.99418534178965,69.31362948286733,-17.77582731766387,-7.527311748699388,0.9967567268324148,2.0-3.0%,0.98-1.00,2025-09-29→2025-09-30
2025-09-29,2025-09-30,P,6640.0,0.021917808219178082,92.04017650835199,-0.04125404338844615,32.947744523924484,-0.4172270139417975,6661.21,6688.46,0.019178082191780823,28.59314447547769,20.42115807412938,-6.575827317664846,3.6694361299139793,0.9967567268324148,2.0-3.0%,0.98-1.00,2025-09-29→2025-09-30
2025-09-29,2025-09-30,C,6645.0,0.021917808219178082,110.16014364212305,0.9636666230628005,51.30305514830252,0.5651403259470665,6661.21,6688.46,0.019178082191780823,63.60258550275711,65.50043344162077,-16.80991547846131,-5.950073882057561,0.9975072966568368,2.0-3.0%,0.98-1.00,2025-09-29→2025-09-30
2025-09-29,2025-09-30,P,6645.0,0.021917808219178082,93.5557232056308,-0.03633337693696967,34.69764908176512,-0.4349190335486604,6661.21,6688.46,0.019178082191780823,30.209119153866364,21.693039069223687,-7.159915478467578,3.701543664200994,0.9975072966568368,2.0-3.0%,0.98-1.00,2025-09-29→2025-09-30
2025-09-29,2025-09-30,C,6650.0,0.021917808219178082,105.837029715762,0.9426518678306925,48.25295611476167,0.5468666025305011,6661.21,6688.46,0.019178082191780823,60.41362546713896,61.94748953812996,-16.93726339838637,-6.152114918956155,0.9982578664812587,2.0-3.0%,0.98-1.00,2025-09-29→2025-09-30
2025-09-29,2025-09-30,P,6650.0,0.021917808219178082,94.23231249941024,-0.05734813216903598,36.49755082889442,-0.45304798526046863,6661.21,6688.46,0.019178082191780823,32.027733635667396,23.009112738388467,-6.8872633983937686,3.8955575983477715,0.9982578664812587,2.0-3.0%,0.98-1.00,2025-09-29→2025-09-30
2025-09-29,2025-09-30,C,6655.0,0.021917808219178082,111.19553744516566,0.9524115982488044,45.202855733239176,0.5282876861840995,6661.21,6688.46,0.019178082191780823,57.21729180861019,58.3977397343524,-25.103216052279926,-13.545839448516716,0.9990084363056807,2.0-3.0%,0.98-1.00,2025-09-29→2025-09-30
2025-09-29,2025-09-30,P,6655.0,0.021917808219178082,104.59052344894823,-0.04758840175097319,38.54744980896021,-0.4717453447271091,6661.21,6688.46,0.019178082191780823,33.83897449455874,24.546088368719666,-7.703216052285977,3.855060643813726,0.9990084363056807,2.0-3.0%,0.98-1.00,2025-09-29→2025-09-30
2025-09-29,2025-09-30,C,6660.0,0.021917808219178082,108.95560010588707,0.9578835106338325,42.102753178303374,0.5093165975037176,6661.21,6688.46,0.019178082191780823,53.99108921981338,54.804273256862416,-18.852325664771936,-6.628877281976305,0.9997590061301027,2.0-3.0%,0.98-1.00,2025-09-29→2025-09-30
2025-09-29,2025-09-30,P,6660.0,0.021917808219178082,107.35028932978764,-0.04211648936611476,40.497347111766885,-0.49074276199201017,6661.21,6688.46,0.019178082191780823,35.620346423181736,25.99687888446624,-8.202325664773374,4.022740264282275,0.9997590061301027,2.0-3.0%,0.98-1.00,2025-09-29→2025-09-30
2025-09-29,2025-09-30,C,6665.0,0.021917808219178082,104.94399713429893,0.9543669709235306,39.20264784579649,0.4898809801093244,6661.21,6688.46,0.019178082191780823,50.88352849662443,51.39034776129529,-19.156499957666217,-6.499256707979095,1.0005095759545248,2.0-3.0%,1.00-1.02,2025-09-29→2025-09-30
2025-09-29,2025-09-30,P,6665.0,0.021917808219178082,108.33838957834324,-0.0456330290764134,42.59724177926091,-0.510178379386403,6661.21,6688.46,0.019178082191780823,37.52036021741222,27.582953388898204,-8.606499957667737,4.05236083827948,1.0005095759545248,2.0-3.0%,1.00-1.02,2025-09-29→2025-09-30
2025-09-29,2025-09-30,C,6670.0,0.021917808219178082,106.91161399591839,0.9439923891136222,36.5025415064365,0.4701602135715726,6661.21,6688.46,0.019178082191780823,47.93334103923952,48.16106806885091,-19.2737926033462,-6.361865819825351,1.0012601457789467,2.0-3.0%,1.00-1.02,2025-09-29→2025-09-30
2025-09-29,2025-09-30,P,6670.0,0.021917808219178082,115.30570966013008,-0.05600761088602102,44.8471351995986,-0.5299435797465023,6661.21,6688.46,0.019178082191780823,39.57774727744757,29.307554976462598,-8.77379260335593,4.140962548092183,1.0012601457789467,2.0-3.0%,1.00-1.02,2025-09-29→2025-09-30
2025-09-29,2025-09-30,C,6675.0,0.021917808219178082,108.11732650456665,0.9524380769850914,34.002434055310005,0.4503437790720151,6661.21,6688.46,0.019178082191780823,44.86652593030135,45.12175290304367,-20.10393759784374,-6.42186797971241,1.0020107156033686,2.0-3.0%,1.00-1.02,2025-09-29→2025-09-30
2025-09-29,2025-09-30,P,6675.0,0.021917808219178082,121.51112538890393,-0.04756192301467121,47.14702608481457,-0.5500641538390397,6661.21,6688.46,0.019178082191780823,41.51850668592929,31.080458122914024,-9.303937597850211,4.389248192113831,1.0020107156033686,2.0-3.0%,1.00-1.02,2025-09-29→2025-09-30
2025-09-29,2025-09-30,C,6680.0,0.021917808219178082,104.71185913570508,0.9574919524610835,31.30232369038822,0.42986631371537043,6661.21,6688.46,0.019178082191780823,41.851400101475214,41.89823109476083,-20.541655704564526,-6.163857048743843,1.0027612854277907,2.0-3.0%,1.00-1.02,2025-09-29→2025-09-30
2025-09-29,2025-09-30,P,6680.0,0.021917808219178082,123.10536124016289,-0.04250804753888283,49.79691866125677,-0.5700011642476476,6661.21,6688.46,0.019178082191780823,43.510955374523085,33.18575064960123,-10.14165570456544,4.2325317257484,1.0027612854277907,2.0-3.0%,1.00-1.02,2025-09-29→2025-09-30
2025-09-29,2025-09-30,C,6685.0,0.021917808219178082,100.44117493148313,0.9333513449405777,28.90221369331266,0.40951806332475377,6661.21,6688.46,0.019178082191780823,39.055387329442084,38.96102515275015,-20.33382414963074,-6.059367225599539,1.0035118552522126,2.0-3.0%,1.00-1.02,2025-09-29→2025-09-30
2025-09-29,2025-09-30,P,6685.0,0.021917808219178082,123.83438025607927,-0.06664865505936629,52.396808956347286,-0.5902953646399496,6661.21,6688.46,0.019178082191780823,45.72251711991001,35.24992978277214,-9.933824149632269,4.335548686438628,1.0035118552522126,2.0-3.0%,1.00-1.02,2025-09-29→2025-09-30
2025-09-29,2025-09-30,C,6690.0,0.021917808219178082,107.00956991674151,0.9460077405133925,26.652103959804663,0.38921583173226826,6661.21,6688.46,0.019178082191780823,36.22847653004854,36.17324845834355,-21.178710928989947,-6.006131414704308,1.0042624250766348,2.0-3.0%,1.00-1.02,2025-09-29→2025-09-30
2025-09-29,2025-09-30,P,6690.0,0.021917808219178082,135.4024784614826,-0.053992259486477914,55.046697893268174,-0.6108435277634578,6661.21,6688.46,0.019178082191780823,47.90318083793709,37.365854085947376,-10.578710928993473,4.595486131554228,1.0042624250766348,2.0-3.0%,1.00-1.02,2025-09-29→2025-09-30
2025-09-29,2025-09-30,C,6695.0,0.021917808219178082,104.9224301520407,0.9515926614291795,24.451993667645638,0.3687313689886013,6661.21,6688.46,0.019178082191780823,33.39227314931284,33.43925796370877,-21.730900023945143,-5.847929804939387,1.0050129949010567,2.0-3.0%,1.00-1.02,2025-09-29→2025-09-30
2025-09-29,2025-09-30,P,6695.0,0.021917808219178082,138.31504191690973,-0.04840733857083162,57.846587601109604,-0.6313279905071243,6661.21,6688.46,0.019178082191780823,50.07455197462082,39.631863591313504,-11.230900023944843,4.653687741319132,1.0050129949010567,2.0-3.0%,1.00-1.02,2025-09-29→2025-09-30
2025-09-29,2025-09-30,C,6700.0,0.021917808219178082,101.02775889149339,0.9469644392770505,22.251880130306745,0.34781271309885187,6661.21,6688.46,0.019178082191780823,30.68896847552533,30.707854511948426,-21.90478097029963,-5.577896431943715,1.0057635647254788,2.0-3.0%,1.00-1.02,2025-09-29→2025-09-30
2025-09-29,2025-09-30,P,6700.0,0.021917808219178082,139.4200738765129,-0.053035560722797415,60.74647634068879,-0.6518254762905639,6661.21,6688.46,0.019178082191780823,52.37882181825353,42.00114417642135,-11.30478097030377,5.012244228917865,1.0057635647254788,2.0-3.0%,1.00-1.02,2025-09-29→2025-09-30
2025-09-29,2025-09-30,C,6705.0,0.021917808219178082,103.64581511445375,0.9373466424254329,20.45177435932692,0.32825202359974076,6661.21,6688.46,0.019178082191780823,28.13019853937314,28.38458771887599,-22.242696006093045,-5.644867643092935,1.0065141345499007,2.0-3.0%,1.00-1.02,2025-09-29→2025-09-30
2025-09-29,2025-09-30,P,6705.0,0.021917808219178082,147.03783331962143,-0.06265335757432239,63.79636699240655,-0.6720476006251074,6661.21,6688.46,0.019178082191780823,54.827626399521094,44.526112779085,-11.092696006099713,5.513297117034178,1.0065141345499007,2.0-3.0%,1.00-1.02,2025-09-29→2025-09-30
2025-09-29,2025-09-30,C,6710.0,0.021917808219178082,105.22724250379008,0.9458887814898107,18.55166491015234,0.3079374487400062,6661.21,6688.46,0.019178082191780823,25.519575720907405,25.965950071093175,-22.775469295597343,-5.391295478165169,1.0072647043743228,2.0-3.0%,1.00-1.02,2025-09-29→2025-09-30
2025-09-29,2025-09-30,P,6710.0,0.021917808219178082,153.61896392908412,-0.05411121851002021,67.99628795045646,-0.686575699729908,6661.21,6688.46,0.019178082191780823,57.224578098474915,48.244255506807804,-12.52546929560195,4.709187817639993,1.0072647043743228,2.0-3.0%,1.00-1.02,2025-09-29→2025-09-30
2025-09-29,2025-09-30,C,6715.0,0.021917808219178082,102.01190373108552,0.9510157737517125,16.801557158920332,0.2880660779587326,6661.21,6688.46,0.019178082191780823,22.985923293023994,23.707250193874188,-24.315179834734167,-6.249800624375463,1.0080152741987447,2.0-3.0%,1.00-1.02,2025-09-29→2025-09-30
2025-09-29,2025-09-30,P,6715.0,0.021917808219178082,155.40332837651232,-0.048984226248167485,71.14618154402979,-0.7063602685767926,6661.21,6688.46,0.019178082191780823,59.698500188010826,50.8969010429505,-12.815179834737442,5.098317318717591,1.0080152741987447,2.0-3.0%,1.00-1.02,2025-09-29→2025-09-30
2025-09-29,2025-09-30,C,6720.0,0.021917808219178082,97.88378861810487,0.9270501729311283,15.051447492066472,0.26777523674396614,6661.21,6688.46,0.019178082191780823,20.664990680184175,21.451836278745304,-22.81211721237325,-4.846875201273078,1.0087658440231668,2.0-3.0%,1.00-1.02,2025-09-29→2025-09-30
2025-09-29,2025-09-30,P,6720.0,0.021917808219178082,156.2749164836855,-0.07294982706861623,74.49607889891831,-0.7253491788209581,6661.21,6688.46,0.019178082191780823,62.38514209259162,53.763246888024696,-12.512117212380208,5.265765122871109,1.0087658440231668,2.0-3.0%,1.00-1.02,2025-09-29→2025-09-30
2025-09-29,2025-09-30,C,6725.0,0.021917808219178082,104.88466815980019,0.9392368789344403,13.601346892048241,0.24916866418782493,6661.21,6688.46,0.019178082191780823,18.37323406374277,19.522064505537855,-23.4942049509635,-4.68984609911823,1.0095164138475887,2.0-3.0%,1.00-1.02,2025-09-29→2025-09-30
2025-09-29,2025-09-30,P,6725.0,0.021917808219178082,168.2754992455065,-0.06076312106546531,77.99598039686589,-0.7436420418196928,6661.21,6688.46,0.019178082191780823,65.10095999357029,56.79541970892842,-13.34420495096607,5.26424563958663,1.0095164138475887,2.0-3.0%,1.00-1.02,2025-09-29→2025-09-30
2025-09-29,2025-09-30,C,6730.0,0.021917808219178082,103.10842699342798,0.944896978630626,12.201246868800581,0.23068160492034817,6661.21,6688.46,0.019178082191780823,16.138857049623056,17.65362984315152,-23.94844266768456,-4.486073734079487,1.0102669836720106,2.0-3.0%,1.00-1.02,2025-09-29→2025-09-30
2025-09-29,2025-09-30,P,6730.0,0.021917808219178082,171.49896129926893,-0.05510302136926244,81.54588162834625,-0.7618409251546906,6661.21,6688.46,0.019178082191780823,67.87415749687028,59.888077978714136,-14.048442667687596,5.210165210465323,1.0102669836720106,2.0-3.0%,1.00-1.02,2025-09-29→2025-09-30
2025-09-29,2025-09-30,C,6735.0,0.021917808219178082,99.3802261513368,0.9422043485093068,10.90114991936889,0.21273033556456813,6661.21,6688.46,0.019178082191780823,14.052073613705192,15.90162664684658,-24.17506849687861,-4.296901644134482,1.0110175534964327,2.0-3.0%,1.00-1.02,2025-09-29→2025-09-30
2025-09-29,2025-09-30,P,6735.0,0.021917808219178082,172.77046367732157,-0.05779565149053269,85.24578813484095,-0.7791374788655442,6661.21,6688.46,0.019178082191780823,70.79494857837292,63.151116532554624,-14.675068496882984,4.9814962990860785,1.0110175534964327,2.0-3.0%,1.00-1.02,2025-09-29→2025-09-30
2025-09-29,2025-09-30,C,6605.0,0.024657534246575342,128.6029042322404,0.9647636870051178,83.79122940216439,0.6804475081883057,6661.21,6688.46,0.038356164383561646,124.11067269587096,114.13355661708647,0.9101895291105286,8.657805401868657,0.9913789642327226,2.0-3.0%,0.98-1.00,2025-09-29→2025-09-30
2025-09-29,2025-09-30,P,6605.0,0.024657534246575342,71.17637456889601,-0.03523631299479954,26.304118478915825,-0.3195574698925997,6661.21,6688.46,0.038356164383561646,46.24400563524663,28.69699575162963,9.210189529108284,16.95794105457334,0.9913789642327226,2.0-3.0%,0.98-1.00,2025-09-29→2025-09-30
2025-09-29,2025-09-30,C,6610.0,0.024657534246575342,125.02161960859404,0.969230626832447,80.04139832486726,0.6673456564267065,6661.21,6688.46,0.038356164383561646,121.88053419041155,110.1441631203561,1.5384654188158216,9.76483086237225,0.9921294403600752,2.0-3.0%,0.98-1.00,2025-09-29→2025-09-30
2025-09-29,2025-09-30,P,6610.0,0.024657534246575342,72.59416902950056,-0.03076937316783726,27.654291853864834,-0.3330045309166281,6661.21,6688.46,0.038356164383561646,49.01810129552422,29.827161694764527,8.788465418823568,17.02437346747812,0.9921294403600752,2.0-3.0%,0.98-1.00,2025-09-29→2025-09-30
2025-09-29,2025-09-30,C,6615.0,0.024657534246575342,120.62393665419093,0.9549521301418924,76.34157253549074,0.6538292969266896,6661.21,6688.46,0.021917808219178082,89.97970734501304,92.8199855283965,-15.372445546366563,-7.166848341252283,0.9928799164874278,2.0-3.0%,0.98-1.00,2025-09-29→2025-09-30
2025-09-29,2025-09-30,P,6615.0,0.024657534246575342,73.19556515942256,-0.04504786985796198,28.954465893015822,-0.3465075969070698,6661.21,6688.46,0.021917808219178082,25.736504643714657,18.306184579059845,-4.472445546370535,3.7423320157176523,0.9928799164874278,2.0-3.0%,0.98-1.00,2025-09-29→2025-09-30
2025-09-29,2025-09-30,C,6620.0,0.024657534246575342,123.68314363193247,0.9587042963649917,72.64175110987344,0.6400339922655747,6661.21,6688.46,0.021917808219178082,86.5279736414977,88.7499589316576,-14.774692075946028,-6.090926289236915,0.9936303926147804,2.0-3.0%,0.98-1.00,2025-09-29→2025-09-30
2025-09-29,2025-09-30,P,6620.0,0.024657534246575342,81.25385122142221,-0.041295703635069694,30.254644278137675,-0.3602894637423096,6661.21,6688.46,0.021917808219178082,27.29173752923692,19.23654387595434,-4.874692075944351,3.8178878869779354,0.9936303926147804,2.0-3.0%,0.98-1.00,2025-09-29→2025-09-30
2025-09-29,2025-09-30,C,6625.0,0.024657534246575342,121.33690868866061,0.9640351135151346,69.14193886886187,0.6254119095197229,6661.21,6688.46,0.021917808219178082,83.03890687845987,84.84731336719778,-17.419956843287423,-8.192474534412455,0.9943808687421328,2.0-3.0%,0.98-1.00,2025-09-29→2025-09-30
2025-09-29,2025-09-30,P,6625.0,0.024657534246575342,83.90669536242734,-0.035964886485013114,31.75483186051224,-0.37489671368134275,6661.21,6688.46,0.021917808219178082,28.809637355239012,20.33432550551356,-5.319956843283394,3.9159354478165884,0.9943808687421328,2.0-3.0%,0.98-1.00,2025-09-29→2025-09-30
2025-09-29,2025-09-30,C,6630.0,0.024657534246575342,117.22164657350659,0.9640907201259142,65.69213204739344,0.6104183771929897,6661.21,6688.46,0.021917808219178082,79.63458255169964,80.98805119888766,-16.971472123431152,-7.3339007785089585,0.9951313448694854,2.0-3.0%,0.98-1.00,2025-09-29→2025-09-30
2025-09-29,2025-09-30,P,6630.0,0.024657534246575342,84.79051233155693,-0.03590927987416625,33.25502343682592,-0.3897658398802687,6661.21,6688.46,0.021917808219178082,30.412279617518443,21.432837050689614,-5.671472123428968,3.9711191367373235,0.9951313448694854,2.0-3.0%,0.98-1.00,2025-09-29→2025-09-30
2025-09-29,2025-09-30,C,6635.0,0.024657534246575342,117.47832941196167,0.9506334751439652,62.24232895512523,0.5951404175122755,6661.21,6688.46,0.021917808219178082,76.39831541633599,77.12920238501465,-16.15476219767305,-6.467576377209507,0.995881820996838,2.0-3.0%,0.98-1.00,2025-09-29→2025-09-30
2025-09-29,2025-09-30,P,6635.0,0.024657534246575342,90.04627425430283,-0.04936652485605551,34.85522155259514,-0.40513750448151986,6661.21,6688.46,0.021917808219178082,32.18297907119359,22.6170790391443,-5.65476219767248,4.039996997121424,0.995881820996838,2.0-3.0%,0.98-1.00,2025-09-29→2025-09-30
2025-09-29,2025-09-30,C,6640.0,0.024657534246575342,118.21303443451167,0.9589205836020572,58.89253227233439,0.5793655487894771,6661.21,6688.46,0.021917808219178082,73.07681534761622,73.35656875451241,-16.03058590315606,-5.687711204513249,0.9966322971241905,2.0-3.0%,0.98-1.00,2025-09-29→2025-09-30
2025-09-29,2025-09-30,P,6640.0,0.024657534246575342,95.78005836113178,-0.041079416398008384,36.505424660735116,-0.420896151336386,6661.21,6688.46,0.021917808219178082,33.868445591511716,23.844894288791238,-6.180585903154272,4.1694201239165185,0.9966322971241905,2.0-3.0%,0.98-1.00,2025-09-29→2025-09-30
2025-09-29,2025-09-30,C,6645.0,0.024657534246575342,114.63284699051289,0.9636430654326689,55.69274313806136,0.5630705701043438,6661.21,6688.46,0.021917808219178082,69.79748966156104,69.71551308146718,-18.95927353304023,-8.043673035343371,0.9973827732515431,2.0-3.0%,0.98-1.00,2025-09-29→2025-09-30
2025-09-29,2025-09-30,P,6645.0,0.024657534246575342,97.19895000141851,-0.036356934567348766,38.205633734688035,-0.4370531028442579,6661.21,6688.46,0.021917808219178082,35.596086494496035,25.11629412531147,-6.7592735330397495,4.159697052506024,0.9973827732515431,2.0-3.0%,0.98-1.00,2025-09-29→2025-09-30
2025-09-29,2025-09-30,C,6650.0,0.024657534246575342,110.25258262322842,0.9434227619111386,52.44295558317117,0.5465185657332593,6661.21,6688.46,0.021917808219178082,66.69613915349797,66.03090769319806,-18.15827026207853,-7.342630916231318,0.9981332493788957,2.0-3.0%,0.98-1.00,2025-09-29→2025-09-30
2025-09-29,2025-09-30,P,6650.0,0.024657534246575342,97.81776471841914,-0.05657723808881709,40.10584808179601,-0.4537515906191673,6661.21,6688.46,0.021917808219178082,37.5017025754719,26.564657764366984,-6.608270262079733,4.21473084437231,0.9981332493788957,2.0-3.0%,0.98-1.00,2025-09-29→2025-09-30
2025-09-29,2025-09-30,C,6655.0,0.024657534246575342,115.08891278630571,0.9527525589914068,49.44317577405718,0.5294381913341116,6661.21,6688.46,0.021917808219178082,63.600207595132396,62.56958002866759,-17.86250723251584,-6.327190713854547,0.9988837255062482,2.0-3.0%,0.98-1.00,2025-09-29→2025-09-30
2025-09-29,2025-09-30,P,6655.0,0.024657534246575342,107.65317396576202,-0.047247441008715425,42.006067163489206,-0.470746025739148,6661.21,6688.46,0.021917808219178082,39.41273760614563,28.014365880469086,-7.262507232512502,4.277829201391786,0.9988837255062482,2.0-3.0%,0.98-1.00,2025-09-29→2025-09-30
2025-09-29,2025-09-30,C,6660.0,0.024657534246575342,112.66180546562762,0.9580241718946526,46.49339976898091,0.5120592219609277,6661.21,6688.46,0.021917808219178082,60.480230826730896,59.15546024158539,-18.456158684129285,-6.303613798435281,0.9996342016336007,2.0-3.0%,0.98-1.00,2025-09-29→2025-09-30
2025-09-29,2025-09-30,P,6660.0,0.024657534246575342,110.22514572936335,-0.0419758281054855,44.05629115841339,-0.4881249951123318,6661.21,6688.46,0.021917808219178082,41.29972742678422,29.60024609338734,-7.806158684125522,4.35140611681104,0.9996342016336007,2.0-3.0%,0.98-1.00,2025-09-29→2025-09-30
2025-09-29,2025-09-30,C,6665.0,0.024657534246575342,108.54826873085379,0.9546146393082954,43.59362781784921,0.4943656750295186,6661.21,6688.46,0.021917808219178082,57.473919234025914,55.78839299715537,-26.01324892115105,-13.471464644554382,1.0003846777609533,2.0-3.0%,1.00-1.02,2025-09-29→2025-09-30
2025-09-29,2025-09-30,P,6665.0,0.024657534246575342,111.11068807888385,-0.045385360691785115,46.10651938609044,-0.5058324428952465,6661.21,6688.46,0.021917808219178082,43.30038242311727,31.187176922862818,-7.963248921148859,4.583934068895465,1.0003846777609533,2.0-3.0%,1.00-1.02,2025-09-29→2025-09-30
2025-09-29,2025-09-30,C,6670.0,0.024657534246575342,110.18309413319855,0.9445191006410727,40.69386061238856,0.4763040118496522,6661.21,6688.46,0.021917808219178082,54.60646642330085,52.42161367123299,-25.938145492469232,-13.179284322903026,1.0011351538883058,2.0-3.0%,1.00-1.02,2025-09-29→2025-09-30
2025-09-29,2025-09-30,P,6670.0,0.024657534246575342,117.74459256551367,-0.05548089935894812,48.25675200182195,-0.5238802052236071,6661.21,6688.46,0.021917808219178082,45.43989620143147,32.8663995230354,-8.038145492468662,4.725735592343296,1.0011351538883058,2.0-3.0%,1.00-1.02,2025-09-29→2025-09-30
2025-09-29,2025-09-30,C,6675.0,0.024657534246575342,111.01785932129324,0.9526832051890257,38.044095622310124,0.4580649590409163,6661.21,6688.46,0.021917808219178082,51.6529854877072,49.28856370324229,-19.36061734140095,-5.882270133864969,1.0018856300156584,2.0-3.0%,1.00-1.02,2025-09-29→2025-09-30
2025-09-29,2025-09-30,P,6675.0,0.024657534246575342,123.57843683787866,-0.047316794811110285,50.70698559007815,-0.5420087884400716,6661.21,6688.46,0.021917808219178082,47.49338185487701,34.82751405672116,-8.76061734139725,4.719739484991948,1.0018856300156584,2.0-3.0%,1.00-1.02,2025-09-29→2025-09-30
2025-09-29,2025-09-30,C,6680.0,0.024657534246575342,107.45799411583059,0.9575990305905019,35.49433304609602,0.4396499224356646,6661.21,6688.46,0.021917808219178082,48.7573351510414,46.2525965180962,-19.94457358359118,-5.830460386371861,1.002636106143011,2.0-3.0%,1.00-1.02,2025-09-29→2025-09-30
2025-09-29,2025-09-30,P,6680.0,0.024657534246575342,125.01765071671443,-0.04240096940951249,53.0072254286506,-0.5606113727024212,6661.21,6688.46,0.021917808219178082,49.60469810725027,36.64973913298263,-9.344573583590785,4.776659906140978,1.002636106143011,2.0-3.0%,1.00-1.02,2025-09-29→2025-09-30
2025-09-29,2025-09-30,C,6685.0,0.024657534246575342,103.07124212127478,0.9340417266069695,32.99457337909871,0.42100356769452724,6661.21,6688.46,0.021917808219178082,46.048683164939675,43.26683895862698,-19.702637050039918,-5.722347219675868,1.0033865822703636,2.0-3.0%,1.00-1.02,2025-09-29→2025-09-30
2025-09-29,2025-09-30,P,6685.0,0.024657534246575342,125.62997780642625,-0.065958273393191,55.60746348791781,-0.5790812663450152,6661.21,6688.46,0.021917808219178082,51.90301271018721,38.75984096159209,-8.802637050035546,5.179964507901664,1.0033865822703636,2.0-3.0%,1.00-1.02,2025-09-29→2025-09-30
2025-09-29,2025-09-30,C,6690.0,0.024657534246575342,109.14462813484742,0.946332657215763,30.494818600831877,0.4019780304275022,6661.21,6688.46,0.021917808219178082,43.32952061509753,40.282051969315944,-20.287564909129543,-5.453901329149435,1.004137058397716,2.0-3.0%,1.00-1.02,2025-09-29→2025-09-30
2025-09-29,2025-09-30,P,6690.0,0.024657534246575342,136.702442904274,-0.05366734278440506,58.00771158154885,-0.5983296707719513,6661.21,6688.46,0.021917808219178082,54.19081674938492,40.67802207406703,-9.737564909124965,5.1044835285356704,1.004137058397716,2.0-3.0%,1.00-1.02,2025-09-29→2025-09-30
2025-09-29,2025-09-30,C,6695.0,0.024657534246575342,106.8422128570568,0.9517928371988121,28.295058670857998,0.3833556581557984,6661.21,6688.46,0.021917808219178082,40.60875827344862,37.59238940104524,-20.936354813667634,-5.44644168474551,1.0048875345250685,2.0-3.0%,1.00-1.02,2025-09-29→2025-09-30
2025-09-29,2025-09-30,P,6695.0,0.024657534246575342,139.39910671076146,-0.04820716280145716,60.90794816931884,-0.6166819036071597,6661.21,6688.46,0.021917808219178082,56.47702099677445,43.08658201571279,-11.586354813660291,3.904581873295104,1.0048875345250685,2.0-3.0%,1.00-1.02,2025-09-29→2025-09-30
2025-09-29,2025-09-30,C,6700.0,0.024657534246575342,102.8036733424457,0.9472385863391007,26.04530460320393,0.364271500590069,6661.21,6688.46,0.021917808219178082,38.01753047362858,34.856251733066074,-21.112251477740497,-5.226398391079382,1.0056380106524212,2.0-3.0%,1.00-1.02,2025-09-29→2025-09-30
2025-09-29,2025-09-30,P,6700.0,0.024657534246575342,140.35964628045713,-0.05276141366090188,63.65819377684784,-0.6357407780872392,6661.21,6688.46,0.021917808219178082,58.89275978599372,45.351069144468056,-10.662251477740424,5.223936202877265,1.0056380106524212,2.0-3.0%,1.00-1.02,2025-09-29→2025-09-30
2025-09-29,2025-09-30,C,6705.0,0.024657534246575342,105.15319053563582,0.9377412739659083,23.94554865824375,0.3453365297576872,6661.21,6688.46,0.021917808219178082,35.549949513086396,32.27198024866584,-21.203449715571,-5.060420435896974,1.0063884867797737,2.0-3.0%,1.00-1.02,2025-09-29→2025-09-30
2025-09-29,2025-09-30,P,6705.0,0.024657534246575342,147.708242557912,-0.062258726034267096,66.60843495744666,-0.6544527042493915,6661.21,6688.46,0.021917808219178082,61.43214541449029,47.81809020325227,-10.903449715566216,5.233836190795923,1.0063884867797737,2.0-3.0%,1.00-1.02,2025-09-29→2025-09-30
2025-09-29,2025-09-30,C,6710.0,0.024657534246575342,106.44363590812779,0.9461296907777343,22.045786239792506,0.3269005886607558,6661.21,6688.46,0.021917808219178082,33.03687860440981,29.894085925062882,-21.882034073693262,-5.008041041005596,1.0071389629071263,2.0-3.0%,1.00-1.02,2025-09-29→2025-09-30
2025-09-29,2025-09-30,P,6710.0,0.024657534246575342,153.9977670147035,-0.05387030922227471,69.60867762922499,-0.6732836284125056,6661.21,6688.46,0.021917808219178082,63.92604109485232,50.338871776863925,-11.132034073693008,5.7469788742407815,1.0071389629071263,2.0-3.0%,1.00-1.02,2025-09-29→2025-09-30
2025-09-29,2025-09-30,C,6715.0,0.024657534246575342,103.08225532693832,0.9511900910260428,20.24602174178608,0.3086737501192591,6661.21,6688.46,0.021917808219178082,30.611271769400734,27.62386960384856,-22.419929980459667,-4.911359690749812,1.0078894390344788,2.0-3.0%,1.00-1.02,2025-09-29→2025-09-30
2025-09-29,2025-09-30,P,6715.0,0.024657534246575342,155.6354655178025,-0.04880990897386603,73.95884029699027,-0.6859391251893138,6661.21,6688.46,0.021917808219178082,66.50740084888258,54.25979247195119,-12.619929980462153,4.7418411614087965,1.0078894390344788,2.0-3.0%,1.00-1.02,2025-09-29→2025-09-30
2025-09-29,2025-09-30,C,6720.0,0.024657534246575342,98.83650917622032,0.9274614824275955,18.44625985501898,0.2901592296031619,6661.21,6688.46,0.021917808219178082,28.36124601730371,25.35753198968314,-22.023325396151975,-4.656839006686157,1.0086399151618315,2.0-3.0%,1.00-1.02,2025-09-29→2025-09-30
2025-09-29,2025-09-30,P,6720.0,0.024657534246575342,156.38879845136816,-0.07253851757231118,77.00908152352167,-0.704615243267732,6661.21,6688.46,0.021917808219178082,69.26434168582483,56.851516636979795,-12.02332539615452,5.200765379045695,1.0086399151618315,2.0-3.0%,1.00-1.02,2025-09-29→2025-09-30
2025-09-29,2025-09-30,C,6725.0,0.024657534246575342,105.59394302611156,0.9394942718901838,16.74649573758734,0.2718591536473048,6661.21,6688.46,0.021917808219178082,26.12980467782802,23.199011117557802,-22.651218909007508,-4.458161936889056,1.009390391289184,2.0-3.0%,1.00-1.02,2025-09-29→2025-09-30
2025-09-29,2025-09-30,P,6725.0,0.024657534246575342,168.14531138551865,-0.06050572810996501,80.3093101323011,-0.7223514201456547,6661.21,6688.46,0.021917808219178082,72.03986693538876,59.706336360430214,-12.65121890900345,5.384076198969094,1.009390391289184,2.0-3.0%,1.00-1.02,2025-09-29→2025-09-30
2025-09-29,2025-09-30,C,6730.0,0.024657534246575342,103.69882200823272,0.9451019505583159,15.096733245879022,0.2534946993172494,6661.21,6688.46,0.021917808219178082,23.943241111837835,21.095661549115903,-23.004028152714106,-4.157730556395044,1.0101408674165364,2.0-3.0%,1.00-1.02,2025-09-29→2025-09-30
2025-09-29,2025-09-30,P,6730.0,0.024657534246575342,171.24926945194454,-0.054898049441575836,83.70953512238975,-0.7397954290431862,6661.21,6688.46,0.021917808219178082,74.8602699584368,62.67065919163542,-13.204028152717061,5.45942544142682,1.0101408674165364,2.0-3.0%,1.00-1.02,2025-09-29→2025-09-30
2025-09-29,2025-09-30,C,6735.0,0.024657534246575342,99.88995053283905,0.9424206711176182,13.796941855628802,0.23724695104749452,6661.21,6688.46,0.021917808219178082,21.89863567160039,19.37518915093233,-24.330963287955093,-5.114979416044226,1.010891343543889,2.0-3.0%,1.00-1.02,2025-09-29→2025-09-30
2025-09-29,2025-09-30,P,6735.0,0.024657534246575342,172.4394770608234,-0.05757932888238559,87.2597507692808,-0.7565375364385326,6661.21,6688.46,0.021917808219178082,77.82263110723858,65.80016524859911,-13.680963287954993,5.365647867950013,1.010891343543889,2.0-3.0%,1.00-1.02,2025-09-29→2025-09-30
2025-09-29,2025-09-30,C,6605.0,0.0273972602739726,134.3635373142838,0.9644739123860041,87.74962609000886,0.6701447762566695,6661.21,6688.46,0.038356164383561646,124.11067269587096,115.83909386360756,-3.0319141125186135,4.988554847005759,0.9912952953976152,2.0-3.0%,0.98-1.00,2025-09-29→2025-09-30
2025-09-29,2025-09-30,P,6605.0,0.0273972602739726,76.37967196981167,-0.035526087614183084,29.700184095684563,-0.3299689698589039,6661.21,6688.46,0.038356164383561646,46.24400563524663,29.80721255254889,5.818085887486487,13.84165442865513,0.9912952953976152,2.0-3.0%,0.98-1.00,2025-09-29→2025-09-30
2025-09-29,2025-09-30,C,6610.0,0.0273972602739726,130.70828540322034,0.968781860794926,84.04963300435884,0.6577644570624476,6661.21,6688.46,0.038356164383561646,121.88053419041155,111.89077366316906,-2.4493057066617467,6.025918545048292,0.9920457081874695,2.0-3.0%,0.98-1.00,2025-09-29→2025-09-30
2025-09-29,2025-09-30,P,6610.0,0.0273972602739726,77.72307723864235,-0.03121813920544678,31.000191016538793,-0.3423605398711711,6661.21,6688.46,0.038356164383561646,49.01810129552422,30.85887930002582,5.450694293348426,13.929324711489414,0.9920457081874695,2.0-3.0%,0.98-1.00,2025-09-29→2025-09-30
2025-09-29,2025-09-30,C,6615.0,0.0273972602739726,126.24858083670654,0.9550372503589116,80.34964003885216,0.6451573683437306,6661.21,6688.46,0.024657534246575342,94.74056214056193,96.50919814625195,-14.874765072280336,-6.430538287366652,0.992796120977324,2.0-3.0%,0.98-1.00,2025-09-29→2025-09-30
2025-09-29,2025-09-30,P,6615.0,0.0273972602739726,78.26202985202768,-0.04496274964153265,32.40019820485577,-0.3552432945107509,6661.21,6688.46,0.024657534246575342,29.915155318241588,21.47464361917241,-4.474765072268238,3.9803797754179584,0.992796120977324,2.0-3.0%,0.98-1.00,2025-09-29→2025-09-30
2025-09-29,2025-09-30,C,6620.0,0.0273972602739726,129.0120715419277,0.9586486728403015,76.84964769152612,0.6318069278290501,6661.21,6688.46,0.024657534246575342,91.40321147339755,92.63927362953291,-15.973176334898213,-7.066738783341609,0.9935465337671783,2.0-3.0%,0.98-1.00,2025-09-29→2025-09-30
2025-09-29,2025-09-30,P,6620.0,0.0273972602739726,86.02417773716182,-0.041351327160013676,33.80020572101739,-0.36834192015919187,6661.21,6688.46,0.024657534246575342,31.58433117653329,22.5193441473466,-4.723176334889625,4.187317324337981,0.9935465337671783,2.0-3.0%,0.98-1.00,2025-09-29→2025-09-30
2025-09-29,2025-09-30,C,6625.0,0.0273972602739726,126.54234622696586,0.9637891625250168,73.19965489158267,0.6185743564892372,6661.21,6688.46,0.024657534246575342,88.0364031630216,88.64056231349787,-15.463254678806695,-6.0561512143317024,0.9942969465570326,2.0-3.0%,0.98-1.00,2025-09-29→2025-09-30
2025-09-29,2025-09-30,P,6625.0,0.0273972602739726,88.55310960210369,-0.036210837475343226,35.20021298392248,-0.38169427967561365,6661.21,6688.46,0.024657534246575342,33.22404939161251,23.563498012910713,-5.2132546787969,4.2011691211604685,0.9942969465570326,2.0-3.0%,0.98-1.00,2025-09-29→2025-09-30
2025-09-29,2025-09-30,C,6630.0,0.0273972602739726,122.34099820604068,0.9638471414445858,69.7996626982258,0.6045475058684814,6661.21,6688.46,0.024657534246575342,84.7592539390271,84.85754221745447,-15.064834604364961,-5.273919534916114,0.995047359346887,2.0-3.0%,0.98-1.00,2025-09-29→2025-09-30
2025-09-29,2025-09-30,P,6630.0,0.0273972602739726,89.35041876108073,-0.03615285855581578,36.80022079056471,-0.39572113029636863,6661.21,6688.46,0.024657534246575342,34.9534266930735,24.780477916866403,-5.614834604354018,4.183400800576047,0.995047359346887,2.0-3.0%,0.98-1.00,2025-09-29→2025-09-30
2025-09-29,2025-09-30,C,6635.0,0.0273972602739726,122.34479068929964,0.9508526746647084,66.34967060879262,0.5903669724047043,6661.21,6688.46,0.024657534246575342,81.64106227624194,81.03105685458468,-17.260735384613298,-7.437499998028187,0.9957977721367414,2.0-3.0%,0.98-1.00,2025-09-29→2025-09-30
2025-09-29,2025-09-30,P,6635.0,0.0273972602739726,94.35286842422558,-0.049147325335876776,38.300228655723004,-0.40982027715403846,6661.21,6688.46,0.024657534246575342,36.84176155574368,25.910045032054313,-5.4607353845973545,4.367602552447551,0.9957977721367414,2.0-3.0%,0.98-1.00,2025-09-29→2025-09-30
2025-09-29,2025-09-30,C,6640.0,0.0273972602739726,122.8459540411746,0.9588499928665271,63.09967884263415,0.5756093404789796,6661.21,6688.46,0.024657534246575342,78.45895472472293,77.38063469009285,-17.228662305612865,-6.785354528052196,0.9965481849265957,2.0-3.0%,0.98-1.00,2025-09-29→2025-09-30
2025-09-29,2025-09-30,P,6640.0,0.0273972602739726,99.8526889560343,-0.041150007133802,40.05023689747395,-0.4245920864937631,6661.21,6688.46,0.024657534246575342,38.66618052968044,27.25922653158068,-6.028662305603887,4.420134356955053,0.9965481849265957,2.0-3.0%,0.98-1.00,2025-09-29→2025-09-30
2025-09-29,2025-09-30,C,6645.0,0.0273972602739726,119.14860616633494,0.9634172405719906,59.749686382364416,0.5607132547029297,6661.21,6688.46,0.024657534246575342,75.32457105331582,73.64144949607817,-17.003119805586746,-6.029436190654833,0.9972985977164501,2.0-3.0%,0.98-1.00,2025-09-29→2025-09-30
2025-09-29,2025-09-30,P,6645.0,0.0273972602739726,101.15399826109089,-0.036582759428422755,41.80024451128793,-0.43960826155819166,6661.21,6688.46,0.024657534246575342,40.53832338372911,28.609120152359083,-6.50311980557548,4.479325127460722,0.9972985977164501,2.0-3.0%,0.98-1.00,2025-09-29→2025-09-30
2025-09-29,2025-09-30,C,6650.0,0.0273972602739726,114.67698920905512,0.9438569777427196,56.54969569508057,0.5453492686896746,6661.21,6688.46,0.024657534246575342,72.36227388755262,70.03564685606943,-16.670102643489113,-5.810767571793635,0.9980490105063045,2.0-3.0%,0.98-1.00,2025-09-29→2025-09-30
2025-09-29,2025-09-30,P,6650.0,0.0273972602739726,101.68103848373255,-0.05614302225751879,43.60025380886782,-0.4549572865007337,6661.21,6688.46,0.024657534246575342,42.582552743421616,30.003722973128333,-6.270102643482617,4.597586057144989,0.9980490105063045,2.0-3.0%,0.98-1.00,2025-09-29→2025-09-30
2025-09-29,2025-09-30,C,6655.0,0.0273972602739726,119.1069861499341,0.9528588097747894,53.449704501611905,0.5296203699271995,6661.21,6688.46,0.024657534246575342,69.41644522134396,66.52009609722745,-24.21540256636301,-12.682155080516187,0.9987994232961588,2.0-3.0%,0.98-1.00,2025-09-29→2025-09-30
2025-09-29,2025-09-30,P,6655.0,0.0273972602739726,111.10969260449444,-0.04714119022565693,45.45026259395081,-0.47064826623765055,6661.21,6688.46,0.024657534246575342,44.6432506026694,31.443031796638934,-6.81540256635085,4.725165254975977,0.9987994232961588,2.0-3.0%,0.98-1.00,2025-09-29→2025-09-30
2025-09-29,2025-09-30,C,6660.0,0.0273972602739726,116.5110593257507,0.9579697897547419,50.49971346367056,0.513557334062907,6661.21,6688.46,0.024657534246575342,66.46148294267692,63.14201793068878,-18.904676770816714,-6.794437353214214,0.9995498360860132,2.0-3.0%,0.98-1.00,2025-09-29→2025-09-30
2025-09-29,2025-09-30,P,6660.0,0.0273972602739726,113.51242296022772,-0.04203021024560963,47.50027155600901,-0.486711302101943,6661.21,6688.46,0.024657534246575342,46.69481484945695,33.06495363009981,-7.3046767708071405,4.812882982277944,0.9995498360860132,2.0-3.0%,0.98-1.00,2025-09-29→2025-09-30
2025-09-29,2025-09-30,C,6665.0,0.0273972602739726,112.28275402689378,0.9546602205030875,47.54972257412419,0.49721687041492973,6661.21,6688.46,0.024657534246575342,63.626842770777934,59.7646794932748,-19.564491008709133,-7.099159718806833,1.0003002488758677,2.0-3.0%,1.00-1.02,2025-09-29→2025-09-30
2025-09-29,2025-09-30,P,6665.0,0.0273972602739726,114.2827748412672,-0.045339779497407924,49.55028066646355,-0.5030517657499203,6661.21,6688.46,0.024657534246575342,48.866701203013434,34.687615192686735,-7.564491008695631,4.908160616685331,1.0003002488758677,2.0-3.0%,1.00-1.02,2025-09-29→2025-09-30
2025-09-29,2025-09-30,C,6670.0,0.0273972602739726,113.61919753395092,0.9448229517450996,44.69973185690469,0.48059171649337834,6661.21,6688.46,0.024657534246575342,60.92185197381398,56.48041298665248,-19.096425435053966,-6.446124274444561,1.001050661665722,2.0-3.0%,1.00-1.02,2025-09-29→2025-09-30
2025-09-29,2025-09-30,P,6670.0,0.0273972602739726,120.617875528243,-0.055177048255223134,51.75028993373189,-0.5196491135166321,6661.21,6688.46,0.024657534246575342,51.16823693150558,36.450235797520236,-7.696425435045173,4.960438343328223,1.001050661665722,2.0-3.0%,1.00-1.02,2025-09-29→2025-09-30
2025-09-29,2025-09-30,C,6675.0,0.0273972602739726,114.17175716417402,0.9527564861425117,41.94974124996452,0.4637203576228101,6661.21,6688.46,0.024657534246575342,58.16344613855198,53.29043567115332,-19.26261424738345,-5.936379745221579,1.0018010744555763,2.0-3.0%,1.00-1.02,2025-09-29→2025-09-30
2025-09-29,2025-09-30,P,6675.0,0.0273972602739726,126.16909233836293,-0.04724351385790804,54.050299291742704,-0.5364569453636919,6661.21,6688.46,0.024657534246575342,53.416357621698715,38.3080766447556,-8.362614247371997,4.968451761160614,1.0018010744555763,2.0-3.0%,1.00-1.02,2025-09-29→2025-09-30
2025-09-29,2025-09-30,C,6680.0,0.0273972602739726,110.46674853881183,0.9575531600187264,39.44974996114752,0.446834618745452,6661.21,6688.46,0.024657534246575342,55.4736036896053,50.33945734298004,-19.393323610510297,-5.476243360813571,1.0025514872454306,2.0-3.0%,1.00-1.02,2025-09-29→2025-09-30
2025-09-29,2025-09-30,P,6680.0,0.0273972602739726,127.4627408929135,-0.04244683998169447,56.350308110525475,-0.553562053815516,6661.21,6688.46,0.024657534246575342,55.7330416982073,40.1667356114599,-8.79332361049883,5.13456596647281,1.0025514872454306,2.0-3.0%,1.00-1.02,2025-09-29→2025-09-30
2025-09-29,2025-09-30,C,6685.0,0.0273972602739726,105.96170931151572,0.9345454699666437,36.89976028070396,0.4296478548346119,6661.21,6688.46,0.024657534246575342,52.961648487106835,47.343197373230396,-19.21636405659104,-5.457904044243174,1.003301900035285,2.0-3.0%,1.00-1.02,2025-09-29→2025-09-30
2025-09-29,2025-09-30,P,6685.0,0.0273972602739726,127.95635884552462,-0.06545453003375687,58.85031841933005,-0.5707037409678258,6661.21,6688.46,0.024657534246575342,58.227613021164586,42.217818120078846,-9.166364056580129,4.601676941373251,1.003301900035285,2.0-3.0%,1.00-1.02,2025-09-29→2025-09-30
2025-09-29,2025-09-30,C,6690.0,0.0273972602739726,111.61514972528843,0.9465179671835411,34.449769938326426,0.41233880816391505,6661.21,6688.46,0.024657534246575342,50.451814614584144,44.44494494064929,-19.842614605751493,-5.2862325224666815,1.0040523128251393,2.0-3.0%,1.00-1.02,2025-09-29→2025-09-30
2025-09-29,2025-09-30,P,6690.0,0.0273972602739726,138.60845643919373,-0.05348203281687337,61.350328145224466,-0.588135142848381,6661.21,6688.46,0.024657534246575342,60.72430567409798,44.27025268860962,-9.292614605740201,5.276682642618383,1.0040523128251393,2.0-3.0%,1.00-1.02,2025-09-29→2025-09-30
2025-09-29,2025-09-30,C,6695.0,0.0273972602739726,109.12007451725978,0.9518645855617461,32.099779645840954,0.3949506388972788,6661.21,6688.46,0.024657534246575342,47.954386465711146,41.64593956098997,-20.438309956557582,-5.262404909950847,1.0048027256149938,2.0-3.0%,1.00-1.02,2025-09-29→2025-09-30
2025-09-29,2025-09-30,P,6695.0,0.0273972602739726,141.11203841107277,-0.04813541443870779,64.05033780678332,-0.6054407165774851,6661.21,6688.46,0.024657534246575342,63.23340405068047,46.51955439733183,-9.388309956545209,5.798259526736473,1.0048027256149938,2.0-3.0%,1.00-1.02,2025-09-29→2025-09-30
2025-09-29,2025-09-30,C,6700.0,0.0273972602739726,104.9402603376404,0.9473932359150068,29.699789741125187,0.3770965346213601,6661.21,6688.46,0.024657534246575342,45.59328512607524,38.79789243154028,-20.46646567868394,-4.925880568432065,1.0055531384048482,2.0-3.0%,1.00-1.02,2025-09-29→2025-09-30
2025-09-29,2025-09-30,P,6700.0,0.0273972602739726,141.93088141136283,-0.05260676408539374,66.75034774999949,-0.6230279883215172,6661.21,6688.46,0.024657534246575342,65.87882923649995,48.7706786164199,-11.316465678673021,4.227512681761343,1.0055531384048482,2.0-3.0%,1.00-1.02,2025-09-29→2025-09-30
2025-09-29,2025-09-30,C,6705.0,0.0273972602739726,107.01688003277283,0.9380332278227574,27.649799166981666,0.35995193782312,6661.21,6688.46,0.024657534246575342,43.343050564259634,36.30029582042471,-20.711405458170137,-4.958690305680019,1.0063035511947025,2.0-3.0%,1.00-1.02,2025-09-29→2025-09-30
2025-09-29,2025-09-30,P,6705.0,0.0273972602739726,149.006158286417,-0.061966772177456386,69.55035744385077,-0.6406474393987347,6661.21,6688.46,0.024657534246575342,68.63512120013968,51.12247387028674,-11.511405458164324,4.257642723615511,1.0063035511947025,2.0-3.0%,1.00-1.02,2025-09-29→2025-09-30
2025-09-29,2025-09-30,C,6710.0,0.0273972602739726,108.0295175598443,0.9462723170958518,25.59980885856885,0.34257827517409933,6661.21,6688.46,0.024657534246575342,41.05624237621625,33.806010979526036,-21.28592064086196,-4.835257998494207,1.0070539639845568,2.0-3.0%,1.00-1.02,2025-09-29→2025-09-30
2025-09-29,2025-09-30,P,6710.0,0.0273972602739726,155.01745299336397,-0.05372768290465433,72.50036715983606,-0.6580651071417705,6661.21,6688.46,0.024657534246575342,71.35483953755107,53.627106934314725,-11.03592064084817,5.432274169613244,1.0070539639845568,2.0-3.0%,1.00-1.02,2025-09-29→2025-09-30
2025-09-29,2025-09-30,C,6715.0,0.0273972602739726,104.5094841208557,0.9512648929328414,23.6498184274883,0.32531326121440163,6661.21,6688.46,0.024657534246575342,38.85619236866723,31.416017228491455,-21.721968332419927,-4.664786368092441,1.0078043767744111,2.0-3.0%,1.00-1.02,2025-09-29→2025-09-30
2025-09-29,2025-09-30,P,6715.0,0.0273972602739726,156.49607673429293,-0.048735107067559055,75.50037686349242,-0.6755860084051223,6661.21,6688.46,0.024657534246575342,74.16131605545833,56.18452610167242,-11.171968332409016,5.909718729039582,1.0078043767744111,2.0-3.0%,1.00-1.02,2025-09-29→2025-09-30
2025-09-29,2025-09-30,C,6720.0,0.0273972602739726,100.1265036355106,0.9278115342273668,21.79982843963421,0.30820890016181374,6661.21,6688.46,0.024657534246575342,36.81898602225229,29.131618829600484,-21.43286430769575,-4.548692529409426,1.0085547895642655,2.0-3.0%,1.00-1.02,2025-09-29→2025-09-30
2025-09-29,2025-09-30,P,6720.0,0.0273972602739726,157.11175342886233,-0.07218846577299212,79.80038288882952,-0.6875229273181503,6661.21,6688.46,0.024657534246575342,77.13063623449901,60.09259070977396,-11.832864307685963,4.934999769419601,1.0085547895642655,2.0-3.0%,1.00-1.02,2025-09-29→2025-09-30
2025-09-29,2025-09-30,C,6725.0,0.0273972602739726,106.5845733123682,0.9396770485474459,19.99983760303803,0.29106317073743704,6661.21,6688.46,0.024657534246575342,34.79151322188635,26.901550884025255,-22.0561995729179,-4.381471402595158,1.00930520235412,2.0-3.0%,1.00-1.02,2025-09-29→2025-09-30
2025-09-29,2025-09-30,P,6725.0,0.0273972602739726,168.56848028562413,-0.06032295145293652,82.75039358718004,-0.7054269593314377,6661.21,6688.46,0.024657534246575342,80.10968995958872,62.61191256456004,-13.906199572907491,3.6728846417816676,1.00930520235412,2.0-3.0%,1.00-1.02,2025-09-29→2025-09-30
2025-09-29,2025-09-30,C,6730.0,0.0273972602739726,104.5266823110963,0.9452288326164763,18.249847206259346,0.2738584707550979,6661.21,6688.46,0.024657534246575342,32.790996224927405,24.72539977367842,-22.407485688798978,-4.112643328076416,1.0100556151439744,2.0-3.0%,1.00-1.02,2025-09-29→2025-09-30
2025-09-29,2025-09-30,P,6730.0,0.0273972602739726,171.50924646424062,-0.0547711673840416,86.20040237514877,-0.7211759961848768,6661.21,6688.46,0.024657534246575342,83.11569948808489,65.65637039825651,-12.70748568878487,5.452045896037891,1.0100556151439744,2.0-3.0%,1.00-1.02,2025-09-29→2025-09-30
2025-09-29,2025-09-30,C,6735.0,0.0273972602739726,100.59375543447737,0.9425638179618911,16.799856265106882,0.25811298649996556,6661.21,6688.46,0.024657534246575342,30.925725681537312,22.871672388511797,-22.734864039461534,-4.083578882124062,1.0108060279338287,2.0-3.0%,1.00-1.02,2025-09-29→2025-09-30
2025-09-29,2025-09-30,P,6735.0,0.0273972602739726,172.57497676754966,-0.05743618203840809,89.60041149328754,-0.7373712154385322,6661.21,6688.46,0.024657534246575342,86.25695547014993,68.65234141371639,-13.034864039453375,5.493365620700008,1.0108060279338287,2.0-3.0%,1.00-1.02,2025-09-29→2025-09-30
2025-09-29,2025-09-30,C,6605.0,0.030136986301369864,139.3698329675299,0.9646282506881598,93.30029636349991,0.6654960545506905,6661.21,6688.46,0.038356164383561646,124.11067269587096,119.522613709285,-8.586119831252354,-0.43476748650631336,0.990923345349431,3.0-4.0%,0.98-1.00,2025-09-29→2025-09-30
2025-09-29,2025-09-30,P,6605.0,0.030136986301369864,78.90833024273194,-0.03537174931068439,32.79985074540991,-0.3351480394829898,6661.21,6688.46,0.038356164383561646,46.24400563524663,30.57922671289748,2.7138801687161496,10.882784075911474,0.990923345349431,3.0-4.0%,0.98-1.00,2025-09-29→2025-09-30
2025-09-29,2025-09-30,C,6610.0,0.030136986301369864,135.67881070730343,0.9687924051377018,89.55029129469858,0.654108913606074,6661.21,6688.46,0.038356164383561646,121.88053419041155,115.51353599711274,-7.949593040002387,0.6255321042344697,0.9916734765722542,3.0-4.0%,0.98-1.00,2025-09-29→2025-09-30
2025-09-29,2025-09-30,P,6610.0,0.030136986301369864,80.21408958527601,-0.031207594861264083,34.099845619263306,-0.3466639672843882,6661.21,6688.46,0.038356164383561646,49.01810129552422,31.623474569052405,2.3504069599694533,10.946593108499586,0.9916734765722542,3.0-4.0%,0.98-1.00,2025-09-29→2025-09-30
2025-09-29,2025-09-30,C,6615.0,0.030136986301369864,131.19207278396456,0.9555038826102327,85.90028701728534,0.6422596880603187,6661.21,6688.46,0.0273972602739726,100.34693843739458,101.77645917317568,-15.53748080112884,-7.0015764996436864,0.9924236077950774,3.0-4.0%,0.98-1.00,2025-09-29→2025-09-30
2025-09-29,2025-09-30,P,6615.0,0.030136986301369864,80.72413326470802,-0.04449611738880779,35.3998413991967,-0.35838440597336096,6661.21,6688.46,0.0273972602739726,33.036954737770714,24.400212732450882,-4.087480801154992,4.465975062774081,0.9924236077950774,3.0-4.0%,0.98-1.00,2025-09-29→2025-09-30
2025-09-29,2025-09-30,C,6620.0,0.030136986301369864,133.75492269339225,0.9589895221643465,82.30028074113125,0.6300879093956319,6661.21,6688.46,0.0273972602739726,97.12424773667198,97.84960051335747,-15.23246447897845,-6.269895531030976,0.9931737390179006,3.0-4.0%,0.98-1.00,2025-09-29→2025-09-30
2025-09-29,2025-09-30,P,6620.0,0.030136986301369864,88.28376477693868,-0.04101047783453396,36.79983512304216,-0.3705561846380487,6661.21,6688.46,0.0273972602739726,34.818912575446085,25.473354072632446,-4.432464479008947,4.547656031386829,0.9931737390179006,3.0-4.0%,0.98-1.00,2025-09-29→2025-09-30
2025-09-29,2025-09-30,C,6625.0,0.030136986301369864,131.2225553164143,0.9639582434064037,78.80027500583083,0.6174959776652041,6661.21,6688.46,0.0273972602739726,93.88202683045371,94.00990373058539,-15.867862132824524,-6.426765391376836,0.9939238702407238,3.0-4.0%,0.98-1.00,2025-09-29→2025-09-30
2025-09-29,2025-09-30,P,6625.0,0.030136986301369864,90.74817900273823,-0.036041756592532254,38.2998293877431,-0.3831481163684761,6661.21,6688.46,0.0273972602739726,36.581340207624784,26.633657289861503,-4.617862132853491,4.84078617104098,0.9939238702407238,3.0-4.0%,0.98-1.00,2025-09-29→2025-09-30
2025-09-29,2025-09-30,C,6630.0,0.030136986301369864,126.98816633881465,0.9640130410936697,75.25026932731225,0.6047773425249169,6661.21,6688.46,0.0273972602739726,90.7285566066978,90.12578375144767,-16.119355369802495,-6.330182583803978,0.994674001463547,3.0-4.0%,0.98-1.00,2025-09-29→2025-09-30
2025-09-29,2025-09-30,P,6630.0,0.030136986301369864,91.51057162791393,-0.035986958905248154,39.84982363176323,-0.39604058639294115,6661.21,6688.46,0.0273972602739726,38.43251852226782,27.83800991031285,-5.219355369831991,4.592105979207643,0.994674001463547,3.0-4.0%,0.98-1.00,2025-09-29→2025-09-30
2025-09-29,2025-09-30,C,6635.0,0.030136986301369864,126.83077016215363,0.9514335577992792,71.80026347410012,0.5916366796979773,6661.21,6688.46,0.0273972602739726,87.7277016587776,86.32917667189668,-16.17656445003036,-6.372099521769883,0.9954241326863702,3.0-4.0%,0.98-1.00,2025-09-29→2025-09-30
2025-09-29,2025-09-30,P,6635.0,0.030136986301369864,96.34995705404468,-0.048566442199601316,41.449817755133154,-0.4092339318199722,6661.21,6688.46,0.0273972602739726,40.436312112744744,29.086594649384097,-5.176564450060864,4.651624642094243,0.9954241326863702,3.0-4.0%,0.98-1.00,2025-09-29→2025-09-30
2025-09-29,2025-09-30,C,6640.0,0.030136986301369864,127.20311215490062,0.9591654738562171,68.50025741980107,0.5780418041256702,6661.21,6688.46,0.0273972602739726,84.67953065668962,82.66604474003361,-16.337259162581905,-5.951639162424501,0.9961742639091934,3.0-4.0%,0.98-1.00,2025-09-29→2025-09-30
2025-09-29,2025-09-30,P,6640.0,0.030136986301369864,101.71908064957076,-0.0408345261427082,42.99981180171244,-0.4226022899080097,6661.21,6688.46,0.0273972602739726,42.392789649054286,30.28979829930904,-5.5372591626112,4.865912399993265,0.9961742639091934,3.0-4.0%,0.98-1.00,2025-09-29→2025-09-30
2025-09-29,2025-09-30,C,6645.0,0.030136986301369864,123.47199328095702,0.9635830695658869,65.20025222132517,0.5642172190180026,6661.21,6688.46,0.0273972602739726,81.67566736585681,79.00287023933015,-17.007638645670404,-6.1249192182405565,0.9969243951320166,3.0-4.0%,0.98-1.00,2025-09-29→2025-09-30
2025-09-29,2025-09-30,P,6645.0,0.030136986301369864,102.98474337839977,-0.03641693043310449,44.74980659168432,-0.4364782756645036,6661.21,6688.46,0.0273972602739726,44.39357489662005,31.671841332188706,-4.957638645697905,5.944033011857719,0.9969243951320166,3.0-4.0%,0.98-1.00,2025-09-29→2025-09-30
2025-09-29,2025-09-30,C,6650.0,0.030136986301369864,118.98628660525883,0.944647498443541,62.000244869287144,0.5500448592889505,6661.21,6688.46,0.0273972602739726,78.83647241787061,75.42985689729085,-16.291644332586504,-5.538722415623914,0.9976745263548398,3.0-4.0%,0.98-1.00,2025-09-29→2025-09-30
2025-09-29,2025-09-30,P,6650.0,0.030136986301369864,103.4958183054988,-0.055352501555232796,46.5497992347091,-0.45063788310311004,6661.21,6688.46,0.0273972602739726,46.55902848703168,33.09917429467805,-5.791644332619903,4.979882314559751,0.9976745263548398,3.0-4.0%,0.98-1.00,2025-09-29→2025-09-30
2025-09-29,2025-09-30,C,6655.0,0.030136986301369864,123.16203116138651,0.9533409074204502,58.85023851081132,0.5355846995908077,6661.21,6688.46,0.0273972602739726,76.01942726276793,71.90221537770685,-16.828539727207268,-5.44468306384951,0.998424657577663,3.0-4.0%,0.98-1.00,2025-09-29→2025-09-30
2025-09-29,2025-09-30,P,6655.0,0.030136986301369864,112.6683444643929,-0.04665909257857008,48.34979289272269,-0.46505939444287214,6661.21,6688.46,0.0273972602739726,48.746631870326866,34.525968936981826,-6.278539727233969,5.122868498568261,0.998424657577663,3.0-4.0%,0.98-1.00,2025-09-29→2025-09-30
2025-09-29,2025-09-30,C,6660.0,0.030136986301369864,120.52985582381275,0.9582859227929298,55.85023110261682,0.5208078760950121,6661.21,6688.46,0.0273972602739726,73.1964366731986,68.51255447403764,-17.31329139610733,-5.392014623589075,0.9991747888004862,3.0-4.0%,0.98-1.00,2025-09-29→2025-09-30
2025-09-29,2025-09-30,P,6660.0,0.030136986301369864,115.03295072960061,-0.04171407720603389,50.34978548452773,-0.47983621793866765,6661.21,6688.46,0.0273972602739726,50.92828981915515,36.136308033313526,-6.763291396135575,5.175536938828696,0.9991747888004862,3.0-4.0%,0.98-1.00,2025-09-29→2025-09-30
2025-09-29,2025-09-30,C,6665.0,0.030136986301369864,116.31824124612983,0.9550749537647208,52.85022524810938,0.5057854818850139,6661.21,6688.46,0.0273972602739726,70.48421875296481,65.12316118807485,-17.525792490088644,-5.28265438136663,0.9999249200233093,3.0-4.0%,0.98-1.00,2025-09-29→2025-09-30
2025-09-29,2025-09-30,P,6665.0,0.030136986301369864,115.81811775470084,-0.04492504623425242,52.34977963002029,-0.494858612148666,6661.21,6688.46,0.0273972602739726,53.220720437319514,37.74691474734982,-6.975792490116625,5.2848971810511465,0.9999249200233093,3.0-4.0%,0.98-1.00,2025-09-29→2025-09-30
2025-09-29,2025-09-30,C,6670.0,0.030136986301369864,117.50897323769485,0.9455270131192153,49.95021829818279,0.4905020300726411,6661.21,6688.46,0.0273972602739726,67.89348672518432,61.826983757373,-17.565611107498622,-5.166180319479475,1.0006750512461324,3.0-4.0%,1.00-1.02,2025-09-29→2025-09-30
2025-09-29,2025-09-30,P,6670.0,0.030136986301369864,122.00563134905894,-0.05447298687969192,54.449772680094156,-0.5101420639610387,6661.21,6688.46,0.0273972602739726,55.63463694793686,39.45073731664888,-7.115611107528396,5.301371242938302,1.0006750512461324,3.0-4.0%,1.00-1.02,2025-09-29→2025-09-30
2025-09-29,2025-09-30,C,6675.0,0.030136986301369864,117.9580483355843,0.9532004582747047,47.15021152875852,0.47499419197883563,6661.21,6688.46,0.0273972602739726,65.26118223555224,58.62515096147945,-18.1247124879857,-5.09359173142327,1.0014251824689557,3.0-4.0%,1.00-1.02,2025-09-29→2025-09-30
2025-09-29,2025-09-30,P,6675.0,0.030136986301369864,127.45148804975021,-0.04679954172398063,56.649765910669885,-0.525649902054844,6661.21,6688.46,0.0273972602739726,58.00698099670259,41.24890452075579,-7.624712488021526,5.4239598309945,1.0014251824689557,3.0-4.0%,1.00-1.02,2025-09-29→2025-09-30
2025-09-29,2025-09-30,C,6680.0,0.030136986301369864,114.29003569713144,0.9578416598237743,44.400204453199876,0.4592522742721311,6661.21,6688.46,0.0273972602739726,62.67635030360027,55.47097207397064,-18.551185230197852,-4.964624473915576,1.0021753136917788,3.0-4.0%,1.00-1.02,2025-09-29→2025-09-30
2025-09-29,2025-09-30,P,6680.0,0.030136986301369864,128.78025701406656,-0.042158340175062384,58.8997588351117,-0.5413918197615484,6661.21,6688.46,0.0273972602739726,60.42679760314854,43.09472563324607,-8.051185230229546,5.552927088502198,1.0021753136917788,3.0-4.0%,1.00-1.02,2025-09-29→2025-09-30
2025-09-29,2025-09-30,C,6685.0,0.030136986301369864,109.86010168501822,0.9355520326448877,41.900198384575106,0.4435216025694331,6661.21,6688.46,0.0273972602739726,60.25626512034209,52.55733096268159,-18.543792889573186,-5.13596367001705,1.0029254449146021,3.0-4.0%,1.00-1.02,2025-09-29→2025-09-30
2025-09-29,2025-09-30,P,6685.0,0.030136986301369864,129.3471046047212,-0.06444796735406534,61.299752683738916,-0.5572495260371813,6661.21,6688.46,0.0273972602739726,63.0113609582881,45.08460428524404,-7.793792889601717,5.635049584513192,1.0029254449146021,3.0-4.0%,1.00-1.02,2025-09-29→2025-09-30
2025-09-29,2025-09-30,C,6690.0,0.030136986301369864,115.26402485760289,0.9471132261255033,39.25019031167358,0.42734924917770395,6661.21,6688.46,0.0273972602739726,57.84189412223491,49.499857335309116,-19.258835411919968,-5.095267040092436,1.0036755761374252,3.0-4.0%,1.00-1.02,2025-09-29→2025-09-30
2025-09-29,2025-09-30,P,6690.0,0.030136986301369864,139.74780938011062,-0.05288677387324703,63.749744693584944,-0.5732948448559765,6661.21,6688.46,0.0273972602739726,65.60163849857985,47.12361089458409,-8.50883541195402,5.672284522325356,1.0036755761374252,3.0-4.0%,1.00-1.02,2025-09-29→2025-09-30
2025-09-29,2025-09-30,C,6695.0,0.030136986301369864,112.77195665791841,0.9522861049095014,36.80018312201355,0.41120419483431236,6661.21,6688.46,0.0273972602739726,55.42973892398977,46.636972144465744,-19.39979635878391,-4.655314309235008,1.0044257073602485,3.0-4.0%,1.00-1.02,2025-09-29→2025-09-30
2025-09-29,2025-09-30,P,6695.0,0.030136986301369864,142.25252278317967,-0.04771389508955509,66.34973754719067,-0.5893427361082129,6661.21,6688.46,0.0273972602739726,68.19413183873162,49.309814149100475,-9.049796358809617,5.709589558948807,1.0044257073602485,3.0-4.0%,1.00-1.02,2025-09-29→2025-09-30
2025-09-29,2025-09-30,C,6700.0,0.030136986301369864,108.66821826642877,0.9479474699648562,34.400175861559546,0.3948861942874358,6661.21,6688.46,0.0273972602739726,53.13402480707289,43.823824777362006,-19.58156855654234,-4.510648794332633,1.0051758385830716,3.0-4.0%,1.00-1.02,2025-09-29→2025-09-30
2025-09-29,2025-09-30,P,6700.0,0.030136986301369864,143.14556599447013,-0.05205253003414482,68.94973029449466,-0.6056430234898134,6661.21,6688.46,0.0273972602739726,70.9030662602131,51.49710711720218,-9.281568556569542,5.803772390097425,1.0051758385830716,3.0-4.0%,1.00-1.02,2025-09-29→2025-09-30
2025-09-29,2025-09-30,C,6705.0,0.030136986301369864,110.63000810779326,0.9388577160420863,32.200168799151925,0.3787829995190017,6661.21,6688.46,0.0273972602739726,50.94062503519672,41.210173433638374,-19.783872762146856,-4.521836736892798,1.0059259698058949,3.0-4.0%,1.00-1.02,2025-09-29→2025-09-30
2025-09-29,2025-09-30,P,6705.0,0.030136986301369864,150.1041374386474,-0.06114228395663306,71.69972318106375,-0.6218610945146762,6661.21,6688.46,0.0273972602739726,73.7143150267343,53.83392699291471,-8.433872762181736,6.84571482552494,1.0059259698058949,3.0-4.0%,1.00-1.02,2025-09-29→2025-09-30
2025-09-29,2025-09-30,C,6710.0,0.030136986301369864,111.51167096830139,0.9468186985194883,30.000161407062933,0.3624434354464442,6661.21,6688.46,0.0273972602739726,48.715347974574705,38.59819027693493,-20.350809534656054,-4.426583615915602,1.006676101028718,3.0-4.0%,1.00-1.02,2025-09-29→2025-09-30
2025-09-29,2025-09-30,P,6710.0,0.030136986301369864,155.98258190190543,-0.05318130147957674,74.49971578897384,-0.6382006585872347,6661.21,6688.46,0.0273972602739726,76.49368650451017,56.2219438362099,-9.200809534681532,6.740967946502149,1.006676101028718,3.0-4.0%,1.00-1.02,2025-09-29→2025-09-30
2025-09-29,2025-09-30,C,6715.0,0.030136986301369864,108.02135306122193,0.9516509955803633,27.900154146569093,0.34614200638824844,6661.21,6688.46,0.0273972602739726,46.554346616259,36.0881064871478,-20.7824896295649,-4.282369674079771,1.0074262322515413,3.0-4.0%,1.00-1.02,2025-09-29→2025-09-30
2025-09-29,2025-09-30,P,6715.0,0.030136986301369864,157.489045597618,-0.04834900441851624,77.39970852848,-0.654502087645434,6661.21,6688.46,0.0273972602739726,79.33733368459197,58.71186004642186,-9.632489629595435,6.885181888338074,1.0074262322515413,3.0-4.0%,1.00-1.02,2025-09-29→2025-09-30
2025-09-29,2025-09-30,C,6720.0,0.030136986301369864,103.76311691484541,0.9289331949965455,25.900146897022296,0.3299255685529378,6661.21,6688.46,0.0273972602739726,44.543263524878014,33.68111816870396,-20.46342956365586,-4.140471743067554,1.0081763634743643,3.0-4.0%,1.00-1.02,2025-09-29→2025-09-30
2025-09-29,2025-09-30,P,6720.0,0.030136986301369864,158.22759105401485,-0.07106680500245129,80.34970119306308,-0.670908951795601,6661.21,6688.46,0.0273972602739726,82.33089913161004,61.25349722861938,-9.513429563683191,6.832268936430136,1.0081763634743643,3.0-4.0%,1.00-1.02,2025-09-29→2025-09-30
2025-09-29,2025-09-30,C,6725.0,0.030136986301369864,109.8990335183619,0.9403764152800984,24.00013915529962,0.3138430137021704,6661.21,6688.46,0.0273972602739726,42.53947949827272,31.378442668185016,-21.075257316382682,-4.002222123384142,1.0089264946971876,3.0-4.0%,1.00-1.02,2025-09-29→2025-09-30
2025-09-29,2025-09-30,P,6725.0,0.030136986301369864,169.3602892603489,-0.05962358471865198,84.59969588048716,-0.6822884201001664,6661.21,6688.46,0.0273972602739726,85.33176364340176,65.14058664836011,-10.77525731641674,6.19235944772953,1.0089264946971876,3.0-4.0%,1.00-1.02,2025-09-29→2025-09-30
2025-09-29,2025-09-30,C,6730.0,0.030136986301369864,107.77725920182517,0.9457504416986814,22.200132684137998,0.2979454573180898,6661.21,6688.46,0.0273972602739726,40.553824569028755,29.181323980557863,-21.521699536289066,-3.8690137119179475,1.0096766259200107,3.0-4.0%,1.00-1.02,2025-09-29→2025-09-30
2025-09-29,2025-09-30,P,6730.0,0.030136986301369864,172.23529654658893,-0.05424955830001568,87.69968907446037,-0.6981887172265164,6661.21,6688.46,0.0273972602739726,88.35075725255558,67.84962192388866,-11.12169953632458,6.4256425444225655,1.0096766259200107,3.0-4.0%,1.00-1.02,2025-09-29→2025-09-30
2025-09-29,2025-09-30,C,6735.0,0.030136986301369864,103.92197197985682,0.9431610469052544,20.50012571103889,0.2822863975041795,6661.21,6688.46,0.0273972602739726,38.681033911175966,27.091029442721265,-21.751138528168184,-3.7423043319888922,1.010426757142834,3.0-4.0%,1.00-1.02,2025-09-29→2025-09-30
2025-09-29,2025-09-30,P,6735.0,0.030136986301369864,173.37679092737395,-0.05683895309371151,90.99968228139915,-0.713442866883727,6661.21,6688.46,0.0273972602739726,91.4826151331007,70.76885874010077,-12.151138528196364,5.741318122581561,1.010426757142834,3.0-4.0%,1.00-1.02,2025-09-29→2025-09-30
