asof0,asof1,cp,K,T,price0_pde,delta0_pde,price0_bsm,delta0_bsm,S0,S1,T1,price1_pde,price1_bsm,pnl_pde,pnl_bsm,m,T_bucket,m_bucket,pair
2025-10-01,2025-10-02,C,6640.0,0.005479452054794521,78.04669850133986,0.9800789275650924,75.50000000053024,0.8440770893782119,6711.2,6715.35,0.03561643835616438,166.74688762789214,108.50942440773815,35.582672450604335,36.14708007907996,0.989597305433843,<1.0%,0.98-1.00,2025-10-01→2025-10-02
2025-10-01,2025-10-02,P,6640.0,0.005479452054794521,8.232134728945201,-0.019921072434810432,5.750000000323098,-0.15643073698473095,6711.2,6715.35,0.03561643835616438,83.24570263078265,42.4567718423923,26.282672450604473,26.84918755848672,0.989597305433843,<1.0%,0.98-1.00,2025-10-01→2025-10-02
2025-10-01,2025-10-02,C,6645.0,0.005479452054794521,73.1125209357468,0.9826536675458697,70.90000008257721,0.8320805104349848,6711.2,6715.35,0.010958904109589041,106.97245546730018,81.07903856855773,4.771987279684099,5.396865881694353,0.9903424841276938,<1.0%,0.98-1.00,2025-10-01→2025-10-02
2025-10-01,2025-10-02,P,6645.0,0.005479452054794521,8.299000413526313,-0.017346332454004423,6.1999997262830675,-0.16910452104267043,6711.2,6715.35,0.010958904109589041,34.14956607560163,13.704711702274608,0.821987279684127,1.4517837623271737,0.9903424841276938,<1.0%,0.98-1.00,2025-10-01→2025-10-02
2025-10-01,2025-10-02,C,6650.0,0.005479452054794521,67.99694049946585,0.9342077823200226,66.39999999975862,0.8180728701361433,6711.2,6715.35,0.010958904109589041,103.89743580047319,76.65471249090751,4.973037703371391,5.454997588934553,0.9910876628215446,<1.0%,0.98-1.00,2025-10-01→2025-10-02
2025-10-01,2025-10-02,P,6650.0,0.005479452054794521,8.184463227418812,-0.06579221767983932,6.699999999890679,-0.18306279504273615,6711.2,6715.35,0.010958904109589041,36.07268569441243,14.276180121721154,1.0230377033713682,1.509710599427454,0.9910876628215446,<1.0%,0.98-1.00,2025-10-01→2025-10-02
2025-10-01,2025-10-02,C,6655.0,0.005479452054794521,67.79817771843386,0.9673730041099334,61.90000000443524,0.8033759117959874,6711.2,6715.35,0.010958904109589041,100.4154367906762,72.18491060118686,4.83540203294325,5.515989966046215,0.9918328415153954,<1.0%,0.98-1.00,2025-10-01→2025-10-02
2025-10-01,2025-10-02,P,6655.0,0.005479452054794521,12.986743696554761,-0.032626995889950924,7.200000002415209,-0.19771205522044688,6711.2,6715.35,0.010958904109589041,37.588825970248756,14.802516366224836,0.9354020329433139,1.6205050291649623,0.9918328415153954,<1.0%,0.98-1.00,2025-10-01→2025-10-02
2025-10-01,2025-10-02,C,6660.0,0.005479452054794521,63.255692487831375,0.9770008099236317,57.55000000000109,0.7859759164607005,6711.2,6715.35,0.010958904109589041,97.34782174476958,67.91289719866745,4.745446638816392,5.538199946687661,0.9925780202092461,<1.0%,0.98-1.00,2025-10-01→2025-10-02
2025-10-01,2025-10-02,P,6660.0,0.005479452054794521,13.445301716123868,-0.022999190076251553,7.800000000000864,-0.21443165632915706,6711.2,6715.35,0.010958904109589041,39.51935020997662,15.445482202059566,0.8454466388164574,1.6398913737661198,0.9925780202092461,<1.0%,0.98-1.00,2025-10-01→2025-10-02
2025-10-01,2025-10-02,C,6665.0,0.005479452054794521,58.200499421112816,0.9403689492411201,53.249999990773176,0.7671577139515028,6711.2,6715.35,0.010958904109589041,94.79642480529438,63.66260276049525,4.897468860648836,5.616295487100842,0.993323198903097,<1.0%,0.98-1.00,2025-10-01→2025-10-02
2025-10-01,2025-10-02,P,6665.0,0.005479452054794521,13.39115189957908,-0.05963105075871829,8.549999993665097,-0.23379056168325532,6711.2,6715.35,0.010958904109589041,41.96609255613609,16.272631190651737,0.9474688606487127,1.6702308309856364,0.993323198903097,<1.0%,0.98-1.00,2025-10-01→2025-10-02
2025-10-01,2025-10-02,C,6670.0,0.005479452054794521,58.85318433954175,0.9454067358372618,48.95000033340875,0.7473662639804415,6711.2,6715.35,0.010958904109589041,91.80212134225962,59.350587112620815,4.876562046274845,5.698430004480757,0.9940683775969478,<1.0%,0.98-1.00,2025-10-01→2025-10-02
2025-10-01,2025-10-02,P,6670.0,0.005479452054794521,19.044880068179253,-0.054593264162585996,9.250000254620772,-0.253510358343153,6711.2,6715.35,0.010958904109589041,43.9699283787357,16.957343967706947,0.926562046274761,1.7520679871242226,0.9940683775969478,<1.0%,0.98-1.00,2025-10-01→2025-10-02
2025-10-01,2025-10-02,C,6675.0,0.005479452054794521,55.726508720943094,0.9635445581494313,44.850000000644286,0.724339882727094,6711.2,6715.35,0.010958904109589041,88.52236373658393,55.279981510304424,4.751290083679335,5.743989486682164,0.9948135562907985,<1.0%,0.98-1.00,2025-10-01→2025-10-02
2025-10-01,2025-10-02,P,6675.0,0.005479452054794521,20.919247699753367,-0.03645544185037599,10.100000000556747,-0.2759483759963567,6711.2,6715.35,0.010958904109589041,45.6883100586952,17.807504744392645,0.8012900836790806,1.7951857603850312,0.9948135562907985,<1.0%,0.98-1.00,2025-10-01→2025-10-02
2025-10-01,2025-10-02,C,6680.0,0.005479452054794521,50.89431057640379,0.957845588091015,40.80000000000018,0.6996828295406332,6711.2,6715.35,0.010958904109589041,86.43154742427123,51.20709440353585,4.724940809421767,5.7963162574059925,0.9955587349846493,<1.0%,0.98-1.00,2025-10-01→2025-10-02
2025-10-01,2025-10-02,P,6680.0,0.005479452054794521,21.088092805382463,-0.04215441190891644,11.050000000000182,-0.30055564788301364,6711.2,6715.35,0.010958904109589041,48.59563303201536,18.733210113843143,0.7749408094220258,1.8473059387146702,0.9955587349846493,<1.0%,0.98-1.00,2025-10-01→2025-10-02
2025-10-01,2025-10-02,C,6685.0,0.005479452054794521,47.49813460480848,0.8954898512447013,37.04999998948006,0.6712438766675638,6711.2,6715.35,0.010958904109589041,84.00621140916233,47.492863483552355,4.733717117334004,5.6643379118292465,0.9963039136785001,<1.0%,0.98-1.00,2025-10-01→2025-10-02
2025-10-01,2025-10-02,P,6685.0,0.005479452054794521,22.692960083960504,-0.10451014875516326,12.249999989478965,-0.32854751682391115,6711.2,6715.35,0.010958904109589041,51.16843630254091,19.94430268786664,0.7837171173339842,1.7134721948194103,0.9963039136785001,<1.0%,0.98-1.00,2025-10-01→2025-10-02
2025-10-01,2025-10-02,C,6690.0,0.005479452054794521,50.879403288518766,0.9463575158406131,33.2999999999829,0.6416438407963747,6711.2,6715.35,0.010958904109589041,81.0595105548141,43.680079189991375,4.2726163092609415,5.537178060694698,0.9970490923723508,<1.0%,0.98-1.00,2025-10-01→2025-10-02
2025-10-01,2025-10-02,P,6690.0,0.005479452054794521,31.075272017841943,-0.05364248415929315,13.449999999983447,-0.35782539813385,6711.2,6715.35,0.010958904109589041,53.21987473382899,21.059167213849378,0.5226163092610966,1.7849754022556734,0.9970490923723508,<1.0%,0.98-1.00,2025-10-01→2025-10-02
2025-10-01,2025-10-02,C,6695.0,0.005479452054794521,46.700834973513075,0.9584552548773775,29.700000004200774,0.6096408437551064,6711.2,6715.35,0.010958904109589041,78.85506311566323,39.98017648803989,4.072410692258357,5.519990498415973,0.9977942710662017,<1.0%,0.98-1.00,2025-10-01→2025-10-02
2025-10-01,2025-10-02,P,6695.0,0.005479452054794521,31.897746953006813,-0.041544745122486994,14.850000004396861,-0.3898990688048204,6711.2,6715.35,0.010958904109589041,56.013566580311405,22.360091314147667,0.27241069225834336,1.718081135540217,0.9977942710662017,<1.0%,0.98-1.00,2025-10-01→2025-10-02
2025-10-01,2025-10-02,C,6700.0,0.005479452054794521,41.749517659566024,0.9012901083758813,26.200000000002092,0.5754820123557,6711.2,6715.35,0.010958904109589041,77.11389726613996,36.31039249909463,4.159646050239596,5.5117496487235265,0.9985394497600525,<1.0%,0.98-1.00,2025-10-01→2025-10-02
2025-10-01,2025-10-02,P,6700.0,0.005479452054794521,31.9474728892309,-0.09870989162401358,16.450000000002092,-0.4244829786037102,6711.2,6715.35,0.010958904109589041,59.270540016420526,23.832778765642615,0.30964605023971237,1.661604361205631,0.9985394497600525,<1.0%,0.98-1.00,2025-10-01→2025-10-02
2025-10-01,2025-10-02,C,6705.0,0.005479452054794521,48.133722493448296,0.9209502117354645,22.94999999123729,0.5386889253034812,6711.2,6715.35,0.010958904109589041,74.89110413308548,32.87212385819021,3.878056621297319,5.464440959990258,0.9992846284539032,<1.0%,0.98-1.00,2025-10-01→2025-10-02
2025-10-01,2025-10-02,P,6705.0,0.005479452054794521,43.33272097328565,-0.07904978826437377,18.14999999123711,-0.4611024681879966,6711.2,6715.35,0.010958904109589041,62.04588616900462,25.3235630625054,0.028056621297197104,1.6135752429804404,0.9992846284539032,<1.0%,0.98-1.00,2025-10-01→2025-10-02
2025-10-01,2025-10-02,C,6710.0,0.005479452054794521,46.0409598967675,0.9405133411631372,19.90000000000009,0.49979448625300715,6711.2,6715.35,0.010958904109589041,72.28711860986077,29.58232193546337,3.4968696341724694,5.32585288204975,1.000029807147754,<1.0%,1.00-1.02,2025-10-01→2025-10-02
2025-10-01,2025-10-02,P,6710.0,0.005479452054794521,46.24100162677561,-0.059486658836742895,20.099999999999454,-0.49999690723846985,6711.2,6715.35,0.010958904109589041,64.44003993141223,27.033761139778562,-0.3031303658274852,1.524987165039922,1.000029807147754,<1.0%,1.00-1.02,2025-10-01→2025-10-02
2025-10-01,2025-10-02,C,6715.0,0.005479452054794521,41.51072872354042,0.9293574897648633,17.14999997333598,0.4593000119512711,6711.2,6715.35,0.010958904109589041,71.34185748788393,26.573041546613695,3.1431664174753102,5.093904950401974,1.0007749858416048,<1.0%,1.00-1.02,2025-10-01→2025-10-02
2025-10-01,2025-10-02,P,6715.0,0.005479452054794521,46.711813703717844,-0.07064251023505122,22.29999997274308,-0.540602672744598,6711.2,6715.35,0.010958904109589041,68.49291809506829,28.953403600266483,-0.6568335825244982,1.293501091890377,1.0007749858416048,<1.0%,1.00-1.02,2025-10-01→2025-10-02
2025-10-01,2025-10-02,C,6720.0,0.005479452054794521,40.66623442758903,0.868177635366401,14.550000000023829,0.4174804852847885,6711.2,6715.35,0.010958904109589041,69.91216301471258,23.62454120487837,3.0970628132289613,4.9674559860678995,1.0015201645354557,<1.0%,1.00-1.02,2025-10-01→2025-10-02
2025-10-01,2025-10-02,P,6720.0,0.005479452054794521,50.8683626579395,-0.13182236463348387,24.750000000023192,-0.5823109082066914,6711.2,6715.35,0.010958904109589041,72.06136290753541,31.075980409192653,-0.8029371867709714,1.0665902690580857,1.0015201645354557,<1.0%,1.00-1.02,2025-10-01→2025-10-02
2025-10-01,2025-10-02,C,6725.0,0.005479452054794521,46.769696925024334,0.920825691409741,12.20000008563602,0.37498002833988914,6711.2,6715.35,0.010958904109589041,67.83618487879961,20.87404857951742,2.4285733806490724,4.6938328823892554,1.0022653432293063,<1.0%,1.00-1.02,2025-10-01→2025-10-02
2025-10-01,2025-10-02,P,6725.0,0.005479452054794521,61.972868405545455,-0.07917430859015918,27.450000081251346,-0.6244672125739312,6711.2,6715.35,0.010958904109589041,74.98352405725593,33.39868473993056,-1.471426619350797,0.7915389321821547,1.0022653432293063,<1.0%,1.00-1.02,2025-10-01→2025-10-02
2025-10-01,2025-10-02,C,6730.0,0.005479452054794521,43.07507469652245,0.9327607147828422,10.199999994059453,0.3334267924310806,6711.2,6715.35,0.010958904109589041,66.6167467159189,18.471397766802056,1.7790430336506962,4.266278811410833,1.003010521923157,<1.0%,1.00-1.02,2025-10-01→2025-10-02
2025-10-01,2025-10-02,P,6730.0,0.005479452054794521,63.27928942721571,-0.06723928521697443,31.549999999233478,-0.6562347660255553,6711.2,6715.35,0.010958904109589041,78.76222518001123,37.641886185682324,-3.1709569663495185,-0.7266257209935865,1.003010521923157,<1.0%,1.00-1.02,2025-10-01→2025-10-02
2025-10-01,2025-10-02,C,6735.0,0.005479452054794521,38.37963567574838,0.8733985883246744,8.35000000000764,0.2919557442146114,6711.2,6715.35,0.010958904109589041,65.90330999710704,16.125696522431554,1.525395858452125,3.938383661509204,1.003755700617008,<1.0%,1.00-1.02,2025-10-01→2025-10-02
2025-10-01,2025-10-02,P,6735.0,0.005479452054794521,63.584893656609985,-0.1266014116751856,33.60000000000582,-0.7072306611925328,6711.2,6715.35,0.010958904109589041,83.04692774683195,38.65461821587451,-2.2746041415479112,0.13500724394939612,1.003755700617008,<1.0%,1.00-1.02,2025-10-01→2025-10-02
2025-10-01,2025-10-02,C,6740.0,0.005479452054794521,46.13548523110811,0.8944660096628639,6.799999664819325,0.2528374148441012,6711.2,6715.35,0.010958904109589041,64.66823375590477,14.074202624938152,0.9379660598986259,3.6007247283968415,1.0045008793108587,<1.0%,1.00-1.02,2025-10-01→2025-10-02
2025-10-01,2025-10-02,P,6740.0,0.005479452054794521,76.34178646214819,-0.10553399033699659,37.050000384275336,-0.7462107903411405,6711.2,6715.35,0.010958904109589041,86.80999079126524,41.60625304494624,-2.962033940101405,-0.30322522008385855,1.0045008793108587,<1.0%,1.00-1.02,2025-10-01→2025-10-02
2025-10-01,2025-10-02,C,6745.0,0.005479452054794521,44.487241278843186,0.9136117065050552,5.500000000001364,0.21655683129712142,6711.2,6715.35,0.010958904109589041,62.91212642663125,12.261870695892185,0.2585114180035233,3.1512891501168285,1.0052460580047096,<1.0%,1.00-1.02,2025-10-01→2025-10-02
2025-10-01,2025-10-02,P,6745.0,0.005479452054794521,79.6945857600518,-0.08638829349476876,40.75000000000182,-0.7823521832284482,6711.2,6715.35,0.010958904109589041,90.05202274762574,44.79776940688407,-3.69148858199666,-0.8032384396015102,1.0052460580047096,<1.0%,1.00-1.02,2025-10-01→2025-10-02
2025-10-01,2025-10-02,C,6750.0,0.005479452054794521,40.193396032491854,0.9050168376264379,4.399999999538977,0.18315112932855504,6711.2,6715.35,0.010958904109589041,62.724506977151414,10.629725596179242,-0.2558198761502113,2.7399228132863964,1.0059912366985604,<1.0%,1.00-1.02,2025-10-01→2025-10-02
2025-10-01,2025-10-02,P,6750.0,0.005479452054794521,80.40178376386933,-0.09498316237348083,44.64999999974043,-0.8156158104255695,6711.2,6715.35,0.010958904109589041,94.86254258378105,48.17032963564179,-4.205819876150011,-1.21519438673345,1.0059912366985604,<1.0%,1.00-1.02,2025-10-01→2025-10-02
2025-10-01,2025-10-02,C,6755.0,0.005479452054794521,38.18120178613756,0.8368363772619508,3.450000045301408,0.1521918621856932,6711.2,6715.35,0.010958904109589041,62.092153954902095,9.109554589662594,-0.5228709656375523,2.3184037719292903,1.006736415392411,<1.0%,1.00-1.02,2025-10-01→2025-10-02
2025-10-01,2025-10-02,P,6755.0,0.005479452054794521,83.3906327676865,-0.16316362273791502,48.700000022127824,-0.8464237631613305,6711.2,6715.35,0.010958904109589041,99.2283288471648,51.6560127633129,-4.472870965637569,-1.637341382880022,1.006736415392411,<1.0%,1.00-1.02,2025-10-01→2025-10-02
2025-10-01,2025-10-02,C,6760.0,0.005479452054794521,45.37357257141816,0.893363072432817,2.7000000175685273,0.12542397427121296,6711.2,6715.35,0.010958904109589041,60.70815013560992,7.821055136434552,-1.2074567505966778,1.9794905067743978,1.0074815940862618,<1.0%,1.00-1.02,2025-10-01→2025-10-02
2025-10-01,2025-10-02,P,6760.0,0.005479452054794521,95.58404680314129,-0.10663692756705731,52.900000017569255,-0.874367419220244,6711.2,6715.35,0.010958904109589041,102.84246431351059,55.27249434075111,-5.1074567505966515,-1.9213752102355075,1.0074815940862618,<1.0%,1.00-1.02,2025-10-01→2025-10-02
2025-10-01,2025-10-02,C,6765.0,0.005479452054794521,41.90213806132675,0.9049963770486504,2.0750002008111323,0.1016084289316849,6711.2,6715.35,0.010958904109589041,59.97851531333747,6.649250476219095,-1.7307349647523935,1.6033250199334517,1.0082267727801126,<1.0%,1.00-1.02,2025-10-01→2025-10-02
2025-10-01,2025-10-02,P,6765.0,0.005479452054794521,97.11365554321895,-0.0950036229512249,57.40000000540567,-0.8945339391358894,6711.2,6715.35,0.010958904109589041,107.11096877686781,59.37503127769742,-5.755734964752364,-2.4376841525855695,1.0082267727801126,<1.0%,1.00-1.02,2025-10-01→2025-10-02
2025-10-01,2025-10-02,C,6770.0,0.005479452054794521,37.40609831213763,0.8533118515882375,1.6750000140709744,0.08439137614604302,6711.2,6715.35,0.010958904109589041,59.77880529869807,5.860777679812145,-1.9662441840916516,1.2247757889938753,1.0089719514739635,<1.0%,1.00-1.02,2025-10-01→2025-10-02
2025-10-01,2025-10-02,P,6770.0,0.005479452054794521,97.61865904420507,-0.1466881484116119,61.95000000071377,-0.9130403651169914,6711.2,6715.35,0.010958904109589041,111.90939804786707,63.489329675748195,-5.991244184091732,-2.810882484763989,1.0089719514739635,<1.0%,1.00-1.02,2025-10-01→2025-10-02
2025-10-01,2025-10-02,C,6775.0,0.005479452054794521,44.38497877317265,0.8647791230351269,1.3000000995703545,0.06811574798556073,6711.2,6715.35,0.010958904109589041,59.09143697305674,5.038597219556323,-2.3888333605962484,0.917319645859886,1.0097171301678143,<1.0%,1.00-1.02,2025-10-01→2025-10-02
2025-10-01,2025-10-02,P,6775.0,0.005479452054794521,109.59858275541013,-0.1352208769647712,66.54999993957153,-0.9299691667652998,6711.2,6715.35,0.010958904109589041,116.2201690078572,67.61869251630287,-6.388833360596122,-3.090627957923494,1.0097171301678143,<1.0%,1.00-1.02,2025-10-01→2025-10-02
2025-10-01,2025-10-02,C,6780.0,0.005479452054794521,43.35774306273531,0.8853876425994922,0.9999999972358182,0.0544218618292025,6711.2,6715.35,0.010958904109589041,57.77502157291178,4.314674768895429,-2.699358716788376,0.74914927340878,1.010462308861665,<1.0%,1.00-1.02,2025-10-01→2025-10-02
2025-10-01,2025-10-02,P,6780.0,0.005479452054794521,113.57239029514228,-0.11461235740038102,71.24999999348347,-0.9435371716148897,6711.2,6715.35,0.010958904109589041,119.90189289334656,71.90682755169473,-6.774358716788356,-3.3343207377976927,1.010462308861665,<1.0%,1.00-1.02,2025-10-01→2025-10-02
2025-10-01,2025-10-02,C,6785.0,0.005479452054794521,39.30277748808793,0.8864847653504223,0.7750000000222599,0.04353976365009006,6711.2,6715.35,0.010958904109589041,57.775496032401094,3.7194449027449537,-3.003911776204736,0.49430998085210276,1.0112074875555157,<1.0%,1.00-1.02,2025-10-01→2025-10-02
2025-10-01,2025-10-02,P,6785.0,0.005479452054794521,114.51846797067041,-0.11351523464946364,76.05000000932887,-0.9533526740602435,6711.2,6715.35,0.010958904109589041,124.90050663847248,76.4008024147106,-7.028911776204678,-3.5435864026494834,1.0112074875555157,<1.0%,1.00-1.02,2025-10-01→2025-10-02
2025-10-01,2025-10-02,C,6640.0,0.0136986301369863,97.00707293204843,0.9662596198718691,79.79996001687505,0.7976717913498602,6711.2,6715.35,0.03561643835616438,166.74688762789214,98.24647427416767,31.340022577531222,32.03966206589765,0.989553069193212,1.0-2.0%,0.98-1.00,2025-10-01→2025-10-02
2025-10-01,2025-10-02,P,6640.0,0.0136986301369863,26.895630901535228,-0.03374038012802203,9.750010157861652,-0.20264528434558915,6711.2,6715.35,0.03561643835616438,83.24570263078265,25.856600794244514,22.340022577531307,23.040977930034305,0.989553069193212,1.0-2.0%,0.98-1.00,2025-10-01→2025-10-02
2025-10-01,2025-10-02,C,6645.0,0.0136986301369863,92.0539421369931,0.9685873958331185,75.39996065910054,0.7848533321641022,6711.2,6715.35,0.010958904109589041,106.97245546730018,76.49002200256746,0.33036230729202387,1.0928586715185418,0.9902982145766406,1.0-2.0%,0.98-1.00,2025-10-01→2025-10-02
2025-10-01,2025-10-02,P,6645.0,0.0136986301369863,26.94331980374383,-0.03141260416675791,10.350010799283837,-0.21544647647784224,6711.2,6715.35,0.010958904109589041,34.14956607560163,7.059933986123724,-3.269637692707938,-2.5058971226168376,0.9902982145766406,1.0-2.0%,0.98-1.00,2025-10-01→2025-10-02
2025-10-01,2025-10-02,C,6650.0,0.0136986301369863,86.79063723543625,0.9242783124265551,71.04996130295604,0.7710607235396284,6711.2,6715.35,0.010958904109589041,103.89743580047319,72.02884772334255,0.36424500342928035,1.0000979973101098,0.9910433599600692,1.0-2.0%,0.98-1.00,2025-10-01→2025-10-02
2025-10-01,2025-10-02,P,6650.0,0.0136986301369863,26.68083459945685,-0.07572168757329643,11.100011503102223,-0.23010419861608192,6711.2,6715.35,0.010958904109589041,36.07268569441243,7.678719845376236,-3.335754996570779,-2.695067575743135,0.9910433599600692,1.0-2.0%,0.98-1.00,2025-10-01→2025-10-02
2025-10-01,2025-10-02,C,6655.0,0.0136986301369863,89.77447914343897,0.9547935900286172,66.89996215564133,0.7549945075532857,6711.2,6715.35,0.010958904109589041,100.4154367906762,67.73647878497832,-0.11239339861928821,0.7167727936534467,0.9917885053434977,1.0-2.0%,0.98-1.00,2025-10-01→2025-10-02
2025-10-01,2025-10-02,P,6655.0,0.0136986301369863,34.66549620472549,-0.045206409971224784,11.800012272581398,-0.2448415798652249,6711.2,6715.35,0.010958904109589041,37.588825970248756,8.267077503131304,-3.612393398619393,-2.7839074435591837,0.9917885053434977,1.0-2.0%,0.98-1.00,2025-10-01→2025-10-02
2025-10-01,2025-10-02,C,6660.0,0.0136986301369863,85.33645409565,0.9622303774143142,62.69996300418916,0.7388185772592615,6711.2,6715.35,0.010958904109589041,97.34782174476958,63.41495703804958,-0.3432560662699373,0.583902904373653,0.9925336507269263,1.0-2.0%,0.98-1.00,2025-10-01→2025-10-02
2025-10-01,2025-10-02,P,6660.0,0.0136986301369863,35.22829085419864,-0.03776962258556862,12.600013121129223,-0.2610175101592396,6711.2,6715.35,0.010958904109589041,39.51935020997662,8.945555756201884,-3.8932560662698688,-2.9667773328390123,0.9925336507269263,1.0-2.0%,0.98-1.00,2025-10-01→2025-10-02
2025-10-01,2025-10-02,C,6665.0,0.0136986301369863,80.1653906951714,0.9335731966266506,58.59996384846909,0.7212301088773224,6711.2,6715.35,0.010958904109589041,94.79642480529438,59.18608789537757,-0.4243287660011137,0.4568950481587142,0.993278796110355,1.0-2.0%,0.98-1.00,2025-10-01→2025-10-02
2025-10-01,2025-10-02,P,6665.0,0.0136986301369863,35.058047150990404,-0.06642680337316009,13.50001396540938,-0.2786059785411843,6711.2,6715.35,0.010958904109589041,41.96609255613609,9.716686613530783,-3.9743287660013493,-3.093785189053933,0.993278796110355,1.0-2.0%,0.98-1.00,2025-10-01→2025-10-02
2025-10-01,2025-10-02,C,6670.0,0.0136986301369863,83.22096334975757,0.9377939996796577,54.599964799245754,0.7022571599103211,6711.2,6715.35,0.010958904109589041,91.80212134225962,55.052410322168726,-0.7418450986710927,0.23563278637178264,0.9940239414937836,1.0-2.0%,0.98-1.00,2025-10-01→2025-10-02
2025-10-01,2025-10-02,P,6670.0,0.0136986301369863,43.114439502840526,-0.062206000320206005,14.500014916184682,-0.29757892750817405,6711.2,6715.35,0.010958904109589041,43.9699283787357,10.583009040320576,-4.291845098671112,-3.315047450840916,0.9940239414937836,1.0-2.0%,0.98-1.00,2025-10-01→2025-10-02
2025-10-01,2025-10-02,C,6675.0,0.0136986301369863,80.41932063175841,0.9501590586964047,50.64996570763287,0.6822347015883727,6711.2,6715.35,0.010958904109589041,88.52236373658393,50.97445639478428,-0.9931600935905953,0.11872598840788351,0.9947690868772122,1.0-2.0%,0.98-1.00,2025-10-01→2025-10-02
2025-10-01,2025-10-02,P,6675.0,0.0136986301369863,45.313616482110085,-0.04984094130341294,15.600015845351209,-0.31790911069666383,6711.2,6715.35,0.010958904109589041,45.6883100586952,11.54703737485579,-4.643160093590809,-3.5306771906086714,0.9947690868772122,1.0-2.0%,0.98-1.00,2025-10-01→2025-10-02
2025-10-01,2025-10-02,C,6680.0,0.0136986301369863,75.51205176173406,0.946198552901147,46.8499668893719,0.6605359053118451,6711.2,6715.35,0.010958904109589041,86.43154742427123,47.03822246157324,-1.2767239945402777,-0.09122400704451916,0.9955142322606408,1.0-2.0%,0.98-1.00,2025-10-01→2025-10-02
2025-10-01,2025-10-02,P,6680.0,0.0136986301369863,45.407167309349994,-0.05380144709872205,16.750017006310372,-0.3393001821066548,6711.2,6715.35,0.010958904109589041,48.59563303201536,12.568821179725546,-4.876723994540273,-3.6919042442571968,0.9955142322606408,1.0-2.0%,0.98-1.00,2025-10-01→2025-10-02
2025-10-01,2025-10-02,C,6685.0,0.0136986301369863,72.58867322312577,0.9031192654985647,43.14996853910725,0.6375186458120542,6711.2,6715.35,0.010958904109589041,84.00621140916233,43.20458170614256,-1.397944951819535,-0.29570238012037153,0.9962593776440695,1.0-2.0%,0.98-1.00,2025-10-01→2025-10-02
2025-10-01,2025-10-02,P,6685.0,0.0136986301369863,47.48460846800597,-0.09688073450133396,18.050018656047087,-0.3623174416064519,6711.2,6715.35,0.010958904109589041,51.16843630254091,13.735180424295777,-5.047944951819412,-3.946382617333028,0.9962593776440695,1.0-2.0%,0.98-1.00,2025-10-01→2025-10-02
2025-10-01,2025-10-02,C,6690.0,0.0136986301369863,77.28953788810853,0.9360273145928286,39.59996928155806,0.6129975293061456,6711.2,6715.35,0.010958904109589041,81.0595105548141,39.51911682867194,-1.9845133555607508,-0.6439397466208403,0.9970045230274981,1.0-2.0%,0.98-1.00,2025-10-01→2025-10-02
2025-10-01,2025-10-02,P,6690.0,0.0136986301369863,57.186292830256576,-0.0639726854070711,19.450019389049885,-0.3866443087946513,6711.2,6715.35,0.010958904109589041,53.21987473382899,15.006472063480487,-5.434513355560619,-4.095426118501986,0.9970045230274981,1.0-2.0%,0.98-1.00,2025-10-01→2025-10-02
2025-10-01,2025-10-02,C,6695.0,0.0136986301369863,73.04502204454786,0.9437246457192757,36.04997054887963,0.5875523928101701,6711.2,6715.35,0.010958904109589041,78.85506311566323,35.85436857378136,-2.2164572797355064,-0.7383424301625237,0.9977496684109267,1.0-2.0%,0.98-1.00,2025-10-01→2025-10-02
2025-10-01,2025-10-02,P,6695.0,0.0136986301369863,57.94259668396308,-0.05627535428053402,20.950020665818556,-0.41228369460833286,6711.2,6715.35,0.010958904109589041,56.013566580311405,16.384967291933663,-5.766457279735753,-4.289022667375193,0.9977496684109267,1.0-2.0%,0.98-1.00,2025-10-01→2025-10-02
2025-10-01,2025-10-02,C,6700.0,0.0136986301369863,67.9600716865978,0.9066302523184127,32.699971139386435,0.560478521442758,6711.2,6715.35,0.010958904109589041,77.11389726613996,32.3862534501327,-2.362515547121916,-0.9259858639877603,0.9984948137943553,1.0-2.0%,0.98-1.00,2025-10-01→2025-10-02
2025-10-01,2025-10-02,P,6700.0,0.0136986301369863,57.858466023277686,-0.09336974768145578,22.650021273868788,-0.4394609610675377,6711.2,6715.35,0.010958904109589041,59.270540016420526,17.960837002997778,-5.912515547121905,-4.476237011569476,0.9984948137943553,1.0-2.0%,0.98-1.00,2025-10-01→2025-10-02
2025-10-01,2025-10-02,C,6705.0,0.0136986301369863,75.13415271047737,0.9168524380349199,29.54997333065694,0.532032914537581,6711.2,6715.35,0.010958904109589041,74.89110413308548,29.11898599241522,-2.70493761784542,-1.1079365953312532,0.999239959177784,1.0-2.0%,0.98-1.00,2025-10-01→2025-10-02
2025-10-01,2025-10-02,P,6705.0,0.0136986301369863,70.03336674442644,-0.08314756196490197,24.450023447595868,-0.4678031728809222,6711.2,6715.35,0.010958904109589041,62.04588616900462,19.64958471056798,-6.254937617845609,-4.658616832543915,0.999239959177784,1.0-2.0%,0.98-1.00,2025-10-01→2025-10-02
2025-10-01,2025-10-02,C,6710.0,0.0136986301369863,72.85785229893581,0.9284794203235769,26.54997481251985,0.5024925414876233,6711.2,6715.35,0.010958904109589041,72.28711860986077,26.011741905967938,-3.103189594343351,-1.335344047173911,0.9999851045612126,1.0-2.0%,0.98-1.00,2025-10-01→2025-10-02
2025-10-01,2025-10-02,P,6710.0,0.0136986301369863,72.75788603014739,-0.07152057967631904,26.450024929458323,-0.49734354593088026,6711.2,6715.35,0.010958904109589041,64.44003993141223,21.542340624120243,-6.6031895943432355,-4.836024284386574,0.9999851045612126,1.0-2.0%,0.98-1.00,2025-10-01→2025-10-02
2025-10-01,2025-10-02,C,6715.0,0.0136986301369863,68.16769305072644,0.9213603702687773,23.64997634391193,0.47192023674785966,6711.2,6715.35,0.010958904109589041,71.34185748788393,23.022177792560797,-3.3236455366159285,-1.458468982503875,1.0007302499446413,1.0-2.0%,1.00-1.02,2025-10-01→2025-10-02
2025-10-01,2025-10-02,P,6715.0,0.0136986301369863,73.06854647920602,-0.07863962973109123,28.550026460851768,-0.5279158506706441,6711.2,6715.35,0.010958904109589041,68.49291809506829,23.552776510713556,-6.8736455366159275,-5.009149219716538,1.0007302499446413,1.0-2.0%,1.00-1.02,2025-10-01→2025-10-02
2025-10-01,2025-10-02,C,6720.0,0.0136986301369863,67.56039349947044,0.8819737923740295,20.949978337238008,0.44049703548058394,6711.2,6715.35,0.010958904109589041,69.91216301471258,20.24203439980829,-3.360191238352703,-1.528062697244663,1.00147539532807,1.0-2.0%,1.00-1.02,2025-10-01→2025-10-02
2025-10-01,2025-10-02,P,6720.0,0.0136986301369863,77.46206662521388,-0.11802620762585588,30.800028440446113,-0.5594633339984803,6711.2,6715.35,0.010958904109589041,72.06136290753541,25.72757030517687,-6.910191238352636,-5.0782271639060035,1.00147539532807,1.0-2.0%,1.00-1.02,2025-10-01→2025-10-02
2025-10-01,2025-10-02,C,6725.0,0.0136986301369863,73.43036598918519,0.9120910206805477,18.39997953223383,0.40833747524046227,6711.2,6715.35,0.010958904109589041,67.83618487879961,17.628625373081377,-3.73517773582477,-1.6446005222481406,1.0022205407114986,1.0-2.0%,1.00-1.02,2025-10-01→2025-10-02
2025-10-01,2025-10-02,P,6725.0,0.0136986301369863,88.332858812196,-0.08790897931934936,33.50002961108157,-0.5907393143619446,6711.2,6715.35,0.010958904109589041,74.98352405725593,28.340041978000954,-7.485177735824654,-5.398431845397608,1.0022205407114986,1.0-2.0%,1.00-1.02,2025-10-01→2025-10-02
2025-10-01,2025-10-02,C,6730.0,0.0136986301369863,69.51698322898295,0.9193578638086923,16.049981255443527,0.3758174360975349,6711.2,6715.35,0.010958904109589041,66.6167467159189,15.228862273992036,-4.015335134806576,-1.759642359804976,1.0029656860949272,1.0-2.0%,1.00-1.02,2025-10-01→2025-10-02
2025-10-01,2025-10-02,P,6730.0,0.0136986301369863,89.42029574925783,-0.08064213619116874,36.15003130627974,-0.6229759637271144,6711.2,6715.35,0.010958904109589041,78.76222518001123,30.94060375483332,-7.715335134806603,-5.464649750532132,1.0029656860949272,1.0-2.0%,1.00-1.02,2025-10-01→2025-10-02
2025-10-01,2025-10-02,C,6735.0,0.0136986301369863,64.63760397205449,0.8816834356972414,13.949982775462558,0.34361313282215916,6711.2,6715.35,0.010958904109589041,65.90330999710704,13.08939577605679,-4.108986258144032,-1.8759945012121473,1.0037108314783558,1.0-2.0%,1.00-1.02,2025-10-01→2025-10-02
2025-10-01,2025-10-02,P,6735.0,0.0136986301369863,89.54173618959506,-0.11831656430262441,39.00003284223021,-0.6552187438672608,6711.2,6715.35,0.010958904109589041,83.04692774683195,33.75587770562652,-7.708986258144043,-5.48084221295051,1.0037108314783558,1.0-2.0%,1.00-1.02,2025-10-01→2025-10-02
2025-10-01,2025-10-02,C,6740.0,0.0136986301369863,72.66181586331817,0.8919440081282399,12.049983923168838,0.3119092527016522,6711.2,6715.35,0.010958904109589041,64.66823375590477,11.165366536445617,-4.3015676337326845,-1.8944233987120283,1.0044559768617844,1.0-2.0%,1.00-1.02,2025-10-01→2025-10-02
2025-10-01,2025-10-02,P,6740.0,0.0136986301369863,102.56676777812473,-0.10805599187159887,42.050034057638186,-0.687102724654685,6711.2,6715.35,0.010958904109589041,86.80999079126524,36.786415382166524,-7.951567633732805,-5.54852369268268,1.0044559768617844,1.0-2.0%,1.00-1.02,2025-10-01→2025-10-02
2025-10-01,2025-10-02,C,6745.0,0.0136986301369863,70.70256551199718,0.9031301284779719,10.299985934282176,0.280618115323332,6711.2,6715.35,0.010958904109589041,62.91212642663125,9.411176717841954,-4.497990033184076,-1.9145651785919808,1.005201122245213,1.0-2.0%,1.00-1.02,2025-10-01→2025-10-02
2025-10-01,2025-10-02,P,6745.0,0.0136986301369863,105.60833712407202,-0.09686987152188699,45.30003600169039,-0.7182314189142431,6711.2,6715.35,0.010958904109589041,90.05202274762574,40.031921304434945,-8.19799003318411,-5.619339611505493,1.005201122245213,1.0-2.0%,1.00-1.02,2025-10-01→2025-10-02
2025-10-01,2025-10-02,C,6750.0,0.0136986301369863,66.20917373297362,0.8975133110996724,8.799987039088592,0.2510889871490559,6711.2,6715.35,0.010958904109589041,62.724506977151414,7.915733369741929,-4.62468024106413,-1.9420192966687195,1.0059462676286417,1.0-2.0%,1.00-1.02,2025-10-01→2025-10-02
2025-10-01,2025-10-02,P,6750.0,0.0136986301369863,106.115765042316,-0.10248668890023259,48.800036887970236,-0.7475994946886123,6711.2,6715.35,0.010958904109589041,94.86254258378105,43.53599541267704,-8.324680241063978,-5.647462097041851,1.0059462676286417,1.0-2.0%,1.00-1.02,2025-10-01→2025-10-02
2025-10-01,2025-10-02,C,6755.0,0.0136986301369863,64.32785383450957,0.8540121915304572,7.39998928582213,0.2220635693414866,6711.2,6715.35,0.010958904109589041,62.092153954902095,6.542289460887332,-4.544150594851863,-1.9215638127672907,1.0066914130120703,1.0-2.0%,1.00-1.02,2025-10-01→2025-10-02
2025-10-01,2025-10-02,P,6755.0,0.0136986301369863,109.23526484111713,-0.14598780846941076,52.35003949644761,-0.7771092920732482,6711.2,6715.35,0.010958904109589041,99.2283288471648,47.117388674950234,-8.19415059485187,-5.5749964378956,1.0066914130120703,1.0-2.0%,1.00-1.02,2025-10-01→2025-10-02
2025-10-01,2025-10-02,C,6760.0,0.0136986301369863,71.38765357328856,0.8863662015396675,6.14999030694662,0.1942900064537626,6711.2,6715.35,0.010958904109589041,60.70815013560992,5.333818203704368,-4.628419736390104,-1.756303526783221,1.007436558395499,1.0-2.0%,1.00-1.02,2025-10-01→2025-10-02
2025-10-01,2025-10-02,P,6760.0,0.0136986301369863,121.2958842771617,-0.11363379846020943,56.10004037334147,-0.8047899928150078,6711.2,6715.35,0.010958904109589041,102.84246431351059,50.90848846500012,-8.278419736390068,-5.410121529817278,1.007436558395499,1.0-2.0%,1.00-1.02,2025-10-01→2025-10-02
2025-10-01,2025-10-02,C,6765.0,0.0136986301369863,67.67868755510409,0.8933060192073954,5.099991533211323,0.16891285495803382,6711.2,6715.35,0.010958904109589041,59.97851531333747,4.331117539802335,-4.707219979711178,-1.7009883480759327,1.0081817037789276,1.0-2.0%,1.00-1.02,2025-10-01→2025-10-02
2025-10-01,2025-10-02,P,6765.0,0.0136986301369863,122.5877379562426,-0.10669398079249269,59.500042092538024,-0.8397426047658074,6711.2,6715.35,0.010958904109589041,107.11096877686781,54.42669947673767,-7.807219979711097,-4.765068190221442,1.0081817037789276,1.0-2.0%,1.00-1.02,2025-10-01→2025-10-02
2025-10-01,2025-10-02,C,6770.0,0.0136986301369863,62.99877187354336,0.8605180851166203,4.149992747189344,0.14466392939000774,6711.2,6715.35,0.010958904109589041,59.77880529869807,3.4429867158299885,-4.471150053234444,-1.5003553069686113,1.0089268491623562,1.0-2.0%,1.00-1.02,2025-10-01→2025-10-02
2025-10-01,2025-10-02,P,6770.0,0.0136986301369863,122.90864197195106,-0.13948191488323808,64.15004277058688,-0.8532825051052411,6711.2,6715.35,0.010958904109589041,111.90939804786707,59.0594368766624,-8.22115005323449,-5.258877603812788,1.0089268491623562,1.0-2.0%,1.00-1.02,2025-10-01→2025-10-02
2025-10-01,2025-10-02,C,6775.0,0.0136986301369863,70.27083270659945,0.8649377244913558,3.4499938148170486,0.12478443055481567,6711.2,6715.35,0.010958904109589041,59.09143697305674,2.7935665331632435,-4.539491556639598,-1.4678553868025532,1.0096719945457848,1.0-2.0%,1.00-1.02,2025-10-01→2025-10-02
2025-10-01,2025-10-02,P,6775.0,0.0136986301369863,135.18152250227195,-0.13506227550856034,68.40004383592805,-0.874019026560222,6711.2,6715.35,0.010958904109589041,116.2201690078572,63.366397624326055,-8.239491556639406,-5.172821039774606,1.0096719945457848,1.0-2.0%,1.00-1.02,2025-10-01→2025-10-02
2025-10-01,2025-10-02,C,6780.0,0.0136986301369863,68.90685223426507,0.8767860724763318,2.7999947156882854,0.10574053138435807,6711.2,6715.35,0.010958904109589041,57.77502157291178,2.207157658101778,-4.4636622007772555,-1.2638232052451435,1.0104171399292134,1.0-2.0%,1.00-1.02,2025-10-01→2025-10-02
2025-10-01,2025-10-02,P,6780.0,0.0136986301369863,138.81836172720534,-0.12321392752355038,72.75004476348658,-0.8929676920476228,6711.2,6715.35,0.010958904109589041,119.90189289334656,67.77919603986538,-8.238662200777199,-5.044184078001878,1.0104171399292134,1.0-2.0%,1.00-1.02,2025-10-01→2025-10-02
2025-10-01,2025-10-02,C,6785.0,0.0136986301369863,64.65205711607885,0.8773126676224242,2.24999556158059,0.08868644996764449,6711.2,6715.35,0.010958904109589041,57.775496032401094,1.7228451001761869,-4.440847570633538,-1.168048767365773,1.011162285312642,1.0-2.0%,1.00-1.02,2025-10-01→2025-10-02
2025-10-01,2025-10-02,P,6785.0,0.0136986301369863,139.56438630628625,-0.12268733237743894,77.25004554968018,-0.9087125569016326,6711.2,6715.35,0.010958904109589041,124.90050663847248,72.33460712553006,-8.190847570633565,-4.928842888857732,1.011162285312642,1.0-2.0%,1.00-1.02,2025-10-01→2025-10-02
2025-10-01,2025-10-02,C,6640.0,0.01643835616438356,105.31450525139115,0.9613743288333185,83.85897560777721,0.7708290843762389,6711.2,6715.35,0.03561643835616438,166.74688762789214,101.62110569998094,27.310296535341216,28.101059299838198,0.9894407532748484,1.0-2.0%,0.98-1.00,2025-10-01→2025-10-02
2025-10-01,2025-10-02,P,6640.0,0.01643835616438356,34.44928862956519,-0.03862567116645354,12.997331772159896,-0.22912049898226353,6711.2,6715.35,0.03561643835616438,83.24570263078265,27.004642478767664,19.1102965353408,19.900850070776517,0.9894407532748484,1.0-2.0%,0.98-1.00,2025-10-01→2025-10-02
2025-10-01,2025-10-02,C,6645.0,0.01643835616438356,100.42070329200374,0.9634543548535598,79.60882608993961,0.7579862158901698,6711.2,6715.35,0.0136986301369863,116.13726010375878,80.37062885003525,0.9016644273572068,1.7543572040553874,0.9901858140830373,1.0-2.0%,0.98-1.00,2025-10-01→2025-10-02
2025-10-01,2025-10-02,P,6645.0,0.01643835616438356,34.55573876609178,-0.03654564514621337,13.69718643989927,-0.2416038977298526,6711.2,6715.35,0.0136986301369863,42.77085789788789,10.260871877911995,-2.8983355726431936,-2.0473438244209787,0.9901858140830373,1.0-2.0%,0.98-1.00,2025-10-01→2025-10-02
2025-10-01,2025-10-02,C,6650.0,0.01643835616438356,95.18082286318132,0.9226531215578975,75.50865983890526,0.7436985229016894,6711.2,6715.35,0.0136986301369863,113.27409897359794,76.15473327038126,0.5209895455342162,1.2636511299575774,0.9909308748912262,1.0-2.0%,0.98-1.00,2025-10-01→2025-10-02
2025-10-01,2025-10-02,P,6650.0,0.01643835616438356,34.31611043318729,-0.07734687844190798,14.497027961488357,-0.25522745465951274,6711.2,6715.35,0.0136986301369863,44.9054270896195,10.960210719791803,-2.82901045446604,-2.090806063162883,0.9909308748912262,1.0-2.0%,0.98-1.00,2025-10-01→2025-10-02
2025-10-01,2025-10-02,C,6655.0,0.01643835616438356,98.72740259621489,0.9502059398347446,71.3084963352776,0.7296690115654352,6711.2,6715.35,0.0136986301369863,109.96490040556291,71.86244565901052,0.30664534968529145,1.2218736020030456,0.991675935699415,1.0-2.0%,0.98-1.00,2025-10-01→2025-10-02
2025-10-01,2025-10-02,P,6655.0,0.01643835616438356,42.86294226214139,-0.04979406016500265,15.396856261243784,-0.2699575362345883,6711.2,6715.35,0.0136986301369863,46.593958843476464,11.752054064008234,-3.1433546503152114,-2.229676224626311,0.991675935699415,1.0-2.0%,0.98-1.00,2025-10-01→2025-10-02
2025-10-01,2025-10-02,C,6660.0,0.01643835616438356,94.40456129661956,0.9567775602638505,67.35830910840923,0.7135914212793684,6711.2,6715.35,0.0136986301369863,107.04301241057156,67.79178844396938,0.029373124904498393,1.0385956016902318,0.992420996507604,1.0-2.0%,0.98-1.00,2025-10-01→2025-10-02
2025-10-01,2025-10-02,P,6660.0,0.01643835616438356,43.540353058460994,-0.043222439735918904,16.34667581299186,-0.2854529194401553,6711.2,6715.35,0.0136986301369863,48.66980117037434,12.595363724091158,-3.4206268750959143,-2.415370384323201,0.992420996507604,1.0-2.0%,0.98-1.00,2025-10-01→2025-10-02
2025-10-01,2025-10-02,C,6665.0,0.01643835616438356,89.29096371011327,0.930940654263101,63.308123457160036,0.6976489976941611,6711.2,6715.35,0.0136986301369863,104.70892019456679,63.64515570858475,-0.013403715192368715,0.9547566595688592,0.9931660573157929,1.0-2.0%,0.98-1.00,2025-10-01→2025-10-02
2025-10-01,2025-10-02,P,6665.0,0.01643835616438356,43.42700756786818,-0.06905934573668224,17.396482886925014,-0.30202013458330723,6711.2,6715.35,0.0136986301369863,51.33343927626322,13.534132575661488,-3.563403715192729,-2.596616441479108,0.9931660573157929,1.0-2.0%,0.98-1.00,2025-10-01→2025-10-02
2025-10-01,2025-10-02,C,6670.0,0.01643835616438356,92.50093410943211,0.9343256222698225,59.457918711866114,0.6800721670414334,6711.2,6715.35,0.0136986301369863,101.8959543886267,59.68145585624916,-0.2274513324202747,0.827700506777679,0.9939111181239818,1.0-2.0%,0.98-1.00,2025-10-01→2025-10-02
2025-10-01,2025-10-02,P,6670.0,0.01643835616438356,51.637230063106536,-0.06567437772994904,18.496280848434253,-0.3193639189043068,6711.2,6715.35,0.0136986301369863,53.518203792212425,14.526649964962417,-3.7774513324206764,-2.724639736546953,0.9939111181239818,1.0-2.0%,0.98-1.00,2025-10-01→2025-10-02
2025-10-01,2025-10-02,C,6675.0,0.01643835616438356,89.85083124719264,0.9450680131390536,55.60770790411698,0.6619640512113821,6711.2,6715.35,0.0136986301369863,98.71810729770587,55.729122692697274,-0.4720322545275928,0.7028491874723986,0.9946561789321706,1.0-2.0%,0.98-1.00,2025-10-01→2025-10-02
2025-10-01,2025-10-02,P,6675.0,0.01643835616438356,53.98737929678273,-0.05493198686071266,19.64606947863649,-0.337520843045199,6711.2,6715.35,0.0136986301369863,55.338087023184826,15.573723607638385,-3.9720322545280116,-2.799288501362239,0.9946561789321706,1.0-2.0%,0.98-1.00,2025-10-01→2025-10-02
2025-10-01,2025-10-02,C,6680.0,0.01643835616438356,85.05741271371939,0.941474185974105,51.90748228422672,0.6425889961389997,6711.2,6715.35,0.0136986301369863,96.82358143048916,51.92026534938395,-0.8571178717930525,0.3832556660227979,0.9954012397403595,1.0-2.0%,0.98-1.00,2025-10-01→2025-10-02
2025-10-01,2025-10-02,P,6680.0,0.01643835616438356,54.19421285922928,-0.058525814025683486,20.945843228861122,-0.35695000003955907,6711.2,6715.35,0.0136986301369863,58.4412914778581,16.764274060513344,-4.207117871793381,-2.9686574998356345,0.9954012397403595,1.0-2.0%,0.98-1.00,2025-10-01→2025-10-02
2025-10-01,2025-10-02,C,6685.0,0.01643835616438356,82.10135180339026,0.9031484928346393,48.25724736452776,0.6224116342814394,6711.2,6715.35,0.0136986301369863,94.57273623324262,48.16868340025576,-0.8980662452642445,0.2669917177316883,0.9961463005485485,1.0-2.0%,0.98-1.00,2025-10-01→2025-10-02
2025-10-01,2025-10-02,P,6685.0,0.01643835616438356,56.23840404481758,-0.09685150716514448,22.345605587767295,-0.37736121585977334,6711.2,6715.35,0.0136986301369863,61.18817660250434,18.056473242636002,-4.2980662452646,-3.1339509541817376,0.9961463005485485,1.0-2.0%,0.98-1.00,2025-10-01→2025-10-02
2025-10-01,2025-10-02,C,6690.0,0.01643835616438356,86.49923281550664,0.9317622470667942,44.60700401964641,0.6015182938137345,6711.2,6715.35,0.0136986301369863,91.75017028610702,44.430518626774756,-1.1668133253277087,0.20369908067266973,0.9968913613567373,1.0-2.0%,0.98-1.00,2025-10-01→2025-10-02
2025-10-01,2025-10-02,P,6690.0,0.01643835616438356,65.63653715284799,-0.068237752933052,23.745360184030233,-0.398431289544774,6711.2,6715.35,0.0136986301369863,63.36334097725949,19.362657640039743,-4.566813325327798,-3.1965101483889717,0.9968913613567373,1.0-2.0%,0.98-1.00,2025-10-01→2025-10-02
2025-10-01,2025-10-02,C,6695.0,0.01643835616438356,82.4258224834592,0.9384070141989755,41.2067436963066,0.5791630778563592,6711.2,6715.35,0.0136986301369863,89.64887923142922,40.93014896034174,-1.3943891089262608,0.0964732268957933,0.9976364221649262,1.0-2.0%,0.98-1.00,2025-10-01→2025-10-02
2025-10-01,2025-10-02,P,6695.0,0.01643835616438356,66.56337891671818,-0.06159298580081989,25.34509986068997,-0.4207865055021487,6711.2,6715.35,0.0136986301369863,66.2597802444724,20.86228797360627,-4.844389108926565,-3.3537360021658547,0.9976364221649262,1.0-2.0%,0.98-1.00,2025-10-01→2025-10-02
2025-10-01,2025-10-02,C,6700.0,0.01643835616438356,77.47916597830877,0.9055780313266263,37.90647244228876,0.5558989663368342,6711.2,6715.35,0.0136986301369863,88.06097157884415,37.535984433543945,-1.5581488300059974,-0.10698071029816969,0.9983814829731151,1.0-2.0%,0.98-1.00,2025-10-01→2025-10-02
2025-10-01,2025-10-02,P,6700.0,0.01643835616438356,66.61697450748643,-0.09442196867317226,27.044828606673036,-0.4440506170216745,6711.2,6715.35,0.0136986301369863,69.66960291378335,22.468123446809386,-4.958148830006285,-3.50718993935981,0.9983814829731151,1.0-2.0%,0.98-1.00,2025-10-01→2025-10-02
2025-10-01,2025-10-02,C,6705.0,0.01643835616438356,83.31285099334939,0.9142199046164163,34.75619097950084,0.5316982428918627,6711.2,6715.35,0.0136986301369863,85.96707857053322,34.29475038103601,-1.894012604158628,-0.306547708001522,0.999126543781304,1.0-2.0%,0.98-1.00,2025-10-01→2025-10-02
2025-10-01,2025-10-02,P,6705.0,0.01643835616438356,77.45091161844479,-0.08578009538335364,28.894547143884665,-0.4682513404666456,6711.2,6715.35,0.0136986301369863,72.57344022736088,24.226889394300997,-5.294012604159034,-3.7067569370631634,0.999126543781304,1.0-2.0%,0.98-1.00,2025-10-01→2025-10-02
2025-10-01,2025-10-02,C,6710.0,0.01643835616438356,81.06491590095425,0.9243942238421883,31.705899760019292,0.5066893788094833,6711.2,6715.35,0.0136986301369863,83.39978729495158,31.162826918709925,-2.1862360289455838,-0.45276092205963003,0.9998716045894929,1.0-2.0%,0.98-1.00,2025-10-01→2025-10-02
2025-10-01,2025-10-02,P,6710.0,0.01643835616438356,80.2032286219669,-0.07560577615761666,30.84425592440357,-0.49326020454902436,6711.2,6715.35,0.0136986301369863,75.00387927367147,26.094965931974457,-5.536236028945851,-3.802970151121281,0.9998716045894929,1.0-2.0%,0.98-1.00,2025-10-01→2025-10-02
2025-10-01,2025-10-02,C,6715.0,0.01643835616438356,76.56831153032965,0.9178946813225102,28.805599642994366,0.4809163004344867,6711.2,6715.35,0.0136986301369863,82.58156278277545,28.187131602041518,-2.3592629274889187,-0.545802646803383,1.0006166653976818,1.0-2.0%,1.00-1.02,2025-10-01→2025-10-02
2025-10-01,2025-10-02,P,6715.0,0.01643835616438356,80.7068763472575,-0.08210531867732224,32.94395580737819,-0.519033282924021,6711.2,6715.35,0.0136986301369863,79.18338508338714,28.119270615306505,-5.759262927489069,-3.946011875865031,1.0006166653976818,1.0-2.0%,1.00-1.02,2025-10-01→2025-10-02
2025-10-01,2025-10-02,C,6720.0,0.01643835616438356,75.47361190788287,0.8824792538395588,26.055292013772032,0.45450728434427734,6711.2,6715.35,0.0136986301369863,81.25377667716384,25.369254223131975,-2.4622889034346516,-0.6862052300289998,1.0013617262058707,1.0-2.0%,1.00-1.02,2025-10-01→2025-10-02
2025-10-01,2025-10-02,P,6720.0,0.01643835616438356,84.61242882072894,-0.11752074616026201,35.193648178155854,-0.5454422990142295,6711.2,6715.35,0.0136986301369863,82.8533292996659,30.30139323639696,-5.86228890343485,-4.086414459090651,1.0013617262058707,1.0-2.0%,1.00-1.02,2025-10-01→2025-10-02
2025-10-01,2025-10-02,C,6725.0,0.01643835616438356,80.28248887505805,0.9092700852075829,23.45497874629382,0.4275952998365726,6711.2,6715.35,0.0136986301369863,79.22557804570367,22.710560636505306,-2.873470853611963,-0.8745204943220073,1.0021067870140596,1.0-2.0%,1.00-1.02,2025-10-01→2025-10-02
2025-10-01,2025-10-02,P,6725.0,0.01643835616438356,94.42155788382242,-0.09072991479221565,37.74333939322696,-0.5719694795619554,6711.2,6715.35,0.0136986301369863,85.82286099009981,32.78066465666507,-6.4234708536122564,-4.4263266598175735,1.0021067870140596,1.0-2.0%,1.00-1.02,2025-10-01→2025-10-02
2025-10-01,2025-10-02,C,6730.0,0.01643835616438356,76.58586797995132,0.9156581601371756,20.954659047854875,0.400140113829395,6711.2,6715.35,0.0136986301369863,78.03298937131983,20.166104083157734,-3.0999813645697794,-0.9605814723922084,1.0028518478222486,1.0-2.0%,1.00-1.02,2025-10-01→2025-10-02
2025-10-01,2025-10-02,P,6730.0,0.01643835616438356,95.72518908463272,-0.08434183986260499,40.29302347053181,-0.5991004456602649,6711.2,6715.35,0.0136986301369863,89.62800263760978,35.28252502518717,-6.749981364570138,-4.613733150509568,1.0028518478222486,1.0-2.0%,1.00-1.02,2025-10-01→2025-10-02
2025-10-01,2025-10-02,C,6735.0,0.01643835616438356,71.91853216053204,0.8814185073264761,18.65433843055689,0.3725899817493388,6711.2,6715.35,0.0136986301369863,77.39154894154728,17.82885922300875,-3.1578868054053566,-1.0462484242599595,1.0035969086304373,1.0-2.0%,1.00-1.02,2025-10-01→2025-10-02
2025-10-01,2025-10-02,P,6735.0,0.01643835616438356,96.05810536113044,-0.1185814926733087,42.992705221126926,-0.626445181514582,6711.2,6715.35,0.0136986301369863,93.98429252972738,37.94545269130231,-6.807886805405701,-4.700252496714141,1.0035969086304373,1.0-2.0%,1.00-1.02,2025-10-01→2025-10-02
2025-10-01,2025-10-02,C,6740.0,0.01643835616438356,78.75126814044334,0.8903524260515131,16.55401989216034,0.34525022833032915,6711.2,6715.35,0.0136986301369863,76.2055104776846,15.699560060174917,-3.4449625681142653,-1.1827884475710544,1.0043419694386262,1.0-2.0%,1.00-1.02,2025-10-01→2025-10-02
2025-10-01,2025-10-02,P,6740.0,0.01643835616438356,107.89109343695776,-0.10964757394826857,45.842385914297665,-0.6538529409656916,6711.2,6715.35,0.0136986301369863,97.7959843877564,40.770041363818564,-7.09496256811463,-4.836510294992028,1.0043419694386262,1.0-2.0%,1.00-1.02,2025-10-01→2025-10-02
2025-10-01,2025-10-02,C,6745.0,0.01643835616438356,76.93139354656847,0.9003341927696815,14.503695717623941,0.31742665483983196,6711.2,6715.35,0.0136986301369863,74.40921752102972,13.640177255129856,-3.63638689999467,-1.2173206175854763,1.0050870302468151,1.0-2.0%,1.00-1.02,2025-10-01→2025-10-02
2025-10-01,2025-10-02,P,6745.0,0.01643835616438356,111.07147093899971,-0.09966580723013192,48.84206774293216,-0.681164557584905,6711.2,6715.35,0.0136986301369863,100.99742175299568,43.756600562172935,-7.286386899994901,-4.873167086022275,1.0050870302468151,1.0-2.0%,1.00-1.02,2025-10-01→2025-10-02
2025-10-01,2025-10-02,C,6750.0,0.01643835616438356,72.69783990648413,0.8949966696136333,12.703382873500686,0.29054295326686874,6711.2,6715.35,0.0136986301369863,74.28389299236089,11.835063479773225,-3.7642361788970655,-1.2557532560576627,1.005832091055004,1.0-2.0%,1.00-1.02,2025-10-01→2025-10-02
2025-10-01,2025-10-02,P,6750.0,0.01643835616438356,111.83816939483262,-0.10500333038621715,51.99175296879821,-0.7082103924580423,6711.2,6715.35,0.0136986301369863,105.8698275462178,46.905135539645926,-7.364236178897139,-4.8609268712987355,1.005832091055004,1.0-2.0%,1.00-1.02,2025-10-01→2025-10-02
2025-10-01,2025-10-02,C,6755.0,0.01643835616438356,70.71358308738832,0.8551391237949866,11.053076411232496,0.264220386265228,6711.2,6715.35,0.0136986301369863,73.6924720374595,10.191519645542485,-3.748827363749662,-1.2965146030008414,1.006577151863193,1.0-2.0%,1.00-1.02,2025-10-01→2025-10-02
2025-10-01,2025-10-02,P,6755.0,0.01643835616438356,114.85416467165295,-0.14486087620484697,55.34144862558878,-0.7343499878182904,6711.2,6715.35,0.0136986301369863,110.27613691320572,50.26115451066926,-7.4988273637498075,-5.052447550553696,1.006577151863193,1.0-2.0%,1.00-1.02,2025-10-01→2025-10-02
2025-10-01,2025-10-02,C,6760.0,0.01643835616438356,77.03788468660365,0.8843318072821017,9.552778823295967,0.2386665252167902,6711.2,6715.35,0.0136986301369863,72.29891264385193,8.708714208532456,-4.019977000221206,-1.340466079649811,1.007322212671382,1.0-2.0%,1.00-1.02,2025-10-01→2025-10-02
2025-10-01,2025-10-02,P,6760.0,0.01643835616438356,126.17871836678823,-0.11566819271770959,58.84115326526262,-0.7597136277139211,6711.2,6715.35,0.0136986301369863,113.88030784149245,53.77774882099766,-7.769977000221442,-5.097188444986813,1.007322212671382,1.0-2.0%,1.00-1.02,2025-10-01→2025-10-02
2025-10-01,2025-10-02,C,6765.0,0.01643835616438356,73.60040772110693,0.8904577859714957,8.20249288687046,0.21410928504695648,6711.2,6715.35,0.0136986301369863,71.53848718016111,7.385410320291157,-4.195399811782192,-1.3885535329449854,1.0080672734795708,1.0-2.0%,1.00-1.02,2025-10-01→2025-10-02
2025-10-01,2025-10-02,P,6765.0,0.01643835616438356,127.74149349721135,-0.10954221402827319,62.49086961771536,-0.7840741610314604,6711.2,6715.35,0.0136986301369863,118.11761269969386,57.453674508086806,-7.895399811782608,-5.0960922317190125,1.0080672734795708,1.0-2.0%,1.00-1.02,2025-10-01→2025-10-02
2025-10-01,2025-10-02,C,6770.0,0.01643835616438356,69.15717952111962,0.8602616317065404,6.952214065746375,0.19013759472736352,6711.2,6715.35,0.0136986301369863,71.3759795279935,6.174870256914119,-4.120085771582612,-1.3390710181186622,1.0088123342877595,1.0-2.0%,1.00-1.02,2025-10-01→2025-10-02
2025-10-01,2025-10-02,P,6770.0,0.01643835616438356,128.29851739313867,-0.13973836829326725,66.29060066710736,-0.80718122676793,6711.2,6715.35,0.0136986301369863,122.95283536941476,61.287243174354444,-7.87008577158286,-5.100197908912646,1.0088123342877595,1.0-2.0%,1.00-1.02,2025-10-01→2025-10-02
2025-10-01,2025-10-02,C,6775.0,0.01643835616438356,75.58823825826761,0.8639404429030427,5.901959355264353,0.16828770171154633,6711.2,6715.35,0.0136986301369863,70.69534675360151,5.165399145764013,-4.185352838048099,-1.2983939621030096,1.0095573950959484,1.0-2.0%,1.00-1.02,2025-10-01→2025-10-02
2025-10-01,2025-10-02,P,6775.0,0.01643835616438356,139.72982822620352,-0.13605955709677278,70.19034131578974,-0.8294779288898992,6711.2,6715.35,0.0136986301369863,127.26993291691493,65.2315841838963,-7.8853528380483215,-5.0076665951064685,1.0095573950959484,1.0-2.0%,1.00-1.02,2025-10-01→2025-10-02
2025-10-01,2025-10-02,C,6780.0,0.01643835616438356,74.36928582790382,0.8745895859722131,4.951716950448258,0.1474688526877368,6711.2,6715.35,0.0136986301369863,69.3051440236599,4.264667960122097,-4.229546781785162,-1.2119957386541889,1.0103024559041374,1.0-2.0%,1.00-1.02,2025-10-01→2025-10-02
2025-10-01,2025-10-02,P,6780.0,0.01643835616438356,143.51112789175497,-0.12541041402764158,74.24010143235955,-0.850078654511247,6711.2,6715.35,0.0136986301369863,130.877460508866,69.32953663988519,-7.929546781785222,-4.922173583777864,1.0103024559041374,1.0-2.0%,1.00-1.02,2025-10-01→2025-10-02
2025-10-01,2025-10-02,C,6785.0,0.01643835616438356,70.37324245416262,0.8748754728044106,4.101487957049926,0.1278013288325484,6711.2,6715.35,0.0136986301369863,69.3287874069896,3.470864781067462,-4.230733212138781,-1.1303755146551453,1.0110475167123263,1.0-2.0%,1.00-1.02,2025-10-01→2025-10-02
2025-10-01,2025-10-02,P,6785.0,0.01643835616438356,144.51533661392884,-0.12512452719543876,78.43988486559192,-0.8686488303442691,6711.2,6715.35,0.0136986301369863,135.89883421409078,73.57797610167017,-7.980733212138861,-4.895107354070809,1.0110475167123263,1.0-2.0%,1.00-1.02,2025-10-01→2025-10-02
2025-10-01,2025-10-02,C,6640.0,0.019178082191780823,114.12913445940391,0.9560917946097449,88.14501779036982,0.7489135841512247,6711.2,6715.35,0.03561643835616438,166.74688762789214,104.65692592083906,23.032219052369037,23.892008625772007,0.9893181433239467,1.0-2.0%,0.98-1.00,2025-10-01→2025-10-02
2025-10-01,2025-10-02,P,6640.0,0.019178082191780823,42.441057935080636,-0.04390820539013838,16.45167141072193,-0.2511599267528805,6711.2,6715.35,0.03561643835616438,83.24570263078265,28.390115773945126,15.682219052369097,16.542313696024593,0.9893181433239467,1.0-2.0%,0.98-1.00,2025-10-01→2025-10-02
2025-10-01,2025-10-02,C,6645.0,0.019178082191780823,109.33895735639639,0.9579170047975462,84.04510151239447,0.7362603988985752,6711.2,6715.35,0.01643835616438356,125.2435387444969,84.57469414121806,0.6746444300896521,1.5945193445705028,0.9900631118053653,1.0-2.0%,0.98-1.00,2025-10-01→2025-10-02
2025-10-01,2025-10-02,P,6645.0,0.019178082191780823,42.65051330457147,-0.04208299520227043,17.301753225347284,-0.26352621992719993,6711.2,6715.35,0.01643835616438356,51.077253498101584,13.757997918996352,-2.6753555699105562,-1.7563661873019778,0.9900631118053653,1.0-2.0%,0.98-1.00,2025-10-01→2025-10-02
2025-10-01,2025-10-02,C,6650.0,0.019178082191780823,104.18440613343364,0.9203430532109208,79.99518964085382,0.7230113900868078,6711.2,6715.35,0.01643835616438356,122.51944013780326,80.43233103546481,0.7305763291741738,1.5495027311393503,0.990808080286784,1.0-2.0%,0.98-1.00,2025-10-01→2025-10-02
2025-10-01,2025-10-02,P,6650.0,0.019178082191780823,42.495594554104024,-0.07965694678893175,18.251841454250098,-0.27679053128096154,6711.2,6715.35,0.01643835616438356,53.35028334494549,14.61539633324719,-2.6694236708258896,-1.8513192951838586,0.990808080286784,1.0-2.0%,0.98-1.00,2025-10-01→2025-10-02
2025-10-01,2025-10-02,C,6655.0,0.019178082191780823,107.56495192179099,0.9454157384544621,75.94528010009162,0.7094144521301372,6711.2,6715.35,0.01643835616438356,119.33006830815316,76.29681972253638,0.42652468541346034,1.4059300236595376,0.9915530487682026,1.0-2.0%,0.98-1.00,2025-10-01→2025-10-02
2025-10-01,2025-10-02,P,6655.0,0.019178082191780823,50.87577281495932,-0.0545842615453613,19.251933720445322,-0.2906590587739732,6711.2,6715.35,0.01643835616438356,55.15803996883505,15.52369213003658,-2.97347531458672,-1.993764906087852,0.9915530487682026,1.0-2.0%,0.98-1.00,2025-10-01→2025-10-02
2025-10-01,2025-10-02,C,6660.0,0.019178082191780823,103.32575691583175,0.9512998363700187,72.045378706468,0.6946923198833818,6711.2,6715.35,0.01643835616438356,116.48653357183208,72.30090076589568,-1.8478943209361023,-0.7829731275164189,0.9922980172496213,1.0-2.0%,0.98-1.00,2025-10-01→2025-10-02
2025-10-01,2025-10-02,P,6660.0,0.019178082191780823,51.63621028149702,-0.04870016362979103,20.25202905792389,-0.3049029117272917,6711.2,6715.35,0.01643835616438356,57.31163368605467,16.439236708243925,-3.097894320936341,-2.0346529163315736,0.9922980172496213,1.0-2.0%,0.98-1.00,2025-10-01→2025-10-02
2025-10-01,2025-10-02,C,6665.0,0.019178082191780823,98.29989032225691,0.9276901977647866,68.14547841191416,0.6795977723290162,6711.2,6715.35,0.01643835616438356,114.25412625551758,68.3130567092112,0.15008567927562932,1.179669244834212,0.9930429857310399,1.0-2.0%,0.98-1.00,2025-10-01→2025-10-02
2025-10-01,2025-10-02,P,6665.0,0.019178082191780823,51.60997616041867,-0.07230980223499561,21.352129078822145,-0.3200326184551009,6711.2,6715.35,0.01643835616438356,60.076354823279175,17.450943885901097,-3.1499143207247315,-2.1218646334111595,0.9930429857310399,1.0-2.0%,0.98-1.00,2025-10-01→2025-10-02
2025-10-01,2025-10-02,C,6670.0,0.019178082191780823,101.02639373580841,0.9306192437169829,64.3955858759955,0.6634532981535691,6711.2,6715.35,0.01643835616438356,111.53639456391419,64.46737328095605,-0.062069861426004014,1.046668812662309,0.9937879542124586,1.0-2.0%,0.98-1.00,2025-10-01→2025-10-02
2025-10-01,2025-10-02,P,6670.0,0.019178082191780823,59.33611204646792,-0.06938075628281457,22.552235458249925,-0.33601334989709386,6711.2,6715.35,0.01643835616438356,62.35575158521731,18.560093265778505,-3.362069861426284,-2.255544597926879,0.9937879542124586,1.0-2.0%,0.98-1.00,2025-10-01→2025-10-02
2025-10-01,2025-10-02,C,6675.0,0.019178082191780823,98.29369414042907,0.9402969279477839,60.69569720884465,0.6467193329319335,6711.2,6715.35,0.01643835616438356,108.40254862675235,60.67586868706621,-0.4022322509838161,0.816114768332123,0.9945329226938772,1.0-2.0%,0.98-1.00,2025-10-01→2025-10-02
2025-10-01,2025-10-02,P,6675.0,0.019178082191780823,61.60304492358705,-0.05970307205197078,23.852347196365372,-0.3528081890203019,6711.2,6715.35,0.01643835616438356,64.21903410159081,19.767933052598437,-3.652232250984291,-2.4358460155655566,0.9945329226938772,1.0-2.0%,0.98-1.00,2025-10-01→2025-10-02
2025-10-01,2025-10-02,C,6680.0,0.019178082191780823,93.54492869670845,0.9369778898321348,57.04581275732107,0.6293732392481329,6711.2,6715.35,0.01643835616438356,106.53748420524225,56.939094829907845,-0.5884582428038665,0.6881010571199093,0.9952778911752959,1.0-2.0%,0.98-1.00,2025-10-01→2025-10-02
2025-10-01,2025-10-02,P,6680.0,0.019178082191780823,61.85391195236175,-0.06302211016768015,25.202463177728987,-0.37021759884778305,6711.2,6715.35,0.01643835616438356,67.35109813362111,21.03053060165712,-3.7884582428040936,-2.513596964781499,0.9952778911752959,1.0-2.0%,0.98-1.00,2025-10-01→2025-10-02
2025-10-01,2025-10-02,C,6685.0,0.019178082191780823,90.43530049387196,0.9019761477673282,53.39593136133226,0.611525201562932,6711.2,6715.35,0.01643835616438356,104.31681555851327,53.21225446452536,-0.543201013234901,0.6621704135135014,0.9960228596567144,1.0-2.0%,0.98-1.00,2025-10-01→2025-10-02
2025-10-01,2025-10-02,P,6685.0,0.019178082191780823,63.74391622201938,-0.09802385223252386,26.652584058014327,-0.3884094687701457,6711.2,6715.35,0.01643835616438356,70.12755794043046,22.393781027684327,-3.8932010132349695,-2.6881007046036807,0.9960228596567144,1.0-2.0%,0.98-1.00,2025-10-01→2025-10-02
2025-10-01,2025-10-02,C,6690.0,0.019178082191780823,93.9801814274916,0.9280157263898545,49.84605566638902,0.5928402109442842,6711.2,6715.35,0.01643835616438356,101.5136440275387,49.58640978849144,-0.8012652645183986,0.5897131245809013,0.9967678281381331,1.0-2.0%,0.98-1.00,2025-10-01→2025-10-02
2025-10-01,2025-10-02,P,6690.0,0.019178082191780823,72.28842962813674,-0.07198427361000541,28.15270928673999,-0.40723329995982127,6711.2,6715.35,0.01643835616438356,72.32151486299514,23.813282195989814,-4.151265264518438,-2.759981805166519,0.9967678281381331,1.0-2.0%,0.98-1.00,2025-10-01→2025-10-02
2025-10-01,2025-10-02,C,6695.0,0.019178082191780823,89.81633027232452,0.934118855147731,46.49618657749488,0.5731632597185986,6711.2,6715.35,0.01643835616438356,99.35392099876604,46.15413870256407,-1.026593248863592,0.47137247216750433,0.9975127966195517,1.0-2.0%,0.98-1.00,2025-10-01→2025-10-02
2025-10-01,2025-10-02,P,6695.0,0.019178082191780823,73.12421094546593,-0.0658811448520856,29.802840197846763,-0.42691025118550896,6711.2,6715.35,0.01643835616438356,75.15892028776258,25.38101111006381,-4.476593248863809,-2.978322457579905,0.9975127966195517,1.0-2.0%,0.98-1.00,2025-10-01→2025-10-02
2025-10-01,2025-10-02,C,6700.0,0.019178082191780823,84.84040475396344,0.9039284204092272,43.246321819320656,0.5528061961907458,6711.2,6715.35,0.01643835616438356,97.66870014696147,42.825783858721024,-1.2013029446987886,0.25585428580810055,0.9982577651009703,1.0-2.0%,0.98-1.00,2025-10-01→2025-10-02
2025-10-01,2025-10-02,P,6700.0,0.019178082191780823,73.14791789959936,-0.09607157959061692,31.55297543967299,-0.4472673147133625,6711.2,6715.35,0.01643835616438356,78.47082788949794,27.052656266220765,-4.50130294469889,-3.043840643939304,0.9982577651009703,1.0-2.0%,0.98-1.00,2025-10-01→2025-10-02
2025-10-01,2025-10-02,C,6705.0,0.019178082191780823,89.5358059389689,0.9118573457057443,40.096461759123486,0.5318013647144897,6711.2,6715.35,0.01643835616438356,95.51054093006981,39.60232108244736,-1.3842079846793376,0.19302433643457606,0.999002733582389,1.0-2.0%,0.98-1.00,2025-10-01→2025-10-02
2025-10-01,2025-10-02,P,6705.0,0.019178082191780823,82.84295155710437,-0.08814265429407338,33.40311537947446,-0.46827214618961743,6711.2,6715.35,0.01643835616438356,81.3097971261447,28.829193489945737,-4.784207984679553,-3.206670593312838,0.999002733582389,1.0-2.0%,0.98-1.00,2025-10-01→2025-10-02
2025-10-01,2025-10-02,C,6710.0,0.019178082191780823,86.90272287839262,0.9214061434298033,37.04660561279843,0.5101792085103778,6711.2,6715.35,0.01643835616438356,92.848344739593,36.484667670812996,-1.6738354952341807,0.032756284681659587,0.9997477020638076,1.0-2.0%,0.98-1.00,2025-10-01→2025-10-02
2025-10-01,2025-10-02,P,6710.0,0.019178082191780823,85.20950096902261,-0.078593856570044,35.35325923315122,-0.48989430239372983,6711.2,6715.35,0.01643835616438356,83.64472938920672,30.711540078312282,-5.073835495234277,-3.366938645065756,0.9997477020638076,1.0-2.0%,0.98-1.00,2025-10-01→2025-10-02
2025-10-01,2025-10-02,C,6715.0,0.019178082191780823,82.2336825463575,0.9154033892610663,34.14675255985185,0.48799210789155834,6711.2,6715.35,0.01643835616438356,91.73802002805635,33.52001841754782,-1.8989240654339263,-0.1251672477502348,1.0004926705452262,1.0-2.0%,1.00-1.02,2025-10-01→2025-10-02
2025-10-01,2025-10-02,P,6715.0,0.019178082191780823,85.54009310948702,-0.08459661073874816,37.40340633634651,-0.5121057220814177,6711.2,6715.35,0.01643835616438356,87.53153313120923,32.700556227576726,-5.248924065434154,-3.474761253361842,1.0004926705452262,1.0-2.0%,1.00-1.02,2025-10-01→2025-10-02
2025-10-01,2025-10-02,C,6720.0,0.019178082191780823,80.66333937070502,0.8822034535176128,31.34690414939496,0.46530590921900394,6711.2,6715.35,0.01643835616438356,90.15567314471897,30.66307120711508,-2.0111443320985756,-0.2810195232591217,1.0012376390266449,1.0-2.0%,1.00-1.02,2025-10-01→2025-10-02
2025-10-01,2025-10-02,P,6720.0,0.019178082191780823,88.96938240632925,-0.11779654648223668,39.603558147032345,-0.534824350335436,6711.2,6715.35,0.01643835616438356,90.94631470140955,34.843496250827684,-5.3111443320986576,-3.5804789461076534,1.0012376390266449,1.0-2.0%,1.00-1.02,2025-10-01→2025-10-02
2025-10-01,2025-10-02,C,6725.0,0.019178082191780823,84.45382989904893,0.9075578814201558,28.647058874081722,0.44214768714110136,6711.2,6715.35,0.01643835616438356,87.90080091424593,27.914519173417375,-2.266365207894142,-0.3349129016358119,1.0019826075080636,1.0-2.0%,1.00-1.02,2025-10-01→2025-10-02
2025-10-01,2025-10-02,P,6725.0,0.019178082191780823,97.75950540717248,-0.09244211857965232,41.95371249443315,-0.5579258237630068,6711.2,6715.35,0.01643835616438356,93.68857092447607,37.141391580916206,-5.66636520789439,-3.7346078313832143,1.0019826075080636,1.0-2.0%,1.00-1.02,2025-10-01→2025-10-02
2025-10-01,2025-10-02,C,6730.0,0.019178082191780823,80.45129287301779,0.9137742230748503,26.147213608088805,0.41879406684149834,6711.2,6715.35,0.01643835616438356,86.38453754535259,25.368224421224568,-2.5921630257611246,-0.5379953773924437,1.0027275759894823,1.0-2.0%,1.00-1.02,2025-10-01→2025-10-02
2025-10-01,2025-10-02,P,6730.0,0.019178082191780823,98.75660085363555,-0.08622577692494929,44.40386806827382,-0.5814056962953827,6711.2,6715.35,0.01643835616438356,97.16943600912177,39.548484565067156,-5.942163025761411,-3.8871663603738416,1.0027275759894823,1.0-2.0%,1.00-1.02,2025-10-01→2025-10-02
2025-10-01,2025-10-02,C,6735.0,0.019178082191780823,75.5593223551324,0.8811484350990009,23.697371922855837,0.3949992224033001,6711.2,6715.35,0.01643835616438356,85.34866664351479,22.885085865566452,-2.6567660056613343,-0.6392467729739109,1.0034725444709007,1.0-2.0%,1.00-1.02,2025-10-01→2025-10-02
2025-10-01,2025-10-02,P,6735.0,0.019178082191780823,98.86426280824575,-0.11885156490083688,47.15402229246365,-0.6045856771468261,6711.2,6715.35,0.01643835616438356,101.13069356082453,42.25193710080657,-6.206766005661458,-4.190969439840337,1.0034725444709007,1.0-2.0%,1.00-1.02,2025-10-01→2025-10-02
2025-10-01,2025-10-02,C,6740.0,0.019178082191780823,81.49650531678486,0.8897735946223546,21.447529976353508,0.3712819932723742,6711.2,6715.35,0.01643835616438356,83.8373019655649,20.605476847608315,-2.942560417683257,-0.7908202720805555,1.0042175129523194,1.0-2.0%,1.00-1.02,2025-10-01→2025-10-02
2025-10-01,2025-10-02,P,6740.0,0.019178082191780823,109.80107824239441,-0.11022640537746835,49.90417955803059,-0.6281878066774889,6711.2,6715.35,0.01643835616438356,104.616457336413,44.972396548940196,-6.542560417683439,-4.393020602288072,1.0042175129523194,1.0-2.0%,1.00-1.02,2025-10-01→2025-10-02
2025-10-01,2025-10-02,C,6745.0,0.019178082191780823,79.29594182809087,0.8995545336250467,19.297688460601876,0.3474214924194929,6711.2,6715.35,0.01643835616438356,81.72610184759985,18.436429477898855,-3.1831513145444337,-0.8917991935410843,1.0049624814337381,1.0-2.0%,1.00-1.02,2025-10-01→2025-10-02
2025-10-01,2025-10-02,P,6745.0,0.019178082191780823,112.60014722619977,-0.10044546637475926,52.70433886074716,-0.6521679569850748,6711.2,6715.35,0.01643835616438356,107.50238567198956,47.75666157149681,-6.683151314544696,-4.393502978511585,1.0049624814337381,1.0-2.0%,1.00-1.02,2025-10-01→2025-10-02
2025-10-01,2025-10-02,C,6750.0,0.019178082191780823,74.83013590648957,0.8944772991488045,17.29784599732693,0.32373319179274523,6711.2,6715.35,0.01643835616438356,81.23914674607634,16.42478992862516,-3.412080791468026,-1.0434927459400687,1.0057074499151568,1.0-2.0%,1.00-1.02,2025-10-01→2025-10-02
2025-10-01,2025-10-02,P,6750.0,0.019178082191780823,113.13397377709582,-0.10552270085103008,55.704495845775455,-0.6757723431625194,6711.2,6715.35,0.01643835616438356,112.01255902400366,50.7449575329465,-6.8620807914681645,-4.495544775875173,1.0057074499151568,1.0-2.0%,1.00-1.02,2025-10-01→2025-10-02
2025-10-01,2025-10-02,C,6755.0,0.019178082191780823,72.55940948173732,0.8556995411769295,15.39800363311224,0.3000500425772474,6711.2,6715.35,0.01643835616438356,80.3330678401105,14.523921586454662,-3.3011530958847244,-0.9952076766957403,1.0064524183965753,1.0-2.0%,1.00-1.02,2025-10-01→2025-10-02
2025-10-01,2025-10-02,P,6755.0,0.019178082191780823,115.86287982484073,-0.1443004588228564,58.854650710164606,-0.6990399224999593,6711.2,6715.35,0.01643835616438356,116.1036085715769,53.89054909835431,-6.851153095885063,-4.548984321624783,1.0064524183965753,1.0-2.0%,1.00-1.02,2025-10-01→2025-10-02
2025-10-01,2025-10-02,C,6760.0,0.019178082191780823,78.37188159032092,0.884272539684813,13.698155939520348,0.277158161083815,6711.2,6715.35,0.01643835616438356,78.65744361413012,12.826788237215169,-3.619731039692456,-1.1002063684979828,1.007197386877994,1.0-2.0%,1.00-1.02,2025-10-01→2025-10-02
2025-10-01,2025-10-02,P,6760.0,0.019178082191780823,126.67498440592048,-0.11572746031500351,62.15480212757029,-0.7217982348489318,6711.2,6715.35,0.01643835616438356,119.42511279913505,57.19312920051834,-7.31973103969267,-4.804537325376536,1.007197386877994,1.0-2.0%,1.00-1.02,2025-10-01→2025-10-02
2025-10-01,2025-10-02,C,6765.0,0.019178082191780823,74.75079577743332,0.8903711097642799,12.098306952844268,0.25453638537762996,6711.2,6715.35,0.01643835616438356,77.61418825292716,11.239804457326272,-3.795040105522247,-1.156325999317303,1.0079423553594127,1.0-2.0%,1.00-1.02,2025-10-01→2025-10-02
2025-10-01,2025-10-02,P,6765.0,0.019178082191780823,128.0535310655298,-0.1096288902355504,65.55495207088461,-0.7442791199858965,6711.2,6715.35,0.01643835616438356,123.37898589147169,60.60575886730476,-7.545040105522406,-4.9112416520581235,1.0079423553594127,1.0-2.0%,1.00-1.02,2025-10-01→2025-10-02
2025-10-01,2025-10-02,C,6770.0,0.019178082191780823,70.16870922682345,0.8606973310651528,10.598454756057208,0.2322382525574357,6711.2,6715.35,0.01643835616438356,77.19203051436422,9.762593403230767,-3.771893923920853,-1.163788748113484,1.0086873238408312,1.0-2.0%,1.00-1.02,2025-10-01→2025-10-02
2025-10-01,2025-10-02,P,6770.0,0.019178082191780823,128.47107698741644,-0.1393026689346574,69.05509902911945,-0.7664277655792748,6711.2,6715.35,0.01643835616438356,127.95395660644783,64.12805402477716,-7.471893923921093,-4.869324772845588,1.0086873238408312,1.0-2.0%,1.00-1.02,2025-10-01→2025-10-02
2025-10-01,2025-10-02,C,6775.0,0.019178082191780823,76.34027815509926,0.8643267137552813,9.298593658693562,0.2113680302101122,6711.2,6715.35,0.01643835616438356,76.29156754278561,8.486669522969123,-3.8869558620848896,-1.1771773253720816,1.0094322923222498,1.0-2.0%,1.00-1.02,2025-10-01→2025-10-02
2025-10-01,2025-10-02,P,6775.0,0.019178082191780823,139.64227838819048,-0.1356732862445416,72.70524037409359,-0.7876676123682385,6711.2,6715.35,0.01643835616438356,132.05062208840909,67.80553103347847,-7.586955862085084,-4.881179408671386,1.0094322923222498,1.0-2.0%,1.00-1.02,2025-10-01→2025-10-02
2025-10-01,2025-10-02,C,6780.0,0.019178082191780823,75.00000098106382,0.8748797450077909,8.04873220620675,0.19058510438247642,6711.2,6715.35,0.01643835616438356,74.68062237388985,7.272746499058485,-3.98075094178281,-1.1409281831873817,1.0101772608036685,1.0-2.0%,1.00-1.02,2025-10-01→2025-10-02
2025-10-01,2025-10-02,P,6780.0,0.019178082191780823,143.30163368664856,-0.125120254992066,76.50537428439293,-0.807774221541425,6711.2,6715.35,0.01643835616438356,135.43680537305016,71.63688091829135,-7.7307509417828575,-4.897736980602645,1.0101772608036685,1.0-2.0%,1.00-1.02,2025-10-01→2025-10-02
2025-10-01,2025-10-02,C,6785.0,0.019178082191780823,70.93195021569127,0.8751938346022314,6.9988571330159175,0.17170152585343404,6711.2,6715.35,0.01643835616438356,74.51349600512684,6.257125431875238,-4.132054413599738,-1.212561332291845,1.0109222292850872,1.0-2.0%,1.00-1.02,2025-10-01→2025-10-02
2025-10-01,2025-10-02,P,6785.0,0.019178082191780823,144.23321539377258,-0.12480616539761473,80.40550265372258,-0.8271246784877142,6711.2,6715.35,0.01643835616438356,140.2668074578276,75.57495012492382,-7.732054413599831,-4.817432584275535,1.0109222292850872,1.0-2.0%,1.00-1.02,2025-10-01→2025-10-02
2025-10-01,2025-10-02,C,6640.0,0.021917808219178082,121.82091047356963,0.9511100676061962,92.61320064030951,0.7283972269444363,6711.2,6715.35,0.03561643835616438,166.74688762789214,107.4093759608204,18.602893219433778,19.527151508180204,0.9892407956855646,2.0-3.0%,0.98-1.00,2025-10-01→2025-10-02
2025-10-01,2025-10-02,P,6640.0,0.021917808219178082,49.613738478519586,-0.04888993239386866,20.09510104606875,-0.2702851055444353,6711.2,6715.35,0.03561643835616438,83.24570263078265,29.99995448040022,12.05289321943458,12.971683188009552,0.9892407956855646,2.0-3.0%,0.98-1.00,2025-10-01→2025-10-02
2025-10-01,2025-10-02,C,6645.0,0.021917808219178082,117.02915455114768,0.9528175063253586,89.2129327388675,0.7136158385798504,6711.2,6715.35,0.019178082191780823,132.40460982738185,89.50867747180382,-0.15419265125076098,0.8384942698932285,0.9899857059232795,2.0-3.0%,0.98-1.00,2025-10-01→2025-10-02
2025-10-01,2025-10-02,P,6645.0,0.021917808219178082,49.82122414345274,-0.04718249367464696,21.044885459197985,-0.28217959673112075,6711.2,6715.35,0.019178082191780823,57.609761737089244,17.41715607551737,-2.6541926512501908,-1.6789546735656964,0.9899857059232795,2.0-3.0%,0.98-1.00,2025-10-01→2025-10-02
2025-10-01,2025-10-02,C,6650.0,0.021917808219178082,111.8701441237126,0.9173166477967377,84.41277471815283,0.7048978938408668,6711.2,6715.35,0.019178082191780823,129.70852780934928,84.71585951576526,-0.9068640883569565,-0.025326259439975907,0.9907306161609946,2.0-3.0%,0.98-1.00,2025-10-01→2025-10-02
2025-10-01,2025-10-02,P,6650.0,0.021917808219178082,49.661455303374076,-0.08268335220324137,22.044660527682026,-0.2945898166889501,6711.2,6715.35,0.019178082191780823,59.91033521334177,18.339811330277826,-2.5568640883565052,-1.6774522607406983,0.9907306161609946,2.0-3.0%,0.98-1.00,2025-10-01→2025-10-02
2025-10-01,2025-10-02,C,6655.0,0.021917808219178082,115.0138923662414,0.9409191612353291,81.31247819373675,0.6885538706743403,6711.2,6715.35,0.019178082191780823,126.57116512780654,81.45632812780059,-0.45481451912712645,0.5925014367011152,0.9914755263987096,2.0-3.0%,0.98-1.00,2025-10-01→2025-10-02
2025-10-01,2025-10-02,P,6655.0,0.021917808219178082,57.80444513325163,-0.05908083876469603,23.194418012823917,-0.30793716829363704,6711.2,6715.35,0.019178082191780823,61.769628026090174,19.40320373435452,-2.954814519126482,-1.9220607515812411,0.9914755263987096,2.0-3.0%,0.98-1.00,2025-10-01→2025-10-02
2025-10-01,2025-10-02,C,6660.0,0.021917808219178082,110.73767874094904,0.9464342605044337,77.31224620891044,0.6757390011383367,6711.2,6715.35,0.019178082191780823,123.73600226846396,77.39350214690421,-0.42770218109391633,0.6956831452755337,0.9922204366364247,2.0-3.0%,0.98-1.00,2025-10-01→2025-10-02
2025-10-01,2025-10-02,P,6660.0,0.021917808219178082,58.5274730953136,-0.0535657394955798,24.24417868104456,-0.32117234870295436,6711.2,6715.35,0.019178082191780823,63.93112066103633,20.382704554306883,-3.0277021810933147,-1.9171347528825642,0.9922204366364247,2.0-3.0%,0.98-1.00,2025-10-01→2025-10-02
2025-10-01,2025-10-02,C,6665.0,0.021917808219178082,105.69182386883637,0.9242301028418216,73.41200038807347,0.6621748562517935,6711.2,6715.35,0.019178082191780823,121.46735275996096,73.42698866282535,-0.3855549267940752,0.7019743465546844,0.9929653468741397,2.0-3.0%,0.98-1.00,2025-10-01→2025-10-02
2025-10-01,2025-10-02,P,6665.0,0.021917808219178082,58.480859810555295,-0.07576989715815534,25.443922122457934,-0.3353302046584733,6711.2,6715.35,0.019178082191780823,66.65912664682338,21.504227728109072,-3.1355549267936134,-2.058379650667152,0.9929653468741397,2.0-3.0%,0.98-1.00,2025-10-01→2025-10-02
2025-10-01,2025-10-02,C,6670.0,0.021917808219178082,108.07413519000796,0.9269435015859787,69.01177647576878,0.649821151231597,6711.2,6715.35,0.019178082191780823,118.74842780386157,69.01065623047725,0.10318446841767104,1.2532422223885065,0.9937102571118547,2.0-3.0%,0.98-1.00,2025-10-01→2025-10-02
2025-10-01,2025-10-02,P,6670.0,0.021917808219178082,65.86241271907942,-0.07305649841400727,26.64365916590532,-0.34983865554514876,6711.2,6715.35,0.019178082191780823,68.93685718501341,22.632548737546585,-3.2468155315818272,-2.098169579487439,0.9937102571118547,2.0-3.0%,0.98-1.00,2025-10-01→2025-10-02
2025-10-01,2025-10-02,C,6675.0,0.021917808219178082,105.20908557823587,0.9360189930739832,65.41149657193273,0.6343600190886158,6711.2,6715.35,0.019178082191780823,115.6071412575787,65.32914677201916,-0.1844788212575521,1.0674059207818867,0.9944551673495697,2.0-3.0%,0.98-1.00,2025-10-01→2025-10-02
2025-10-01,2025-10-02,P,6675.0,0.021917808219178082,67.99660469465992,-0.0639810069259933,27.94338374335348,-0.36505459294974757,6711.2,6715.35,0.019178082191780823,70.79222613301609,23.859081774895913,-3.434478821257092,-2.1850234392583476,0.9944551673495697,2.0-3.0%,0.98-1.00,2025-10-01→2025-10-02
2025-10-01,2025-10-02,C,6680.0,0.021917808219178082,100.40818760805936,0.93292150833403,61.811209839168896,0.6185561240927504,6711.2,6715.35,0.019178082191780823,113.636954194168,61.65560858111803,-0.32162425958673646,0.9829920850147453,0.9952000775872848,2.0-3.0%,0.98-1.00,2025-10-01→2025-10-02
2025-10-01,2025-10-02,P,6680.0,0.021917808219178082,68.194948311837,-0.06707849166600471,29.39309304396602,-0.3810753586246106,6711.2,6715.35,0.019178082191780823,73.8186945638958,25.230639861887994,-3.621624259586042,-2.3185372617076565,0.9952000775872848,2.0-3.0%,0.98-1.00,2025-10-01→2025-10-02
2025-10-01,2025-10-02,C,6685.0,0.021917808219178082,97.15445122440292,0.8999733324997473,58.16091796951832,0.6024536359362249,6711.2,6715.35,0.019178082191780823,111.32704869733554,57.94394759616716,-0.23488932987444233,0.9998174108643378,0.9959449878249999,2.0-3.0%,0.98-1.00,2025-10-01→2025-10-02
2025-10-01,2025-10-02,P,6685.0,0.021917808219178082,69.94045351553291,-0.10002666750027253,31.04278769293387,-0.3979217988499211,6711.2,6715.35,0.019178082191780823,76.50544456135482,26.794633744806106,-3.8348893298738145,-2.5986245347726102,0.9959449878249999,2.0-3.0%,0.98-1.00,2025-10-01→2025-10-02
2025-10-01,2025-10-02,C,6690.0,0.021917808219178082,100.21763896966145,0.9244653768804348,54.76060817697589,0.5853609491587661,6711.2,6715.35,0.019178082191780823,108.46133622880835,54.470849907891534,-0.536531314054312,0.8707520609907982,0.9966898980627149,2.0-3.0%,0.98-1.00,2025-10-01→2025-10-02
2025-10-01,2025-10-02,P,6690.0,0.021917808219178082,78.00288284814299,-0.07553462311961358,32.44248532946767,-0.41460442615005977,6711.2,6715.35,0.019178082191780823,78.63638758711072,28.137069563625573,-3.9865313140535665,-2.57939163147703,0.9966898980627149,2.0-3.0%,0.98-1.00,2025-10-01→2025-10-02
2025-10-01,2025-10-02,C,6695.0,0.021917808219178082,95.94605222634509,0.9302624411028122,51.41028949638667,0.5677777777860354,6711.2,6715.35,0.019178082191780823,106.1678527106236,51.05312567007195,-0.7605891305771841,0.7437222221876376,0.9974348083004299,2.0-3.0%,0.98-1.00,2025-10-01→2025-10-02
2025-10-01,2025-10-02,P,6695.0,0.021917808219178082,78.73053769218215,-0.06973755889718222,34.092165923279936,-0.43222763068562153,6711.2,6715.35,0.019178082191780823,81.33955956321643,29.719066416443184,-4.160589130576652,-2.6562553326544305,0.9974348083004299,2.0-3.0%,0.98-1.00,2025-10-01→2025-10-02
2025-10-01,2025-10-02,C,6700.0,0.021917808219178082,90.89287312487909,0.9017766324313361,48.35995669200429,0.5494201020310505,6711.2,6715.35,0.019178082191780823,104.27635839276037,47.92346340597396,-1.0923730245905383,0.3699065765708389,0.9981797185381449,2.0-3.0%,0.98-1.00,2025-10-01→2025-10-02
2025-10-01,2025-10-02,P,6700.0,0.021917808219178082,78.67660017807127,-0.0982233675686393,35.841836094661176,-0.45042060685411217,6711.2,6715.35,0.019178082191780823,84.44472073964225,31.403291320830704,-4.192373024590095,-2.73075448155519,0.9981797185381449,2.0-3.0%,0.98-1.00,2025-10-01→2025-10-02
2025-10-01,2025-10-02,C,6705.0,0.021917808219178082,94.99904411255866,0.9092523638691506,45.1596202894234,0.5308539984859685,6711.2,6715.35,0.019178082191780823,101.96431358192183,44.664820889396196,-1.2733973100574785,0.2969559062829341,0.99892462877586,2.0-3.0%,0.98-1.00,2025-10-01→2025-10-02
2025-10-01,2025-10-02,P,6705.0,0.021917808219178082,87.7820127531013,-0.09074763613083743,37.941494066331416,-0.469297707054485,6711.2,6715.35,0.019178082191780823,87.12933142309517,33.423418014967865,-4.723397310056977,-3.152414515723633,0.99892462877586,2.0-3.0%,0.98-1.00,2025-10-01→2025-10-02
2025-10-01,2025-10-02,C,6710.0,0.021917808219178082,92.14853051210912,0.9183590035852787,42.559272827000314,0.5116822015495943,6711.2,6715.35,0.019178082191780823,99.14953472538176,41.976568056727956,-1.9611898648793993,-0.2734811364310872,0.999669539013575,2.0-3.0%,0.98-1.00,2025-10-01→2025-10-02
2025-10-01,2025-10-02,P,6710.0,0.021917808219178082,89.93074074000756,-0.08164099641470197,39.69114817578884,-0.48838218774379133,6711.2,6715.35,0.019178082191780823,89.31120806084067,35.128094875401985,-4.761189864878951,-3.073213920863008,0.999669539013575,2.0-3.0%,0.98-1.00,2025-10-01→2025-10-02
2025-10-01,2025-10-02,C,6715.0,0.021917808219178082,87.36077573928111,0.9127152169184922,39.15891915780685,0.492171422639691,6711.2,6715.35,0.019178082191780823,97.73107623974748,38.55204804937466,-1.6877681502122392,0.05748859604501533,1.00041444925129,2.0-3.0%,1.00-1.02,2025-10-01→2025-10-02
2025-10-01,2025-10-02,P,6715.0,0.021917808219178082,90.14222755453038,-0.08728478308151175,41.94079293471532,-0.5079802829007627,6711.2,6715.35,0.019178082191780823,92.88940506949696,37.310645174945876,-5.137768150211679,-3.3918818259615575,1.00041444925129,2.0-3.0%,1.00-1.02,2025-10-01→2025-10-02
2025-10-01,2025-10-02,C,6720.0,0.021917808219178082,85.50217315450024,0.8811251126801495,36.20855529096616,0.4720919082393747,6711.2,6715.35,0.019178082191780823,95.87129458021694,35.55894070638897,-1.606669217623104,0.09081858080633465,1.0011593594890051,2.0-3.0%,1.00-1.02,2025-10-01→2025-10-02
2025-10-01,2025-10-02,P,6720.0,0.021917808219178082,93.2828665571055,-0.1188748873198375,44.09043060643671,-0.5279749955793933,6711.2,6715.35,0.019178082191780823,96.02627890425667,39.411315719286904,-5.206669217622605,-3.5089037683452253,1.0011593594890051,2.0-3.0%,1.00-1.02,2025-10-01→2025-10-02
2025-10-01,2025-10-02,C,6725.0,0.021917808219178082,88.73234315487127,0.9053535723231056,33.508185901883735,0.4517240453696561,6711.2,6715.35,0.019178082191780823,93.36890334691775,32.81188795761909,-1.9572173251413854,-0.07465478828432226,1.0019042697267202,2.0-3.0%,1.00-1.02,2025-10-01→2025-10-02
2025-10-01,2025-10-02,P,6725.0,0.021917808219178082,101.51227814482932,-0.09464642767688032,46.3900621722928,-0.548290480849844,6711.2,6715.35,0.019178082191780823,98.52054316524261,41.66441721864567,-5.507217325140894,-3.6245945044728467,1.0019042697267202,2.0-3.0%,1.00-1.02,2025-10-01→2025-10-02
2025-10-01,2025-10-02,C,6730.0,0.021917808219178082,84.55018686205456,0.9113917890590346,31.05781674110085,0.43134099587081803,6711.2,6715.35,0.019178082191780823,91.53328117091993,30.312050878937498,-2.382275924595489,-0.39006513286412803,1.002649179964435,2.0-3.0%,1.00-1.02,2025-10-01→2025-10-02
2025-10-01,2025-10-02,P,6730.0,0.021917808219178082,102.32936343936626,-0.08860821094089946,49.28970591928146,-0.5679613157258073,6711.2,6715.35,0.019178082191780823,101.68157648353414,44.4938749506432,-6.332275924595215,-4.342960539737586,1.002649179964435,2.0-3.0%,1.00-1.02,2025-10-01→2025-10-02
2025-10-01,2025-10-02,C,6735.0,0.021917808219178082,79.51246581216444,0.8801449879702419,28.40743210343817,0.4101179593700399,6711.2,6715.35,0.019178082191780823,90.1059010157449,27.63658390627961,-2.3026017000769827,-0.35198953138588807,1.00339409020215,2.0-3.0%,1.00-1.02,2025-10-01→2025-10-02
2025-10-01,2025-10-02,P,6735.0,0.021917808219178082,102.29088397682919,-0.1198550120297113,51.289310392854986,-0.5897848495666923,6711.2,6715.35,0.019178082191780823,105.25085182264795,46.48933637498703,-5.852601700076627,-3.9023928742978993,1.00339409020215,2.0-3.0%,1.00-1.02,2025-10-01→2025-10-02
2025-10-01,2025-10-02,C,6740.0,0.021917808219178082,84.81512620194368,0.8884801232012398,26.15705693837117,0.3894164507010465,6711.2,6715.35,0.019178082191780823,88.25674106814176,25.350439082482808,-2.637192511285629,-0.5660782704095548,1.0041390004398651,2.0-3.0%,1.00-1.02,2025-10-01→2025-10-02
2025-10-01,2025-10-02,P,6740.0,0.021917808219178082,112.59278595396066,-0.1115198767987207,54.48896088555375,-0.6090708391558235,6711.2,6715.35,0.019178082191780823,108.39834736933298,49.62717718971862,-6.637192511285242,-4.572356017502994,1.0041390004398651,2.0-3.0%,1.00-1.02,2025-10-01→2025-10-02
2025-10-01,2025-10-02,C,6745.0,0.021917808219178082,82.33305107176261,0.8980259608866932,23.956678739601102,0.3685234347816854,6711.2,6715.35,0.019178082191780823,85.81968920356498,23.124471687614005,-2.8768077376802688,-0.6793722543441978,1.0048839106775802,2.0-3.0%,1.00-1.02,2025-10-01→2025-10-02
2025-10-01,2025-10-02,P,6745.0,0.021917808219178082,115.10995241113444,-0.10197403911325147,57.38859491131734,-0.6292821876184215,6711.2,6715.35,0.019178082191780823,110.9579509990493,52.49557897730483,-7.026807737679953,-4.83847892138321,1.0048839106775802,2.0-3.0%,1.00-1.02,2025-10-01→2025-10-02
2025-10-01,2025-10-02,C,6750.0,0.021917808219178082,77.67951705308441,0.8932007902191057,21.65628355728859,0.3467438902970127,6711.2,6715.35,0.019178082191780823,84.90171690100868,20.817422965731566,-2.956783279409776,-0.688987144732792,1.0056288209152953,2.0-3.0%,1.00-1.02,2025-10-01→2025-10-02
2025-10-01,2025-10-02,P,6750.0,0.021917808219178082,115.45565997980837,-0.10679920978088975,60.18821523204133,-0.6502138367899899,6711.2,6715.35,0.019178082191780823,115.03663419077795,55.282738409366175,-7.106783279409253,-4.851612577321191,1.0056288209152953,2.0-3.0%,1.00-1.02,2025-10-01→2025-10-02
2025-10-01,2025-10-02,C,6755.0,0.021917808219178082,75.13920369477867,0.8556136966197431,19.65590253416076,0.32572247905984214,6711.2,6715.35,0.019178082191780823,83.60460137267697,18.806425542421493,-2.9507968409723992,-0.7517482880985211,1.0063737311530103,2.0-3.0%,1.00-1.02,2025-10-01→2025-10-02
2025-10-01,2025-10-02,P,6755.0,0.021917808219178082,117.9145882088562,-0.1443863033802344,63.18784300551579,-0.6707512690798589,6711.2,6715.35,0.019178082191780823,118.73617415673617,58.27139237961637,-7.150796840971949,-4.966382233318219,1.0063737311530103,2.0-3.0%,1.00-1.02,2025-10-01→2025-10-02
2025-10-01,2025-10-02,C,6760.0,0.021917808219178082,80.41150346234483,0.8834994092094819,17.955543384141038,0.30590199451533595,6711.2,6715.35,0.019178082191780823,81.57395987988147,17.091211428285987,-3.416522548219832,-1.0194932772388112,1.0071186413907254,2.0-3.0%,1.00-1.02,2025-10-01→2025-10-02
2025-10-01,2025-10-02,P,6760.0,0.021917808219178082,128.18612956377186,-0.11650059079049775,66.58750267610867,-0.6895794009937514,6711.2,6715.35,0.019178082191780823,121.7021881582302,61.64956016825363,-7.716522548219359,-5.338245485875545,1.0071186413907254,2.0-3.0%,1.00-1.02,2025-10-01→2025-10-02
2025-10-01,2025-10-02,C,6765.0,0.021917808219178082,76.57274933415856,0.8895704034039437,16.205174089704315,0.28552464609282385,6711.2,6715.35,0.019178082191780823,80.16145866943438,15.342034830142211,-3.5417171741268496,-1.0349272812853727,1.0078635516284404,2.0-3.0%,1.00-1.02,2025-10-01→2025-10-02
2025-10-01,2025-10-02,P,6765.0,0.021917808219178082,129.3466170229421,-0.11042959659605078,68.7870247686742,-0.7159013934773444,6711.2,6715.35,0.019178082191780823,125.28634244207066,63.91268515901993,-7.041717174126329,-4.52900921706863,1.0078635516284404,2.0-3.0%,1.00-1.02,2025-10-01→2025-10-02
2025-10-01,2025-10-02,C,6770.0,0.021917808219178082,71.80271665118003,0.8605705139867551,14.404790070788067,0.2643322294454417,6711.2,6715.35,0.019178082191780823,79.36005574278212,13.559299575053274,-3.521367633045504,-1.0469787521987284,1.0086084618661555,2.0-3.0%,1.00-1.02,2025-10-01→2025-10-02
2025-10-01,2025-10-02,P,6770.0,0.021917808219178082,129.57582592731626,-0.13942948601320018,72.88675217115087,-0.7309446103769975,6711.2,6715.35,0.019178082191780823,129.4815950097076,67.97444170645849,-7.821367633045149,-5.3665798669350675,1.0086084618661555,2.0-3.0%,1.00-1.02,2025-10-01→2025-10-02
2025-10-01,2025-10-02,C,6775.0,0.021917808219178082,77.56286660352276,0.8641906558055616,12.854428768762773,0.24439830531593362,6711.2,6715.35,0.019178082191780823,78.13270575651148,12.024457160357542,-3.5863912215935523,-1.014252967061258,1.0093533721038703,2.0-3.0%,1.00-1.02,2025-10-01→2025-10-02
2025-10-01,2025-10-02,P,6775.0,0.021917808219178082,140.3352174670115,-0.135809344194401,76.38640712086726,-0.7499837134795159,6711.2,6715.35,0.019178082191780823,133.25090051772582,71.48484572970301,-7.986391221593173,-5.437567589059611,1.0093533721038703,2.0-3.0%,1.00-1.02,2025-10-01→2025-10-02
2025-10-01,2025-10-02,C,6780.0,0.021917808219178082,75.99591584101788,0.8746813790052894,11.454081633908118,0.22526752316683013,6711.2,6715.35,0.019178082191780823,76.22516164165016,10.642841064208142,-3.729927722872428,-1.0348602211424676,1.0100982823415854,2.0-3.0%,1.00-1.02,2025-10-01→2025-10-02
2025-10-01,2025-10-02,P,6780.0,0.021917808219178082,143.76750829186344,-0.12531862099468277,79.98607044058645,-0.7685580831188206,6711.2,6715.35,0.019178082191780823,136.34001189715104,75.10122362825405,-8.179927722872002,-5.510483955056478,1.0100982823415854,2.0-3.0%,1.00-1.02,2025-10-01→2025-10-02
2025-10-01,2025-10-02,C,6785.0,0.021917808219178082,71.77443068224429,0.8750794143272999,10.303770431462908,0.20807073943203205,6711.2,6715.35,0.019178082191780823,75.76372043246285,9.506487982476528,-4.031579569458772,-1.2634935686430468,1.0108431925793004,2.0-3.0%,1.00-1.02,2025-10-01→2025-10-02
2025-10-01,2025-10-02,P,6785.0,0.021917808219178082,144.54526472044034,-0.12492058567267761,84.08580753921069,-0.7830692395591522,6711.2,6715.35,0.019178082191780823,140.87522618225523,79.19508592829334,-8.681579569458309,-5.95026265582908,1.0108431925793004,2.0-3.0%,1.00-1.02,2025-10-01→2025-10-02
2025-10-01,2025-10-02,C,6640.0,0.024657534246575342,128.9797278648031,0.9482142316443899,98.41894071723345,0.7189170913556627,6711.2,6715.35,0.03561643835616438,166.74688762789214,111.75523297563905,12.764910938675268,13.71649407087361,0.9888299776258727,2.0-3.0%,0.98-1.00,2025-10-01→2025-10-02
2025-10-01,2025-10-02,P,6640.0,0.024657534246575342,54.01547370755775,-0.0517857683555543,23.712219042045035,-0.28290578855685616,6711.2,6715.35,0.03561643835616438,83.24570263078265,31.274781297093796,8.464910938675578,9.424059022511107,0.9888299776258727,2.0-3.0%,0.98-1.00,2025-10-01→2025-10-02
2025-10-01,2025-10-02,C,6645.0,0.024657534246575342,124.14564320977695,0.9498418717150939,94.41942133189877,0.7077900330511216,6711.2,6715.35,0.021917808219178082,138.30947077790154,94.55795756468615,0.7581562323818445,1.762671362837462,0.9895745785126391,2.0-3.0%,0.98-1.00,2025-10-01→2025-10-02
2025-10-01,2025-10-02,P,6645.0,0.024657534246575342,54.1785545238018,-0.05015812828477666,24.762705584077594,-0.2941699923514372,6711.2,6715.35,0.021917808219178082,61.089281882341645,21.14086750806723,-2.691843767618148,-1.6791945317413737,0.9895745785126391,2.0-3.0%,0.98-1.00,2025-10-01→2025-10-02
2025-10-01,2025-10-02,C,6650.0,0.024657534246575342,118.94207419347596,0.916183254990497,90.46992147284891,0.6962260682430053,6711.2,6715.35,0.021917808219178082,135.56990354299214,90.54307934150529,0.7978394917889315,1.7106618167911427,0.9903191793994056,2.0-3.0%,0.98-1.00,2025-10-01→2025-10-02
2025-10-01,2025-10-02,P,6650.0,0.024657534246575342,53.97215097876595,-0.08381674500941691,25.763194670382745,-0.3054729467108961,6711.2,6715.35,0.021917808219178082,63.34454520507202,22.081273855821564,-2.6021605082108734,-1.6822872711496137,0.9903191793994056,2.0-3.0%,0.98-1.00,2025-10-01→2025-10-02
2025-10-01,2025-10-02,C,6655.0,0.024657534246575342,121.8646627328098,0.9384977939201385,86.62044681300176,0.6840457511865904,6711.2,6715.35,0.021917808219178082,132.41570809127282,86.62455164074072,0.5552341552309015,1.6112101325752652,0.991063780286172,2.0-3.0%,0.98-1.00,2025-10-01→2025-10-02
2025-10-01,2025-10-02,P,6655.0,0.024657534246575342,61.891904989367745,-0.061502206079743674,26.863709229128744,-0.3174084115562816,6711.2,6715.35,0.021917808219178082,65.18518031099387,23.117764390548473,-2.8447658447690314,-1.7827550920412596,0.991063780286172,2.0-3.0%,0.98-1.00,2025-10-01→2025-10-02
2025-10-01,2025-10-02,C,6660.0,0.024657534246575342,117.52097615339423,0.9437192629335265,82.77098382122676,0.6716158882014638,6711.2,6715.35,0.021917808219178082,129.5352669738205,82.71130265540341,0.43356505882535856,1.5627940639635671,0.9918083811729386,2.0-3.0%,0.98-1.00,2025-10-01→2025-10-02
2025-10-01,2025-10-02,P,6660.0,0.024657534246575342,62.54538388122028,-0.05628073706636735,28.014243731170154,-0.3297806576260077,6711.2,6715.35,0.021917808219178082,67.29956975118203,24.205176137828857,-2.966434941174544,-1.8314102708518873,0.9918083811729386,2.0-3.0%,0.98-1.00,2025-10-01→2025-10-02
2025-10-01,2025-10-02,C,6665.0,0.024657534246575342,112.42090111554032,0.9227245641811859,79.57161900447772,0.6569117133228098,6711.2,6715.35,0.021917808219178082,127.18901883449371,79.40218769016246,-0.2793069413524134,0.8238163897099922,0.992552982059705,2.0-3.0%,0.98-1.00,2025-10-01→2025-10-02
2025-10-01,2025-10-02,P,6665.0,0.024657534246575342,62.44247431462997,-0.07727543581871911,29.164790529540824,-0.342439629080543,6711.2,6715.35,0.021917808219178082,69.94815216949725,25.297810137818033,-2.9293069413522734,-1.8288755393155598,0.992552982059705,2.0-3.0%,0.98-1.00,2025-10-01→2025-10-02
2025-10-01,2025-10-02,C,6670.0,0.024657534246575342,114.53825138340612,0.9252510201666327,75.32212740811246,0.645140820363073,6711.2,6715.35,0.021917808219178082,124.41889062728656,75.13144645332432,0.16020826630796936,1.3226655954928952,0.9932975829464715,2.0-3.0%,0.98-1.00,2025-10-01→2025-10-02
2025-10-01,2025-10-02,P,6670.0,0.024657534246575342,69.55699005376368,-0.07474897983327175,30.565381874112973,-0.35612971412225347,6711.2,6715.35,0.021917808219178082,72.17285451992912,26.62661565954795,-3.2397917336918822,-2.0720616863924546,0.9932975829464715,2.0-3.0%,0.98-1.00,2025-10-01→2025-10-02
2025-10-01,2025-10-02,C,6675.0,0.024657534246575342,111.5521531654594,0.9338187376680465,71.67272690492246,0.6312663026673333,6711.2,6715.35,0.021917808219178082,121.22816365316044,71.41975162822655,-0.02534776132290828,1.2302448439302167,0.994042183833238,2.0-3.0%,0.98-1.00,2025-10-01→2025-10-02
2025-10-01,2025-10-02,P,6675.0,0.024657534246575342,71.56805730708643,-0.06618126233180717,31.86597299805726,-0.3698108101658445,6711.2,6715.35,0.021917808219178082,73.97695810344462,27.869220177854913,-3.425347761322967,-2.165285137811546,0.994042183833238,2.0-3.0%,0.98-1.00,2025-10-01→2025-10-02
2025-10-01,2025-10-02,C,6680.0,0.024657534246575342,106.68270101259205,0.9309198116141035,68.07334473323499,0.6169590080903611,6711.2,6715.35,0.021917808219178082,119.1553244006838,67.76067235672508,-0.11331721819903784,1.1896201164246647,0.9947867847200044,2.0-3.0%,0.98-1.00,2025-10-01→2025-10-02
2025-10-01,2025-10-02,P,6680.0,0.024657534246575342,71.6957706254857,-0.06908018838580936,33.2665884431658,-0.3840626057695466,6711.2,6715.35,0.021917808219178082,76.89894940860724,29.210617948362597,-3.5133172181988543,-2.2061401860561727,0.9947867847200044,2.0-3.0%,0.98-1.00,2025-10-01→2025-10-02
2025-10-01,2025-10-02,C,6685.0,0.024657534246575342,103.30297736863804,0.8997301049400812,68.22427608110229,0.5954027241423135,6711.2,6715.35,0.021917808219178082,116.75112983893241,67.6021772440613,-3.9338799355018166,-2.6709213051909146,0.9955313856067709,2.0-3.0%,0.98-1.00,2025-10-01→2025-10-02
2025-10-01,2025-10-02,P,6685.0,0.024657534246575342,73.3132124527981,-0.10026989505982742,34.76722726698972,-0.39885210370735513,6711.2,6715.35,0.021917808219178082,79.48958540449553,30.65150458629887,-3.5838799355016615,-2.3447637696142585,0.9955313856067709,2.0-3.0%,0.98-1.00,2025-10-01→2025-10-02
2025-10-01,2025-10-02,C,6690.0,0.024657534246575342,106.04224503720334,0.9228598376942111,61.02463840559494,0.5870091990712203,6711.2,6715.35,0.021917808219178082,113.81255128703596,60.60172144451781,-0.429868326431488,0.9639118238541071,0.9962759864935373,2.0-3.0%,0.98-1.00,2025-10-01→2025-10-02
2025-10-01,2025-10-02,P,6690.0,0.024657534246575342,81.04964559263038,-0.07714016230571766,36.317884236852024,-0.4140613221752202,6711.2,6715.35,0.021917808219178082,81.54583741024136,32.145885543896384,-3.829868326431228,-2.431645512972609,0.9962759864935373,2.0-3.0%,0.98-1.00,2025-10-01→2025-10-02
2025-10-01,2025-10-02,C,6695.0,0.024657534246575342,101.68014650543697,0.9283840853691223,57.725324034956884,0.5711367387512629,6711.2,6715.35,0.021917808219178082,111.41134947777157,57.24280945741884,-0.6527939542823615,0.82978253418195,0.9970205873803039,2.0-3.0%,0.98-1.00,2025-10-01→2025-10-02
2025-10-01,2025-10-02,P,6695.0,0.024657534246575342,81.68471253213023,-0.07161591463077151,37.96856275664368,-0.4297692664733363,6711.2,6715.35,0.021917808219178082,84.13946615861511,33.74084747045072,-4.0027939542822635,-2.5164575441354238,0.9970205873803039,2.0-3.0%,0.98-1.00,2025-10-01→2025-10-02
2025-10-01,2025-10-02,C,6700.0,0.024657534246575342,96.55584283932718,0.9013930507553841,54.47602593261763,0.5548814876527796,6711.2,6715.35,0.021917808219178082,109.38271084501152,53.938468009405824,-0.7407811606353358,0.6972418262406621,0.9977651882670703,2.0-3.0%,0.98-1.00,2025-10-01→2025-10-02
2025-10-01,2025-10-02,P,6700.0,0.024657534246575342,81.55757433728913,-0.0986069492445066,39.71926104205113,-0.44594058678436294,6711.2,6715.35,0.021917808219178082,87.10565808349685,35.43700782766109,-4.040781160635246,-2.5993465648446534,0.9977651882670703,2.0-3.0%,0.98-1.00,2025-10-01→2025-10-02
2025-10-01,2025-10-02,C,6705.0,0.024657534246575342,100.27919101242544,0.9084265840517702,51.276745508697786,0.5382294378701753,6711.2,6715.35,0.021917808219178082,106.96189167798383,50.688981912025156,-0.9199703238153409,0.6163478328384802,0.9985097891538368,2.0-3.0%,0.98-1.00,2025-10-01→2025-10-02
2025-10-01,2025-10-02,P,6705.0,0.024657534246575342,90.27808798165438,-0.09157341594809933,41.469975394804806,-0.46247208828615344,6711.2,6715.35,0.021917808219178082,89.6796694741128,37.14102980738744,-4.219970323815339,-2.6807408336122123,0.9985097891538368,2.0-3.0%,0.98-1.00,2025-10-01→2025-10-02
2025-10-01,2025-10-02,C,6710.0,0.024657534246575342,97.2952219252229,0.9170819969295506,48.17748354835476,0.5211478902004908,6711.2,6715.35,0.021917808219178082,104.0386666671449,47.54168170942012,-1.1058902872581324,0.5372362556676817,0.9992543900406032,2.0-3.0%,0.98-1.00,2025-10-01→2025-10-02
2025-10-01,2025-10-02,P,6710.0,0.024657534246575342,92.29128436571935,-0.0829180030703189,43.42071100741623,-0.47949588442772517,6711.2,6715.35,0.021917808219178082,91.75127502091202,39.04112328662495,-4.50589028725814,-2.860092079624687,0.9992543900406032,2.0-3.0%,0.98-1.00,2025-10-01→2025-10-02
2025-10-01,2025-10-02,C,6715.0,0.024657534246575342,92.4345219888583,0.9117462541707035,45.42823746738304,0.5036916253650263,6711.2,6715.35,0.021917808219178082,102.45572018449235,44.732721621046494,-1.533746954808917,0.15967975473486584,0.9999989909273697,2.0-3.0%,0.98-1.00,2025-10-01→2025-10-02
2025-10-01,2025-10-02,P,6715.0,0.024657534246575342,92.4277499006203,-0.08825374582921683,45.42146153783369,-0.49687560194596875,6711.2,6715.35,0.021917808219178082,95.16315909590038,40.99693503224216,-4.633746954808702,-2.9379662519239584,0.9999989909273697,2.0-3.0%,0.98-1.00,2025-10-01→2025-10-02
2025-10-01,2025-10-02,C,6720.0,0.024657534246575342,90.39358527868971,0.8816770683040587,42.279008703425916,0.48584226750738574,6711.2,6715.35,0.021917808219178082,100.44485048382519,41.55571876549084,-1.3589598334623205,0.2837545898440883,1.000743591814136,2.0-3.0%,1.00-1.02,2025-10-01→2025-10-02
2025-10-01,2025-10-02,P,6720.0,0.024657534246575342,95.38397866171996,-0.11832293169584575,47.522227782406844,-0.5146075055181726,6711.2,6715.35,0.021917808219178082,98.14711995287696,43.0559119005743,-4.7089598334621785,-3.064378852099306,1.000743591814136,2.0-3.0%,1.00-1.02,2025-10-01→2025-10-02
2025-10-01,2025-10-02,C,6725.0,0.024657534246575342,93.28101883212827,0.9046971732980273,39.479792504073885,0.4676931612172868,6711.2,6715.35,0.021917808219178082,97.80822551961828,38.71799379657932,-1.6044932691873086,0.20907338094800298,1.0014881927009027,2.0-3.0%,1.00-1.02,2025-10-01→2025-10-02
2025-10-01,2025-10-02,P,6725.0,0.024657534246575342,103.26857768642613,-0.09530282670187923,49.72300707367276,-0.5326536958442163,6711.2,6715.35,0.021917808219178082,100.50532554630797,45.21849739588288,-5.004493269187154,-3.1894871622462175,1.0014881927009027,2.0-3.0%,1.00-1.02,2025-10-01→2025-10-02
2025-10-01,2025-10-02,C,6730.0,0.024657534246575342,89.00880670767384,0.9104841373755124,36.83058533857093,0.4493301532179088,6711.2,6715.35,0.021917808219178082,95.8049152161967,36.03163810569231,-1.8785091701088747,0.035279864145431716,1.0022327935876691,2.0-3.0%,1.00-1.02,2025-10-01→2025-10-02
2025-10-01,2025-10-02,P,6730.0,0.024657534246575342,103.99353103323969,-0.08951586262433488,52.02379814212327,-0.5509755051141646,6711.2,6715.35,0.021917808219178082,103.49684580052724,47.48509292647259,-5.228509170108956,-3.3134516537759104,1.0022327935876691,2.0-3.0%,1.00-1.02,2025-10-01→2025-10-02
2025-10-01,2025-10-02,C,6735.0,0.024657534246575342,83.90332840249953,0.880665570363963,34.231391292238186,0.430683416254452,6711.2,6715.35,0.021917808219178082,94.18573188419634,33.40243210487415,-1.9547621170109242,-0.08733617745620803,1.0029773944744356,2.0-3.0%,1.00-1.02,2025-10-01→2025-10-02
2025-10-01,2025-10-02,P,6735.0,0.024657534246575342,103.88521819932969,-0.11933442963590436,51.67482075471844,-0.5746430739914538,6711.2,6715.35,0.021917808219178082,106.87249302616772,47.25097292451028,-2.554762117010929,-0.6652312429351506,1.0029773944744356,2.0-3.0%,1.00-1.02,2025-10-01→2025-10-02
2025-10-01,2025-10-02,C,6740.0,0.024657534246575342,88.79105900341227,0.8885756262922736,31.732205431912917,0.4118373703339814,6711.2,6715.35,0.021917808219178082,92.16835035105997,30.877945590643776,-2.1875888491134203,-0.20912508688624754,1.003721995361202,2.0-3.0%,1.00-1.02,2025-10-01→2025-10-02
2025-10-01,2025-10-02,P,6740.0,0.024657534246575342,113.77011427151133,-0.11142437370759692,57.07539618939563,-0.5879581045586821,6711.2,6715.35,0.021917808219178082,109.8499420506722,52.4738391662313,-5.637588849113406,-3.6599738660811427,1.003721995361202,2.0-3.0%,1.00-1.02,2025-10-01→2025-10-02
2025-10-01,2025-10-02,C,6745.0,0.024657534246575342,86.15407092294478,0.8977268236448527,29.33302642450917,0.3928330713423511,6711.2,6715.35,0.021917808219178082,89.56392363491416,28.45844386467843,-2.375566318126627,-0.28025724607097,1.0044665962479686,2.0-3.0%,1.00-1.02,2025-10-01→2025-10-02
2025-10-01,2025-10-02,P,6745.0,0.024657534246575342,116.13029166231269,-0.10227317635498719,59.72620423440276,-0.6066626381114375,6711.2,6715.35,0.021917808219178082,112.24034589216606,55.10187368537072,-6.02556631812675,-3.932350051837206,1.0044665962479686,2.0-3.0%,1.00-1.02,2025-10-01→2025-10-02
2025-10-01,2025-10-02,C,6750.0,0.024657534246575342,81.41638819395746,0.8931260582639964,27.133838838481097,0.3740322779389831,6711.2,6715.35,0.021917808219178082,88.42073350239293,26.238965226422806,-2.606473141796071,-0.4522339534469826,1.005211197134735,2.0-3.0%,1.00-1.02,2025-10-01→2025-10-02
2025-10-01,2025-10-02,P,6750.0,0.024657534246575342,116.38977440459048,-0.10687394173592707,62.52700832573282,-0.6252716097829729,6711.2,6715.35,0.021917808219178082,116.091986317286,57.88244206570289,-6.2064731417958425,-4.05512281940032,1.005211197134735,2.0-3.0%,1.00-1.02,2025-10-01→2025-10-02
2025-10-01,2025-10-02,C,6755.0,0.024657534246575342,78.71634905347639,0.8570692710187182,24.93466555397754,0.3548907875235053,6711.2,6715.35,0.021917808219178082,86.91248649695922,24.03001828665174,-2.606837474728149,-0.5227967682227412,1.0059557980215015,2.0-3.0%,1.00-1.02,2025-10-01→2025-10-02
2025-10-01,2025-10-02,P,6755.0,0.024657534246575342,118.68690073537498,-0.142930728981164,65.22784196650173,-0.644572733332788,6711.2,6715.35,0.021917808219178082,119.57856986949338,60.578647828411704,-6.106837474728094,-4.025023156668581,1.0059557980215015,2.0-3.0%,1.00-1.02,2025-10-01→2025-10-02
2025-10-01,2025-10-02,C,6760.0,0.024657534246575342,83.5896541085713,0.8838099252889209,22.935475327638414,0.33614662572868487,6711.2,6715.35,0.021917808219178082,84.68435580401595,22.02129152970565,-2.917811189949504,-0.6450084967742256,1.006700398908268,2.0-3.0%,1.00-1.02,2025-10-01→2025-10-02
2025-10-01,2025-10-02,P,6760.0,0.024657534246575342,128.55737126173878,-0.11619007471095705,68.5785828066928,-0.661720587484963,6711.2,6715.35,0.021917808219178082,122.3452697341915,63.901442065353876,-6.817811189949462,-4.55385956193704,1.006700398908268,2.0-3.0%,1.00-1.02,2025-10-01→2025-10-02
2025-10-01,2025-10-02,C,6765.0,0.024657534246575342,79.63110416436385,0.889690210892602,20.986289527028475,0.3172940491270346,6711.2,6715.35,0.021917808219178082,83.05058347901993,20.070585190679594,-3.0922143752047826,-0.7167703038773654,1.0074449997950343,2.0-3.0%,1.00-1.02,2025-10-01→2025-10-02
2025-10-01,2025-10-02,P,6765.0,0.024657534246575342,129.59598678879885,-0.11030978910728445,71.67937221269858,-0.6799964210261273,6711.2,6715.35,0.021917808219178082,125.70632796683418,66.99763139117567,-7.0422143752047095,-4.6780148527412,1.0074449997950343,2.0-3.0%,1.00-1.02,2025-10-01→2025-10-02
2025-10-01,2025-10-02,C,6770.0,0.024657534246575342,74.75523994104633,0.8617597633029276,19.18708722958172,0.29883630522831794,6711.2,6715.35,0.021917808219178082,82.0055450064817,18.272556493668844,-3.1763030177076175,-0.8401706666976805,1.008189600681801,2.0-3.0%,1.00-1.02,2025-10-01→2025-10-02
2025-10-01,2025-10-02,P,6770.0,0.024657534246575342,129.71728803674893,-0.13824023669696095,74.98013152010117,-0.6975681430666221,6711.2,6715.35,0.021917808219178082,129.65612005193768,70.29349274049764,-7.276303017707545,-4.955092206273147,1.008189600681801,2.0-3.0%,1.00-1.02,2025-10-01→2025-10-02
2025-10-01,2025-10-02,C,6775.0,0.024657534246575342,80.13299205840673,0.8652159239956912,17.437886997548958,0.2803244826645344,6711.2,6715.35,0.021917808219178082,80.55715294929213,16.53243203826446,-3.2406460845825893,-0.8133466030579695,1.0089342015685674,2.0-3.0%,1.00-1.02,2025-10-01→2025-10-02
2025-10-01,2025-10-02,P,6775.0,0.024657534246575342,140.09220562537266,-0.1347840760042174,78.6808034999458,-0.7131213641120736,6711.2,6715.35,0.021917808219178082,133.20255855238895,73.97738687936089,-7.890646084582427,-5.490546338934508,1.0089342015685674,2.0-3.0%,1.00-1.02,2025-10-01→2025-10-02
2025-10-01,2025-10-02,C,6780.0,0.024657534246575342,78.37067140646508,0.8753930996590006,15.838662384695454,0.26237925363377884,6711.2,6715.35,0.021917808219178082,78.434078736432,14.944533379359882,-3.4828813635853297,-0.938873902580325,1.0096788024553338,2.0-3.0%,1.00-1.02,2025-10-01→2025-10-02
2025-10-01,2025-10-02,P,6780.0,0.024657534246575342,143.3270504447021,-0.12460690034089121,82.13153579278242,-0.7300708335344052,6711.2,6715.35,0.021917808219178082,136.0743148971691,77.43464315347956,-8.082881363585228,-5.570206040831815,1.0096788024553338,2.0-3.0%,1.00-1.02,2025-10-01→2025-10-02
2025-10-01,2025-10-02,C,6785.0,0.024657534246575342,74.0358331354021,0.8758305663719129,14.389406575603743,0.2451524826668023,6711.2,6715.35,0.021917808219178082,77.73397221800725,13.508312268151712,-3.6346968504439165,-1.0173828030673633,1.0104234033421002,2.0-3.0%,1.00-1.02,2025-10-01→2025-10-02
2025-10-01,2025-10-02,P,6785.0,0.024657534246575342,143.98937764490327,-0.12416943362799998,85.43231977455798,-0.7482306326833993,6711.2,6715.35,0.021917808219178082,140.36903893638473,80.76065171609116,-8.084696850443741,-5.494842874363494,1.0104234033421002,2.0-3.0%,1.00-1.02,2025-10-01→2025-10-02
2025-10-01,2025-10-02,C,6640.0,0.03287671232876712,139.8038572025709,0.9397783139474425,102.40109442775974,0.701014428244239,6711.2,6715.35,0.03561643835616438,166.74688762789214,107.56726434982738,8.8499199971176,9.840790122786025,0.9889043793809168,3.0-4.0%,0.98-1.00,2025-10-01→2025-10-02
2025-10-01,2025-10-02,P,6640.0,0.03287671232876712,65.33892810377628,-0.0602216860525318,27.69953353906112,-0.29877981846183094,6711.2,6715.35,0.03561643835616438,83.24570263078265,28.431034133521962,4.499919997118036,5.489936246616757,0.9889043793809168,3.0-4.0%,0.98-1.00,2025-10-01→2025-10-02
2025-10-01,2025-10-02,C,6645.0,0.03287671232876712,134.93260259101658,0.9413588102010496,99.0010749494304,0.6887074550309438,6711.2,6715.35,0.030136986301369864,146.98902476020476,99.53891584431858,0.7933609376651334,1.8418640616212105,0.9896490362931012,3.0-4.0%,0.98-1.00,2025-10-01→2025-10-02
2025-10-01,2025-10-02,P,6645.0,0.03287671232876712,65.46521496127532,-0.05864118979886432,28.749516656122978,-0.30932489702368804,6711.2,6715.35,0.030136986301369864,69.70978667146389,25.460280028496754,-2.556639062334682,-1.5163016773515265,0.9896490362931012,3.0-4.0%,0.98-1.00,2025-10-01→2025-10-02
2025-10-01,2025-10-02,C,6650.0,0.03287671232876712,129.6767476628138,0.9090384634666359,94.60106072806047,0.6794569878188511,6711.2,6715.35,0.030136986301369864,144.22797546269462,95.11755665993496,0.8774903766129709,1.830253500551403,0.9903936932052857,3.0-4.0%,0.98-1.00,2025-10-01→2025-10-02
2025-10-01,2025-10-02,P,6650.0,0.03287671232876712,65.2069015021244,-0.09096153653329822,29.849499965027462,-0.3202520200791043,6711.2,6715.35,0.030136986301369864,71.94352350030059,26.505426094653103,-2.5225096233867648,-1.5709541166715446,0.9903936932052857,3.0-4.0%,0.98-1.00,2025-10-01→2025-10-02
2025-10-01,2025-10-02,C,6655.0,0.03287671232876712,132.42894679730185,0.9304929552134777,91.30104070020207,0.6666024601796356,6711.2,6715.35,0.030136986301369864,141.09941671628076,91.72898233702472,0.08845423586356249,1.183599790254151,0.9911383501174701,3.0-4.0%,0.98-1.00,2025-10-01→2025-10-02
2025-10-01,2025-10-02,P,6655.0,0.03287671232876712,72.9566421056643,-0.06950704478645534,30.949482586719114,-0.3314127881092522,6711.2,6715.35,0.030136986301369864,73.8097508802266,27.553730631758754,-2.56154576413617,-1.4746369293464205,0.9911383501174701,3.0-4.0%,0.98-1.00,2025-10-01→2025-10-02
2025-10-01,2025-10-02,C,6660.0,0.03287671232876712,128.0265055032838,0.9354893977978599,87.00102480193164,0.6564174707051799,6711.2,6715.35,0.030136986301369864,138.1949833652169,87.40609486219273,0.567718999138374,1.7258674965731484,0.9918830070296545,3.0-4.0%,0.98-1.00,2025-10-01→2025-10-02
2025-10-01,2025-10-02,P,6660.0,0.03287671232876712,73.5517422806957,-0.06451060220210389,32.19946410858984,-0.3432515971669077,6711.2,6715.35,0.030136986301369864,75.90010365551193,28.746043629588712,-2.832281000861235,-1.6755058717571472,0.9918830070296545,3.0-4.0%,0.98-1.00,2025-10-01→2025-10-02
2025-10-01,2025-10-02,C,6665.0,0.03287671232876712,122.88835578226148,0.9154951687592723,83.8010039063829,0.6430331000154791,6711.2,6715.35,0.030136986301369864,135.79175724121444,84.12042915957227,-0.049304950351479526,1.0814126349354107,0.992627663941839,3.0-4.0%,0.98-1.00,2025-10-01→2025-10-02
2025-10-01,2025-10-02,P,6665.0,0.03287671232876712,73.41113402872794,-0.08450483124064279,33.44944525908113,-0.355325436259934,6711.2,6715.35,0.030136986301369864,78.49166365785257,29.94200621894197,-2.8493049503512893,-1.7253994395210828,0.992627663941839,3.0-4.0%,0.98-1.00,2025-10-01→2025-10-02
2025-10-01,2025-10-02,C,6670.0,0.03287671232876712,124.73472199948557,0.9179474028162898,79.60098670672141,0.631895277328848,6711.2,6715.35,0.030136986301369864,133.00321110916613,79.89703329190888,0.390518278311899,1.5776345990849387,0.9933723208540234,3.0-4.0%,0.98-1.00,2025-10-01→2025-10-02
2025-10-01,2025-10-02,P,6670.0,0.03287671232876712,80.25504171500427,-0.08205259718362841,34.79942583728098,-0.36790109774722807,6711.2,6715.35,0.030136986301369864,80.69790365214502,31.235873288258063,-3.0094817216878953,-1.8232104443488006,0.9933723208540234,3.0-4.0%,0.98-1.00,2025-10-01→2025-10-02
2025-10-01,2025-10-02,C,6675.0,0.03287671232876712,121.6437212363177,0.9260914922587813,76.05096627815283,0.6189184061830956,6711.2,6715.35,0.030136986301369864,129.79995388005213,76.28985864015249,0.15672030712555207,1.4314886143398158,0.9941169777662078,3.0-4.0%,0.98-1.00,2025-10-01→2025-10-02
2025-10-01,2025-10-02,P,6675.0,0.03287671232876712,82.16158242088713,-0.0739085077411253,36.19940544467272,-0.3808422708534811,6711.2,6715.35,0.030136986301369864,82.48943254937572,32.58091104968298,-3.19327969287429,-1.9195045759578455,0.9941169777662078,3.0-4.0%,0.98-1.00,2025-10-01→2025-10-02
2025-10-01,2025-10-02,C,6680.0,0.03287671232876712,116.73930079043713,0.923378392575939,73.8009419681066,0.6033593202844494,6711.2,6715.35,0.030136986301369864,127.63894626313031,73.91796442706527,-1.3820203291906479,-0.053941179180791554,0.9948616346783922,3.0-4.0%,0.98-1.00,2025-10-01→2025-10-02
2025-10-01,2025-10-02,P,6680.0,0.03287671232876712,82.25470344405835,-0.07662160742404275,37.649384644383645,-0.3941519204200719,6711.2,6715.35,0.030136986301369864,85.32321105879889,33.97734431513527,-3.232020329190185,-1.9142695302564907,0.9948616346783922,3.0-4.0%,0.98-1.00,2025-10-01→2025-10-02
2025-10-01,2025-10-02,C,6685.0,0.03287671232876712,113.23993790953854,0.8937989933863497,68.100926666526,0.59355889680292,6711.2,6715.35,0.030136986301369864,125.16364353721649,68.28214565721692,0.7907341774461609,2.036730578267558,0.9956062915905767,3.0-4.0%,0.98-1.00,2025-10-01→2025-10-02
2025-10-01,2025-10-02,P,6685.0,0.03287671232876712,83.75288203221301,-0.10620100661359176,39.199363155147694,-0.4079152682557419,6711.2,6715.35,0.030136986301369864,87.84269445922902,35.472806522757764,-3.3592658225535406,-2.1071516367384526,0.9956062915905767,3.0-4.0%,0.98-1.00,2025-10-01→2025-10-02
2025-10-01,2025-10-02,C,6690.0,0.03287671232876712,115.61663419458816,0.9157576410318616,65.55090256733047,0.5781227423776543,6711.2,6715.35,0.030136986301369864,122.20423774259103,65.63600487507983,-0.15039421028273425,1.250790619132411,0.9963509485027611,3.0-4.0%,0.98-1.00,2025-10-01→2025-10-02
2025-10-01,2025-10-02,P,6690.0,0.03287671232876712,91.12711978631468,-0.08424235896809472,40.79934111673265,-0.4220314118856638,6711.2,6715.35,0.030136986301369864,89.87807479094816,37.02026654474366,-3.6003942102823565,-2.1985696406742608,0.9963509485027611,3.0-4.0%,0.98-1.00,2025-10-01→2025-10-02
2025-10-01,2025-10-02,C,6695.0,0.03287671232876712,111.20496636437906,0.921017354874899,62.20087891276398,0.5637146849532166,6711.2,6715.35,0.030136986301369864,119.71298120955504,62.23606543887354,-0.3722220227313304,1.1105840574438464,0.9970956054149455,3.0-4.0%,0.98-1.00,2025-10-01→2025-10-02
2025-10-01,2025-10-02,P,6695.0,0.03287671232876712,91.71299342515631,-0.0789826451250362,42.449319701396234,-0.4365063398658232,6711.2,6715.35,0.030136986301369864,92.38160438425528,38.61992932821977,-3.722222022731061,-2.2384986895565997,0.9970956054149455,3.0-4.0%,0.98-1.00,2025-10-01→2025-10-02
2025-10-01,2025-10-02,C,6700.0,0.03287671232876712,106.0634607047873,0.8954915421090412,59.000856826401105,0.5488628066575063,6711.2,6715.35,0.030136986301369864,117.56654299249452,58.983829925861755,-0.4162898997530129,1.0222193523710463,0.99784026232713,3.0-4.0%,0.98-1.00,2025-10-01→2025-10-02
2025-10-01,2025-10-02,P,6700.0,0.03287671232876712,91.56902923461922,-0.10450845789088019,44.19929522100938,-0.45138828645573176,6711.2,6715.35,0.030136986301369864,95.22995229353953,40.319647321888624,-3.8162898997527903,-2.376738611208467,0.99784026232713,3.0-4.0%,0.98-1.00,2025-10-01→2025-10-02
2025-10-01,2025-10-02,C,6705.0,0.03287671232876712,109.30434956302287,0.9021656961541508,55.800833245642934,0.5337207682612867,6711.2,6715.35,0.030136986301369864,115.0893895897441,55.73673871819028,-0.6939876390402135,0.8350588117153732,0.9985849192393144,3.0-4.0%,0.98-1.00,2025-10-01→2025-10-02
2025-10-01,2025-10-02,P,6705.0,0.03287671232876712,99.80745956190853,-0.09783430384573889,45.99927150756912,-0.4666174894134711,6711.2,6715.35,0.030136986301369864,97.74758501713404,42.07211460703547,-3.943987639040132,-2.413537418933842,0.9985849192393144,3.0-4.0%,0.98-1.00,2025-10-01→2025-10-02
2025-10-01,2025-10-02,C,6710.0,0.03287671232876712,106.20864013347142,0.9103700552476612,52.7008089227661,0.5182143649658084,6711.2,6715.35,0.030136986301369864,112.12005835029154,52.59035979609189,-0.8280357292782883,0.799410385391615,0.9993295761514988,3.0-4.0%,0.98-1.00,2025-10-01→2025-10-02
2025-10-01,2025-10-02,P,6710.0,0.03287671232876712,101.70929160140592,-0.08962994475227393,47.899247034363725,-0.4822148628739987,6711.2,6715.35,0.030136986301369864,99.77303990402494,43.925315249302,-4.1280357292780145,-2.4988083190726424,0.9993295761514988,3.0-4.0%,0.98-1.00,2025-10-01→2025-10-02
2025-10-01,2025-10-02,C,6715.0,0.03287671232876712,101.35729701149627,0.9053349724133596,49.700784320524235,0.5023783051320999,6711.2,6715.35,0.030136986301369864,110.38276443950355,49.54507429978139,-0.9071401355159421,0.7651300337015057,1.0000742330636831,3.0-4.0%,1.00-1.02,2025-10-01→2025-10-02
2025-10-01,2025-10-02,P,6715.0,0.03287671232876712,101.85548994848477,-0.09466502758656074,50.19922234257592,-0.49811364295139476,6711.2,6715.35,0.030136986301369864,103.03053211957916,46.16683309680184,-4.6071401355157215,-2.93282838175144,1.0000742330636831,3.0-4.0%,1.00-1.02,2025-10-01→2025-10-02
2025-10-01,2025-10-02,C,6720.0,0.03287671232876712,99.13028391480391,0.8769082060863617,46.80075806398827,0.486248543975966,6711.2,6715.35,0.030136986301369864,108.26243703815999,46.60123628535666,-0.9891690552588739,0.6320685424994812,1.0008188899758677,3.0-4.0%,1.00-1.02,2025-10-01→2025-10-02
2025-10-01,2025-10-02,P,6720.0,0.03287671232876712,104.62601832084279,-0.12309179391357981,51.999195831296674,-0.5143736415803691,6711.2,6715.35,0.030136986301369864,105.90499084458015,47.93542578556389,-4.389169055258575,-2.765349387441186,1.0008188899758677,3.0-4.0%,1.00-1.02,2025-10-01→2025-10-02
2025-10-01,2025-10-02,C,6725.0,0.03287671232876712,101.55895863169225,0.8986971488847698,44.0007335465275,0.46986223294212015,6711.2,6715.35,0.030136986301369864,105.60634787574152,43.7591773422746,-1.2295931678722853,0.550071733289945,1.001563546888052,3.0-4.0%,1.00-1.02,2025-10-01→2025-10-02
2025-10-01,2025-10-02,P,6725.0,0.03287671232876712,112.05223450678484,-0.10130285111517279,54.19917120605987,-0.5308617786444237,6711.2,6715.35,0.030136986301369864,108.24368780850966,50.09302691339008,-4.679593167871979,-2.8969236186253533,1.001563546888052,3.0-4.0%,1.00-1.02,2025-10-01→2025-10-02
2025-10-01,2025-10-02,C,6730.0,0.03287671232876712,97.27868845120074,0.9041614994703661,41.30070742521457,0.45325769310200104,6711.2,6715.35,0.030136986301369864,103.47161275076353,41.01919403017382,-1.4522702228025084,0.4189805736264527,1.0023082038002364,3.0-4.0%,1.00-1.02,2025-10-01→2025-10-02
2025-10-01,2025-10-02,P,6730.0,0.03287671232876712,112.76950579534468,-0.09583850052953306,56.74914535793641,-0.5472902112772406,6711.2,6715.35,0.030136986301369864,111.1037388098731,52.59291742786718,-5.102270222802385,-3.2287456231991527,1.0023082038002364,3.0-4.0%,1.00-1.02,2025-10-01→2025-10-02
2025-10-01,2025-10-02,C,6735.0,0.03287671232876712,92.20284817595585,0.8759680085074231,38.70068142422906,0.4364744292891745,6711.2,6715.35,0.030136986301369864,101.6889652436893,38.38155778927012,-1.5352672353062893,0.2886311184496819,1.003052860712421,3.0-4.0%,1.00-1.02,2025-10-01→2025-10-02
2025-10-01,2025-10-02,P,6735.0,0.03287671232876712,112.6912069891516,-0.12403199149251001,58.84911863287607,-0.5645385095874758,6711.2,6715.35,0.030136986301369864,114.31587742914353,54.666743078212676,-4.8852672353060145,-3.057165185211666,1.003052860712421,3.0-4.0%,1.00-1.02,2025-10-01→2025-10-02
2025-10-01,2025-10-02,C,6740.0,0.03287671232876712,96.46544406502603,0.883469146308739,36.150654862091415,0.4194605983311578,6711.2,6715.35,0.030136986301369864,99.62649882705621,35.798386760452104,-1.716396957181746,0.20923851692546913,1.0037975176246052,3.0-4.0%,1.00-1.02,2025-10-01→2025-10-02
2025-10-01,2025-10-02,P,6740.0,0.03287671232876712,121.95134434727336,-0.11653085369117605,60.499089476261815,-0.5832141462149382,6711.2,6715.35,0.030136986301369864,117.24819713885552,56.31324717206326,-4.36639695718155,-2.429661293207683,1.0037975176246052,3.0-4.0%,1.00-1.02,2025-10-01→2025-10-02
2025-10-01,2025-10-02,C,6745.0,0.03287671232876712,93.69616446520831,0.8921379234151767,33.75062826600151,0.40242420184237815,6711.2,6715.35,0.030136986301369864,96.98157629178388,33.36609416827923,-2.0023723821734674,0.029939562353913818,1.0045421745367897,3.0-4.0%,1.00-1.02,2025-10-01→2025-10-02
2025-10-01,2025-10-02,P,6745.0,0.03287671232876712,124.17960621650946,-0.10786207658473625,63.199062539588795,-0.6004691706948988,6711.2,6715.35,0.030136986301369864,119.59806072992559,58.976513699842144,-4.702372382173292,-2.658052941615848,1.0045421745367897,3.0-4.0%,1.00-1.02,2025-10-01→2025-10-02
2025-10-01,2025-10-02,C,6750.0,0.03287671232876712,88.99682832826385,0.8877500000280603,31.450601617539633,0.38533465638979697,6711.2,6715.35,0.030136986301369864,95.62511103760218,31.036771865468836,-2.134162500116934,-0.049138824017866956,1.0052868314489742,3.0-4.0%,1.00-1.02,2025-10-01→2025-10-02
2025-10-01,2025-10-02,P,6750.0,0.03287671232876712,124.47781154861792,-0.1122499999718887,65.79903481757538,-0.6182597520264097,6711.2,6715.35,0.030136986301369864,123.2363816020881,61.55024840974056,-4.784162500116601,-2.6842220290900625,1.0052868314489742,3.0-4.0%,1.00-1.02,2025-10-01→2025-10-02
2025-10-01,2025-10-02,C,6755.0,0.03287671232876712,86.15754433409747,0.853645225720102,29.200575215945264,0.36808490558549267,6711.2,6715.35,0.030136986301369864,93.93947051979396,28.762360371978502,-2.142627686738887,-0.12755235817999333,1.0060314883611585,3.0-4.0%,1.00-1.02,2025-10-01→2025-10-02
2025-10-01,2025-10-02,P,6755.0,0.03287671232876712,126.63606902350017,-0.14635477427983312,69.39901188277145,-0.6333259464474938,6711.2,6715.35,0.030136986301369864,126.54552721062328,65.09492057604348,-5.5926276867386155,-3.571697322242558,1.0060314883611585,3.0-4.0%,1.00-1.02,2025-10-01→2025-10-02
2025-10-01,2025-10-02,C,6760.0,0.03287671232876712,90.37045858259029,0.8790089363372656,27.20054852661042,0.3513497901431892,6711.2,6715.35,0.030136986301369864,91.78003548976666,26.735758059788623,-2.547887085800131,-0.35810162909442544,1.006776145273343,3.0-4.0%,1.00-1.02,2025-10-01→2025-10-02
2025-10-01,2025-10-02,P,6760.0,0.03287671232876712,135.8465247410474,-0.12099106366264833,72.49898546833265,-0.6498341025451434,6711.2,6715.35,0.030136986301369864,129.38087830694147,68.16468304730279,-6.147887085799949,-3.953188474437306,1.006776145273343,3.0-4.0%,1.00-1.02,2025-10-01→2025-10-02
2025-10-01,2025-10-02,C,6765.0,0.03287671232876712,86.37514009394555,0.8845705191541,25.15052174906714,0.3342046432880738,6711.2,6715.35,0.030136986301369864,89.95570481777315,24.6678154161782,-2.670967654489998,-0.38694926964568865,1.0075208021855275,3.0-4.0%,1.00-1.02,2025-10-01→2025-10-02
2025-10-01,2025-10-02,P,6765.0,0.03287671232876712,136.84874772145704,-0.11542948084579388,74.39895195601184,-0.67128190451745,6711.2,6715.35,0.030136986301369864,132.55133376129132,70.08406143471348,-5.270967654489892,-2.9641800962522162,1.0075208021855275,3.0-4.0%,1.00-1.02,2025-10-01→2025-10-02
2025-10-01,2025-10-02,C,6770.0,0.03287671232876712,81.50007011603631,0.8580860514656579,23.15049449483695,0.3169364895137534,6711.2,6715.35,0.030136986301369864,88.63226482686493,22.654962548647745,-2.661057113582946,-0.41528643148224753,1.0082654590977118,3.0-4.0%,1.00-1.02,2025-10-01→2025-10-02
2025-10-01,2025-10-02,P,6770.0,0.03287671232876712,136.97121921259642,-0.14191394853424552,78.29893003216603,-0.6850860806565483,6711.2,6715.35,0.030136986301369864,136.22267989672534,73.93925681286055,-6.161057113582803,-3.9068927652749506,1.0082654590977118,3.0-4.0%,1.00-1.02,2025-10-01→2025-10-02
2025-10-01,2025-10-02,C,6775.0,0.03287671232876712,86.15497859070553,0.8614128402715325,21.350468743209376,0.3002459534349804,6711.2,6715.35,0.030136986301369864,87.19743131958454,20.841825429254186,-2.82486328712733,-0.4960207067553324,1.0090101160098963,3.0-4.0%,1.00-1.02,2025-10-01→2025-10-02
2025-10-01,2025-10-02,P,6775.0,0.03287671232876712,146.6236691563176,-0.13858715972841637,82.1989093575794,-0.6985855548327299,6711.2,6715.35,0.030136986301369864,139.7826325157896,77.80090929836479,-7.124863287126999,-4.800869947443793,1.0090101160098963,3.0-4.0%,1.00-1.02,2025-10-01→2025-10-02
2025-10-01,2025-10-02,C,6780.0,0.03287671232876712,84.13946325977399,0.871152310010826,19.700443476050395,0.28406144363454666,6711.2,6715.35,0.030136986301369864,85.0284417745304,19.180086974930873,-3.0652820865454062,-0.6288549910835266,1.0097547729220808,3.0-4.0%,1.00-1.02,2025-10-01→2025-10-02
2025-10-01,2025-10-02,P,6780.0,0.03287671232876712,149.6056952944356,-0.12884768998913237,85.39888312301991,-0.7153896743052922,6711.2,6715.35,0.030136986301369864,142.6084290970807,80.99451082956693,-7.265282086545041,-4.831132851632658,1.0097547729220808,3.0-4.0%,1.00-1.02,2025-10-01→2025-10-02
2025-10-01,2025-10-02,C,6785.0,0.03287671232876712,79.76120832746868,0.8715982788363318,18.050417883824366,0.26765532861775426,6711.2,6715.35,0.030136986301369864,83.96690848798633,17.525135113316765,-3.2671328571712546,-0.7607696137638285,1.010499429834265,3.0-4.0%,1.00-1.02,2025-10-01→2025-10-02
2025-10-01,2025-10-02,P,6785.0,0.03287671232876712,150.22498183118813,-0.12840172116362025,88.79885811373515,-0.7314181173062078,6711.2,6715.35,0.030136986301369864,146.54168193688238,84.38756301053309,-7.367132857170898,-4.8646148131788305,1.010499429834265,3.0-4.0%,1.00-1.02,2025-10-01→2025-10-02
2025-10-01,2025-10-02,C,6635.0,0.03561643835616438,149.98630226406755,0.9258292573453231,109.15145050216051,0.7063658773889393,6711.2,6715.35,0.03561643835616438,169.91459489013437,112.10221365399684,6.707808582016401,7.618581608835513,0.9880125038846431,3.0-4.0%,0.98-1.00,2025-10-01→2025-10-02
2025-10-01,2025-10-02,P,6635.0,0.03561643835616438,69.535818334677,-0.07417074265465123,29.74938819350473,-0.2979344069202358,6711.2,6715.35,0.03561643835616438,81.41954783353677,28.532021877400894,1.5078085820168423,2.436427788719141,0.9880125038846431,3.0-4.0%,0.98-1.00,2025-10-01→2025-10-02
2025-10-01,2025-10-02,C,6640.0,0.03561643835616438,147.26297527502453,0.9350190277228209,106.90141873322227,0.6910842116549429,6711.2,6715.35,0.03561643835616438,166.74688762789214,109.78878163383706,4.369671034949784,5.38200052163161,0.9887570498559202,3.0-4.0%,0.98-1.00,2025-10-01→2025-10-02
2025-10-01,2025-10-02,P,6640.0,0.03561643835616438,71.80928826806698,-0.06498097227721587,30.79936756519146,-0.30771301051510885,6711.2,6715.35,0.03561643835616438,83.24570263078265,29.541882502458975,1.41967103495048,2.4270089936378683,0.9887570498559202,3.0-4.0%,0.98-1.00,2025-10-01→2025-10-02
2025-10-01,2025-10-02,C,6645.0,0.03561643835616438,142.32195716989418,0.9365948647965892,102.5514011519399,0.6823688983405891,6711.2,6715.35,0.03287671232876712,152.39602328805464,103.06080171113081,1.0131313110936495,2.0681690718861887,0.9895015958271972,3.0-4.0%,0.98-1.00,2025-10-01→2025-10-02
2025-10-01,2025-10-02,P,6645.0,0.03561643835616438,71.8650670853741,-0.06340513520339155,32.04934635741802,-0.3182721278238073,6711.2,6715.35,0.03287671232876712,74.39221064697958,28.737316530758562,-2.5368686889058876,-1.4791706695310232,0.9895015958271972,3.0-4.0%,0.98-1.00,2025-10-01→2025-10-02
2025-10-01,2025-10-02,C,6650.0,0.03561643835616438,136.97327446007077,0.9052785443348417,98.65138008250051,0.6720775236687611,6711.2,6715.35,0.03287671232876712,149.60144859413484,99.11314813557328,0.9430940410099016,1.9108782767742634,0.9902461417984743,3.0-4.0%,0.98-1.00,2025-10-01→2025-10-02
2025-10-01,2025-10-02,P,6650.0,0.03561643835616438,71.51318129798574,-0.09472145566514854,33.049325858883094,-0.3282852169472365,6711.2,6715.35,0.03287671232876712,76.591876876579,29.695461134233938,-2.406905958989579,-1.4376163496687866,0.9902461417984743,3.0-4.0%,0.98-1.00,2025-10-01→2025-10-02
2025-10-01,2025-10-02,C,6655.0,0.03561643835616438,139.516366202886,0.9261525969291186,95.65135374789406,0.659249036754589,6711.2,6715.35,0.03287671232876712,146.5131126996686,96.01767964544706,-0.2435332772563532,0.8641164974680904,0.9909906877697513,3.0-4.0%,0.98-1.00,2025-10-01→2025-10-02
2025-10-01,2025-10-02,P,6655.0,0.03561643835616438,79.05306996323311,-0.07384740307087803,34.349303174678425,-0.33933611406583924,6711.2,6715.35,0.03287671232876712,78.49778190563359,30.939055835621275,-2.693533277255816,-1.591755126626582,0.9909906877697513,3.0-4.0%,0.98-1.00,2025-10-01→2025-10-02
2025-10-01,2025-10-02,C,6660.0,0.03561643835616438,135.0058497149478,0.9310475135616163,91.10133516491442,0.6501993714175859,6711.2,6715.35,0.03287671232876712,143.59717084300365,91.46216887902938,0.5861528187187872,1.7516726086166665,0.9917352337410283,3.0-4.0%,0.98-1.00,2025-10-01→2025-10-02
2025-10-01,2025-10-02,P,6660.0,0.03561643835616438,79.53935039772942,-0.06895248643839827,35.649280120943786,-0.3505631349276292,6711.2,6715.35,0.03287671232876712,80.57608097248853,32.18594833548377,-2.863847181280608,-1.6951629900501461,0.9917352337410283,3.0-4.0%,0.98-1.00,2025-10-01→2025-10-02
2025-10-01,2025-10-02,C,6665.0,0.03561643835616438,129.77055742440172,0.9117554973375351,88.00130938107577,0.6374276371923698,6711.2,6715.35,0.03287671232876712,141.13700422898623,88.28044084116209,-0.18378531395127418,0.9546753056513118,0.9924797797123054,3.0-4.0%,0.98-1.00,2025-10-01→2025-10-02
2025-10-01,2025-10-02,P,6665.0,0.03561643835616438,79.30085502961764,-0.08824450266244235,36.949257189138734,-0.36199151029936766,6711.2,6715.35,0.03287671232876712,83.1101552819932,33.43609637984855,-2.9337853139508203,-1.797735232257431,0.9924797797123054,3.0-4.0%,0.98-1.00,2025-10-01→2025-10-02
2025-10-01,2025-10-02,C,6670.0,0.03561643835616438,131.36028294165197,0.9142047594818814,84.30128527468878,0.6258722318559665,6711.2,6715.35,0.03287671232876712,138.3241443455634,84.53463676444971,-0.1439497518503008,1.0526302377974033,0.9932243256835824,3.0-4.0%,0.98-1.00,2025-10-01→2025-10-02
2025-10-01,2025-10-02,P,6670.0,0.03561643835616438,85.88737746930462,-0.08579524051807919,38.14923322097684,-0.3734421536139571,6711.2,6715.35,0.03287671232876712,85.29153632209044,34.59462707149669,-2.8939497518499246,-1.7002150625018742,0.9932243256835824,3.0-4.0%,0.98-1.00,2025-10-01→2025-10-02
2025-10-01,2025-10-02,C,6675.0,0.03561643835616438,128.11163076840313,0.9221456233374464,80.25126228814815,0.6147058729330763,6711.2,6715.35,0.03287671232876712,135.2090862484406,80.45949607918465,0.1730956631490943,1.4489706273273977,0.9939688716548595,3.0-4.0%,0.98-1.00,2025-10-01→2025-10-02
2025-10-01,2025-10-02,P,6675.0,0.03561643835616438,87.63552221849025,-0.07785437666249083,39.64920787521896,-0.38574947178670427,6711.2,6715.35,0.03287671232876712,87.17071914848876,36.04101789552169,-3.1769043368506207,-1.8991396920849668,0.9939688716548595,3.0-4.0%,0.98-1.00,2025-10-01→2025-10-02
2025-10-01,2025-10-02,C,6680.0,0.03561643835616438,123.09905158460445,0.9196050454234325,76.50123746860345,0.6026231650312333,6711.2,6715.35,0.03287671232876712,132.97717945411404,76.67195531573134,0.13363906149225624,1.4491138651200561,0.9947134176261365,3.0-4.0%,0.98-1.00,2025-10-01→2025-10-02
2025-10-01,2025-10-02,P,6680.0,0.03561643835616438,87.61973995712718,-0.08039495457654926,40.84918318720884,-0.3977679933930886,6711.2,6715.35,0.03287671232876712,89.93305327768269,37.2057714068128,-3.0163609385072783,-1.6992628274184667,0.9947134176261365,3.0-4.0%,0.98-1.00,2025-10-01→2025-10-02
2025-10-01,2025-10-02,C,6685.0,0.03561643835616438,119.4332848103815,0.8910603744194835,73.10121090596613,0.5896881260170295,6711.2,6715.35,0.03287671232876712,130.4713486693834,73.22090779061818,0.05209944615865725,1.302794277029006,0.9954579635974136,3.0-4.0%,0.98-1.00,2025-10-01→2025-10-02
2025-10-01,2025-10-02,P,6685.0,0.03561643835616438,88.95077010533566,-0.1089396255805364,42.69915581606483,-0.4110967483943094,6711.2,6715.35,0.03287671232876712,92.42146341647258,38.992706409081165,-3.2979005538407145,-2.043948494163392,0.9954579635974136,3.0-4.0%,0.98-1.00,2025-10-01→2025-10-02
2025-10-01,2025-10-02,C,6690.0,0.03561643835616438,121.50507418797781,0.9123771583903119,69.70118386513832,0.5765198872600819,6711.2,6715.35,0.03287671232876712,127.63959553101435,69.77384848931933,-0.1863652073202693,1.2074424678703686,0.9962025095686906,3.0-4.0%,0.98-1.00,2025-10-01→2025-10-02
2025-10-01,2025-10-02,P,6690.0,0.03561643835616438,96.01935640536531,-0.08762284160972068,44.19912907061871,-0.4241211389043186,6711.2,6715.35,0.03287671232876712,94.58395120162521,40.450363308947544,-3.4363652073196085,-2.0398972735468437,0.9962025095686906,3.0-4.0%,0.98-1.00,2025-10-01→2025-10-02
2025-10-01,2025-10-02,C,6695.0,0.03561643835616438,116.97799384868462,0.917543123162449,65.70115640964468,0.5636803293057742,6711.2,6715.35,0.03287671232876712,125.13273274323399,65.75742951807797,0.34219603887532735,1.810726633380721,0.9969470555399677,3.0-4.0%,0.98-1.00,2025-10-01→2025-10-02
2025-10-01,2025-10-02,P,6695.0,0.03561643835616438,96.48907298850958,-0.08245687683751364,45.999100122463915,-0.43775563264852524,6711.2,6715.35,0.03287671232876712,97.0713293373652,42.19837760299697,-3.757803961124275,-2.283314124508383,0.9969470555399677,3.0-4.0%,0.98-1.00,2025-10-01→2025-10-02
2025-10-01,2025-10-02,C,6700.0,0.03561643835616438,111.72843014399949,0.8929166971863638,63.151127599276606,0.5491478939115604,6711.2,6715.35,0.03287671232876712,122.94207148880936,63.130795327495434,-0.3556042933238954,1.0710362402667264,0.9976916015112447,3.0-4.0%,0.98-1.00,2025-10-01→2025-10-02
2025-10-01,2025-10-02,P,6700.0,0.03561643835616438,96.23630620625788,-0.10708330281363701,47.74907265431057,-0.4515668927376066,6711.2,6715.35,0.03287671232876712,99.87490900646117,43.903002528572415,-3.805604293323348,-2.375997395138686,0.9976916015112447,3.0-4.0%,0.98-1.00,2025-10-01→2025-10-02
2025-10-01,2025-10-02,C,6705.0,0.03561643835616438,114.6324717319912,0.8994374205227715,59.95109862271829,0.5350092301845227,6711.2,6715.35,0.03287671232876712,120.550032283084,59.88748991603461,-0.4826652951699928,1.0297116947339386,0.9984361474825217,3.0-4.0%,0.98-1.00,2025-10-01→2025-10-02
2025-10-01,2025-10-02,P,6705.0,0.03561643835616438,104.1371447166836,-0.1005625794772134,49.599043678612816,-0.465704662270792,6711.2,6715.35,0.03287671232876712,102.47711072425663,45.70773202521923,-4.0326652951695054,-2.5173256515759546,0.9984361474825217,3.0-4.0%,0.98-1.00,2025-10-01→2025-10-02
2025-10-01,2025-10-02,C,6710.0,0.03561643835616438,111.38834430141463,0.907447047861926,56.90106856569673,0.5205393231322746,6711.2,6715.35,0.03287671232876712,117.7647855592481,56.79248359142002,-0.6159052486274965,0.9897618090007678,0.9991806934537988,3.0-4.0%,0.98-1.00,2025-10-01→2025-10-02
2025-10-01,2025-10-02,P,6710.0,0.03561643835616438,105.88981420854167,-0.09255295213805888,51.349013790973004,-0.48009045479226936,6711.2,6715.35,0.03287671232876712,104.68610492394002,47.42102952800815,-4.065905248627008,-2.457624612611823,0.9991806934537988,3.0-4.0%,0.98-1.00,2025-10-01→2025-10-02
2025-10-01,2025-10-02,C,6715.0,0.03561643835616438,106.46503410485425,0.9026255922124755,54.00103867826283,0.5058125630659247,6711.2,6715.35,0.03287671232876712,115.97860044053034,53.846276790407956,-0.9458962076822686,0.7008778632761334,0.9999252394250758,3.0-4.0%,0.98-1.00,2025-10-01→2025-10-02
2025-10-01,2025-10-02,P,6715.0,0.03561643835616438,105.96330093441954,-0.09737440778747868,53.49898388374231,-0.49482846309847517,6711.2,6715.35,0.03287671232876712,107.89416072874393,49.52279161003571,-4.3458962076819105,-2.696461878141058,0.9999252394250758,3.0-4.0%,0.98-1.00,2025-10-01→2025-10-02
2025-10-01,2025-10-02,C,6720.0,0.03561643835616438,104.07400766431725,0.875134490252173,51.25100804225531,0.49090709729623866,6711.2,6715.35,0.03287671232876712,113.92492309465945,51.049323292130794,-1.0818081345469985,0.5127355462203389,1.0006697853963529,3.0-4.0%,1.00-1.02,2025-10-01→2025-10-02
2025-10-01,2025-10-02,P,6720.0,0.03561643835616438,108.56907141631646,-0.12486550974780655,55.548953112142954,-0.5097991427857973,6711.2,6715.35,0.03287671232876712,110.83472430639453,51.533522791487485,-4.331808134546529,-2.7343335574386574,1.0006697853963529,3.0-4.0%,1.00-1.02,2025-10-01→2025-10-02
2025-10-01,2025-10-02,C,6725.0,0.03561643835616438,106.2139971043586,0.896290054583252,48.1009765589024,0.4755666268147616,6711.2,6715.35,0.03287671232876712,111.67237276049671,47.872621911598344,-1.0196037265209887,0.7263984987184757,1.00141433136763,3.0-4.0%,1.00-1.02,2025-10-01→2025-10-02
2025-10-01,2025-10-02,P,6725.0,0.03561643835616438,115.70585777879089,-0.10370994541673609,57.69892189134498,-0.5250125806137685,6711.2,6715.35,0.03287671232876712,113.57641489575286,53.64539352324255,-4.569603726520489,-2.8211977904525742,1.00141433136763,3.0-4.0%,1.00-1.02,2025-10-01→2025-10-02
2025-10-01,2025-10-02,C,6730.0,0.03561643835616438,101.8833136602161,0.9016106670727053,45.70094544572703,0.46043652113802,6711.2,6715.35,0.03287671232876712,109.64029528162946,45.423023460482455,-1.5916842683522203,0.23918843727696415,1.002158877338907,3.0-4.0%,1.00-1.02,2025-10-01→2025-10-02
2025-10-01,2025-10-02,P,6730.0,0.03561643835616438,116.37197125708312,-0.09838933292724461,59.94889018044569,-0.5404327220995617,6711.2,6715.35,0.03287671232876712,116.53857834040372,55.858673868002825,-4.841684268351881,-3.007204203286524,1.002158877338907,3.0-4.0%,1.00-1.02,2025-10-01→2025-10-02
2025-10-01,2025-10-02,C,6740.0,0.03561643835616438,100.72194938585035,0.881593020330323,40.20088056883924,0.42882133800974337,6711.2,6715.35,0.03287671232876712,106.24093910457393,39.8656533728863,-1.5586110343713275,0.3203914472593252,1.003647969281461,3.0-4.0%,1.00-1.02,2025-10-01→2025-10-02
2025-10-01,2025-10-02,P,6740.0,0.03561643835616438,125.20420082758648,-0.11840697966961633,63.49882187475578,-0.5737186196766546,6711.2,6715.35,0.03287671232876712,123.12770401039184,59.384039359144936,-3.908611034371026,-2.019067728341569,1.003647969281461,3.0-4.0%,1.00-1.02,2025-10-01→2025-10-02
2025-10-01,2025-10-02,C,6750.0,0.03561643835616438,93.14010548003868,0.8857638100154228,35.300815014169075,0.3968955581842202,6711.2,6715.35,0.03287671232876712,102.74988066583865,34.90895932822059,-1.925919811564488,0.10288343353526974,1.0051370612240151,3.0-4.0%,1.00-1.02,2025-10-01→2025-10-02
2025-10-01,2025-10-02,P,6750.0,0.03561643835616438,127.61595076664348,-0.11423618998458861,68.79875557523201,-0.6060081588476677,6711.2,6715.35,0.03287671232876712,129.6251274186986,64.61920818403587,-4.425919811563894,-2.385066140781847,1.0051370612240151,3.0-4.0%,1.00-1.02,2025-10-01→2025-10-02
2025-10-01,2025-10-02,C,6760.0,0.03561643835616438,94.13722955888794,0.8773062031489924,30.900749977607575,0.3650948199020364,6711.2,6715.35,0.03287671232876712,99.7819011167623,30.458245415032707,-2.2408207430687987,-0.1151435025936518,1.0066261531665692,3.0-4.0%,1.00-1.02,2025-10-01→2025-10-02
2025-10-01,2025-10-02,P,6760.0,0.03561643835616438,138.6066686903635,-0.1226937968509469,74.49868942388821,-0.6382194099666938,6711.2,6715.35,0.03287671232876712,136.6456297166613,70.2645100421787,-4.89082074306851,-2.751389448637878,1.0066261531665692,3.0-4.0%,1.00-1.02,2025-10-01→2025-10-02
2025-10-01,2025-10-02,C,6770.0,0.03561643835616438,85.21670022259758,0.856985465506675,26.750683947082962,0.3330775824923734,6711.2,6715.35,0.03287671232876712,96.96870478063767,26.272635676482878,-2.4064896818531705,-0.23227196734353273,1.0081152451091233,3.0-4.0%,1.00-1.02,2025-10-01→2025-10-02
2025-10-01,2025-10-02,P,6770.0,0.03561643835616438,139.6797331989417,-0.1430145344932824,80.89862649560473,-0.6688553296834031,6711.2,6715.35,0.03287671232876712,143.82091522757983,76.61067049284247,-5.706489681852811,-3.5242503818135233,1.0081152451091233,3.0-4.0%,1.00-1.02,2025-10-01→2025-10-02
2025-10-01,2025-10-02,C,6775.0,0.03561643835616438,89.57711134216936,0.8602140131424664,24.85065132012687,0.31732922277859,6711.2,6715.35,0.03287671232876712,96.02084723880324,24.357900935302496,-2.569888154541705,-0.31691627453132165,1.0088597910804005,3.0-4.0%,1.00-1.02,2025-10-01→2025-10-02
2025-10-01,2025-10-02,P,6775.0,0.03561643835616438,149.03694124094835,-0.13978598685752275,83.99859350775478,-0.6847390261452289,6711.2,6715.35,0.03287671232876712,147.86729860926437,79.69597217863247,-5.769888154541198,-3.508333041496921,1.0088597910804005,3.0-4.0%,1.00-1.02,2025-10-01→2025-10-02
2025-10-01,2025-10-02,C,6780.0,0.03561643835616438,87.4605783476759,0.8696867358619421,23.000619221086026,0.3015503922183687,6711.2,6715.35,0.03287671232876712,94.39701511356778,22.49742120270639,-2.6591999538275353,-0.30143412770639544,1.0096043370516774,3.0-4.0%,1.00-1.02,2025-10-01→2025-10-02
2025-10-01,2025-10-02,P,6780.0,0.03561643835616438,151.91720516888935,-0.13031326413801209,87.09856074059735,-0.700885601771217,6711.2,6715.35,0.03287671232876712,151.2377074075496,82.78723430840546,-6.059199953827173,-3.6913247526490616,1.0096043370516774,3.0-4.0%,1.00-1.02,2025-10-01→2025-10-02
2025-10-01,2025-10-02,C,6790.0,0.03561643835616438,78.09258441721661,0.8271694917741805,19.700556874734502,0.27118480777916254,6711.2,6715.35,0.03287671232876712,92.28149048237464,19.180683529269118,-2.8327533908632994,-0.5254169522836711,1.0110934289942317,3.0-4.0%,1.00-1.02,2025-10-01→2025-10-02
2025-10-01,2025-10-02,P,6790.0,0.03561643835616438,152.54280508330166,-0.17283050822576312,94.49850528401475,-0.7278946049938857,6711.2,6715.35,0.03287671232876712,159.1106646233981,90.14691543717345,-6.882753390862983,-4.579237389274971,1.0110934289942317,3.0-4.0%,1.00-1.02,2025-10-01→2025-10-02
